<?xml version="1.0" encoding="UTF-8"?>
<gpx xmlns="http://www.topografix.com/GPX/1/1" xmlns:gpxtpx="http://www.garmin.com/xmlschemas/TrackPointExtension/v1" xmlns:xsi="http://www.w3.org/2001/XMLSchema-instance" xsi:schemaLocation="http://www.topografix.com/GPX/1/1 http://www.topografix.com/GPX/1/1/gpx.xsd" version="1.1" creator="gpx.py -- https://github.com/tkrajina/gpxpy">
  <trk>
    <name>gpx from keep</name>
    <type>Run</type>
    <trkseg>
      <trkpt lat="22.635503029769396" lon="113.82699164803114">
        <ele>11.600000381469727</ele>
        <time>2026-05-09T23:06:11Z</time>
        <extensions>
          <gpxtpx:TrackPointExtension>
            <gpxtpx:hr>117</gpxtpx:hr>
          </gpxtpx:TrackPointExtension>
        </extensions>
      </trkpt>
      <trkpt lat="22.635436181688764" lon="113.82706585186048">
        <ele>11.600000381469727</ele>
        <time>2026-05-09T23:06:15Z</time>
        <extensions>
          <gpxtpx:TrackPointExtension>
            <gpxtpx:hr>117</gpxtpx:hr>
          </gpxtpx:TrackPointExtension>
        </extensions>
      </trkpt>
      <trkpt lat="22.635373327195442" lon="113.82713704733034">
        <ele>11.600000381469727</ele>
        <time>2026-05-09T23:06:19Z</time>
        <extensions>
          <gpxtpx:TrackPointExtension>
            <gpxtpx:hr>116</gpxtpx:hr>
          </gpxtpx:TrackPointExtension>
        </extensions>
      </trkpt>
      <trkpt lat="22.63530744678972" lon="113.82719420523838">
        <ele>11.600000381469727</ele>
        <time>2026-05-09T23:06:23Z</time>
        <extensions>
          <gpxtpx:TrackPointExtension>
            <gpxtpx:hr>119</gpxtpx:hr>
          </gpxtpx:TrackPointExtension>
        </extensions>
      </trkpt>
      <trkpt lat="22.63524359243865" lon="113.82726540074778">
        <ele>11.800000190734863</ele>
        <time>2026-05-09T23:06:27Z</time>
        <extensions>
          <gpxtpx:TrackPointExtension>
            <gpxtpx:hr>120</gpxtpx:hr>
          </gpxtpx:TrackPointExtension>
        </extensions>
      </trkpt>
      <trkpt lat="22.63518473338553" lon="113.8273345905308">
        <ele>11.800000190734863</ele>
        <time>2026-05-09T23:06:31Z</time>
        <extensions>
          <gpxtpx:TrackPointExtension>
            <gpxtpx:hr>119</gpxtpx:hr>
          </gpxtpx:TrackPointExtension>
        </extensions>
      </trkpt>
      <trkpt lat="22.635128858669" lon="113.82739575854549">
        <ele>11.600000381469727</ele>
        <time>2026-05-09T23:06:35Z</time>
        <extensions>
          <gpxtpx:TrackPointExtension>
            <gpxtpx:hr>119</gpxtpx:hr>
          </gpxtpx:TrackPointExtension>
        </extensions>
      </trkpt>
      <trkpt lat="22.6350719897791" lon="113.82745993469877">
        <ele>11.800000190734863</ele>
        <time>2026-05-09T23:06:39Z</time>
        <extensions>
          <gpxtpx:TrackPointExtension>
            <gpxtpx:hr>118</gpxtpx:hr>
          </gpxtpx:TrackPointExtension>
        </extensions>
      </trkpt>
      <trkpt lat="22.635013121232856" lon="113.82752411096843">
        <ele>11.800000190734863</ele>
        <time>2026-05-09T23:06:43Z</time>
        <extensions>
          <gpxtpx:TrackPointExtension>
            <gpxtpx:hr>118</gpxtpx:hr>
          </gpxtpx:TrackPointExtension>
        </extensions>
      </trkpt>
      <trkpt lat="22.634964243313075" lon="113.82758427580423">
        <ele>12.0</ele>
        <time>2026-05-09T23:06:47Z</time>
        <extensions>
          <gpxtpx:TrackPointExtension>
            <gpxtpx:hr>125</gpxtpx:hr>
          </gpxtpx:TrackPointExtension>
        </extensions>
      </trkpt>
      <trkpt lat="22.634904391892228" lon="113.82765747636415">
        <ele>11.800000190734863</ele>
        <time>2026-05-09T23:06:51Z</time>
        <extensions>
          <gpxtpx:TrackPointExtension>
            <gpxtpx:hr>128</gpxtpx:hr>
          </gpxtpx:TrackPointExtension>
        </extensions>
      </trkpt>
      <trkpt lat="22.63484651556312" lon="113.8277176417536">
        <ele>12.0</ele>
        <time>2026-05-09T23:06:55Z</time>
        <extensions>
          <gpxtpx:TrackPointExtension>
            <gpxtpx:hr>131</gpxtpx:hr>
          </gpxtpx:TrackPointExtension>
        </extensions>
      </trkpt>
      <trkpt lat="22.634795651156676" lon="113.82778482554009">
        <ele>12.0</ele>
        <time>2026-05-09T23:06:59Z</time>
        <extensions>
          <gpxtpx:TrackPointExtension>
            <gpxtpx:hr>133</gpxtpx:hr>
          </gpxtpx:TrackPointExtension>
        </extensions>
      </trkpt>
      <trkpt lat="22.634722796358716" lon="113.82785501880737">
        <ele>12.0</ele>
        <time>2026-05-09T23:07:03Z</time>
        <extensions>
          <gpxtpx:TrackPointExtension>
            <gpxtpx:hr>131</gpxtpx:hr>
          </gpxtpx:TrackPointExtension>
        </extensions>
      </trkpt>
      <trkpt lat="22.634648907773403" lon="113.82790716363746">
        <ele>11.800000190734863</ele>
        <time>2026-05-09T23:07:07Z</time>
        <extensions>
          <gpxtpx:TrackPointExtension>
            <gpxtpx:hr>131</gpxtpx:hr>
          </gpxtpx:TrackPointExtension>
        </extensions>
      </trkpt>
      <trkpt lat="22.634579024106806" lon="113.82796231628174">
        <ele>11.800000190734863</ele>
        <time>2026-05-09T23:07:11Z</time>
        <extensions>
          <gpxtpx:TrackPointExtension>
            <gpxtpx:hr>133</gpxtpx:hr>
          </gpxtpx:TrackPointExtension>
        </extensions>
      </trkpt>
      <trkpt lat="22.634519159359144" lon="113.82802849789896">
        <ele>11.800000190734863</ele>
        <time>2026-05-09T23:07:15Z</time>
        <extensions>
          <gpxtpx:TrackPointExtension>
            <gpxtpx:hr>131</gpxtpx:hr>
          </gpxtpx:TrackPointExtension>
        </extensions>
      </trkpt>
      <trkpt lat="22.634457283640252" lon="113.82808866347149">
        <ele>11.800000190734863</ele>
        <time>2026-05-09T23:07:19Z</time>
        <extensions>
          <gpxtpx:TrackPointExtension>
            <gpxtpx:hr>133</gpxtpx:hr>
          </gpxtpx:TrackPointExtension>
        </extensions>
      </trkpt>
      <trkpt lat="22.63439140108352" lon="113.82814481851706">
        <ele>11.800000190734863</ele>
        <time>2026-05-09T23:07:23Z</time>
        <extensions>
          <gpxtpx:TrackPointExtension>
            <gpxtpx:hr>133</gpxtpx:hr>
          </gpxtpx:TrackPointExtension>
        </extensions>
      </trkpt>
      <trkpt lat="22.63432051375509" lon="113.8281979657948">
        <ele>11.800000190734863</ele>
        <time>2026-05-09T23:07:27Z</time>
        <extensions>
          <gpxtpx:TrackPointExtension>
            <gpxtpx:hr>133</gpxtpx:hr>
          </gpxtpx:TrackPointExtension>
        </extensions>
      </trkpt>
      <trkpt lat="22.634261644978903" lon="113.82826214190808">
        <ele>12.0</ele>
        <time>2026-05-09T23:07:31Z</time>
        <extensions>
          <gpxtpx:TrackPointExtension>
            <gpxtpx:hr>133</gpxtpx:hr>
          </gpxtpx:TrackPointExtension>
        </extensions>
      </trkpt>
      <trkpt lat="22.634196792333526" lon="113.82833433992923">
        <ele>11.800000190734863</ele>
        <time>2026-05-09T23:07:35Z</time>
        <extensions>
          <gpxtpx:TrackPointExtension>
            <gpxtpx:hr>133</gpxtpx:hr>
          </gpxtpx:TrackPointExtension>
        </extensions>
      </trkpt>
      <trkpt lat="22.634123910958696" lon="113.82839049537452">
        <ele>11.600000381469727</ele>
        <time>2026-05-09T23:07:39Z</time>
        <extensions>
          <gpxtpx:TrackPointExtension>
            <gpxtpx:hr>132</gpxtpx:hr>
          </gpxtpx:TrackPointExtension>
        </extensions>
      </trkpt>
      <trkpt lat="22.634045030642227" lon="113.82844665119346">
        <ele>11.800000190734863</ele>
        <time>2026-05-09T23:07:43Z</time>
        <extensions>
          <gpxtpx:TrackPointExtension>
            <gpxtpx:hr>129</gpxtpx:hr>
          </gpxtpx:TrackPointExtension>
        </extensions>
      </trkpt>
      <trkpt lat="22.633974165818813" lon="113.82851183070984">
        <ele>11.600000381469727</ele>
        <time>2026-05-09T23:07:47Z</time>
        <extensions>
          <gpxtpx:TrackPointExtension>
            <gpxtpx:hr>127</gpxtpx:hr>
          </gpxtpx:TrackPointExtension>
        </extensions>
      </trkpt>
      <trkpt lat="22.63390128814879" lon="113.82856999149962">
        <ele>11.800000190734863</ele>
        <time>2026-05-09T23:07:51Z</time>
        <extensions>
          <gpxtpx:TrackPointExtension>
            <gpxtpx:hr>127</gpxtpx:hr>
          </gpxtpx:TrackPointExtension>
        </extensions>
      </trkpt>
      <trkpt lat="22.633836412788472" lon="113.8286301571442">
        <ele>11.600000381469727</ele>
        <time>2026-05-09T23:07:55Z</time>
        <extensions>
          <gpxtpx:TrackPointExtension>
            <gpxtpx:hr>128</gpxtpx:hr>
          </gpxtpx:TrackPointExtension>
        </extensions>
      </trkpt>
      <trkpt lat="22.633764540545062" lon="113.82869132591499">
        <ele>11.600000381469727</ele>
        <time>2026-05-09T23:07:59Z</time>
        <extensions>
          <gpxtpx:TrackPointExtension>
            <gpxtpx:hr>129</gpxtpx:hr>
          </gpxtpx:TrackPointExtension>
        </extensions>
      </trkpt>
      <trkpt lat="22.63369464533286" lon="113.82874046225557">
        <ele>11.600000381469727</ele>
        <time>2026-05-09T23:08:03Z</time>
        <extensions>
          <gpxtpx:TrackPointExtension>
            <gpxtpx:hr>130</gpxtpx:hr>
          </gpxtpx:TrackPointExtension>
        </extensions>
      </trkpt>
      <trkpt lat="22.633629773675608" lon="113.8288026332397">
        <ele>11.600000381469727</ele>
        <time>2026-05-09T23:08:07Z</time>
        <extensions>
          <gpxtpx:TrackPointExtension>
            <gpxtpx:hr>133</gpxtpx:hr>
          </gpxtpx:TrackPointExtension>
        </extensions>
      </trkpt>
      <trkpt lat="22.6335528815629" lon="113.82885277269776">
        <ele>11.600000381469727</ele>
        <time>2026-05-09T23:08:11Z</time>
        <extensions>
          <gpxtpx:TrackPointExtension>
            <gpxtpx:hr>133</gpxtpx:hr>
          </gpxtpx:TrackPointExtension>
        </extensions>
      </trkpt>
      <trkpt lat="22.63347498772905" lon="113.82890190951967">
        <ele>11.600000381469727</ele>
        <time>2026-05-09T23:08:15Z</time>
        <extensions>
          <gpxtpx:TrackPointExtension>
            <gpxtpx:hr>136</gpxtpx:hr>
          </gpxtpx:TrackPointExtension>
        </extensions>
      </trkpt>
      <trkpt lat="22.633404109557198" lon="113.82896007008893">
        <ele>11.600000381469727</ele>
        <time>2026-05-09T23:08:19Z</time>
        <extensions>
          <gpxtpx:TrackPointExtension>
            <gpxtpx:hr>136</gpxtpx:hr>
          </gpxtpx:TrackPointExtension>
        </extensions>
      </trkpt>
      <trkpt lat="22.633335214076297" lon="113.82900920631036">
        <ele>11.600000381469727</ele>
        <time>2026-05-09T23:08:23Z</time>
        <extensions>
          <gpxtpx:TrackPointExtension>
            <gpxtpx:hr>137</gpxtpx:hr>
          </gpxtpx:TrackPointExtension>
        </extensions>
      </trkpt>
      <trkpt lat="22.633285337753392" lon="113.82907037357155">
        <ele>11.600000381469727</ele>
        <time>2026-05-09T23:08:27Z</time>
        <extensions>
          <gpxtpx:TrackPointExtension>
            <gpxtpx:hr>136</gpxtpx:hr>
          </gpxtpx:TrackPointExtension>
        </extensions>
      </trkpt>
      <trkpt lat="22.633223452270435" lon="113.82912552545378">
        <ele>11.800000190734863</ele>
        <time>2026-05-09T23:08:31Z</time>
        <extensions>
          <gpxtpx:TrackPointExtension>
            <gpxtpx:hr>133</gpxtpx:hr>
          </gpxtpx:TrackPointExtension>
        </extensions>
      </trkpt>
      <trkpt lat="22.633166586558783" lon="113.82919170657708">
        <ele>11.800000190734863</ele>
        <time>2026-05-09T23:08:35Z</time>
        <extensions>
          <gpxtpx:TrackPointExtension>
            <gpxtpx:hr>135</gpxtpx:hr>
          </gpxtpx:TrackPointExtension>
        </extensions>
      </trkpt>
      <trkpt lat="22.633085708186456" lon="113.82924886502713">
        <ele>11.800000190734863</ele>
        <time>2026-05-09T23:08:39Z</time>
        <extensions>
          <gpxtpx:TrackPointExtension>
            <gpxtpx:hr>133</gpxtpx:hr>
          </gpxtpx:TrackPointExtension>
        </extensions>
      </trkpt>
      <trkpt lat="22.633007819856736" lon="113.82930100982894">
        <ele>11.800000190734863</ele>
        <time>2026-05-09T23:08:43Z</time>
        <extensions>
          <gpxtpx:TrackPointExtension>
            <gpxtpx:hr>133</gpxtpx:hr>
          </gpxtpx:TrackPointExtension>
        </extensions>
      </trkpt>
      <trkpt lat="22.632929901434196" lon="113.82933711161073">
        <ele>12.0</ele>
        <time>2026-05-09T23:08:47Z</time>
        <extensions>
          <gpxtpx:TrackPointExtension>
            <gpxtpx:hr>131</gpxtpx:hr>
          </gpxtpx:TrackPointExtension>
        </extensions>
      </trkpt>
      <trkpt lat="22.63284700456178" lon="113.82938424327374">
        <ele>12.0</ele>
        <time>2026-05-09T23:08:51Z</time>
        <extensions>
          <gpxtpx:TrackPointExtension>
            <gpxtpx:hr>130</gpxtpx:hr>
          </gpxtpx:TrackPointExtension>
        </extensions>
      </trkpt>
      <trkpt lat="22.632779071174195" lon="113.82941332558579">
        <ele>11.800000190734863</ele>
        <time>2026-05-09T23:08:55Z</time>
        <extensions>
          <gpxtpx:TrackPointExtension>
            <gpxtpx:hr>130</gpxtpx:hr>
          </gpxtpx:TrackPointExtension>
        </extensions>
      </trkpt>
      <trkpt lat="22.632711152808973" lon="113.82945042939394">
        <ele>11.800000190734863</ele>
        <time>2026-05-09T23:08:59Z</time>
        <extensions>
          <gpxtpx:TrackPointExtension>
            <gpxtpx:hr>132</gpxtpx:hr>
          </gpxtpx:TrackPointExtension>
        </extensions>
      </trkpt>
      <trkpt lat="22.632632260812745" lon="113.82950056883693">
        <ele>11.800000190734863</ele>
        <time>2026-05-09T23:09:03Z</time>
        <extensions>
          <gpxtpx:TrackPointExtension>
            <gpxtpx:hr>133</gpxtpx:hr>
          </gpxtpx:TrackPointExtension>
        </extensions>
      </trkpt>
      <trkpt lat="22.632563359503965" lon="113.82954669687766">
        <ele>11.800000190734863</ele>
        <time>2026-05-09T23:09:07Z</time>
        <extensions>
          <gpxtpx:TrackPointExtension>
            <gpxtpx:hr>133</gpxtpx:hr>
          </gpxtpx:TrackPointExtension>
        </extensions>
      </trkpt>
      <trkpt lat="22.63250047965107" lon="113.82960485676438">
        <ele>12.0</ele>
        <time>2026-05-09T23:09:11Z</time>
        <extensions>
          <gpxtpx:TrackPointExtension>
            <gpxtpx:hr>133</gpxtpx:hr>
          </gpxtpx:TrackPointExtension>
        </extensions>
      </trkpt>
      <trkpt lat="22.632427582773587" lon="113.82965299041211">
        <ele>12.0</ele>
        <time>2026-05-09T23:09:15Z</time>
        <extensions>
          <gpxtpx:TrackPointExtension>
            <gpxtpx:hr>134</gpxtpx:hr>
          </gpxtpx:TrackPointExtension>
        </extensions>
      </trkpt>
      <trkpt lat="22.63236166773488" lon="113.82969209942215">
        <ele>12.0</ele>
        <time>2026-05-09T23:09:19Z</time>
        <extensions>
          <gpxtpx:TrackPointExtension>
            <gpxtpx:hr>136</gpxtpx:hr>
          </gpxtpx:TrackPointExtension>
        </extensions>
      </trkpt>
      <trkpt lat="22.63228776161338" lon="113.82973521968307">
        <ele>12.199999809265137</ele>
        <time>2026-05-09T23:09:23Z</time>
        <extensions>
          <gpxtpx:TrackPointExtension>
            <gpxtpx:hr>137</gpxtpx:hr>
          </gpxtpx:TrackPointExtension>
        </extensions>
      </trkpt>
      <trkpt lat="22.632208871381092" lon="113.82978636174316">
        <ele>12.199999809265137</ele>
        <time>2026-05-09T23:09:27Z</time>
        <extensions>
          <gpxtpx:TrackPointExtension>
            <gpxtpx:hr>136</gpxtpx:hr>
          </gpxtpx:TrackPointExtension>
        </extensions>
      </trkpt>
      <trkpt lat="22.632127966465976" lon="113.82982948243354">
        <ele>12.199999809265137</ele>
        <time>2026-05-09T23:09:31Z</time>
        <extensions>
          <gpxtpx:TrackPointExtension>
            <gpxtpx:hr>136</gpxtpx:hr>
          </gpxtpx:TrackPointExtension>
        </extensions>
      </trkpt>
      <trkpt lat="22.632050062878285" lon="113.82987360560739">
        <ele>12.199999809265137</ele>
        <time>2026-05-09T23:09:35Z</time>
        <extensions>
          <gpxtpx:TrackPointExtension>
            <gpxtpx:hr>136</gpxtpx:hr>
          </gpxtpx:TrackPointExtension>
        </extensions>
      </trkpt>
      <trkpt lat="22.63198216313126" lon="113.82992073618486">
        <ele>12.199999809265137</ele>
        <time>2026-05-09T23:09:39Z</time>
        <extensions>
          <gpxtpx:TrackPointExtension>
            <gpxtpx:hr>136</gpxtpx:hr>
          </gpxtpx:TrackPointExtension>
        </extensions>
      </trkpt>
      <trkpt lat="22.631921226476432" lon="113.82994881528617">
        <ele>12.199999809265137</ele>
        <time>2026-05-09T23:09:43Z</time>
        <extensions>
          <gpxtpx:TrackPointExtension>
            <gpxtpx:hr>136</gpxtpx:hr>
          </gpxtpx:TrackPointExtension>
        </extensions>
      </trkpt>
      <trkpt lat="22.631852326876817" lon="113.82999594590984">
        <ele>12.199999809265137</ele>
        <time>2026-05-09T23:09:47Z</time>
        <extensions>
          <gpxtpx:TrackPointExtension>
            <gpxtpx:hr>136</gpxtpx:hr>
          </gpxtpx:TrackPointExtension>
        </extensions>
      </trkpt>
      <trkpt lat="22.631762415966733" lon="113.83003505639384">
        <ele>12.199999809265137</ele>
        <time>2026-05-09T23:09:51Z</time>
        <extensions>
          <gpxtpx:TrackPointExtension>
            <gpxtpx:hr>134</gpxtpx:hr>
          </gpxtpx:TrackPointExtension>
        </extensions>
      </trkpt>
      <trkpt lat="22.631679520682518" lon="113.83008319057993">
        <ele>12.399999618530273</ele>
        <time>2026-05-09T23:09:55Z</time>
        <extensions>
          <gpxtpx:TrackPointExtension>
            <gpxtpx:hr>134</gpxtpx:hr>
          </gpxtpx:TrackPointExtension>
        </extensions>
      </trkpt>
      <trkpt lat="22.631606631112113" lon="113.83013533484824">
        <ele>12.399999618530273</ele>
        <time>2026-05-09T23:09:59Z</time>
        <extensions>
          <gpxtpx:TrackPointExtension>
            <gpxtpx:hr>133</gpxtpx:hr>
          </gpxtpx:TrackPointExtension>
        </extensions>
      </trkpt>
      <trkpt lat="22.63153675036595" lon="113.8301924923287">
        <ele>12.399999618530273</ele>
        <time>2026-05-09T23:10:03Z</time>
        <extensions>
          <gpxtpx:TrackPointExtension>
            <gpxtpx:hr>131</gpxtpx:hr>
          </gpxtpx:TrackPointExtension>
        </extensions>
      </trkpt>
      <trkpt lat="22.63146086128093" lon="113.8302446367596">
        <ele>12.399999618530273</ele>
        <time>2026-05-09T23:10:07Z</time>
        <extensions>
          <gpxtpx:TrackPointExtension>
            <gpxtpx:hr>130</gpxtpx:hr>
          </gpxtpx:TrackPointExtension>
        </extensions>
      </trkpt>
      <trkpt lat="22.631383959228526" lon="113.8302897624573">
        <ele>12.399999618530273</ele>
        <time>2026-05-09T23:10:11Z</time>
        <extensions>
          <gpxtpx:TrackPointExtension>
            <gpxtpx:hr>128</gpxtpx:hr>
          </gpxtpx:TrackPointExtension>
        </extensions>
      </trkpt>
      <trkpt lat="22.63131305235094" lon="113.83033288239264">
        <ele>12.399999618530273</ele>
        <time>2026-05-09T23:10:15Z</time>
        <extensions>
          <gpxtpx:TrackPointExtension>
            <gpxtpx:hr>128</gpxtpx:hr>
          </gpxtpx:TrackPointExtension>
        </extensions>
      </trkpt>
      <trkpt lat="22.631234159984828" lon="113.83038302161118">
        <ele>12.199999809265137</ele>
        <time>2026-05-09T23:10:19Z</time>
        <extensions>
          <gpxtpx:TrackPointExtension>
            <gpxtpx:hr>133</gpxtpx:hr>
          </gpxtpx:TrackPointExtension>
        </extensions>
      </trkpt>
      <trkpt lat="22.631157272865668" lon="113.83043616873508">
        <ele>12.199999809265137</ele>
        <time>2026-05-09T23:10:23Z</time>
        <extensions>
          <gpxtpx:TrackPointExtension>
            <gpxtpx:hr>136</gpxtpx:hr>
          </gpxtpx:TrackPointExtension>
        </extensions>
      </trkpt>
      <trkpt lat="22.631076363946168" lon="113.83047728391345">
        <ele>12.199999809265137</ele>
        <time>2026-05-09T23:10:27Z</time>
        <extensions>
          <gpxtpx:TrackPointExtension>
            <gpxtpx:hr>132</gpxtpx:hr>
          </gpxtpx:TrackPointExtension>
        </extensions>
      </trkpt>
      <trkpt lat="22.631002451904074" lon="113.83051739595095">
        <ele>12.199999809265137</ele>
        <time>2026-05-09T23:10:31Z</time>
        <extensions>
          <gpxtpx:TrackPointExtension>
            <gpxtpx:hr>130</gpxtpx:hr>
          </gpxtpx:TrackPointExtension>
        </extensions>
      </trkpt>
      <trkpt lat="22.630926557054448" lon="113.83056653224398">
        <ele>12.0</ele>
        <time>2026-05-09T23:10:35Z</time>
        <extensions>
          <gpxtpx:TrackPointExtension>
            <gpxtpx:hr>129</gpxtpx:hr>
          </gpxtpx:TrackPointExtension>
        </extensions>
      </trkpt>
      <trkpt lat="22.630856661129055" lon="113.8306156681382">
        <ele>12.0</ele>
        <time>2026-05-09T23:10:39Z</time>
        <extensions>
          <gpxtpx:TrackPointExtension>
            <gpxtpx:hr>130</gpxtpx:hr>
          </gpxtpx:TrackPointExtension>
        </extensions>
      </trkpt>
      <trkpt lat="22.630793754591743" lon="113.83065979016317">
        <ele>12.0</ele>
        <time>2026-05-09T23:10:43Z</time>
        <extensions>
          <gpxtpx:TrackPointExtension>
            <gpxtpx:hr>133</gpxtpx:hr>
          </gpxtpx:TrackPointExtension>
        </extensions>
      </trkpt>
      <trkpt lat="22.630721881444014" lon="113.8307209583309">
        <ele>11.800000190734863</ele>
        <time>2026-05-09T23:10:47Z</time>
        <extensions>
          <gpxtpx:TrackPointExtension>
            <gpxtpx:hr>132</gpxtpx:hr>
          </gpxtpx:TrackPointExtension>
        </extensions>
      </trkpt>
      <trkpt lat="22.630647916900177" lon="113.83073299525219">
        <ele>11.800000190734863</ele>
        <time>2026-05-09T23:10:51Z</time>
        <extensions>
          <gpxtpx:TrackPointExtension>
            <gpxtpx:hr>131</gpxtpx:hr>
          </gpxtpx:TrackPointExtension>
        </extensions>
      </trkpt>
      <trkpt lat="22.63056191514313" lon="113.83072397664603">
        <ele>11.800000190734863</ele>
        <time>2026-05-09T23:10:55Z</time>
        <extensions>
          <gpxtpx:TrackPointExtension>
            <gpxtpx:hr>130</gpxtpx:hr>
          </gpxtpx:TrackPointExtension>
        </extensions>
      </trkpt>
      <trkpt lat="22.63050185078112" lon="113.8306838732588">
        <ele>12.0</ele>
        <time>2026-05-09T23:10:59Z</time>
        <extensions>
          <gpxtpx:TrackPointExtension>
            <gpxtpx:hr>130</gpxtpx:hr>
          </gpxtpx:TrackPointExtension>
        </extensions>
      </trkpt>
      <trkpt lat="22.630457729295973" lon="113.83061469107449">
        <ele>11.800000190734863</ele>
        <time>2026-05-09T23:11:03Z</time>
        <extensions>
          <gpxtpx:TrackPointExtension>
            <gpxtpx:hr>127</gpxtpx:hr>
          </gpxtpx:TrackPointExtension>
        </extensions>
      </trkpt>
      <trkpt lat="22.63042757910328" lon="113.83053147041782">
        <ele>11.800000190734863</ele>
        <time>2026-05-09T23:11:07Z</time>
        <extensions>
          <gpxtpx:TrackPointExtension>
            <gpxtpx:hr>127</gpxtpx:hr>
          </gpxtpx:TrackPointExtension>
        </extensions>
      </trkpt>
      <trkpt lat="22.630394448130843" lon="113.83045827673938">
        <ele>11.800000190734863</ele>
        <time>2026-05-09T23:11:11Z</time>
        <extensions>
          <gpxtpx:TrackPointExtension>
            <gpxtpx:hr>128</gpxtpx:hr>
          </gpxtpx:TrackPointExtension>
        </extensions>
      </trkpt>
      <trkpt lat="22.630358315777734" lon="113.83038408054158">
        <ele>11.800000190734863</ele>
        <time>2026-05-09T23:11:15Z</time>
        <extensions>
          <gpxtpx:TrackPointExtension>
            <gpxtpx:hr>130</gpxtpx:hr>
          </gpxtpx:TrackPointExtension>
        </extensions>
      </trkpt>
      <trkpt lat="22.63032418116693" lon="113.83030888150255">
        <ele>12.0</ele>
        <time>2026-05-09T23:11:19Z</time>
        <extensions>
          <gpxtpx:TrackPointExtension>
            <gpxtpx:hr>130</gpxtpx:hr>
          </gpxtpx:TrackPointExtension>
        </extensions>
      </trkpt>
      <trkpt lat="22.63029702467339" lon="113.83022265246439">
        <ele>12.0</ele>
        <time>2026-05-09T23:11:23Z</time>
        <extensions>
          <gpxtpx:TrackPointExtension>
            <gpxtpx:hr>129</gpxtpx:hr>
          </gpxtpx:TrackPointExtension>
        </extensions>
      </trkpt>
      <trkpt lat="22.630251895668145" lon="113.83014945943548">
        <ele>11.800000190734863</ele>
        <time>2026-05-09T23:11:27Z</time>
        <extensions>
          <gpxtpx:TrackPointExtension>
            <gpxtpx:hr>129</gpxtpx:hr>
          </gpxtpx:TrackPointExtension>
        </extensions>
      </trkpt>
      <trkpt lat="22.630213782287164" lon="113.83008529008856">
        <ele>11.800000190734863</ele>
        <time>2026-05-09T23:11:31Z</time>
        <extensions>
          <gpxtpx:TrackPointExtension>
            <gpxtpx:hr>128</gpxtpx:hr>
          </gpxtpx:TrackPointExtension>
        </extensions>
      </trkpt>
      <trkpt lat="22.630207794591094" lon="113.83009130657977">
        <ele>12.0</ele>
        <time>2026-05-09T23:11:35Z</time>
        <extensions>
          <gpxtpx:TrackPointExtension>
            <gpxtpx:hr>125</gpxtpx:hr>
          </gpxtpx:TrackPointExtension>
        </extensions>
      </trkpt>
      <trkpt lat="22.63024891869673" lon="113.83016149183581">
        <ele>11.800000190734863</ele>
        <time>2026-05-09T23:11:39Z</time>
        <extensions>
          <gpxtpx:TrackPointExtension>
            <gpxtpx:hr>125</gpxtpx:hr>
          </gpxtpx:TrackPointExtension>
        </extensions>
      </trkpt>
      <trkpt lat="22.63029103884823" lon="113.83022967163488">
        <ele>11.600000381469727</ele>
        <time>2026-05-09T23:11:43Z</time>
        <extensions>
          <gpxtpx:TrackPointExtension>
            <gpxtpx:hr>125</gpxtpx:hr>
          </gpxtpx:TrackPointExtension>
        </extensions>
      </trkpt>
      <trkpt lat="22.630338150597872" lon="113.83029384035554">
        <ele>11.800000190734863</ele>
        <time>2026-05-09T23:11:47Z</time>
        <extensions>
          <gpxtpx:TrackPointExtension>
            <gpxtpx:hr>125</gpxtpx:hr>
          </gpxtpx:TrackPointExtension>
        </extensions>
      </trkpt>
      <trkpt lat="22.63037528281484" lon="113.8303680365252">
        <ele>12.0</ele>
        <time>2026-05-09T23:11:51Z</time>
        <extensions>
          <gpxtpx:TrackPointExtension>
            <gpxtpx:hr>127</gpxtpx:hr>
          </gpxtpx:TrackPointExtension>
        </extensions>
      </trkpt>
      <trkpt lat="22.63041140955301" lon="113.8304392246821">
        <ele>11.800000190734863</ele>
        <time>2026-05-09T23:11:55Z</time>
        <extensions>
          <gpxtpx:TrackPointExtension>
            <gpxtpx:hr>130</gpxtpx:hr>
          </gpxtpx:TrackPointExtension>
        </extensions>
      </trkpt>
      <trkpt lat="22.630443544454614" lon="113.83051442379653">
        <ele>12.0</ele>
        <time>2026-05-09T23:11:59Z</time>
        <extensions>
          <gpxtpx:TrackPointExtension>
            <gpxtpx:hr>130</gpxtpx:hr>
          </gpxtpx:TrackPointExtension>
        </extensions>
      </trkpt>
      <trkpt lat="22.630490669200945" lon="113.8305856111902">
        <ele>11.800000190734863</ele>
        <time>2026-05-09T23:12:03Z</time>
        <extensions>
          <gpxtpx:TrackPointExtension>
            <gpxtpx:hr>128</gpxtpx:hr>
          </gpxtpx:TrackPointExtension>
        </extensions>
      </trkpt>
      <trkpt lat="22.630527823754207" lon="113.83067183941591">
        <ele>11.800000190734863</ele>
        <time>2026-05-09T23:12:07Z</time>
        <extensions>
          <gpxtpx:TrackPointExtension>
            <gpxtpx:hr>129</gpxtpx:hr>
          </gpxtpx:TrackPointExtension>
        </extensions>
      </trkpt>
      <trkpt lat="22.630580938017427" lon="113.83073801295781">
        <ele>11.800000190734863</ele>
        <time>2026-05-09T23:12:11Z</time>
        <extensions>
          <gpxtpx:TrackPointExtension>
            <gpxtpx:hr>133</gpxtpx:hr>
          </gpxtpx:TrackPointExtension>
        </extensions>
      </trkpt>
      <trkpt lat="22.63061806254508" lon="113.83080819822366">
        <ele>11.800000190734863</ele>
        <time>2026-05-09T23:12:15Z</time>
        <extensions>
          <gpxtpx:TrackPointExtension>
            <gpxtpx:hr>133</gpxtpx:hr>
          </gpxtpx:TrackPointExtension>
        </extensions>
      </trkpt>
      <trkpt lat="22.630542204997955" lon="113.83087738803583">
        <ele>11.600000381469727</ele>
        <time>2026-05-09T23:12:19Z</time>
        <extensions>
          <gpxtpx:TrackPointExtension>
            <gpxtpx:hr>130</gpxtpx:hr>
          </gpxtpx:TrackPointExtension>
        </extensions>
      </trkpt>
      <trkpt lat="22.630455332506806" lon="113.83093755440966">
        <ele>11.600000381469727</ele>
        <time>2026-05-09T23:12:23Z</time>
        <extensions>
          <gpxtpx:TrackPointExtension>
            <gpxtpx:hr>131</gpxtpx:hr>
          </gpxtpx:TrackPointExtension>
        </extensions>
      </trkpt>
      <trkpt lat="22.630379444964603" lon="113.83099070130078">
        <ele>11.399999618530273</ele>
        <time>2026-05-09T23:12:27Z</time>
        <extensions>
          <gpxtpx:TrackPointExtension>
            <gpxtpx:hr>133</gpxtpx:hr>
          </gpxtpx:TrackPointExtension>
        </extensions>
      </trkpt>
      <trkpt lat="22.630308442437524" lon="113.83098268442409">
        <ele>11.399999618530273</ele>
        <time>2026-05-09T23:12:31Z</time>
        <extensions>
          <gpxtpx:TrackPointExtension>
            <gpxtpx:hr>132</gpxtpx:hr>
          </gpxtpx:TrackPointExtension>
        </extensions>
      </trkpt>
      <trkpt lat="22.630263575621527" lon="113.83104986681671">
        <ele>11.800000190734863</ele>
        <time>2026-05-09T23:12:35Z</time>
        <extensions>
          <gpxtpx:TrackPointExtension>
            <gpxtpx:hr>130</gpxtpx:hr>
          </gpxtpx:TrackPointExtension>
        </extensions>
      </trkpt>
      <trkpt lat="22.630204698137607" lon="113.831110031331">
        <ele>11.600000381469727</ele>
        <time>2026-05-09T23:12:39Z</time>
        <extensions>
          <gpxtpx:TrackPointExtension>
            <gpxtpx:hr>128</gpxtpx:hr>
          </gpxtpx:TrackPointExtension>
        </extensions>
      </trkpt>
      <trkpt lat="22.63014082150133" lon="113.8311701961443">
        <ele>11.600000381469727</ele>
        <time>2026-05-09T23:12:43Z</time>
        <extensions>
          <gpxtpx:TrackPointExtension>
            <gpxtpx:hr>127</gpxtpx:hr>
          </gpxtpx:TrackPointExtension>
        </extensions>
      </trkpt>
      <trkpt lat="22.630064945066245" lon="113.83122935902792">
        <ele>11.600000381469727</ele>
        <time>2026-05-09T23:12:47Z</time>
        <extensions>
          <gpxtpx:TrackPointExtension>
            <gpxtpx:hr>127</gpxtpx:hr>
          </gpxtpx:TrackPointExtension>
        </extensions>
      </trkpt>
      <trkpt lat="22.6299960300074" lon="113.8312684678893">
        <ele>11.800000190734863</ele>
        <time>2026-05-09T23:12:51Z</time>
        <extensions>
          <gpxtpx:TrackPointExtension>
            <gpxtpx:hr>129</gpxtpx:hr>
          </gpxtpx:TrackPointExtension>
        </extensions>
      </trkpt>
      <trkpt lat="22.629929122057167" lon="113.83131158732226">
        <ele>11.600000381469727</ele>
        <time>2026-05-09T23:12:55Z</time>
        <extensions>
          <gpxtpx:TrackPointExtension>
            <gpxtpx:hr>127</gpxtpx:hr>
          </gpxtpx:TrackPointExtension>
        </extensions>
      </trkpt>
      <trkpt lat="22.629858227864183" lon="113.83136172573982">
        <ele>11.600000381469727</ele>
        <time>2026-05-09T23:12:59Z</time>
        <extensions>
          <gpxtpx:TrackPointExtension>
            <gpxtpx:hr>127</gpxtpx:hr>
          </gpxtpx:TrackPointExtension>
        </extensions>
      </trkpt>
      <trkpt lat="22.629781340298774" lon="113.83141487255685">
        <ele>11.600000381469727</ele>
        <time>2026-05-09T23:13:03Z</time>
        <extensions>
          <gpxtpx:TrackPointExtension>
            <gpxtpx:hr>129</gpxtpx:hr>
          </gpxtpx:TrackPointExtension>
        </extensions>
      </trkpt>
      <trkpt lat="22.629708433336557" lon="113.83145799233519">
        <ele>11.600000381469727</ele>
        <time>2026-05-09T23:13:07Z</time>
        <extensions>
          <gpxtpx:TrackPointExtension>
            <gpxtpx:hr>127</gpxtpx:hr>
          </gpxtpx:TrackPointExtension>
        </extensions>
      </trkpt>
      <trkpt lat="22.629622509949954" lon="113.83149108617415">
        <ele>11.600000381469727</ele>
        <time>2026-05-09T23:13:11Z</time>
        <extensions>
          <gpxtpx:TrackPointExtension>
            <gpxtpx:hr>124</gpxtpx:hr>
          </gpxtpx:TrackPointExtension>
        </extensions>
      </trkpt>
      <trkpt lat="22.629538580597906" lon="113.83152117184962">
        <ele>11.600000381469727</ele>
        <time>2026-05-09T23:13:15Z</time>
        <extensions>
          <gpxtpx:TrackPointExtension>
            <gpxtpx:hr>124</gpxtpx:hr>
          </gpxtpx:TrackPointExtension>
        </extensions>
      </trkpt>
      <trkpt lat="22.62945263477813" lon="113.83154223356478">
        <ele>11.399999618530273</ele>
        <time>2026-05-09T23:13:19Z</time>
        <extensions>
          <gpxtpx:TrackPointExtension>
            <gpxtpx:hr>129</gpxtpx:hr>
          </gpxtpx:TrackPointExtension>
        </extensions>
      </trkpt>
      <trkpt lat="22.629373693328702" lon="113.83156630285498">
        <ele>11.399999618530273</ele>
        <time>2026-05-09T23:13:23Z</time>
        <extensions>
          <gpxtpx:TrackPointExtension>
            <gpxtpx:hr>132</gpxtpx:hr>
          </gpxtpx:TrackPointExtension>
        </extensions>
      </trkpt>
      <trkpt lat="22.629290743230676" lon="113.83158535902011">
        <ele>11.600000381469727</ele>
        <time>2026-05-09T23:13:27Z</time>
        <extensions>
          <gpxtpx:TrackPointExtension>
            <gpxtpx:hr>136</gpxtpx:hr>
          </gpxtpx:TrackPointExtension>
        </extensions>
      </trkpt>
      <trkpt lat="22.629201792298087" lon="113.83160341289248">
        <ele>11.600000381469727</ele>
        <time>2026-05-09T23:13:31Z</time>
        <extensions>
          <gpxtpx:TrackPointExtension>
            <gpxtpx:hr>136</gpxtpx:hr>
          </gpxtpx:TrackPointExtension>
        </extensions>
      </trkpt>
      <trkpt lat="22.629126861317662" lon="113.83163349796816">
        <ele>11.600000381469727</ele>
        <time>2026-05-09T23:13:35Z</time>
        <extensions>
          <gpxtpx:TrackPointExtension>
            <gpxtpx:hr>136</gpxtpx:hr>
          </gpxtpx:TrackPointExtension>
        </extensions>
      </trkpt>
      <trkpt lat="22.629049945599608" lon="113.83167160456689">
        <ele>11.600000381469727</ele>
        <time>2026-05-09T23:13:39Z</time>
        <extensions>
          <gpxtpx:TrackPointExtension>
            <gpxtpx:hr>136</gpxtpx:hr>
          </gpxtpx:TrackPointExtension>
        </extensions>
      </trkpt>
      <trkpt lat="22.62897200951471" lon="113.83169868179702">
        <ele>11.600000381469727</ele>
        <time>2026-05-09T23:13:43Z</time>
        <extensions>
          <gpxtpx:TrackPointExtension>
            <gpxtpx:hr>136</gpxtpx:hr>
          </gpxtpx:TrackPointExtension>
        </extensions>
      </trkpt>
      <trkpt lat="22.628896084264277" lon="113.83173177494199">
        <ele>11.600000381469727</ele>
        <time>2026-05-09T23:13:47Z</time>
        <extensions>
          <gpxtpx:TrackPointExtension>
            <gpxtpx:hr>136</gpxtpx:hr>
          </gpxtpx:TrackPointExtension>
        </extensions>
      </trkpt>
      <trkpt lat="22.628824143383156" lon="113.83175684642725">
        <ele>11.600000381469727</ele>
        <time>2026-05-09T23:13:51Z</time>
        <extensions>
          <gpxtpx:TrackPointExtension>
            <gpxtpx:hr>136</gpxtpx:hr>
          </gpxtpx:TrackPointExtension>
        </extensions>
      </trkpt>
      <trkpt lat="22.628747222009597" lon="113.8317919449721">
        <ele>11.600000381469727</ele>
        <time>2026-05-09T23:13:55Z</time>
        <extensions>
          <gpxtpx:TrackPointExtension>
            <gpxtpx:hr>134</gpxtpx:hr>
          </gpxtpx:TrackPointExtension>
        </extensions>
      </trkpt>
      <trkpt lat="22.62866530335099" lon="113.8318280465036">
        <ele>11.600000381469727</ele>
        <time>2026-05-09T23:13:59Z</time>
        <extensions>
          <gpxtpx:TrackPointExtension>
            <gpxtpx:hr>133</gpxtpx:hr>
          </gpxtpx:TrackPointExtension>
        </extensions>
      </trkpt>
      <trkpt lat="22.628582369930722" lon="113.83185612670013">
        <ele>11.600000381469727</ele>
        <time>2026-05-09T23:14:03Z</time>
        <extensions>
          <gpxtpx:TrackPointExtension>
            <gpxtpx:hr>127</gpxtpx:hr>
          </gpxtpx:TrackPointExtension>
        </extensions>
      </trkpt>
      <trkpt lat="22.628498423617692" lon="113.83187718823986">
        <ele>11.600000381469727</ele>
        <time>2026-05-09T23:14:07Z</time>
        <extensions>
          <gpxtpx:TrackPointExtension>
            <gpxtpx:hr>120</gpxtpx:hr>
          </gpxtpx:TrackPointExtension>
        </extensions>
      </trkpt>
      <trkpt lat="22.628401486997213" lon="113.83190226130495">
        <ele>11.399999618530273</ele>
        <time>2026-05-09T23:14:11Z</time>
        <extensions>
          <gpxtpx:TrackPointExtension>
            <gpxtpx:hr>127</gpxtpx:hr>
          </gpxtpx:TrackPointExtension>
        </extensions>
      </trkpt>
      <trkpt lat="22.628318542350584" lon="113.83192432544719">
        <ele>11.399999618530273</ele>
        <time>2026-05-09T23:14:15Z</time>
        <extensions>
          <gpxtpx:TrackPointExtension>
            <gpxtpx:hr>133</gpxtpx:hr>
          </gpxtpx:TrackPointExtension>
        </extensions>
      </trkpt>
      <trkpt lat="22.628238602766704" lon="113.8319493974132">
        <ele>11.800000190734863</ele>
        <time>2026-05-09T23:14:19Z</time>
        <extensions>
          <gpxtpx:TrackPointExtension>
            <gpxtpx:hr>136</gpxtpx:hr>
          </gpxtpx:TrackPointExtension>
        </extensions>
      </trkpt>
      <trkpt lat="22.628155656232508" lon="113.83197045887525">
        <ele>11.800000190734863</ele>
        <time>2026-05-09T23:14:23Z</time>
        <extensions>
          <gpxtpx:TrackPointExtension>
            <gpxtpx:hr>136</gpxtpx:hr>
          </gpxtpx:TrackPointExtension>
        </extensions>
      </trkpt>
      <trkpt lat="22.628072702231638" lon="113.83198750964254">
        <ele>11.800000190734863</ele>
        <time>2026-05-09T23:14:27Z</time>
        <extensions>
          <gpxtpx:TrackPointExtension>
            <gpxtpx:hr>136</gpxtpx:hr>
          </gpxtpx:TrackPointExtension>
        </extensions>
      </trkpt>
      <trkpt lat="22.62798873907409" lon="113.8319995471078">
        <ele>11.800000190734863</ele>
        <time>2026-05-09T23:14:31Z</time>
        <extensions>
          <gpxtpx:TrackPointExtension>
            <gpxtpx:hr>136</gpxtpx:hr>
          </gpxtpx:TrackPointExtension>
        </extensions>
      </trkpt>
      <trkpt lat="22.627903794715287" lon="113.83202161136353">
        <ele>11.800000190734863</ele>
        <time>2026-05-09T23:14:35Z</time>
        <extensions>
          <gpxtpx:TrackPointExtension>
            <gpxtpx:hr>135</gpxtpx:hr>
          </gpxtpx:TrackPointExtension>
        </extensions>
      </trkpt>
      <trkpt lat="22.627822847792505" lon="113.83204267268663">
        <ele>12.0</ele>
        <time>2026-05-09T23:14:39Z</time>
        <extensions>
          <gpxtpx:TrackPointExtension>
            <gpxtpx:hr>135</gpxtpx:hr>
          </gpxtpx:TrackPointExtension>
        </extensions>
      </trkpt>
      <trkpt lat="22.62774090103063" lon="113.8320637340708">
        <ele>11.800000190734863</ele>
        <time>2026-05-09T23:14:43Z</time>
        <extensions>
          <gpxtpx:TrackPointExtension>
            <gpxtpx:hr>136</gpxtpx:hr>
          </gpxtpx:TrackPointExtension>
        </extensions>
      </trkpt>
      <trkpt lat="22.62765793952405" lon="113.83207677413772">
        <ele>12.0</ele>
        <time>2026-05-09T23:14:47Z</time>
        <extensions>
          <gpxtpx:TrackPointExtension>
            <gpxtpx:hr>138</gpxtpx:hr>
          </gpxtpx:TrackPointExtension>
        </extensions>
      </trkpt>
      <trkpt lat="22.627570989873526" lon="113.83209583049334">
        <ele>12.0</ele>
        <time>2026-05-09T23:14:51Z</time>
        <extensions>
          <gpxtpx:TrackPointExtension>
            <gpxtpx:hr>139</gpxtpx:hr>
          </gpxtpx:TrackPointExtension>
        </extensions>
      </trkpt>
      <trkpt lat="22.627494038494362" lon="113.83211488620468">
        <ele>12.0</ele>
        <time>2026-05-09T23:14:55Z</time>
        <extensions>
          <gpxtpx:TrackPointExtension>
            <gpxtpx:hr>138</gpxtpx:hr>
          </gpxtpx:TrackPointExtension>
        </extensions>
      </trkpt>
      <trkpt lat="22.627423084213007" lon="113.83213293885653">
        <ele>12.0</ele>
        <time>2026-05-09T23:14:59Z</time>
        <extensions>
          <gpxtpx:TrackPointExtension>
            <gpxtpx:hr>138</gpxtpx:hr>
          </gpxtpx:TrackPointExtension>
        </extensions>
      </trkpt>
      <trkpt lat="22.62735613668773" lon="113.83215500193654">
        <ele>12.0</ele>
        <time>2026-05-09T23:15:03Z</time>
        <extensions>
          <gpxtpx:TrackPointExtension>
            <gpxtpx:hr>139</gpxtpx:hr>
          </gpxtpx:TrackPointExtension>
        </extensions>
      </trkpt>
      <trkpt lat="22.6272731974839" lon="113.83218007405466">
        <ele>12.0</ele>
        <time>2026-05-09T23:15:07Z</time>
        <extensions>
          <gpxtpx:TrackPointExtension>
            <gpxtpx:hr>136</gpxtpx:hr>
          </gpxtpx:TrackPointExtension>
        </extensions>
      </trkpt>
      <trkpt lat="22.62718025625582" lon="113.83220314146713">
        <ele>12.0</ele>
        <time>2026-05-09T23:15:11Z</time>
        <extensions>
          <gpxtpx:TrackPointExtension>
            <gpxtpx:hr>136</gpxtpx:hr>
          </gpxtpx:TrackPointExtension>
        </extensions>
      </trkpt>
      <trkpt lat="22.62709132550126" lon="113.83223222464666">
        <ele>12.199999809265137</ele>
        <time>2026-05-09T23:15:15Z</time>
        <extensions>
          <gpxtpx:TrackPointExtension>
            <gpxtpx:hr>136</gpxtpx:hr>
          </gpxtpx:TrackPointExtension>
        </extensions>
      </trkpt>
      <trkpt lat="22.62700337780273" lon="113.83225228371649">
        <ele>12.0</ele>
        <time>2026-05-09T23:15:19Z</time>
        <extensions>
          <gpxtpx:TrackPointExtension>
            <gpxtpx:hr>136</gpxtpx:hr>
          </gpxtpx:TrackPointExtension>
        </extensions>
      </trkpt>
      <trkpt lat="22.626915424506453" lon="113.83226933477054">
        <ele>12.0</ele>
        <time>2026-05-09T23:15:23Z</time>
        <extensions>
          <gpxtpx:TrackPointExtension>
            <gpxtpx:hr>134</gpxtpx:hr>
          </gpxtpx:TrackPointExtension>
        </extensions>
      </trkpt>
      <trkpt lat="22.626828480336176" lon="113.83229139911249">
        <ele>12.199999809265137</ele>
        <time>2026-05-09T23:15:27Z</time>
        <extensions>
          <gpxtpx:TrackPointExtension>
            <gpxtpx:hr>133</gpxtpx:hr>
          </gpxtpx:TrackPointExtension>
        </extensions>
      </trkpt>
      <trkpt lat="22.62673848081718" lon="113.83228338352063">
        <ele>12.0</ele>
        <time>2026-05-09T23:15:31Z</time>
        <extensions>
          <gpxtpx:TrackPointExtension>
            <gpxtpx:hr>132</gpxtpx:hr>
          </gpxtpx:TrackPointExtension>
        </extensions>
      </trkpt>
      <trkpt lat="22.62665155524116" lon="113.832315474567">
        <ele>11.800000190734863</ele>
        <time>2026-05-09T23:15:35Z</time>
        <extensions>
          <gpxtpx:TrackPointExtension>
            <gpxtpx:hr>130</gpxtpx:hr>
          </gpxtpx:TrackPointExtension>
        </extensions>
      </trkpt>
      <trkpt lat="22.62657360763914" lon="113.83233653565358">
        <ele>11.800000190734863</ele>
        <time>2026-05-09T23:15:39Z</time>
        <extensions>
          <gpxtpx:TrackPointExtension>
            <gpxtpx:hr>131</gpxtpx:hr>
          </gpxtpx:TrackPointExtension>
        </extensions>
      </trkpt>
      <trkpt lat="22.626474626381153" lon="113.83233754467625">
        <ele>11.800000190734863</ele>
        <time>2026-05-09T23:15:43Z</time>
        <extensions>
          <gpxtpx:TrackPointExtension>
            <gpxtpx:hr>134</gpxtpx:hr>
          </gpxtpx:TrackPointExtension>
        </extensions>
      </trkpt>
      <trkpt lat="22.626388745258424" lon="113.83239369972983">
        <ele>12.0</ele>
        <time>2026-05-09T23:15:47Z</time>
        <extensions>
          <gpxtpx:TrackPointExtension>
            <gpxtpx:hr>136</gpxtpx:hr>
          </gpxtpx:TrackPointExtension>
        </extensions>
      </trkpt>
      <trkpt lat="22.626303804393455" lon="113.83241776926337">
        <ele>12.0</ele>
        <time>2026-05-09T23:15:51Z</time>
        <extensions>
          <gpxtpx:TrackPointExtension>
            <gpxtpx:hr>139</gpxtpx:hr>
          </gpxtpx:TrackPointExtension>
        </extensions>
      </trkpt>
      <trkpt lat="22.626223862664745" lon="113.83244183847188">
        <ele>12.199999809265137</ele>
        <time>2026-05-09T23:15:55Z</time>
        <extensions>
          <gpxtpx:TrackPointExtension>
            <gpxtpx:hr>140</gpxtpx:hr>
          </gpxtpx:TrackPointExtension>
        </extensions>
      </trkpt>
      <trkpt lat="22.626133920764026" lon="113.83246490564821">
        <ele>12.199999809265137</ele>
        <time>2026-05-09T23:15:59Z</time>
        <extensions>
          <gpxtpx:TrackPointExtension>
            <gpxtpx:hr>141</gpxtpx:hr>
          </gpxtpx:TrackPointExtension>
        </extensions>
      </trkpt>
      <trkpt lat="22.62604897055891" lon="113.8324839618222">
        <ele>12.199999809265137</ele>
        <time>2026-05-09T23:16:03Z</time>
        <extensions>
          <gpxtpx:TrackPointExtension>
            <gpxtpx:hr>142</gpxtpx:hr>
          </gpxtpx:TrackPointExtension>
        </extensions>
      </trkpt>
      <trkpt lat="22.625957030831582" lon="113.83250803178895">
        <ele>12.199999809265137</ele>
        <time>2026-05-09T23:16:07Z</time>
        <extensions>
          <gpxtpx:TrackPointExtension>
            <gpxtpx:hr>143</gpxtpx:hr>
          </gpxtpx:TrackPointExtension>
        </extensions>
      </trkpt>
      <trkpt lat="22.625864089399474" lon="113.8325310991465">
        <ele>12.0</ele>
        <time>2026-05-09T23:16:11Z</time>
        <extensions>
          <gpxtpx:TrackPointExtension>
            <gpxtpx:hr>143</gpxtpx:hr>
          </gpxtpx:TrackPointExtension>
        </extensions>
      </trkpt>
      <trkpt lat="22.62576815032139" lon="113.83255516936148">
        <ele>12.0</ele>
        <time>2026-05-09T23:16:15Z</time>
        <extensions>
          <gpxtpx:TrackPointExtension>
            <gpxtpx:hr>142</gpxtpx:hr>
          </gpxtpx:TrackPointExtension>
        </extensions>
      </trkpt>
      <trkpt lat="22.625679208181896" lon="113.83257823645435">
        <ele>12.199999809265137</ele>
        <time>2026-05-09T23:16:19Z</time>
        <extensions>
          <gpxtpx:TrackPointExtension>
            <gpxtpx:hr>143</gpxtpx:hr>
          </gpxtpx:TrackPointExtension>
        </extensions>
      </trkpt>
      <trkpt lat="22.62559925706677" lon="113.83259729229152">
        <ele>12.199999809265137</ele>
        <time>2026-05-09T23:16:23Z</time>
        <extensions>
          <gpxtpx:TrackPointExtension>
            <gpxtpx:hr>145</gpxtpx:hr>
          </gpxtpx:TrackPointExtension>
        </extensions>
      </trkpt>
      <trkpt lat="22.62552030949039" lon="113.83261835339871">
        <ele>12.199999809265137</ele>
        <time>2026-05-09T23:16:27Z</time>
        <extensions>
          <gpxtpx:TrackPointExtension>
            <gpxtpx:hr>146</gpxtpx:hr>
          </gpxtpx:TrackPointExtension>
        </extensions>
      </trkpt>
      <trkpt lat="22.625434359369176" lon="113.83263740961512">
        <ele>12.0</ele>
        <time>2026-05-09T23:16:31Z</time>
        <extensions>
          <gpxtpx:TrackPointExtension>
            <gpxtpx:hr>144</gpxtpx:hr>
          </gpxtpx:TrackPointExtension>
        </extensions>
      </trkpt>
      <trkpt lat="22.62535140872899" lon="113.8326564656363">
        <ele>12.0</ele>
        <time>2026-05-09T23:16:35Z</time>
        <extensions>
          <gpxtpx:TrackPointExtension>
            <gpxtpx:hr>142</gpxtpx:hr>
          </gpxtpx:TrackPointExtension>
        </extensions>
      </trkpt>
      <trkpt lat="22.62527646044345" lon="113.83267752647755">
        <ele>12.0</ele>
        <time>2026-05-09T23:16:39Z</time>
        <extensions>
          <gpxtpx:TrackPointExtension>
            <gpxtpx:hr>142</gpxtpx:hr>
          </gpxtpx:TrackPointExtension>
        </extensions>
      </trkpt>
      <trkpt lat="22.625196505557504" lon="113.83269457696478">
        <ele>11.800000190734863</ele>
        <time>2026-05-09T23:16:43Z</time>
        <extensions>
          <gpxtpx:TrackPointExtension>
            <gpxtpx:hr>139</gpxtpx:hr>
          </gpxtpx:TrackPointExtension>
        </extensions>
      </trkpt>
      <trkpt lat="22.625118554041073" lon="113.83271363265699">
        <ele>12.0</ele>
        <time>2026-05-09T23:16:47Z</time>
        <extensions>
          <gpxtpx:TrackPointExtension>
            <gpxtpx:hr>140</gpxtpx:hr>
          </gpxtpx:TrackPointExtension>
        </extensions>
      </trkpt>
      <trkpt lat="22.625039619408494" lon="113.83274171241861">
        <ele>11.800000190734863</ele>
        <time>2026-05-09T23:16:51Z</time>
        <extensions>
          <gpxtpx:TrackPointExtension>
            <gpxtpx:hr>138</gpxtpx:hr>
          </gpxtpx:TrackPointExtension>
        </extensions>
      </trkpt>
      <trkpt lat="22.624950664150326" lon="113.83275776080754">
        <ele>11.800000190734863</ele>
        <time>2026-05-09T23:16:55Z</time>
        <extensions>
          <gpxtpx:TrackPointExtension>
            <gpxtpx:hr>136</gpxtpx:hr>
          </gpxtpx:TrackPointExtension>
        </extensions>
      </trkpt>
      <trkpt lat="22.62486271986046" lon="113.83277982513387">
        <ele>11.600000381469727</ele>
        <time>2026-05-09T23:16:59Z</time>
        <extensions>
          <gpxtpx:TrackPointExtension>
            <gpxtpx:hr>136</gpxtpx:hr>
          </gpxtpx:TrackPointExtension>
        </extensions>
      </trkpt>
      <trkpt lat="22.624782755631248" lon="113.83279186227223">
        <ele>11.600000381469727</ele>
        <time>2026-05-09T23:17:03Z</time>
        <extensions>
          <gpxtpx:TrackPointExtension>
            <gpxtpx:hr>138</gpxtpx:hr>
          </gpxtpx:TrackPointExtension>
        </extensions>
      </trkpt>
      <trkpt lat="22.624699810476212" lon="113.83281392627207">
        <ele>11.600000381469727</ele>
        <time>2026-05-09T23:17:07Z</time>
        <extensions>
          <gpxtpx:TrackPointExtension>
            <gpxtpx:hr>139</gpxtpx:hr>
          </gpxtpx:TrackPointExtension>
        </extensions>
      </trkpt>
      <trkpt lat="22.624616865309065" lon="113.83283599026818">
        <ele>11.600000381469727</ele>
        <time>2026-05-09T23:17:11Z</time>
        <extensions>
          <gpxtpx:TrackPointExtension>
            <gpxtpx:hr>139</gpxtpx:hr>
          </gpxtpx:TrackPointExtension>
        </extensions>
      </trkpt>
      <trkpt lat="22.624528935829517" lon="113.83286607591423">
        <ele>11.600000381469727</ele>
        <time>2026-05-09T23:17:15Z</time>
        <extensions>
          <gpxtpx:TrackPointExtension>
            <gpxtpx:hr>140</gpxtpx:hr>
          </gpxtpx:TrackPointExtension>
        </extensions>
      </trkpt>
      <trkpt lat="22.62444897713161" lon="113.832881121044">
        <ele>11.600000381469727</ele>
        <time>2026-05-09T23:17:19Z</time>
        <extensions>
          <gpxtpx:TrackPointExtension>
            <gpxtpx:hr>141</gpxtpx:hr>
          </gpxtpx:TrackPointExtension>
        </extensions>
      </trkpt>
      <trkpt lat="22.62437702636675" lon="113.8329011789905">
        <ele>11.399999618530273</ele>
        <time>2026-05-09T23:17:23Z</time>
        <extensions>
          <gpxtpx:TrackPointExtension>
            <gpxtpx:hr>142</gpxtpx:hr>
          </gpxtpx:TrackPointExtension>
        </extensions>
      </trkpt>
      <trkpt lat="22.624295066128518" lon="113.83291522157828">
        <ele>11.600000381469727</ele>
        <time>2026-05-09T23:17:27Z</time>
        <extensions>
          <gpxtpx:TrackPointExtension>
            <gpxtpx:hr>142</gpxtpx:hr>
          </gpxtpx:TrackPointExtension>
        </extensions>
      </trkpt>
      <trkpt lat="22.624215101831354" lon="113.83292725870398">
        <ele>11.600000381469727</ele>
        <time>2026-05-09T23:17:31Z</time>
        <extensions>
          <gpxtpx:TrackPointExtension>
            <gpxtpx:hr>138</gpxtpx:hr>
          </gpxtpx:TrackPointExtension>
        </extensions>
      </trkpt>
      <trkpt lat="22.624134152547185" lon="113.83294731722064">
        <ele>11.600000381469727</ele>
        <time>2026-05-09T23:17:35Z</time>
        <extensions>
          <gpxtpx:TrackPointExtension>
            <gpxtpx:hr>139</gpxtpx:hr>
          </gpxtpx:TrackPointExtension>
        </extensions>
      </trkpt>
      <trkpt lat="22.62404920949164" lon="113.83297038398814">
        <ele>11.399999618530273</ele>
        <time>2026-05-09T23:17:39Z</time>
        <extensions>
          <gpxtpx:TrackPointExtension>
            <gpxtpx:hr>136</gpxtpx:hr>
          </gpxtpx:TrackPointExtension>
        </extensions>
      </trkpt>
      <trkpt lat="22.623968256471493" lon="113.83298843716679">
        <ele>11.399999618530273</ele>
        <time>2026-05-09T23:17:43Z</time>
        <extensions>
          <gpxtpx:TrackPointExtension>
            <gpxtpx:hr>133</gpxtpx:hr>
          </gpxtpx:TrackPointExtension>
        </extensions>
      </trkpt>
      <trkpt lat="22.623892302604325" lon="113.83300649002219">
        <ele>11.600000381469727</ele>
        <time>2026-05-09T23:17:47Z</time>
        <extensions>
          <gpxtpx:TrackPointExtension>
            <gpxtpx:hr>136</gpxtpx:hr>
          </gpxtpx:TrackPointExtension>
        </extensions>
      </trkpt>
      <trkpt lat="22.623817339279455" lon="113.83301952948393">
        <ele>11.399999618530273</ele>
        <time>2026-05-09T23:17:51Z</time>
        <extensions>
          <gpxtpx:TrackPointExtension>
            <gpxtpx:hr>136</gpxtpx:hr>
          </gpxtpx:TrackPointExtension>
        </extensions>
      </trkpt>
      <trkpt lat="22.623734401411895" lon="113.8330456041058">
        <ele>11.399999618530273</ele>
        <time>2026-05-09T23:17:55Z</time>
        <extensions>
          <gpxtpx:TrackPointExtension>
            <gpxtpx:hr>136</gpxtpx:hr>
          </gpxtpx:TrackPointExtension>
        </extensions>
      </trkpt>
      <trkpt lat="22.623650465553407" lon="113.83307268145153">
        <ele>11.399999618530273</ele>
        <time>2026-05-09T23:17:59Z</time>
        <extensions>
          <gpxtpx:TrackPointExtension>
            <gpxtpx:hr>134</gpxtpx:hr>
          </gpxtpx:TrackPointExtension>
        </extensions>
      </trkpt>
      <trkpt lat="22.62358152532137" lon="113.83309875516457">
        <ele>11.399999618530273</ele>
        <time>2026-05-09T23:18:03Z</time>
        <extensions>
          <gpxtpx:TrackPointExtension>
            <gpxtpx:hr>133</gpxtpx:hr>
          </gpxtpx:TrackPointExtension>
        </extensions>
      </trkpt>
      <trkpt lat="22.623499576114504" lon="113.83311881371849">
        <ele>11.600000381469727</ele>
        <time>2026-05-09T23:18:07Z</time>
        <extensions>
          <gpxtpx:TrackPointExtension>
            <gpxtpx:hr>135</gpxtpx:hr>
          </gpxtpx:TrackPointExtension>
        </extensions>
      </trkpt>
      <trkpt lat="22.62341560496593" lon="113.83312684042319">
        <ele>11.600000381469727</ele>
        <time>2026-05-09T23:18:11Z</time>
        <extensions>
          <gpxtpx:TrackPointExtension>
            <gpxtpx:hr>137</gpxtpx:hr>
          </gpxtpx:TrackPointExtension>
        </extensions>
      </trkpt>
      <trkpt lat="22.62332965083879" lon="113.8331438912359">
        <ele>11.600000381469727</ele>
        <time>2026-05-09T23:18:15Z</time>
        <extensions>
          <gpxtpx:TrackPointExtension>
            <gpxtpx:hr>138</gpxtpx:hr>
          </gpxtpx:TrackPointExtension>
        </extensions>
      </trkpt>
      <trkpt lat="22.623249710541767" lon="113.83316896297563">
        <ele>11.600000381469727</ele>
        <time>2026-05-09T23:18:19Z</time>
        <extensions>
          <gpxtpx:TrackPointExtension>
            <gpxtpx:hr>136</gpxtpx:hr>
          </gpxtpx:TrackPointExtension>
        </extensions>
      </trkpt>
      <trkpt lat="22.623168761124113" lon="113.8331890214542">
        <ele>11.600000381469727</ele>
        <time>2026-05-09T23:18:23Z</time>
        <extensions>
          <gpxtpx:TrackPointExtension>
            <gpxtpx:hr>136</gpxtpx:hr>
          </gpxtpx:TrackPointExtension>
        </extensions>
      </trkpt>
      <trkpt lat="22.62308581573728" lon="113.8332110853857">
        <ele>11.600000381469727</ele>
        <time>2026-05-09T23:18:27Z</time>
        <extensions>
          <gpxtpx:TrackPointExtension>
            <gpxtpx:hr>136</gpxtpx:hr>
          </gpxtpx:TrackPointExtension>
        </extensions>
      </trkpt>
      <trkpt lat="22.6230038664629" lon="113.8332311439217">
        <ele>11.600000381469727</ele>
        <time>2026-05-09T23:18:31Z</time>
        <extensions>
          <gpxtpx:TrackPointExtension>
            <gpxtpx:hr>136</gpxtpx:hr>
          </gpxtpx:TrackPointExtension>
        </extensions>
      </trkpt>
      <trkpt lat="22.62292291144782" lon="113.8332481943995">
        <ele>11.600000381469727</ele>
        <time>2026-05-09T23:18:35Z</time>
        <extensions>
          <gpxtpx:TrackPointExtension>
            <gpxtpx:hr>137</gpxtpx:hr>
          </gpxtpx:TrackPointExtension>
        </extensions>
      </trkpt>
      <trkpt lat="22.6228379589407" lon="113.833266247795">
        <ele>11.600000381469727</ele>
        <time>2026-05-09T23:18:39Z</time>
        <extensions>
          <gpxtpx:TrackPointExtension>
            <gpxtpx:hr>138</gpxtpx:hr>
          </gpxtpx:TrackPointExtension>
        </extensions>
      </trkpt>
      <trkpt lat="22.62275402294292" lon="113.83329332509338">
        <ele>11.800000190734863</ele>
        <time>2026-05-09T23:18:43Z</time>
        <extensions>
          <gpxtpx:TrackPointExtension>
            <gpxtpx:hr>139</gpxtpx:hr>
          </gpxtpx:TrackPointExtension>
        </extensions>
      </trkpt>
      <trkpt lat="22.622677063523557" lon="113.83330836997985">
        <ele>11.800000190734863</ele>
        <time>2026-05-09T23:18:47Z</time>
        <extensions>
          <gpxtpx:TrackPointExtension>
            <gpxtpx:hr>139</gpxtpx:hr>
          </gpxtpx:TrackPointExtension>
        </extensions>
      </trkpt>
      <trkpt lat="22.62260611051595" lon="113.83332742513167">
        <ele>11.600000381469727</ele>
        <time>2026-05-09T23:18:51Z</time>
        <extensions>
          <gpxtpx:TrackPointExtension>
            <gpxtpx:hr>139</gpxtpx:hr>
          </gpxtpx:TrackPointExtension>
        </extensions>
      </trkpt>
      <trkpt lat="22.62253215984977" lon="113.8333474831358">
        <ele>11.600000381469727</ele>
        <time>2026-05-09T23:18:55Z</time>
        <extensions>
          <gpxtpx:TrackPointExtension>
            <gpxtpx:hr>137</gpxtpx:hr>
          </gpxtpx:TrackPointExtension>
        </extensions>
      </trkpt>
      <trkpt lat="22.62245319888053" lon="113.83336152548122">
        <ele>11.800000190734863</ele>
        <time>2026-05-09T23:18:59Z</time>
        <extensions>
          <gpxtpx:TrackPointExtension>
            <gpxtpx:hr>136</gpxtpx:hr>
          </gpxtpx:TrackPointExtension>
        </extensions>
      </trkpt>
      <trkpt lat="22.622367265006627" lon="113.83338960554957">
        <ele>11.800000190734863</ele>
        <time>2026-05-09T23:19:03Z</time>
        <extensions>
          <gpxtpx:TrackPointExtension>
            <gpxtpx:hr>136</gpxtpx:hr>
          </gpxtpx:TrackPointExtension>
        </extensions>
      </trkpt>
      <trkpt lat="22.622280336841712" lon="113.83342069366242">
        <ele>11.800000190734863</ele>
        <time>2026-05-09T23:19:07Z</time>
        <extensions>
          <gpxtpx:TrackPointExtension>
            <gpxtpx:hr>136</gpxtpx:hr>
          </gpxtpx:TrackPointExtension>
        </extensions>
      </trkpt>
      <trkpt lat="22.622198381894147" lon="113.8334377441782">
        <ele>11.800000190734863</ele>
        <time>2026-05-09T23:19:11Z</time>
        <extensions>
          <gpxtpx:TrackPointExtension>
            <gpxtpx:hr>139</gpxtpx:hr>
          </gpxtpx:TrackPointExtension>
        </extensions>
      </trkpt>
      <trkpt lat="22.622117436034454" lon="113.83345980793715">
        <ele>11.800000190734863</ele>
        <time>2026-05-09T23:19:15Z</time>
        <extensions>
          <gpxtpx:TrackPointExtension>
            <gpxtpx:hr>139</gpxtpx:hr>
          </gpxtpx:TrackPointExtension>
        </extensions>
      </trkpt>
      <trkpt lat="22.62202349971799" lon="113.83348588317274">
        <ele>11.600000381469727</ele>
        <time>2026-05-09T23:19:19Z</time>
        <extensions>
          <gpxtpx:TrackPointExtension>
            <gpxtpx:hr>139</gpxtpx:hr>
          </gpxtpx:TrackPointExtension>
        </extensions>
      </trkpt>
      <trkpt lat="22.621941546587923" lon="113.83350393634093">
        <ele>11.600000381469727</ele>
        <time>2026-05-09T23:19:23Z</time>
        <extensions>
          <gpxtpx:TrackPointExtension>
            <gpxtpx:hr>139</gpxtpx:hr>
          </gpxtpx:TrackPointExtension>
        </extensions>
      </trkpt>
      <trkpt lat="22.62185460353183" lon="113.83352700313408">
        <ele>11.800000190734863</ele>
        <time>2026-05-09T23:19:27Z</time>
        <extensions>
          <gpxtpx:TrackPointExtension>
            <gpxtpx:hr>140</gpxtpx:hr>
          </gpxtpx:TrackPointExtension>
        </extensions>
      </trkpt>
      <trkpt lat="22.621776644163873" lon="113.83354204805592">
        <ele>12.0</ele>
        <time>2026-05-09T23:19:31Z</time>
        <extensions>
          <gpxtpx:TrackPointExtension>
            <gpxtpx:hr>140</gpxtpx:hr>
          </gpxtpx:TrackPointExtension>
        </extensions>
      </trkpt>
      <trkpt lat="22.621690719436366" lon="113.8335751413879">
        <ele>11.800000190734863</ele>
        <time>2026-05-09T23:19:35Z</time>
        <extensions>
          <gpxtpx:TrackPointExtension>
            <gpxtpx:hr>141</gpxtpx:hr>
          </gpxtpx:TrackPointExtension>
        </extensions>
      </trkpt>
      <trkpt lat="22.621606790658834" lon="113.83360622926118">
        <ele>12.0</ele>
        <time>2026-05-09T23:19:39Z</time>
        <extensions>
          <gpxtpx:TrackPointExtension>
            <gpxtpx:hr>143</gpxtpx:hr>
          </gpxtpx:TrackPointExtension>
        </extensions>
      </trkpt>
      <trkpt lat="22.621527848083822" lon="113.83363029818237">
        <ele>11.800000190734863</ele>
        <time>2026-05-09T23:19:43Z</time>
        <extensions>
          <gpxtpx:TrackPointExtension>
            <gpxtpx:hr>140</gpxtpx:hr>
          </gpxtpx:TrackPointExtension>
        </extensions>
      </trkpt>
      <trkpt lat="22.621446907676088" lon="113.83365536988731">
        <ele>12.0</ele>
        <time>2026-05-09T23:19:47Z</time>
        <extensions>
          <gpxtpx:TrackPointExtension>
            <gpxtpx:hr>139</gpxtpx:hr>
          </gpxtpx:TrackPointExtension>
        </extensions>
      </trkpt>
      <trkpt lat="22.621371966269876" lon="113.83368044120228">
        <ele>12.0</ele>
        <time>2026-05-09T23:19:51Z</time>
        <extensions>
          <gpxtpx:TrackPointExtension>
            <gpxtpx:hr>139</gpxtpx:hr>
          </gpxtpx:TrackPointExtension>
        </extensions>
      </trkpt>
      <trkpt lat="22.621297026702237" lon="113.83370651517191">
        <ele>12.0</ele>
        <time>2026-05-09T23:19:55Z</time>
        <extensions>
          <gpxtpx:TrackPointExtension>
            <gpxtpx:hr>139</gpxtpx:hr>
          </gpxtpx:TrackPointExtension>
        </extensions>
      </trkpt>
      <trkpt lat="22.62121809703029" lon="113.8337376026907">
        <ele>12.0</ele>
        <time>2026-05-09T23:19:59Z</time>
        <extensions>
          <gpxtpx:TrackPointExtension>
            <gpxtpx:hr>139</gpxtpx:hr>
          </gpxtpx:TrackPointExtension>
        </extensions>
      </trkpt>
      <trkpt lat="22.62114415172155" lon="113.83376066860546">
        <ele>12.199999809265137</ele>
        <time>2026-05-09T23:20:03Z</time>
        <extensions>
          <gpxtpx:TrackPointExtension>
            <gpxtpx:hr>139</gpxtpx:hr>
          </gpxtpx:TrackPointExtension>
        </extensions>
      </trkpt>
      <trkpt lat="22.621072196823754" lon="113.83377872109111">
        <ele>12.199999809265137</ele>
        <time>2026-05-09T23:20:07Z</time>
        <extensions>
          <gpxtpx:TrackPointExtension>
            <gpxtpx:hr>139</gpxtpx:hr>
          </gpxtpx:TrackPointExtension>
        </extensions>
      </trkpt>
      <trkpt lat="22.621002243439275" lon="113.8337977761049">
        <ele>12.0</ele>
        <time>2026-05-09T23:20:11Z</time>
        <extensions>
          <gpxtpx:TrackPointExtension>
            <gpxtpx:hr>139</gpxtpx:hr>
          </gpxtpx:TrackPointExtension>
        </extensions>
      </trkpt>
      <trkpt lat="22.62093129390889" lon="113.83381883649768">
        <ele>12.0</ele>
        <time>2026-05-09T23:20:15Z</time>
        <extensions>
          <gpxtpx:TrackPointExtension>
            <gpxtpx:hr>139</gpxtpx:hr>
          </gpxtpx:TrackPointExtension>
        </extensions>
      </trkpt>
      <trkpt lat="22.620855347036024" lon="113.83384089986612">
        <ele>12.0</ele>
        <time>2026-05-09T23:20:19Z</time>
        <extensions>
          <gpxtpx:TrackPointExtension>
            <gpxtpx:hr>139</gpxtpx:hr>
          </gpxtpx:TrackPointExtension>
        </extensions>
      </trkpt>
      <trkpt lat="22.620779398302613" lon="113.83386196057182">
        <ele>12.0</ele>
        <time>2026-05-09T23:20:23Z</time>
        <extensions>
          <gpxtpx:TrackPointExtension>
            <gpxtpx:hr>139</gpxtpx:hr>
          </gpxtpx:TrackPointExtension>
        </extensions>
      </trkpt>
      <trkpt lat="22.620706449068212" lon="113.83388302108138">
        <ele>12.199999809265137</ele>
        <time>2026-05-09T23:20:27Z</time>
        <extensions>
          <gpxtpx:TrackPointExtension>
            <gpxtpx:hr>138</gpxtpx:hr>
          </gpxtpx:TrackPointExtension>
        </extensions>
      </trkpt>
      <trkpt lat="22.6206345199988" lon="113.83391511076321">
        <ele>12.199999809265137</ele>
        <time>2026-05-09T23:20:31Z</time>
        <extensions>
          <gpxtpx:TrackPointExtension>
            <gpxtpx:hr>136</gpxtpx:hr>
          </gpxtpx:TrackPointExtension>
        </extensions>
      </trkpt>
      <trkpt lat="22.620553597929067" lon="113.83395020898698">
        <ele>12.199999809265137</ele>
        <time>2026-05-09T23:20:35Z</time>
        <extensions>
          <gpxtpx:TrackPointExtension>
            <gpxtpx:hr>136</gpxtpx:hr>
          </gpxtpx:TrackPointExtension>
        </extensions>
      </trkpt>
      <trkpt lat="22.620479658063868" lon="113.83397628283308">
        <ele>12.199999809265137</ele>
        <time>2026-05-09T23:20:39Z</time>
        <extensions>
          <gpxtpx:TrackPointExtension>
            <gpxtpx:hr>136</gpxtpx:hr>
          </gpxtpx:TrackPointExtension>
        </extensions>
      </trkpt>
      <trkpt lat="22.620408728785954" lon="113.83400837242532">
        <ele>12.199999809265137</ele>
        <time>2026-05-09T23:20:43Z</time>
        <extensions>
          <gpxtpx:TrackPointExtension>
            <gpxtpx:hr>136</gpxtpx:hr>
          </gpxtpx:TrackPointExtension>
        </extensions>
      </trkpt>
      <trkpt lat="22.62033578688381" lon="113.83403344353717">
        <ele>12.199999809265137</ele>
        <time>2026-05-09T23:20:47Z</time>
        <extensions>
          <gpxtpx:TrackPointExtension>
            <gpxtpx:hr>136</gpxtpx:hr>
          </gpxtpx:TrackPointExtension>
        </extensions>
      </trkpt>
      <trkpt lat="22.620263863283363" lon="113.83406854114833">
        <ele>12.199999809265137</ele>
        <time>2026-05-09T23:20:51Z</time>
        <extensions>
          <gpxtpx:TrackPointExtension>
            <gpxtpx:hr>136</gpxtpx:hr>
          </gpxtpx:TrackPointExtension>
        </extensions>
      </trkpt>
      <trkpt lat="22.62019292472453" lon="113.83409561743218">
        <ele>12.199999809265137</ele>
        <time>2026-05-09T23:20:55Z</time>
        <extensions>
          <gpxtpx:TrackPointExtension>
            <gpxtpx:hr>135</gpxtpx:hr>
          </gpxtpx:TrackPointExtension>
        </extensions>
      </trkpt>
      <trkpt lat="22.620115983434918" lon="113.83412068878161">
        <ele>12.199999809265137</ele>
        <time>2026-05-09T23:20:59Z</time>
        <extensions>
          <gpxtpx:TrackPointExtension>
            <gpxtpx:hr>133</gpxtpx:hr>
          </gpxtpx:TrackPointExtension>
        </extensions>
      </trkpt>
      <trkpt lat="22.62004604284151" lon="113.83414676233294">
        <ele>12.199999809265137</ele>
        <time>2026-05-09T23:21:03Z</time>
        <extensions>
          <gpxtpx:TrackPointExtension>
            <gpxtpx:hr>133</gpxtpx:hr>
          </gpxtpx:TrackPointExtension>
        </extensions>
      </trkpt>
      <trkpt lat="22.61998309371185" lon="113.83416882480573">
        <ele>12.199999809265137</ele>
        <time>2026-05-09T23:21:07Z</time>
        <extensions>
          <gpxtpx:TrackPointExtension>
            <gpxtpx:hr>133</gpxtpx:hr>
          </gpxtpx:TrackPointExtension>
        </extensions>
      </trkpt>
      <trkpt lat="22.6199071596101" lon="113.83419790669801">
        <ele>12.199999809265137</ele>
        <time>2026-05-09T23:21:11Z</time>
        <extensions>
          <gpxtpx:TrackPointExtension>
            <gpxtpx:hr>135</gpxtpx:hr>
          </gpxtpx:TrackPointExtension>
        </extensions>
      </trkpt>
      <trkpt lat="22.61982625030571" lon="113.83424002342385">
        <ele>12.199999809265137</ele>
        <time>2026-05-09T23:21:15Z</time>
        <extensions>
          <gpxtpx:TrackPointExtension>
            <gpxtpx:hr>134</gpxtpx:hr>
          </gpxtpx:TrackPointExtension>
        </extensions>
      </trkpt>
      <trkpt lat="22.619754324751607" lon="113.83427411831697">
        <ele>12.199999809265137</ele>
        <time>2026-05-09T23:21:19Z</time>
        <extensions>
          <gpxtpx:TrackPointExtension>
            <gpxtpx:hr>134</gpxtpx:hr>
          </gpxtpx:TrackPointExtension>
        </extensions>
      </trkpt>
      <trkpt lat="22.61968837975253" lon="113.83429818626718">
        <ele>12.399999618530273</ele>
        <time>2026-05-09T23:21:23Z</time>
        <extensions>
          <gpxtpx:TrackPointExtension>
            <gpxtpx:hr>135</gpxtpx:hr>
          </gpxtpx:TrackPointExtension>
        </extensions>
      </trkpt>
      <trkpt lat="22.61963033009063" lon="113.83426610502603">
        <ele>12.399999618530273</ele>
        <time>2026-05-09T23:21:27Z</time>
        <extensions>
          <gpxtpx:TrackPointExtension>
            <gpxtpx:hr>133</gpxtpx:hr>
          </gpxtpx:TrackPointExtension>
        </extensions>
      </trkpt>
      <trkpt lat="22.619576246535136" lon="113.83421597572085">
        <ele>12.399999618530273</ele>
        <time>2026-05-09T23:21:31Z</time>
        <extensions>
          <gpxtpx:TrackPointExtension>
            <gpxtpx:hr>134</gpxtpx:hr>
          </gpxtpx:TrackPointExtension>
        </extensions>
      </trkpt>
      <trkpt lat="22.619524151549573" lon="113.8341598303297">
        <ele>12.399999618530273</ele>
        <time>2026-05-09T23:21:35Z</time>
        <extensions>
          <gpxtpx:TrackPointExtension>
            <gpxtpx:hr>136</gpxtpx:hr>
          </gpxtpx:TrackPointExtension>
        </extensions>
      </trkpt>
      <trkpt lat="22.619495012167242" lon="113.83408162499121">
        <ele>12.399999618530273</ele>
        <time>2026-05-09T23:21:39Z</time>
        <extensions>
          <gpxtpx:TrackPointExtension>
            <gpxtpx:hr>136</gpxtpx:hr>
          </gpxtpx:TrackPointExtension>
        </extensions>
      </trkpt>
      <trkpt lat="22.619469859146445" lon="113.83399640074222">
        <ele>12.199999809265137</ele>
        <time>2026-05-09T23:21:43Z</time>
        <extensions>
          <gpxtpx:TrackPointExtension>
            <gpxtpx:hr>136</gpxtpx:hr>
          </gpxtpx:TrackPointExtension>
        </extensions>
      </trkpt>
      <trkpt lat="22.619437727533676" lon="113.83392220611996">
        <ele>12.199999809265137</ele>
        <time>2026-05-09T23:21:47Z</time>
        <extensions>
          <gpxtpx:TrackPointExtension>
            <gpxtpx:hr>138</gpxtpx:hr>
          </gpxtpx:TrackPointExtension>
        </extensions>
      </trkpt>
      <trkpt lat="22.619405588474983" lon="113.8338440008167">
        <ele>12.399999618530273</ele>
        <time>2026-05-09T23:21:51Z</time>
        <extensions>
          <gpxtpx:TrackPointExtension>
            <gpxtpx:hr>138</gpxtpx:hr>
          </gpxtpx:TrackPointExtension>
        </extensions>
      </trkpt>
      <trkpt lat="22.61937445105198" lon="113.83376679805781">
        <ele>12.399999618530273</ele>
        <time>2026-05-09T23:21:55Z</time>
        <extensions>
          <gpxtpx:TrackPointExtension>
            <gpxtpx:hr>139</gpxtpx:hr>
          </gpxtpx:TrackPointExtension>
        </extensions>
      </trkpt>
      <trkpt lat="22.61934232669519" lon="113.83369661393365">
        <ele>12.399999618530273</ele>
        <time>2026-05-09T23:21:59Z</time>
        <extensions>
          <gpxtpx:TrackPointExtension>
            <gpxtpx:hr>138</gpxtpx:hr>
          </gpxtpx:TrackPointExtension>
        </extensions>
      </trkpt>
      <trkpt lat="22.61931719190772" lon="113.83362141601758">
        <ele>12.399999618530273</ele>
        <time>2026-05-09T23:22:03Z</time>
        <extensions>
          <gpxtpx:TrackPointExtension>
            <gpxtpx:hr>138</gpxtpx:hr>
          </gpxtpx:TrackPointExtension>
        </extensions>
      </trkpt>
      <trkpt lat="22.619286054338755" lon="113.83354421311788">
        <ele>12.399999618530273</ele>
        <time>2026-05-09T23:22:07Z</time>
        <extensions>
          <gpxtpx:TrackPointExtension>
            <gpxtpx:hr>136</gpxtpx:hr>
          </gpxtpx:TrackPointExtension>
        </extensions>
      </trkpt>
      <trkpt lat="22.61925691639663" lon="113.83346701004186">
        <ele>12.399999618530273</ele>
        <time>2026-05-09T23:22:11Z</time>
        <extensions>
          <gpxtpx:TrackPointExtension>
            <gpxtpx:hr>136</gpxtpx:hr>
          </gpxtpx:TrackPointExtension>
        </extensions>
      </trkpt>
      <trkpt lat="22.61922877083035" lon="113.8333857962042">
        <ele>12.399999618530273</ele>
        <time>2026-05-09T23:22:15Z</time>
        <extensions>
          <gpxtpx:TrackPointExtension>
            <gpxtpx:hr>139</gpxtpx:hr>
          </gpxtpx:TrackPointExtension>
        </extensions>
      </trkpt>
      <trkpt lat="22.61919164891066" lon="113.83331661484807">
        <ele>12.399999618530273</ele>
        <time>2026-05-09T23:22:19Z</time>
        <extensions>
          <gpxtpx:TrackPointExtension>
            <gpxtpx:hr>139</gpxtpx:hr>
          </gpxtpx:TrackPointExtension>
        </extensions>
      </trkpt>
      <trkpt lat="22.619158507760513" lon="113.83323740656182">
        <ele>12.399999618530273</ele>
        <time>2026-05-09T23:22:23Z</time>
        <extensions>
          <gpxtpx:TrackPointExtension>
            <gpxtpx:hr>138</gpxtpx:hr>
          </gpxtpx:TrackPointExtension>
        </extensions>
      </trkpt>
      <trkpt lat="22.61912337801267" lon="113.8331642143402">
        <ele>12.399999618530273</ele>
        <time>2026-05-09T23:22:27Z</time>
        <extensions>
          <gpxtpx:TrackPointExtension>
            <gpxtpx:hr>136</gpxtpx:hr>
          </gpxtpx:TrackPointExtension>
        </extensions>
      </trkpt>
      <trkpt lat="22.61909624878547" lon="113.83309202422882">
        <ele>12.399999618530273</ele>
        <time>2026-05-09T23:22:31Z</time>
        <extensions>
          <gpxtpx:TrackPointExtension>
            <gpxtpx:hr>136</gpxtpx:hr>
          </gpxtpx:TrackPointExtension>
        </extensions>
      </trkpt>
      <trkpt lat="22.619069099097832" lon="113.8330088047584">
        <ele>12.600000381469727</ele>
        <time>2026-05-09T23:22:35Z</time>
        <extensions>
          <gpxtpx:TrackPointExtension>
            <gpxtpx:hr>137</gpxtpx:hr>
          </gpxtpx:TrackPointExtension>
        </extensions>
      </trkpt>
      <trkpt lat="22.619035954037447" lon="113.83292759095212">
        <ele>12.600000381469727</ele>
        <time>2026-05-09T23:22:39Z</time>
        <extensions>
          <gpxtpx:TrackPointExtension>
            <gpxtpx:hr>137</gpxtpx:hr>
          </gpxtpx:TrackPointExtension>
        </extensions>
      </trkpt>
      <trkpt lat="22.619005801010793" lon="113.83284236623706">
        <ele>12.600000381469727</ele>
        <time>2026-05-09T23:22:43Z</time>
        <extensions>
          <gpxtpx:TrackPointExtension>
            <gpxtpx:hr>136</gpxtpx:hr>
          </gpxtpx:TrackPointExtension>
        </extensions>
      </trkpt>
      <trkpt lat="22.618969665618874" lon="113.8327661658579">
        <ele>12.600000381469727</ele>
        <time>2026-05-09T23:22:47Z</time>
        <extensions>
          <gpxtpx:TrackPointExtension>
            <gpxtpx:hr>136</gpxtpx:hr>
          </gpxtpx:TrackPointExtension>
        </extensions>
      </trkpt>
      <trkpt lat="22.61893352088762" lon="113.83268495209668">
        <ele>12.600000381469727</ele>
        <time>2026-05-09T23:22:51Z</time>
        <extensions>
          <gpxtpx:TrackPointExtension>
            <gpxtpx:hr>134</gpxtpx:hr>
          </gpxtpx:TrackPointExtension>
        </extensions>
      </trkpt>
      <trkpt lat="22.618904384273847" lon="113.83260875118013">
        <ele>12.800000190734863</ele>
        <time>2026-05-09T23:22:55Z</time>
        <extensions>
          <gpxtpx:TrackPointExtension>
            <gpxtpx:hr>136</gpxtpx:hr>
          </gpxtpx:TrackPointExtension>
        </extensions>
      </trkpt>
      <trkpt lat="22.618869257882054" lon="113.8325375639508">
        <ele>12.800000190734863</ele>
        <time>2026-05-09T23:22:59Z</time>
        <extensions>
          <gpxtpx:TrackPointExtension>
            <gpxtpx:hr>135</gpxtpx:hr>
          </gpxtpx:TrackPointExtension>
        </extensions>
      </trkpt>
      <trkpt lat="22.618837127247186" lon="113.83246437115363">
        <ele>12.800000190734863</ele>
        <time>2026-05-09T23:23:03Z</time>
        <extensions>
          <gpxtpx:TrackPointExtension>
            <gpxtpx:hr>133</gpxtpx:hr>
          </gpxtpx:TrackPointExtension>
        </extensions>
      </trkpt>
      <trkpt lat="22.618805990827813" lon="113.83238817024407">
        <ele>12.800000190734863</ele>
        <time>2026-05-09T23:23:07Z</time>
        <extensions>
          <gpxtpx:TrackPointExtension>
            <gpxtpx:hr>133</gpxtpx:hr>
          </gpxtpx:TrackPointExtension>
        </extensions>
      </trkpt>
      <trkpt lat="22.618768851608014" lon="113.83230996433718">
        <ele>12.800000190734863</ele>
        <time>2026-05-09T23:23:11Z</time>
        <extensions>
          <gpxtpx:TrackPointExtension>
            <gpxtpx:hr>132</gpxtpx:hr>
          </gpxtpx:TrackPointExtension>
        </extensions>
      </trkpt>
      <trkpt lat="22.618735724733067" lon="113.83223877682818">
        <ele>12.800000190734863</ele>
        <time>2026-05-09T23:23:15Z</time>
        <extensions>
          <gpxtpx:TrackPointExtension>
            <gpxtpx:hr>133</gpxtpx:hr>
          </gpxtpx:TrackPointExtension>
        </extensions>
      </trkpt>
      <trkpt lat="22.61871155725671" lon="113.83214653260289">
        <ele>13.0</ele>
        <time>2026-05-09T23:23:19Z</time>
        <extensions>
          <gpxtpx:TrackPointExtension>
            <gpxtpx:hr>133</gpxtpx:hr>
          </gpxtpx:TrackPointExtension>
        </extensions>
      </trkpt>
      <trkpt lat="22.618673412468517" lon="113.83206531861207">
        <ele>12.800000190734863</ele>
        <time>2026-05-09T23:23:23Z</time>
        <extensions>
          <gpxtpx:TrackPointExtension>
            <gpxtpx:hr>135</gpxtpx:hr>
          </gpxtpx:TrackPointExtension>
        </extensions>
      </trkpt>
      <trkpt lat="22.61866348487717" lon="113.83210342079352">
        <ele>12.600000381469727</ele>
        <time>2026-05-09T23:23:27Z</time>
        <extensions>
          <gpxtpx:TrackPointExtension>
            <gpxtpx:hr>136</gpxtpx:hr>
          </gpxtpx:TrackPointExtension>
        </extensions>
      </trkpt>
      <trkpt lat="22.618696621136277" lon="113.83217962172665">
        <ele>12.399999618530273</ele>
        <time>2026-05-09T23:23:31Z</time>
        <extensions>
          <gpxtpx:TrackPointExtension>
            <gpxtpx:hr>136</gpxtpx:hr>
          </gpxtpx:TrackPointExtension>
        </extensions>
      </trkpt>
      <trkpt lat="22.618728742618007" lon="113.83224780131624">
        <ele>12.399999618530273</ele>
        <time>2026-05-09T23:23:35Z</time>
        <extensions>
          <gpxtpx:TrackPointExtension>
            <gpxtpx:hr>136</gpxtpx:hr>
          </gpxtpx:TrackPointExtension>
        </extensions>
      </trkpt>
      <trkpt lat="22.618760873372555" lon="113.83232099422581">
        <ele>12.600000381469727</ele>
        <time>2026-05-09T23:23:39Z</time>
        <extensions>
          <gpxtpx:TrackPointExtension>
            <gpxtpx:hr>135</gpxtpx:hr>
          </gpxtpx:TrackPointExtension>
        </extensions>
      </trkpt>
      <trkpt lat="22.61880301364211" lon="113.83240020247578">
        <ele>12.399999618530273</ele>
        <time>2026-05-09T23:23:43Z</time>
        <extensions>
          <gpxtpx:TrackPointExtension>
            <gpxtpx:hr>133</gpxtpx:hr>
          </gpxtpx:TrackPointExtension>
        </extensions>
      </trkpt>
      <trkpt lat="22.618832129913052" lon="113.83246537414377">
        <ele>12.399999618530273</ele>
        <time>2026-05-09T23:23:47Z</time>
        <extensions>
          <gpxtpx:TrackPointExtension>
            <gpxtpx:hr>133</gpxtpx:hr>
          </gpxtpx:TrackPointExtension>
        </extensions>
      </trkpt>
      <trkpt lat="22.61886327186776" lon="113.83254458301784">
        <ele>12.199999809265137</ele>
        <time>2026-05-09T23:23:51Z</time>
        <extensions>
          <gpxtpx:TrackPointExtension>
            <gpxtpx:hr>133</gpxtpx:hr>
          </gpxtpx:TrackPointExtension>
        </extensions>
      </trkpt>
      <trkpt lat="22.618900416526294" lon="113.8326257967983">
        <ele>12.199999809265137</ele>
        <time>2026-05-09T23:23:55Z</time>
        <extensions>
          <gpxtpx:TrackPointExtension>
            <gpxtpx:hr>133</gpxtpx:hr>
          </gpxtpx:TrackPointExtension>
        </extensions>
      </trkpt>
      <trkpt lat="22.618937549982146" lon="113.83270099452453">
        <ele>12.199999809265137</ele>
        <time>2026-05-09T23:23:59Z</time>
        <extensions>
          <gpxtpx:TrackPointExtension>
            <gpxtpx:hr>134</gpxtpx:hr>
          </gpxtpx:TrackPointExtension>
        </extensions>
      </trkpt>
      <trkpt lat="22.618960665211972" lon="113.83276516376792">
        <ele>12.199999809265137</ele>
        <time>2026-05-09T23:24:03Z</time>
        <extensions>
          <gpxtpx:TrackPointExtension>
            <gpxtpx:hr>132</gpxtpx:hr>
          </gpxtpx:TrackPointExtension>
        </extensions>
      </trkpt>
      <trkpt lat="22.618998792851887" lon="113.8328373533526">
        <ele>12.0</ele>
        <time>2026-05-09T23:24:07Z</time>
        <extensions>
          <gpxtpx:TrackPointExtension>
            <gpxtpx:hr>130</gpxtpx:hr>
          </gpxtpx:TrackPointExtension>
        </extensions>
      </trkpt>
      <trkpt lat="22.619019938049085" lon="113.83291756531769">
        <ele>11.800000190734863</ele>
        <time>2026-05-09T23:24:11Z</time>
        <extensions>
          <gpxtpx:TrackPointExtension>
            <gpxtpx:hr>131</gpxtpx:hr>
          </gpxtpx:TrackPointExtension>
        </extensions>
      </trkpt>
      <trkpt lat="22.619049067054195" lon="113.83298975539704">
        <ele>11.600000381469727</ele>
        <time>2026-05-09T23:24:15Z</time>
        <extensions>
          <gpxtpx:TrackPointExtension>
            <gpxtpx:hr>133</gpxtpx:hr>
          </gpxtpx:TrackPointExtension>
        </extensions>
      </trkpt>
      <trkpt lat="22.61908720384462" lon="113.83306695818449">
        <ele>11.600000381469727</ele>
        <time>2026-05-09T23:24:19Z</time>
        <extensions>
          <gpxtpx:TrackPointExtension>
            <gpxtpx:hr>136</gpxtpx:hr>
          </gpxtpx:TrackPointExtension>
        </extensions>
      </trkpt>
      <trkpt lat="22.619120328407135" lon="113.83313714259621">
        <ele>11.600000381469727</ele>
        <time>2026-05-09T23:24:23Z</time>
        <extensions>
          <gpxtpx:TrackPointExtension>
            <gpxtpx:hr>138</gpxtpx:hr>
          </gpxtpx:TrackPointExtension>
        </extensions>
      </trkpt>
      <trkpt lat="22.61916746179695" lon="113.83321334205517">
        <ele>11.600000381469727</ele>
        <time>2026-05-09T23:24:27Z</time>
        <extensions>
          <gpxtpx:TrackPointExtension>
            <gpxtpx:hr>137</gpxtpx:hr>
          </gpxtpx:TrackPointExtension>
        </extensions>
      </trkpt>
      <trkpt lat="22.61920660199265" lon="113.83329254997162">
        <ele>11.600000381469727</ele>
        <time>2026-05-09T23:24:31Z</time>
        <extensions>
          <gpxtpx:TrackPointExtension>
            <gpxtpx:hr>137</gpxtpx:hr>
          </gpxtpx:TrackPointExtension>
        </extensions>
      </trkpt>
      <trkpt lat="22.619241729808646" lon="113.83336473945711">
        <ele>11.399999618530273</ele>
        <time>2026-05-09T23:24:35Z</time>
        <extensions>
          <gpxtpx:TrackPointExtension>
            <gpxtpx:hr>135</gpxtpx:hr>
          </gpxtpx:TrackPointExtension>
        </extensions>
      </trkpt>
      <trkpt lat="22.61927087152102" lon="113.83344394792029">
        <ele>11.0</ele>
        <time>2026-05-09T23:24:39Z</time>
        <extensions>
          <gpxtpx:TrackPointExtension>
            <gpxtpx:hr>131</gpxtpx:hr>
          </gpxtpx:TrackPointExtension>
        </extensions>
      </trkpt>
      <trkpt lat="22.61930001688588" lon="113.83352516165607">
        <ele>11.0</ele>
        <time>2026-05-09T23:24:43Z</time>
        <extensions>
          <gpxtpx:TrackPointExtension>
            <gpxtpx:hr>131</gpxtpx:hr>
          </gpxtpx:TrackPointExtension>
        </extensions>
      </trkpt>
      <trkpt lat="22.61931416647267" lon="113.83360737896126">
        <ele>11.0</ele>
        <time>2026-05-09T23:24:47Z</time>
        <extensions>
          <gpxtpx:TrackPointExtension>
            <gpxtpx:hr>129</gpxtpx:hr>
          </gpxtpx:TrackPointExtension>
        </extensions>
      </trkpt>
      <trkpt lat="22.619335320424074" lon="113.83369260374266">
        <ele>11.0</ele>
        <time>2026-05-09T23:24:51Z</time>
        <extensions>
          <gpxtpx:TrackPointExtension>
            <gpxtpx:hr>127</gpxtpx:hr>
          </gpxtpx:TrackPointExtension>
        </extensions>
      </trkpt>
      <trkpt lat="22.619365459908312" lon="113.83377080927228">
        <ele>11.0</ele>
        <time>2026-05-09T23:24:55Z</time>
        <extensions>
          <gpxtpx:TrackPointExtension>
            <gpxtpx:hr>127</gpxtpx:hr>
          </gpxtpx:TrackPointExtension>
        </extensions>
      </trkpt>
      <trkpt lat="22.619392592427683" lon="113.83384500430897">
        <ele>11.199999809265137</ele>
        <time>2026-05-09T23:24:59Z</time>
        <extensions>
          <gpxtpx:TrackPointExtension>
            <gpxtpx:hr>128</gpxtpx:hr>
          </gpxtpx:TrackPointExtension>
        </extensions>
      </trkpt>
      <trkpt lat="22.619425723928956" lon="113.83391919891513">
        <ele>11.199999809265137</ele>
        <time>2026-05-09T23:25:03Z</time>
        <extensions>
          <gpxtpx:TrackPointExtension>
            <gpxtpx:hr>127</gpxtpx:hr>
          </gpxtpx:TrackPointExtension>
        </extensions>
      </trkpt>
      <trkpt lat="22.61945886831977" lon="113.8340004120772">
        <ele>11.0</ele>
        <time>2026-05-09T23:25:07Z</time>
        <extensions>
          <gpxtpx:TrackPointExtension>
            <gpxtpx:hr>129</gpxtpx:hr>
          </gpxtpx:TrackPointExtension>
        </extensions>
      </trkpt>
      <trkpt lat="22.61948700976741" lon="113.83407962019066">
        <ele>11.0</ele>
        <time>2026-05-09T23:25:11Z</time>
        <extensions>
          <gpxtpx:TrackPointExtension>
            <gpxtpx:hr>130</gpxtpx:hr>
          </gpxtpx:TrackPointExtension>
        </extensions>
      </trkpt>
      <trkpt lat="22.619516147304548" lon="113.83415682287443">
        <ele>10.800000190734863</ele>
        <time>2026-05-09T23:25:15Z</time>
        <extensions>
          <gpxtpx:TrackPointExtension>
            <gpxtpx:hr>130</gpxtpx:hr>
          </gpxtpx:TrackPointExtension>
        </extensions>
      </trkpt>
      <trkpt lat="22.619553261338638" lon="113.83422199312864">
        <ele>10.800000190734863</ele>
        <time>2026-05-09T23:25:19Z</time>
        <extensions>
          <gpxtpx:TrackPointExtension>
            <gpxtpx:hr>129</gpxtpx:hr>
          </gpxtpx:TrackPointExtension>
        </extensions>
      </trkpt>
      <trkpt lat="22.619601342173553" lon="113.8342701175057">
        <ele>11.199999809265137</ele>
        <time>2026-05-09T23:25:23Z</time>
        <extensions>
          <gpxtpx:TrackPointExtension>
            <gpxtpx:hr>127</gpxtpx:hr>
          </gpxtpx:TrackPointExtension>
        </extensions>
      </trkpt>
      <trkpt lat="22.619658408608277" lon="113.83431122270277">
        <ele>11.199999809265137</ele>
        <time>2026-05-09T23:25:27Z</time>
        <extensions>
          <gpxtpx:TrackPointExtension>
            <gpxtpx:hr>127</gpxtpx:hr>
          </gpxtpx:TrackPointExtension>
        </extensions>
      </trkpt>
      <trkpt lat="22.619732396609354" lon="113.83431121795859">
        <ele>11.199999809265137</ele>
        <time>2026-05-09T23:25:31Z</time>
        <extensions>
          <gpxtpx:TrackPointExtension>
            <gpxtpx:hr>127</gpxtpx:hr>
          </gpxtpx:TrackPointExtension>
        </extensions>
      </trkpt>
      <trkpt lat="22.61980632369769" lon="113.83427812560333">
        <ele>11.199999809265137</ele>
        <time>2026-05-09T23:25:35Z</time>
        <extensions>
          <gpxtpx:TrackPointExtension>
            <gpxtpx:hr>127</gpxtpx:hr>
          </gpxtpx:TrackPointExtension>
        </extensions>
      </trkpt>
      <trkpt lat="22.619885246265667" lon="113.83424302760724">
        <ele>11.0</ele>
        <time>2026-05-09T23:25:39Z</time>
        <extensions>
          <gpxtpx:TrackPointExtension>
            <gpxtpx:hr>131</gpxtpx:hr>
          </gpxtpx:TrackPointExtension>
        </extensions>
      </trkpt>
      <trkpt lat="22.619964163276006" lon="113.8342049216334">
        <ele>11.0</ele>
        <time>2026-05-09T23:25:43Z</time>
        <extensions>
          <gpxtpx:TrackPointExtension>
            <gpxtpx:hr>133</gpxtpx:hr>
          </gpxtpx:TrackPointExtension>
        </extensions>
      </trkpt>
      <trkpt lat="22.620022116920012" lon="113.83418486479981">
        <ele>11.0</ele>
        <time>2026-05-09T23:25:47Z</time>
        <extensions>
          <gpxtpx:TrackPointExtension>
            <gpxtpx:hr>135</gpxtpx:hr>
          </gpxtpx:TrackPointExtension>
        </extensions>
      </trkpt>
      <trkpt lat="22.620088036012106" lon="113.83414675964013">
        <ele>11.0</ele>
        <time>2026-05-09T23:25:51Z</time>
        <extensions>
          <gpxtpx:TrackPointExtension>
            <gpxtpx:hr>136</gpxtpx:hr>
          </gpxtpx:TrackPointExtension>
        </extensions>
      </trkpt>
      <trkpt lat="22.620160966877872" lon="113.83411567261436">
        <ele>11.0</ele>
        <time>2026-05-09T23:25:55Z</time>
        <extensions>
          <gpxtpx:TrackPointExtension>
            <gpxtpx:hr>133</gpxtpx:hr>
          </gpxtpx:TrackPointExtension>
        </extensions>
      </trkpt>
      <trkpt lat="22.620240894741592" lon="113.83408358247468">
        <ele>11.0</ele>
        <time>2026-05-09T23:25:59Z</time>
        <extensions>
          <gpxtpx:TrackPointExtension>
            <gpxtpx:hr>132</gpxtpx:hr>
          </gpxtpx:TrackPointExtension>
        </extensions>
      </trkpt>
      <trkpt lat="22.620302868016864" lon="113.8340745545887">
        <ele>11.0</ele>
        <time>2026-05-09T23:26:03Z</time>
        <extensions>
          <gpxtpx:TrackPointExtension>
            <gpxtpx:hr>130</gpxtpx:hr>
          </gpxtpx:TrackPointExtension>
        </extensions>
      </trkpt>
      <trkpt lat="22.620244927343432" lon="113.83410163003767">
        <ele>11.0</ele>
        <time>2026-05-09T23:26:07Z</time>
        <extensions>
          <gpxtpx:TrackPointExtension>
            <gpxtpx:hr>127</gpxtpx:hr>
          </gpxtpx:TrackPointExtension>
        </extensions>
      </trkpt>
      <trkpt lat="22.620168004528015" lon="113.83413672794882">
        <ele>11.0</ele>
        <time>2026-05-09T23:26:11Z</time>
        <extensions>
          <gpxtpx:TrackPointExtension>
            <gpxtpx:hr>126</gpxtpx:hr>
          </gpxtpx:TrackPointExtension>
        </extensions>
      </trkpt>
      <trkpt lat="22.620091063227143" lon="113.83416179928935">
        <ele>10.800000190734863</ele>
        <time>2026-05-09T23:26:15Z</time>
        <extensions>
          <gpxtpx:TrackPointExtension>
            <gpxtpx:hr>128</gpxtpx:hr>
          </gpxtpx:TrackPointExtension>
        </extensions>
      </trkpt>
      <trkpt lat="22.62003210421472" lon="113.83417884822349">
        <ele>11.0</ele>
        <time>2026-05-09T23:26:19Z</time>
        <extensions>
          <gpxtpx:TrackPointExtension>
            <gpxtpx:hr>126</gpxtpx:hr>
          </gpxtpx:TrackPointExtension>
        </extensions>
      </trkpt>
      <trkpt lat="22.6199681700117" lon="113.83420893199954">
        <ele>11.0</ele>
        <time>2026-05-09T23:26:23Z</time>
        <extensions>
          <gpxtpx:TrackPointExtension>
            <gpxtpx:hr>118</gpxtpx:hr>
          </gpxtpx:TrackPointExtension>
        </extensions>
      </trkpt>
      <trkpt lat="22.6198952409496" lon="113.83424102165544">
        <ele>11.199999809265137</ele>
        <time>2026-05-09T23:26:27Z</time>
        <extensions>
          <gpxtpx:TrackPointExtension>
            <gpxtpx:hr>120</gpxtpx:hr>
          </gpxtpx:TrackPointExtension>
        </extensions>
      </trkpt>
      <trkpt lat="22.619824311547358" lon="113.83427311117408">
        <ele>11.199999809265137</ele>
        <time>2026-05-09T23:26:31Z</time>
        <extensions>
          <gpxtpx:TrackPointExtension>
            <gpxtpx:hr>122</gpxtpx:hr>
          </gpxtpx:TrackPointExtension>
        </extensions>
      </trkpt>
      <trkpt lat="22.619748388477593" lon="113.83430820896858">
        <ele>11.0</ele>
        <time>2026-05-09T23:26:35Z</time>
        <extensions>
          <gpxtpx:TrackPointExtension>
            <gpxtpx:hr>123</gpxtpx:hr>
          </gpxtpx:TrackPointExtension>
        </extensions>
      </trkpt>
      <trkpt lat="22.619663424406816" lon="113.83432024627446">
        <ele>11.0</ele>
        <time>2026-05-09T23:26:39Z</time>
        <extensions>
          <gpxtpx:TrackPointExtension>
            <gpxtpx:hr>129</gpxtpx:hr>
          </gpxtpx:TrackPointExtension>
        </extensions>
      </trkpt>
      <trkpt lat="22.619581483828096" lon="113.83434531789507">
        <ele>11.0</ele>
        <time>2026-05-09T23:26:43Z</time>
        <extensions>
          <gpxtpx:TrackPointExtension>
            <gpxtpx:hr>131</gpxtpx:hr>
          </gpxtpx:TrackPointExtension>
        </extensions>
      </trkpt>
      <trkpt lat="22.619517597510836" lon="113.83440147063243">
        <ele>10.800000190734863</ele>
        <time>2026-05-09T23:26:47Z</time>
        <extensions>
          <gpxtpx:TrackPointExtension>
            <gpxtpx:hr>131</gpxtpx:hr>
          </gpxtpx:TrackPointExtension>
        </extensions>
      </trkpt>
      <trkpt lat="22.619447675246054" lon="113.834437570656">
        <ele>10.800000190734863</ele>
        <time>2026-05-09T23:26:51Z</time>
        <extensions>
          <gpxtpx:TrackPointExtension>
            <gpxtpx:hr>133</gpxtpx:hr>
          </gpxtpx:TrackPointExtension>
        </extensions>
      </trkpt>
      <trkpt lat="22.619396757266216" lon="113.834477680063">
        <ele>11.0</ele>
        <time>2026-05-09T23:26:55Z</time>
        <extensions>
          <gpxtpx:TrackPointExtension>
            <gpxtpx:hr>135</gpxtpx:hr>
          </gpxtpx:TrackPointExtension>
        </extensions>
      </trkpt>
      <trkpt lat="22.619357824422345" lon="113.83451077011586">
        <ele>11.199999809265137</ele>
        <time>2026-05-09T23:26:59Z</time>
        <extensions>
          <gpxtpx:TrackPointExtension>
            <gpxtpx:hr>136</gpxtpx:hr>
          </gpxtpx:TrackPointExtension>
        </extensions>
      </trkpt>
      <trkpt lat="22.619279866532068" lon="113.83452681756239">
        <ele>11.199999809265137</ele>
        <time>2026-05-09T23:27:03Z</time>
        <extensions>
          <gpxtpx:TrackPointExtension>
            <gpxtpx:hr>136</gpxtpx:hr>
          </gpxtpx:TrackPointExtension>
        </extensions>
      </trkpt>
      <trkpt lat="22.61919791480842" lon="113.83454587322099">
        <ele>11.199999809265137</ele>
        <time>2026-05-09T23:27:07Z</time>
        <extensions>
          <gpxtpx:TrackPointExtension>
            <gpxtpx:hr>138</gpxtpx:hr>
          </gpxtpx:TrackPointExtension>
        </extensions>
      </trkpt>
      <trkpt lat="22.619088993235916" lon="113.83457896774087">
        <ele>11.0</ele>
        <time>2026-05-09T23:27:11Z</time>
        <extensions>
          <gpxtpx:TrackPointExtension>
            <gpxtpx:hr>138</gpxtpx:hr>
          </gpxtpx:TrackPointExtension>
        </extensions>
      </trkpt>
      <trkpt lat="22.619009054061813" lon="113.8346050418272">
        <ele>10.800000190734863</ele>
        <time>2026-05-09T23:27:15Z</time>
        <extensions>
          <gpxtpx:TrackPointExtension>
            <gpxtpx:hr>136</gpxtpx:hr>
          </gpxtpx:TrackPointExtension>
        </extensions>
      </trkpt>
      <trkpt lat="22.618919122013565" lon="113.83463412450396">
        <ele>11.0</ele>
        <time>2026-05-09T23:27:19Z</time>
        <extensions>
          <gpxtpx:TrackPointExtension>
            <gpxtpx:hr>136</gpxtpx:hr>
          </gpxtpx:TrackPointExtension>
        </extensions>
      </trkpt>
      <trkpt lat="22.6188492125178" lon="113.8346772430123">
        <ele>11.0</ele>
        <time>2026-05-09T23:27:23Z</time>
        <extensions>
          <gpxtpx:TrackPointExtension>
            <gpxtpx:hr>134</gpxtpx:hr>
          </gpxtpx:TrackPointExtension>
        </extensions>
      </trkpt>
      <trkpt lat="22.618775285224515" lon="113.83471033524897">
        <ele>11.0</ele>
        <time>2026-05-09T23:27:27Z</time>
        <extensions>
          <gpxtpx:TrackPointExtension>
            <gpxtpx:hr>133</gpxtpx:hr>
          </gpxtpx:TrackPointExtension>
        </extensions>
      </trkpt>
      <trkpt lat="22.618694368248942" lon="113.8347484411785">
        <ele>11.0</ele>
        <time>2026-05-09T23:27:31Z</time>
        <extensions>
          <gpxtpx:TrackPointExtension>
            <gpxtpx:hr>134</gpxtpx:hr>
          </gpxtpx:TrackPointExtension>
        </extensions>
      </trkpt>
      <trkpt lat="22.618608455738542" lon="113.83478855271608">
        <ele>11.0</ele>
        <time>2026-05-09T23:27:35Z</time>
        <extensions>
          <gpxtpx:TrackPointExtension>
            <gpxtpx:hr>134</gpxtpx:hr>
          </gpxtpx:TrackPointExtension>
        </extensions>
      </trkpt>
      <trkpt lat="22.618531538076258" lon="113.83482665836179">
        <ele>10.800000190734863</ele>
        <time>2026-05-09T23:27:39Z</time>
        <extensions>
          <gpxtpx:TrackPointExtension>
            <gpxtpx:hr>133</gpxtpx:hr>
          </gpxtpx:TrackPointExtension>
        </extensions>
      </trkpt>
      <trkpt lat="22.618462600702877" lon="113.83485473698346">
        <ele>10.800000190734863</ele>
        <time>2026-05-09T23:27:43Z</time>
        <extensions>
          <gpxtpx:TrackPointExtension>
            <gpxtpx:hr>133</gpxtpx:hr>
          </gpxtpx:TrackPointExtension>
        </extensions>
      </trkpt>
      <trkpt lat="22.61838468316412" lon="113.83489284266989">
        <ele>10.800000190734863</ele>
        <time>2026-05-09T23:27:47Z</time>
        <extensions>
          <gpxtpx:TrackPointExtension>
            <gpxtpx:hr>135</gpxtpx:hr>
          </gpxtpx:TrackPointExtension>
        </extensions>
      </trkpt>
      <trkpt lat="22.618307759924328" lon="113.83492794033133">
        <ele>10.800000190734863</ele>
        <time>2026-05-09T23:27:51Z</time>
        <extensions>
          <gpxtpx:TrackPointExtension>
            <gpxtpx:hr>135</gpxtpx:hr>
          </gpxtpx:TrackPointExtension>
        </extensions>
      </trkpt>
      <trkpt lat="22.618231834665895" lon="113.83496203526836">
        <ele>10.800000190734863</ele>
        <time>2026-05-09T23:27:55Z</time>
        <extensions>
          <gpxtpx:TrackPointExtension>
            <gpxtpx:hr>134</gpxtpx:hr>
          </gpxtpx:TrackPointExtension>
        </extensions>
      </trkpt>
      <trkpt lat="22.618149926904206" lon="113.83500515441528">
        <ele>10.600000381469727</ele>
        <time>2026-05-09T23:27:59Z</time>
        <extensions>
          <gpxtpx:TrackPointExtension>
            <gpxtpx:hr>134</gpxtpx:hr>
          </gpxtpx:TrackPointExtension>
        </extensions>
      </trkpt>
      <trkpt lat="22.618059998331816" lon="113.83503624228055">
        <ele>10.600000381469727</ele>
        <time>2026-05-09T23:28:03Z</time>
        <extensions>
          <gpxtpx:TrackPointExtension>
            <gpxtpx:hr>136</gpxtpx:hr>
          </gpxtpx:TrackPointExtension>
        </extensions>
      </trkpt>
      <trkpt lat="22.617986072695714" lon="113.83507033705467">
        <ele>10.600000381469727</ele>
        <time>2026-05-09T23:28:07Z</time>
        <extensions>
          <gpxtpx:TrackPointExtension>
            <gpxtpx:hr>136</gpxtpx:hr>
          </gpxtpx:TrackPointExtension>
        </extensions>
      </trkpt>
      <trkpt lat="22.617914135692303" lon="113.83509841580448">
        <ele>10.600000381469727</ele>
        <time>2026-05-09T23:28:11Z</time>
        <extensions>
          <gpxtpx:TrackPointExtension>
            <gpxtpx:hr>138</gpxtpx:hr>
          </gpxtpx:TrackPointExtension>
        </extensions>
      </trkpt>
      <trkpt lat="22.617829209943416" lon="113.83513150861629">
        <ele>10.399999618530273</ele>
        <time>2026-05-09T23:28:15Z</time>
        <extensions>
          <gpxtpx:TrackPointExtension>
            <gpxtpx:hr>137</gpxtpx:hr>
          </gpxtpx:TrackPointExtension>
        </extensions>
      </trkpt>
      <trkpt lat="22.6177513032712" lon="113.8351756300846">
        <ele>10.399999618530273</ele>
        <time>2026-05-09T23:28:19Z</time>
        <extensions>
          <gpxtpx:TrackPointExtension>
            <gpxtpx:hr>133</gpxtpx:hr>
          </gpxtpx:TrackPointExtension>
        </extensions>
      </trkpt>
      <trkpt lat="22.617678371890708" lon="113.83520671680998">
        <ele>10.199999809265137</ele>
        <time>2026-05-09T23:28:23Z</time>
        <extensions>
          <gpxtpx:TrackPointExtension>
            <gpxtpx:hr>136</gpxtpx:hr>
          </gpxtpx:TrackPointExtension>
        </extensions>
      </trkpt>
      <trkpt lat="22.617611426677772" lon="113.83523078461772">
        <ele>10.199999809265137</ele>
        <time>2026-05-09T23:28:27Z</time>
        <extensions>
          <gpxtpx:TrackPointExtension>
            <gpxtpx:hr>136</gpxtpx:hr>
          </gpxtpx:TrackPointExtension>
        </extensions>
      </trkpt>
      <trkpt lat="22.617533485045044" lon="113.83525585577094">
        <ele>10.0</ele>
        <time>2026-05-09T23:28:31Z</time>
        <extensions>
          <gpxtpx:TrackPointExtension>
            <gpxtpx:hr>136</gpxtpx:hr>
          </gpxtpx:TrackPointExtension>
        </extensions>
      </trkpt>
      <trkpt lat="22.617448577571643" lon="113.83529897498973">
        <ele>10.0</ele>
        <time>2026-05-09T23:28:35Z</time>
        <extensions>
          <gpxtpx:TrackPointExtension>
            <gpxtpx:hr>136</gpxtpx:hr>
          </gpxtpx:TrackPointExtension>
        </extensions>
      </trkpt>
      <trkpt lat="22.617363671907594" lon="113.83534309683581">
        <ele>10.0</ele>
        <time>2026-05-09T23:28:39Z</time>
        <extensions>
          <gpxtpx:TrackPointExtension>
            <gpxtpx:hr>135</gpxtpx:hr>
          </gpxtpx:TrackPointExtension>
        </extensions>
      </trkpt>
      <trkpt lat="22.617286770449272" lon="113.8353902260847">
        <ele>9.800000190734863</ele>
        <time>2026-05-09T23:28:43Z</time>
        <extensions>
          <gpxtpx:TrackPointExtension>
            <gpxtpx:hr>133</gpxtpx:hr>
          </gpxtpx:TrackPointExtension>
        </extensions>
      </trkpt>
      <trkpt lat="22.61720085754814" lon="113.83543033737847">
        <ele>9.800000190734863</ele>
        <time>2026-05-09T23:28:47Z</time>
        <extensions>
          <gpxtpx:TrackPointExtension>
            <gpxtpx:hr>136</gpxtpx:hr>
          </gpxtpx:TrackPointExtension>
        </extensions>
      </trkpt>
      <trkpt lat="22.617122937846247" lon="113.8354674402119">
        <ele>9.800000190734863</ele>
        <time>2026-05-09T23:28:51Z</time>
        <extensions>
          <gpxtpx:TrackPointExtension>
            <gpxtpx:hr>136</gpxtpx:hr>
          </gpxtpx:TrackPointExtension>
        </extensions>
      </trkpt>
      <trkpt lat="22.617060032249714" lon="113.83551356586301">
        <ele>9.800000190734863</ele>
        <time>2026-05-09T23:28:55Z</time>
        <extensions>
          <gpxtpx:TrackPointExtension>
            <gpxtpx:hr>133</gpxtpx:hr>
          </gpxtpx:TrackPointExtension>
        </extensions>
      </trkpt>
      <trkpt lat="22.61696809638709" lon="113.83554064313095">
        <ele>9.199999809265137</ele>
        <time>2026-05-09T23:28:59Z</time>
        <extensions>
          <gpxtpx:TrackPointExtension>
            <gpxtpx:hr>135</gpxtpx:hr>
          </gpxtpx:TrackPointExtension>
        </extensions>
      </trkpt>
      <trkpt lat="22.61687717501847" lon="113.83557574147139">
        <ele>9.399999618530273</ele>
        <time>2026-05-09T23:29:03Z</time>
        <extensions>
          <gpxtpx:TrackPointExtension>
            <gpxtpx:hr>137</gpxtpx:hr>
          </gpxtpx:TrackPointExtension>
        </extensions>
      </trkpt>
      <trkpt lat="22.616794237691582" lon="113.83560281814592">
        <ele>9.800000190734863</ele>
        <time>2026-05-09T23:29:07Z</time>
        <extensions>
          <gpxtpx:TrackPointExtension>
            <gpxtpx:hr>139</gpxtpx:hr>
          </gpxtpx:TrackPointExtension>
        </extensions>
      </trkpt>
      <trkpt lat="22.616711302182235" lon="113.83563089745554">
        <ele>9.800000190734863</ele>
        <time>2026-05-09T23:29:11Z</time>
        <extensions>
          <gpxtpx:TrackPointExtension>
            <gpxtpx:hr>139</gpxtpx:hr>
          </gpxtpx:TrackPointExtension>
        </extensions>
      </trkpt>
      <trkpt lat="22.616642386433803" lon="113.83567100756493">
        <ele>9.800000190734863</ele>
        <time>2026-05-09T23:29:15Z</time>
        <extensions>
          <gpxtpx:TrackPointExtension>
            <gpxtpx:hr>139</gpxtpx:hr>
          </gpxtpx:TrackPointExtension>
        </extensions>
      </trkpt>
      <trkpt lat="22.616578444217453" lon="113.83569708035455">
        <ele>9.600000381469727</ele>
        <time>2026-05-09T23:29:19Z</time>
        <extensions>
          <gpxtpx:TrackPointExtension>
            <gpxtpx:hr>136</gpxtpx:hr>
          </gpxtpx:TrackPointExtension>
        </extensions>
      </trkpt>
      <trkpt lat="22.61650550158103" lon="113.83572215107257">
        <ele>9.600000381469727</ele>
        <time>2026-05-09T23:29:23Z</time>
        <extensions>
          <gpxtpx:TrackPointExtension>
            <gpxtpx:hr>136</gpxtpx:hr>
          </gpxtpx:TrackPointExtension>
        </extensions>
      </trkpt>
      <trkpt lat="22.6164255783587" lon="113.83575724864471">
        <ele>9.600000381469727</ele>
        <time>2026-05-09T23:29:27Z</time>
        <extensions>
          <gpxtpx:TrackPointExtension>
            <gpxtpx:hr>137</gpxtpx:hr>
          </gpxtpx:TrackPointExtension>
        </extensions>
      </trkpt>
      <trkpt lat="22.61634567343183" lon="113.83580237261187">
        <ele>9.600000381469727</ele>
        <time>2026-05-09T23:29:31Z</time>
        <extensions>
          <gpxtpx:TrackPointExtension>
            <gpxtpx:hr>136</gpxtpx:hr>
          </gpxtpx:TrackPointExtension>
        </extensions>
      </trkpt>
      <trkpt lat="22.616265772138917" lon="113.83584950183901">
        <ele>9.399999618530273</ele>
        <time>2026-05-09T23:29:35Z</time>
        <extensions>
          <gpxtpx:TrackPointExtension>
            <gpxtpx:hr>134</gpxtpx:hr>
          </gpxtpx:TrackPointExtension>
        </extensions>
      </trkpt>
      <trkpt lat="22.61618285847523" lon="113.83588961275754">
        <ele>9.199999809265137</ele>
        <time>2026-05-09T23:29:39Z</time>
        <extensions>
          <gpxtpx:TrackPointExtension>
            <gpxtpx:hr>132</gpxtpx:hr>
          </gpxtpx:TrackPointExtension>
        </extensions>
      </trkpt>
      <trkpt lat="22.616096923296592" lon="113.83591769217844">
        <ele>9.199999809265137</ele>
        <time>2026-05-09T23:29:43Z</time>
        <extensions>
          <gpxtpx:TrackPointExtension>
            <gpxtpx:hr>132</gpxtpx:hr>
          </gpxtpx:TrackPointExtension>
        </extensions>
      </trkpt>
      <trkpt lat="22.61602798725155" lon="113.8359467731413">
        <ele>9.399999618530273</ele>
        <time>2026-05-09T23:29:47Z</time>
        <extensions>
          <gpxtpx:TrackPointExtension>
            <gpxtpx:hr>134</gpxtpx:hr>
          </gpxtpx:TrackPointExtension>
        </extensions>
      </trkpt>
      <trkpt lat="22.61595905668138" lon="113.83597886201228">
        <ele>9.399999618530273</ele>
        <time>2026-05-09T23:29:51Z</time>
        <extensions>
          <gpxtpx:TrackPointExtension>
            <gpxtpx:hr>133</gpxtpx:hr>
          </gpxtpx:TrackPointExtension>
        </extensions>
      </trkpt>
      <trkpt lat="22.615882131013354" lon="113.83601295666244">
        <ele>9.399999618530273</ele>
        <time>2026-05-09T23:29:55Z</time>
        <extensions>
          <gpxtpx:TrackPointExtension>
            <gpxtpx:hr>133</gpxtpx:hr>
          </gpxtpx:TrackPointExtension>
        </extensions>
      </trkpt>
      <trkpt lat="22.615812196908536" lon="113.83604304029929">
        <ele>9.199999809265137</ele>
        <time>2026-05-09T23:29:59Z</time>
        <extensions>
          <gpxtpx:TrackPointExtension>
            <gpxtpx:hr>132</gpxtpx:hr>
          </gpxtpx:TrackPointExtension>
        </extensions>
      </trkpt>
      <trkpt lat="22.61573626738965" lon="113.8360751295871">
        <ele>9.199999809265137</ele>
        <time>2026-05-09T23:30:03Z</time>
        <extensions>
          <gpxtpx:TrackPointExtension>
            <gpxtpx:hr>131</gpxtpx:hr>
          </gpxtpx:TrackPointExtension>
        </extensions>
      </trkpt>
      <trkpt lat="22.615648334253788" lon="113.83610421172031">
        <ele>9.199999809265137</ele>
        <time>2026-05-09T23:30:07Z</time>
        <extensions>
          <gpxtpx:TrackPointExtension>
            <gpxtpx:hr>133</gpxtpx:hr>
          </gpxtpx:TrackPointExtension>
        </extensions>
      </trkpt>
      <trkpt lat="22.6155744098698" lon="113.83613930877152">
        <ele>9.199999809265137</ele>
        <time>2026-05-09T23:30:11Z</time>
        <extensions>
          <gpxtpx:TrackPointExtension>
            <gpxtpx:hr>133</gpxtpx:hr>
          </gpxtpx:TrackPointExtension>
        </extensions>
      </trkpt>
      <trkpt lat="22.615497482281896" lon="113.83617240072839">
        <ele>9.199999809265137</ele>
        <time>2026-05-09T23:30:15Z</time>
        <extensions>
          <gpxtpx:TrackPointExtension>
            <gpxtpx:hr>133</gpxtpx:hr>
          </gpxtpx:TrackPointExtension>
        </extensions>
      </trkpt>
      <trkpt lat="22.61543255462032" lon="113.83620649454164">
        <ele>9.199999809265137</ele>
        <time>2026-05-09T23:30:19Z</time>
        <extensions>
          <gpxtpx:TrackPointExtension>
            <gpxtpx:hr>136</gpxtpx:hr>
          </gpxtpx:TrackPointExtension>
        </extensions>
      </trkpt>
      <trkpt lat="22.61536663075253" lon="113.83624259367926">
        <ele>9.399999618530273</ele>
        <time>2026-05-09T23:30:23Z</time>
        <extensions>
          <gpxtpx:TrackPointExtension>
            <gpxtpx:hr>133</gpxtpx:hr>
          </gpxtpx:TrackPointExtension>
        </extensions>
      </trkpt>
      <trkpt lat="22.615283691262874" lon="113.83626866753382">
        <ele>9.199999809265137</ele>
        <time>2026-05-09T23:30:27Z</time>
        <extensions>
          <gpxtpx:TrackPointExtension>
            <gpxtpx:hr>130</gpxtpx:hr>
          </gpxtpx:TrackPointExtension>
        </extensions>
      </trkpt>
      <trkpt lat="22.615189769918377" lon="113.83630376580624">
        <ele>9.0</ele>
        <time>2026-05-09T23:30:31Z</time>
        <extensions>
          <gpxtpx:TrackPointExtension>
            <gpxtpx:hr>127</gpxtpx:hr>
          </gpxtpx:TrackPointExtension>
        </extensions>
      </trkpt>
      <trkpt lat="22.61510486357597" lon="113.83634788720528">
        <ele>9.0</ele>
        <time>2026-05-09T23:30:35Z</time>
        <extensions>
          <gpxtpx:TrackPointExtension>
            <gpxtpx:hr>127</gpxtpx:hr>
          </gpxtpx:TrackPointExtension>
        </extensions>
      </trkpt>
      <trkpt lat="22.615022914746145" lon="113.83636894779272">
        <ele>9.199999809265137</ele>
        <time>2026-05-09T23:30:39Z</time>
        <extensions>
          <gpxtpx:TrackPointExtension>
            <gpxtpx:hr>130</gpxtpx:hr>
          </gpxtpx:TrackPointExtension>
        </extensions>
      </trkpt>
      <trkpt lat="22.614943000273794" lon="113.83640905830349">
        <ele>9.399999618530273</ele>
        <time>2026-05-09T23:30:43Z</time>
        <extensions>
          <gpxtpx:TrackPointExtension>
            <gpxtpx:hr>131</gpxtpx:hr>
          </gpxtpx:TrackPointExtension>
        </extensions>
      </trkpt>
      <trkpt lat="22.6148670796773" lon="113.83644616063893">
        <ele>9.199999809265137</ele>
        <time>2026-05-09T23:30:47Z</time>
        <extensions>
          <gpxtpx:TrackPointExtension>
            <gpxtpx:hr>133</gpxtpx:hr>
          </gpxtpx:TrackPointExtension>
        </extensions>
      </trkpt>
      <trkpt lat="22.614784151029085" lon="113.83647825023981">
        <ele>9.199999809265137</ele>
        <time>2026-05-09T23:30:51Z</time>
        <extensions>
          <gpxtpx:TrackPointExtension>
            <gpxtpx:hr>133</gpxtpx:hr>
          </gpxtpx:TrackPointExtension>
        </extensions>
      </trkpt>
      <trkpt lat="22.61471122627442" lon="113.83651334708917">
        <ele>9.199999809265137</ele>
        <time>2026-05-09T23:30:55Z</time>
        <extensions>
          <gpxtpx:TrackPointExtension>
            <gpxtpx:hr>132</gpxtpx:hr>
          </gpxtpx:TrackPointExtension>
        </extensions>
      </trkpt>
      <trkpt lat="22.614621318740973" lon="113.83655646607767">
        <ele>9.399999618530273</ele>
        <time>2026-05-09T23:30:59Z</time>
        <extensions>
          <gpxtpx:TrackPointExtension>
            <gpxtpx:hr>132</gpxtpx:hr>
          </gpxtpx:TrackPointExtension>
        </extensions>
      </trkpt>
      <trkpt lat="22.614539404461734" lon="113.83659657663655">
        <ele>9.399999618530273</ele>
        <time>2026-05-09T23:31:03Z</time>
        <extensions>
          <gpxtpx:TrackPointExtension>
            <gpxtpx:hr>133</gpxtpx:hr>
          </gpxtpx:TrackPointExtension>
        </extensions>
      </trkpt>
      <trkpt lat="22.614459484377015" lon="113.83663367915399">
        <ele>9.399999618530273</ele>
        <time>2026-05-09T23:31:07Z</time>
        <extensions>
          <gpxtpx:TrackPointExtension>
            <gpxtpx:hr>134</gpxtpx:hr>
          </gpxtpx:TrackPointExtension>
        </extensions>
      </trkpt>
      <trkpt lat="22.614384579894505" lon="113.83667980502068">
        <ele>9.199999809265137</ele>
        <time>2026-05-09T23:31:11Z</time>
        <extensions>
          <gpxtpx:TrackPointExtension>
            <gpxtpx:hr>134</gpxtpx:hr>
          </gpxtpx:TrackPointExtension>
        </extensions>
      </trkpt>
      <trkpt lat="22.614308644562843" lon="113.8367088861991">
        <ele>9.399999618530273</ele>
        <time>2026-05-09T23:31:15Z</time>
        <extensions>
          <gpxtpx:TrackPointExtension>
            <gpxtpx:hr>134</gpxtpx:hr>
          </gpxtpx:TrackPointExtension>
        </extensions>
      </trkpt>
      <trkpt lat="22.61422973518603" lon="113.8367520043923">
        <ele>9.399999618530273</ele>
        <time>2026-05-09T23:31:19Z</time>
        <extensions>
          <gpxtpx:TrackPointExtension>
            <gpxtpx:hr>137</gpxtpx:hr>
          </gpxtpx:TrackPointExtension>
        </extensions>
      </trkpt>
      <trkpt lat="22.614157806481643" lon="113.83678509581341">
        <ele>9.199999809265137</ele>
        <time>2026-05-09T23:31:23Z</time>
        <extensions>
          <gpxtpx:TrackPointExtension>
            <gpxtpx:hr>138</gpxtpx:hr>
          </gpxtpx:TrackPointExtension>
        </extensions>
      </trkpt>
      <trkpt lat="22.614084896123668" lon="113.83682821358657">
        <ele>9.399999618530273</ele>
        <time>2026-05-09T23:31:27Z</time>
        <extensions>
          <gpxtpx:TrackPointExtension>
            <gpxtpx:hr>138</gpxtpx:hr>
          </gpxtpx:TrackPointExtension>
        </extensions>
      </trkpt>
      <trkpt lat="22.61401197481647" lon="113.83686531556246">
        <ele>9.399999618530273</ele>
        <time>2026-05-09T23:31:31Z</time>
        <extensions>
          <gpxtpx:TrackPointExtension>
            <gpxtpx:hr>138</gpxtpx:hr>
          </gpxtpx:TrackPointExtension>
        </extensions>
      </trkpt>
      <trkpt lat="22.613935048647736" lon="113.83689940989206">
        <ele>9.199999809265137</ele>
        <time>2026-05-09T23:31:35Z</time>
        <extensions>
          <gpxtpx:TrackPointExtension>
            <gpxtpx:hr>136</gpxtpx:hr>
          </gpxtpx:TrackPointExtension>
        </extensions>
      </trkpt>
      <trkpt lat="22.61385713171263" lon="113.83693851741668">
        <ele>9.199999809265137</ele>
        <time>2026-05-09T23:31:39Z</time>
        <extensions>
          <gpxtpx:TrackPointExtension>
            <gpxtpx:hr>133</gpxtpx:hr>
          </gpxtpx:TrackPointExtension>
        </extensions>
      </trkpt>
      <trkpt lat="22.613779214753453" lon="113.83697762492449">
        <ele>9.399999618530273</ele>
        <time>2026-05-09T23:31:43Z</time>
        <extensions>
          <gpxtpx:TrackPointExtension>
            <gpxtpx:hr>133</gpxtpx:hr>
          </gpxtpx:TrackPointExtension>
        </extensions>
      </trkpt>
      <trkpt lat="22.613703279271757" lon="113.83700670600807">
        <ele>9.199999809265137</ele>
        <time>2026-05-09T23:31:47Z</time>
        <extensions>
          <gpxtpx:TrackPointExtension>
            <gpxtpx:hr>133</gpxtpx:hr>
          </gpxtpx:TrackPointExtension>
        </extensions>
      </trkpt>
      <trkpt lat="22.613624333325706" lon="113.8370297715083">
        <ele>9.199999809265137</ele>
        <time>2026-05-09T23:31:51Z</time>
        <extensions>
          <gpxtpx:TrackPointExtension>
            <gpxtpx:hr>133</gpxtpx:hr>
          </gpxtpx:TrackPointExtension>
        </extensions>
      </trkpt>
      <trkpt lat="22.613542402376964" lon="113.83706085821407">
        <ele>9.199999809265137</ele>
        <time>2026-05-09T23:31:55Z</time>
        <extensions>
          <gpxtpx:TrackPointExtension>
            <gpxtpx:hr>135</gpxtpx:hr>
          </gpxtpx:TrackPointExtension>
        </extensions>
      </trkpt>
      <trkpt lat="22.61346047686335" lon="113.83709495279012">
        <ele>9.0</ele>
        <time>2026-05-09T23:31:59Z</time>
        <extensions>
          <gpxtpx:TrackPointExtension>
            <gpxtpx:hr>136</gpxtpx:hr>
          </gpxtpx:TrackPointExtension>
        </extensions>
      </trkpt>
      <trkpt lat="22.61338554843064" lon="113.83712804427827">
        <ele>8.800000190734863</ele>
        <time>2026-05-09T23:32:03Z</time>
        <extensions>
          <gpxtpx:TrackPointExtension>
            <gpxtpx:hr>137</gpxtpx:hr>
          </gpxtpx:TrackPointExtension>
        </extensions>
      </trkpt>
      <trkpt lat="22.61331560285192" lon="113.83715211179718">
        <ele>8.800000190734863</ele>
        <time>2026-05-09T23:32:07Z</time>
        <extensions>
          <gpxtpx:TrackPointExtension>
            <gpxtpx:hr>137</gpxtpx:hr>
          </gpxtpx:TrackPointExtension>
        </extensions>
      </trkpt>
      <trkpt lat="22.613239670905163" lon="113.83718319807618">
        <ele>9.0</ele>
        <time>2026-05-09T23:32:11Z</time>
        <extensions>
          <gpxtpx:TrackPointExtension>
            <gpxtpx:hr>136</gpxtpx:hr>
          </gpxtpx:TrackPointExtension>
        </extensions>
      </trkpt>
      <trkpt lat="22.613158761510196" lon="113.83722631617165">
        <ele>8.800000190734863</ele>
        <time>2026-05-09T23:32:15Z</time>
        <extensions>
          <gpxtpx:TrackPointExtension>
            <gpxtpx:hr>136</gpxtpx:hr>
          </gpxtpx:TrackPointExtension>
        </extensions>
      </trkpt>
      <trkpt lat="22.613079824536538" lon="113.83725439474125">
        <ele>8.800000190734863</ele>
        <time>2026-05-09T23:32:19Z</time>
        <extensions>
          <gpxtpx:TrackPointExtension>
            <gpxtpx:hr>136</gpxtpx:hr>
          </gpxtpx:TrackPointExtension>
        </extensions>
      </trkpt>
      <trkpt lat="22.61300090025754" lon="113.8372894916759">
        <ele>9.0</ele>
        <time>2026-05-09T23:32:23Z</time>
        <extensions>
          <gpxtpx:TrackPointExtension>
            <gpxtpx:hr>136</gpxtpx:hr>
          </gpxtpx:TrackPointExtension>
        </extensions>
      </trkpt>
      <trkpt lat="22.61292498638827" lon="113.83733060415078">
        <ele>8.800000190734863</ele>
        <time>2026-05-09T23:32:27Z</time>
        <extensions>
          <gpxtpx:TrackPointExtension>
            <gpxtpx:hr>136</gpxtpx:hr>
          </gpxtpx:TrackPointExtension>
        </extensions>
      </trkpt>
      <trkpt lat="22.61283504197422" lon="113.83735367027133">
        <ele>8.800000190734863</ele>
        <time>2026-05-09T23:32:31Z</time>
        <extensions>
          <gpxtpx:TrackPointExtension>
            <gpxtpx:hr>136</gpxtpx:hr>
          </gpxtpx:TrackPointExtension>
        </extensions>
      </trkpt>
      <trkpt lat="22.612742056260103" lon="113.83735367622694">
        <ele>8.800000190734863</ele>
        <time>2026-05-09T23:32:35Z</time>
        <extensions>
          <gpxtpx:TrackPointExtension>
            <gpxtpx:hr>136</gpxtpx:hr>
          </gpxtpx:TrackPointExtension>
        </extensions>
      </trkpt>
      <trkpt lat="22.612657980200016" lon="113.8373045530125">
        <ele>8.600000381469727</ele>
        <time>2026-05-09T23:32:39Z</time>
        <extensions>
          <gpxtpx:TrackPointExtension>
            <gpxtpx:hr>136</gpxtpx:hr>
          </gpxtpx:TrackPointExtension>
        </extensions>
      </trkpt>
      <trkpt lat="22.612610860286825" lon="113.83723437227007">
        <ele>8.600000381469727</ele>
        <time>2026-05-09T23:32:43Z</time>
        <extensions>
          <gpxtpx:TrackPointExtension>
            <gpxtpx:hr>136</gpxtpx:hr>
          </gpxtpx:TrackPointExtension>
        </extensions>
      </trkpt>
      <trkpt lat="22.612592726783046" lon="113.8371591764843">
        <ele>8.800000190734863</ele>
        <time>2026-05-09T23:32:47Z</time>
        <extensions>
          <gpxtpx:TrackPointExtension>
            <gpxtpx:hr>136</gpxtpx:hr>
          </gpxtpx:TrackPointExtension>
        </extensions>
      </trkpt>
      <trkpt lat="22.612566587170956" lon="113.83707997063954">
        <ele>8.800000190734863</ele>
        <time>2026-05-09T23:32:51Z</time>
        <extensions>
          <gpxtpx:TrackPointExtension>
            <gpxtpx:hr>136</gpxtpx:hr>
          </gpxtpx:TrackPointExtension>
        </extensions>
      </trkpt>
      <trkpt lat="22.612548429891433" lon="113.83699174056049">
        <ele>8.800000190734863</ele>
        <time>2026-05-09T23:32:55Z</time>
        <extensions>
          <gpxtpx:TrackPointExtension>
            <gpxtpx:hr>138</gpxtpx:hr>
          </gpxtpx:TrackPointExtension>
        </extensions>
      </trkpt>
      <trkpt lat="22.61252532061152" lon="113.83692957906885">
        <ele>8.800000190734863</ele>
        <time>2026-05-09T23:32:59Z</time>
        <extensions>
          <gpxtpx:TrackPointExtension>
            <gpxtpx:hr>136</gpxtpx:hr>
          </gpxtpx:TrackPointExtension>
        </extensions>
      </trkpt>
      <trkpt lat="22.612498186414708" lon="113.83685338097742">
        <ele>8.800000190734863</ele>
        <time>2026-05-09T23:33:03Z</time>
        <extensions>
          <gpxtpx:TrackPointExtension>
            <gpxtpx:hr>136</gpxtpx:hr>
          </gpxtpx:TrackPointExtension>
        </extensions>
      </trkpt>
      <trkpt lat="22.612467043660136" lon="113.8367721699267">
        <ele>9.0</ele>
        <time>2026-05-09T23:33:07Z</time>
        <extensions>
          <gpxtpx:TrackPointExtension>
            <gpxtpx:hr>134</gpxtpx:hr>
          </gpxtpx:TrackPointExtension>
        </extensions>
      </trkpt>
      <trkpt lat="22.612439905688156" lon="113.83669396644281">
        <ele>9.0</ele>
        <time>2026-05-09T23:33:11Z</time>
        <extensions>
          <gpxtpx:TrackPointExtension>
            <gpxtpx:hr>135</gpxtpx:hr>
          </gpxtpx:TrackPointExtension>
        </extensions>
      </trkpt>
      <trkpt lat="22.612401783919648" lon="113.83662378465516">
        <ele>9.0</ele>
        <time>2026-05-09T23:33:15Z</time>
        <extensions>
          <gpxtpx:TrackPointExtension>
            <gpxtpx:hr>136</gpxtpx:hr>
          </gpxtpx:TrackPointExtension>
        </extensions>
      </trkpt>
      <trkpt lat="22.612370639139176" lon="113.83654157077159">
        <ele>9.0</ele>
        <time>2026-05-09T23:33:19Z</time>
        <extensions>
          <gpxtpx:TrackPointExtension>
            <gpxtpx:hr>135</gpxtpx:hr>
          </gpxtpx:TrackPointExtension>
        </extensions>
      </trkpt>
      <trkpt lat="22.612335493073864" lon="113.83645835443879">
        <ele>9.199999809265137</ele>
        <time>2026-05-09T23:33:23Z</time>
        <extensions>
          <gpxtpx:TrackPointExtension>
            <gpxtpx:hr>133</gpxtpx:hr>
          </gpxtpx:TrackPointExtension>
        </extensions>
      </trkpt>
      <trkpt lat="22.612292366414948" lon="113.8363851648925">
        <ele>9.0</ele>
        <time>2026-05-09T23:33:27Z</time>
        <extensions>
          <gpxtpx:TrackPointExtension>
            <gpxtpx:hr>133</gpxtpx:hr>
          </gpxtpx:TrackPointExtension>
        </extensions>
      </trkpt>
      <trkpt lat="22.612247234524904" lon="113.83630896751207">
        <ele>9.199999809265137</ele>
        <time>2026-05-09T23:33:31Z</time>
        <extensions>
          <gpxtpx:TrackPointExtension>
            <gpxtpx:hr>135</gpxtpx:hr>
          </gpxtpx:TrackPointExtension>
        </extensions>
      </trkpt>
      <trkpt lat="22.612198117800766" lon="113.83624079141705">
        <ele>9.199999809265137</ele>
        <time>2026-05-09T23:33:35Z</time>
        <extensions>
          <gpxtpx:TrackPointExtension>
            <gpxtpx:hr>135</gpxtpx:hr>
          </gpxtpx:TrackPointExtension>
        </extensions>
      </trkpt>
      <trkpt lat="22.61213800087903" lon="113.83617161334185">
        <ele>9.199999809265137</ele>
        <time>2026-05-09T23:33:39Z</time>
        <extensions>
          <gpxtpx:TrackPointExtension>
            <gpxtpx:hr>136</gpxtpx:hr>
          </gpxtpx:TrackPointExtension>
        </extensions>
      </trkpt>
      <trkpt lat="22.612083897615037" lon="113.83611045593338">
        <ele>9.399999618530273</ele>
        <time>2026-05-09T23:33:43Z</time>
        <extensions>
          <gpxtpx:TrackPointExtension>
            <gpxtpx:hr>137</gpxtpx:hr>
          </gpxtpx:TrackPointExtension>
        </extensions>
      </trkpt>
      <trkpt lat="22.612047765953672" lon="113.83603526039903">
        <ele>9.399999618530273</ele>
        <time>2026-05-09T23:33:47Z</time>
        <extensions>
          <gpxtpx:TrackPointExtension>
            <gpxtpx:hr>136</gpxtpx:hr>
          </gpxtpx:TrackPointExtension>
        </extensions>
      </trkpt>
      <trkpt lat="22.612021588785648" lon="113.83593600082713">
        <ele>9.399999618530273</ele>
        <time>2026-05-09T23:33:51Z</time>
        <extensions>
          <gpxtpx:TrackPointExtension>
            <gpxtpx:hr>138</gpxtpx:hr>
          </gpxtpx:TrackPointExtension>
        </extensions>
      </trkpt>
      <trkpt lat="22.611999421894158" lon="113.83584275674104">
        <ele>9.399999618530273</ele>
        <time>2026-05-09T23:33:55Z</time>
        <extensions>
          <gpxtpx:TrackPointExtension>
            <gpxtpx:hr>139</gpxtpx:hr>
          </gpxtpx:TrackPointExtension>
        </extensions>
      </trkpt>
      <trkpt lat="22.611957268959312" lon="113.83575552969587">
        <ele>9.600000381469727</ele>
        <time>2026-05-09T23:33:59Z</time>
        <extensions>
          <gpxtpx:TrackPointExtension>
            <gpxtpx:hr>136</gpxtpx:hr>
          </gpxtpx:TrackPointExtension>
        </extensions>
      </trkpt>
      <trkpt lat="22.611938127100835" lon="113.83567632223689">
        <ele>9.800000190734863</ele>
        <time>2026-05-09T23:34:03Z</time>
        <extensions>
          <gpxtpx:TrackPointExtension>
            <gpxtpx:hr>134</gpxtpx:hr>
          </gpxtpx:TrackPointExtension>
        </extensions>
      </trkpt>
      <trkpt lat="22.611914945450007" lon="113.83557505683166">
        <ele>9.600000381469727</ele>
        <time>2026-05-09T23:34:07Z</time>
        <extensions>
          <gpxtpx:TrackPointExtension>
            <gpxtpx:hr>133</gpxtpx:hr>
          </gpxtpx:TrackPointExtension>
        </extensions>
      </trkpt>
      <trkpt lat="22.611887795497662" lon="113.83549083652646">
        <ele>9.800000190734863</ele>
        <time>2026-05-09T23:34:11Z</time>
        <extensions>
          <gpxtpx:TrackPointExtension>
            <gpxtpx:hr>131</gpxtpx:hr>
          </gpxtpx:TrackPointExtension>
        </extensions>
      </trkpt>
      <trkpt lat="22.611855642567114" lon="113.83540461118373">
        <ele>9.600000381469727</ele>
        <time>2026-05-09T23:34:15Z</time>
        <extensions>
          <gpxtpx:TrackPointExtension>
            <gpxtpx:hr>130</gpxtpx:hr>
          </gpxtpx:TrackPointExtension>
        </extensions>
      </trkpt>
      <trkpt lat="22.611823498744794" lon="113.83532339899598">
        <ele>9.399999618530273</ele>
        <time>2026-05-09T23:34:19Z</time>
        <extensions>
          <gpxtpx:TrackPointExtension>
            <gpxtpx:hr>131</gpxtpx:hr>
          </gpxtpx:TrackPointExtension>
        </extensions>
      </trkpt>
      <trkpt lat="22.611788362663038" lon="113.83524619752164">
        <ele>9.600000381469727</ele>
        <time>2026-05-09T23:34:23Z</time>
        <extensions>
          <gpxtpx:TrackPointExtension>
            <gpxtpx:hr>133</gpxtpx:hr>
          </gpxtpx:TrackPointExtension>
        </extensions>
      </trkpt>
      <trkpt lat="22.611758222086085" lon="113.83516699037672">
        <ele>9.600000381469727</ele>
        <time>2026-05-09T23:34:27Z</time>
        <extensions>
          <gpxtpx:TrackPointExtension>
            <gpxtpx:hr>134</gpxtpx:hr>
          </gpxtpx:TrackPointExtension>
        </extensions>
      </trkpt>
      <trkpt lat="22.61173707456268" lon="113.83508477465324">
        <ele>9.399999618530273</ele>
        <time>2026-05-09T23:34:31Z</time>
        <extensions>
          <gpxtpx:TrackPointExtension>
            <gpxtpx:hr>136</gpxtpx:hr>
          </gpxtpx:TrackPointExtension>
        </extensions>
      </trkpt>
      <trkpt lat="22.611697927876964" lon="113.83500155737148">
        <ele>9.600000381469727</ele>
        <time>2026-05-09T23:34:35Z</time>
        <extensions>
          <gpxtpx:TrackPointExtension>
            <gpxtpx:hr>137</gpxtpx:hr>
          </gpxtpx:TrackPointExtension>
        </extensions>
      </trkpt>
      <trkpt lat="22.61166475629053" lon="113.8349053052015">
        <ele>9.600000381469727</ele>
        <time>2026-05-09T23:34:39Z</time>
        <extensions>
          <gpxtpx:TrackPointExtension>
            <gpxtpx:hr>138</gpxtpx:hr>
          </gpxtpx:TrackPointExtension>
        </extensions>
      </trkpt>
      <trkpt lat="22.611617579383317" lon="113.83480504324271">
        <ele>9.399999618530273</ele>
        <time>2026-05-09T23:34:43Z</time>
        <extensions>
          <gpxtpx:TrackPointExtension>
            <gpxtpx:hr>137</gpxtpx:hr>
          </gpxtpx:TrackPointExtension>
        </extensions>
      </trkpt>
      <trkpt lat="22.61157842326749" lon="113.83471681249179">
        <ele>9.399999618530273</ele>
        <time>2026-05-09T23:34:47Z</time>
        <extensions>
          <gpxtpx:TrackPointExtension>
            <gpxtpx:hr>136</gpxtpx:hr>
          </gpxtpx:TrackPointExtension>
        </extensions>
      </trkpt>
      <trkpt lat="22.611545251424893" lon="113.83462056007143">
        <ele>9.399999618530273</ele>
        <time>2026-05-09T23:34:51Z</time>
        <extensions>
          <gpxtpx:TrackPointExtension>
            <gpxtpx:hr>138</gpxtpx:hr>
          </gpxtpx:TrackPointExtension>
        </extensions>
      </trkpt>
      <trkpt lat="22.611506074878655" lon="113.83452129999426">
        <ele>9.399999618530273</ele>
        <time>2026-05-09T23:34:55Z</time>
        <extensions>
          <gpxtpx:TrackPointExtension>
            <gpxtpx:hr>139</gpxtpx:hr>
          </gpxtpx:TrackPointExtension>
        </extensions>
      </trkpt>
      <trkpt lat="22.611483906725667" lon="113.83442805466153">
        <ele>9.399999618530273</ele>
        <time>2026-05-09T23:34:59Z</time>
        <extensions>
          <gpxtpx:TrackPointExtension>
            <gpxtpx:hr>142</gpxtpx:hr>
          </gpxtpx:TrackPointExtension>
        </extensions>
      </trkpt>
      <trkpt lat="22.611471736975222" lon="113.83433480861122">
        <ele>9.399999618530273</ele>
        <time>2026-05-09T23:35:03Z</time>
        <extensions>
          <gpxtpx:TrackPointExtension>
            <gpxtpx:hr>141</gpxtpx:hr>
          </gpxtpx:TrackPointExtension>
        </extensions>
      </trkpt>
      <trkpt lat="22.61144059034197" lon="113.83425259290928">
        <ele>9.600000381469727</ele>
        <time>2026-05-09T23:35:07Z</time>
        <extensions>
          <gpxtpx:TrackPointExtension>
            <gpxtpx:hr>139</gpxtpx:hr>
          </gpxtpx:TrackPointExtension>
        </extensions>
      </trkpt>
      <trkpt lat="22.61140747165237" lon="113.83418541711313">
        <ele>9.800000190734863</ele>
        <time>2026-05-09T23:35:11Z</time>
        <extensions>
          <gpxtpx:TrackPointExtension>
            <gpxtpx:hr>140</gpxtpx:hr>
          </gpxtpx:TrackPointExtension>
        </extensions>
      </trkpt>
      <trkpt lat="22.611380315065546" lon="113.83409818776667">
        <ele>9.800000190734863</ele>
        <time>2026-05-09T23:35:15Z</time>
        <extensions>
          <gpxtpx:TrackPointExtension>
            <gpxtpx:hr>139</gpxtpx:hr>
          </gpxtpx:TrackPointExtension>
        </extensions>
      </trkpt>
      <trkpt lat="22.61134816286764" lon="113.83401296399006">
        <ele>9.800000190734863</ele>
        <time>2026-05-09T23:35:19Z</time>
        <extensions>
          <gpxtpx:TrackPointExtension>
            <gpxtpx:hr>141</gpxtpx:hr>
          </gpxtpx:TrackPointExtension>
        </extensions>
      </trkpt>
      <trkpt lat="22.61131301845696" lon="113.83393175097575">
        <ele>9.600000381469727</ele>
        <time>2026-05-09T23:35:23Z</time>
        <extensions>
          <gpxtpx:TrackPointExtension>
            <gpxtpx:hr>143</gpxtpx:hr>
          </gpxtpx:TrackPointExtension>
        </extensions>
      </trkpt>
      <trkpt lat="22.611280897576076" lon="113.83386357227391">
        <ele>9.600000381469727</ele>
        <time>2026-05-09T23:35:27Z</time>
        <extensions>
          <gpxtpx:TrackPointExtension>
            <gpxtpx:hr>144</gpxtpx:hr>
          </gpxtpx:TrackPointExtension>
        </extensions>
      </trkpt>
      <trkpt lat="22.611227770590414" lon="113.8337903815844">
        <ele>9.600000381469727</ele>
        <time>2026-05-09T23:35:31Z</time>
        <extensions>
          <gpxtpx:TrackPointExtension>
            <gpxtpx:hr>144</gpxtpx:hr>
          </gpxtpx:TrackPointExtension>
        </extensions>
      </trkpt>
      <trkpt lat="22.611184617981774" lon="113.83370415563368">
        <ele>9.600000381469727</ele>
        <time>2026-05-09T23:35:35Z</time>
        <extensions>
          <gpxtpx:TrackPointExtension>
            <gpxtpx:hr>142</gpxtpx:hr>
          </gpxtpx:TrackPointExtension>
        </extensions>
      </trkpt>
      <trkpt lat="22.611146475659577" lon="113.83362394526404">
        <ele>9.600000381469727</ele>
        <time>2026-05-09T23:35:39Z</time>
        <extensions>
          <gpxtpx:TrackPointExtension>
            <gpxtpx:hr>143</gpxtpx:hr>
          </gpxtpx:TrackPointExtension>
        </extensions>
      </trkpt>
      <trkpt lat="22.611104343148714" lon="113.83354874840364">
        <ele>9.600000381469727</ele>
        <time>2026-05-09T23:35:43Z</time>
        <extensions>
          <gpxtpx:TrackPointExtension>
            <gpxtpx:hr>143</gpxtpx:hr>
          </gpxtpx:TrackPointExtension>
        </extensions>
      </trkpt>
      <trkpt lat="22.61107220536936" lon="113.83347154553333">
        <ele>9.600000381469727</ele>
        <time>2026-05-09T23:35:47Z</time>
        <extensions>
          <gpxtpx:TrackPointExtension>
            <gpxtpx:hr>142</gpxtpx:hr>
          </gpxtpx:TrackPointExtension>
        </extensions>
      </trkpt>
      <trkpt lat="22.611043070792448" lon="113.8333963477475">
        <ele>9.600000381469727</ele>
        <time>2026-05-09T23:35:51Z</time>
        <extensions>
          <gpxtpx:TrackPointExtension>
            <gpxtpx:hr>140</gpxtpx:hr>
          </gpxtpx:TrackPointExtension>
        </extensions>
      </trkpt>
      <trkpt lat="22.611010936623114" lon="113.83332115010907">
        <ele>9.600000381469727</ele>
        <time>2026-05-09T23:35:55Z</time>
        <extensions>
          <gpxtpx:TrackPointExtension>
            <gpxtpx:hr>137</gpxtpx:hr>
          </gpxtpx:TrackPointExtension>
        </extensions>
      </trkpt>
      <trkpt lat="22.61098079097772" lon="113.8332399363172">
        <ele>9.600000381469727</ele>
        <time>2026-05-09T23:35:59Z</time>
        <extensions>
          <gpxtpx:TrackPointExtension>
            <gpxtpx:hr>131</gpxtpx:hr>
          </gpxtpx:TrackPointExtension>
        </extensions>
      </trkpt>
      <trkpt lat="22.610936662238156" lon="113.83316674468394">
        <ele>9.600000381469727</ele>
        <time>2026-05-09T23:36:03Z</time>
        <extensions>
          <gpxtpx:TrackPointExtension>
            <gpxtpx:hr>125</gpxtpx:hr>
          </gpxtpx:TrackPointExtension>
        </extensions>
      </trkpt>
      <trkpt lat="22.610893511034387" lon="113.83308152096926">
        <ele>9.399999618530273</ele>
        <time>2026-05-09T23:36:07Z</time>
        <extensions>
          <gpxtpx:TrackPointExtension>
            <gpxtpx:hr>130</gpxtpx:hr>
          </gpxtpx:TrackPointExtension>
        </extensions>
      </trkpt>
      <trkpt lat="22.610860378679327" lon="113.83300732587615">
        <ele>9.600000381469727</ele>
        <time>2026-05-09T23:36:11Z</time>
        <extensions>
          <gpxtpx:TrackPointExtension>
            <gpxtpx:hr>133</gpxtpx:hr>
          </gpxtpx:TrackPointExtension>
        </extensions>
      </trkpt>
      <trkpt lat="22.610838231618686" lon="113.83292611137487">
        <ele>9.600000381469727</ele>
        <time>2026-05-09T23:36:15Z</time>
        <extensions>
          <gpxtpx:TrackPointExtension>
            <gpxtpx:hr>133</gpxtpx:hr>
          </gpxtpx:TrackPointExtension>
        </extensions>
      </trkpt>
      <trkpt lat="22.610799087076327" lon="113.83284489791376">
        <ele>9.600000381469727</ele>
        <time>2026-05-09T23:36:19Z</time>
        <extensions>
          <gpxtpx:TrackPointExtension>
            <gpxtpx:hr>133</gpxtpx:hr>
          </gpxtpx:TrackPointExtension>
        </extensions>
      </trkpt>
      <trkpt lat="22.610765962014742" lon="113.83277471335637">
        <ele>9.399999618530273</ele>
        <time>2026-05-09T23:36:23Z</time>
        <extensions>
          <gpxtpx:TrackPointExtension>
            <gpxtpx:hr>133</gpxtpx:hr>
          </gpxtpx:TrackPointExtension>
        </extensions>
      </trkpt>
      <trkpt lat="22.610734784567523" lon="113.83267645394012">
        <ele>9.199999809265137</ele>
        <time>2026-05-09T23:36:27Z</time>
        <extensions>
          <gpxtpx:TrackPointExtension>
            <gpxtpx:hr>136</gpxtpx:hr>
          </gpxtpx:TrackPointExtension>
        </extensions>
      </trkpt>
      <trkpt lat="22.610714612823575" lon="113.83258220442157">
        <ele>9.600000381469727</ele>
        <time>2026-05-09T23:36:31Z</time>
        <extensions>
          <gpxtpx:TrackPointExtension>
            <gpxtpx:hr>136</gpxtpx:hr>
          </gpxtpx:TrackPointExtension>
        </extensions>
      </trkpt>
      <trkpt lat="22.610686485005086" lon="113.83251101673939">
        <ele>9.800000190734863</ele>
        <time>2026-05-09T23:36:35Z</time>
        <extensions>
          <gpxtpx:TrackPointExtension>
            <gpxtpx:hr>136</gpxtpx:hr>
          </gpxtpx:TrackPointExtension>
        </extensions>
      </trkpt>
      <trkpt lat="22.610654350309645" lon="113.83243581859932">
        <ele>9.800000190734863</ele>
        <time>2026-05-09T23:36:39Z</time>
        <extensions>
          <gpxtpx:TrackPointExtension>
            <gpxtpx:hr>140</gpxtpx:hr>
          </gpxtpx:TrackPointExtension>
        </extensions>
      </trkpt>
      <trkpt lat="22.61062520395154" lon="113.83235460420624">
        <ele>9.800000190734863</ele>
        <time>2026-05-09T23:36:43Z</time>
        <extensions>
          <gpxtpx:TrackPointExtension>
            <gpxtpx:hr>139</gpxtpx:hr>
          </gpxtpx:TrackPointExtension>
        </extensions>
      </trkpt>
      <trkpt lat="22.6105990421971" lon="113.83226536820882">
        <ele>9.800000190734863</ele>
        <time>2026-05-09T23:36:47Z</time>
        <extensions>
          <gpxtpx:TrackPointExtension>
            <gpxtpx:hr>137</gpxtpx:hr>
          </gpxtpx:TrackPointExtension>
        </extensions>
      </trkpt>
      <trkpt lat="22.61057590414412" lon="113.83218916669001">
        <ele>10.0</ele>
        <time>2026-05-09T23:36:51Z</time>
        <extensions>
          <gpxtpx:TrackPointExtension>
            <gpxtpx:hr>138</gpxtpx:hr>
          </gpxtpx:TrackPointExtension>
        </extensions>
      </trkpt>
      <trkpt lat="22.610549757186742" lon="113.83210795196449">
        <ele>9.800000190734863</ele>
        <time>2026-05-09T23:36:55Z</time>
        <extensions>
          <gpxtpx:TrackPointExtension>
            <gpxtpx:hr>136</gpxtpx:hr>
          </gpxtpx:TrackPointExtension>
        </extensions>
      </trkpt>
      <trkpt lat="22.610524608167587" lon="113.83202573445726">
        <ele>9.800000190734863</ele>
        <time>2026-05-09T23:36:59Z</time>
        <extensions>
          <gpxtpx:TrackPointExtension>
            <gpxtpx:hr>133</gpxtpx:hr>
          </gpxtpx:TrackPointExtension>
        </extensions>
      </trkpt>
      <trkpt lat="22.610490464185588" lon="113.83194552282718">
        <ele>9.800000190734863</ele>
        <time>2026-05-09T23:37:03Z</time>
        <extensions>
          <gpxtpx:TrackPointExtension>
            <gpxtpx:hr>133</gpxtpx:hr>
          </gpxtpx:TrackPointExtension>
        </extensions>
      </trkpt>
      <trkpt lat="22.61045731627744" lon="113.83186330574287">
        <ele>9.800000190734863</ele>
        <time>2026-05-09T23:37:07Z</time>
        <extensions>
          <gpxtpx:TrackPointExtension>
            <gpxtpx:hr>134</gpxtpx:hr>
          </gpxtpx:TrackPointExtension>
        </extensions>
      </trkpt>
      <trkpt lat="22.610419165344354" lon="113.83177908358633">
        <ele>9.800000190734863</ele>
        <time>2026-05-09T23:37:11Z</time>
        <extensions>
          <gpxtpx:TrackPointExtension>
            <gpxtpx:hr>135</gpxtpx:hr>
          </gpxtpx:TrackPointExtension>
        </extensions>
      </trkpt>
      <trkpt lat="22.610386021071438" lon="113.83169887176068">
        <ele>10.0</ele>
        <time>2026-05-09T23:37:15Z</time>
        <extensions>
          <gpxtpx:TrackPointExtension>
            <gpxtpx:hr>134</gpxtpx:hr>
          </gpxtpx:TrackPointExtension>
        </extensions>
      </trkpt>
      <trkpt lat="22.61035086585668" lon="113.831612643971">
        <ele>10.0</ele>
        <time>2026-05-09T23:37:19Z</time>
        <extensions>
          <gpxtpx:TrackPointExtension>
            <gpxtpx:hr>133</gpxtpx:hr>
          </gpxtpx:TrackPointExtension>
        </extensions>
      </trkpt>
      <trkpt lat="22.610324724171473" lon="113.83153443696125">
        <ele>10.0</ele>
        <time>2026-05-09T23:37:23Z</time>
        <extensions>
          <gpxtpx:TrackPointExtension>
            <gpxtpx:hr>134</gpxtpx:hr>
          </gpxtpx:TrackPointExtension>
        </extensions>
      </trkpt>
      <trkpt lat="22.61029958416192" lon="113.83145723252451">
        <ele>10.0</ele>
        <time>2026-05-09T23:37:27Z</time>
        <extensions>
          <gpxtpx:TrackPointExtension>
            <gpxtpx:hr>133</gpxtpx:hr>
          </gpxtpx:TrackPointExtension>
        </extensions>
      </trkpt>
      <trkpt lat="22.6102734255833" lon="113.83137000134826">
        <ele>10.0</ele>
        <time>2026-05-09T23:37:31Z</time>
        <extensions>
          <gpxtpx:TrackPointExtension>
            <gpxtpx:hr>133</gpxtpx:hr>
          </gpxtpx:TrackPointExtension>
        </extensions>
      </trkpt>
      <trkpt lat="22.610232274816997" lon="113.83128577911826">
        <ele>10.0</ele>
        <time>2026-05-09T23:37:35Z</time>
        <extensions>
          <gpxtpx:TrackPointExtension>
            <gpxtpx:hr>134</gpxtpx:hr>
          </gpxtpx:TrackPointExtension>
        </extensions>
      </trkpt>
      <trkpt lat="22.61019413102823" lon="113.83120556736287">
        <ele>10.0</ele>
        <time>2026-05-09T23:37:39Z</time>
        <extensions>
          <gpxtpx:TrackPointExtension>
            <gpxtpx:hr>133</gpxtpx:hr>
          </gpxtpx:TrackPointExtension>
        </extensions>
      </trkpt>
      <trkpt lat="22.61015398936706" lon="113.83112635837476">
        <ele>9.800000190734863</ele>
        <time>2026-05-09T23:37:43Z</time>
        <extensions>
          <gpxtpx:TrackPointExtension>
            <gpxtpx:hr>133</gpxtpx:hr>
          </gpxtpx:TrackPointExtension>
        </extensions>
      </trkpt>
      <trkpt lat="22.61012085596258" lon="113.83105216229286">
        <ele>9.800000190734863</ele>
        <time>2026-05-09T23:37:47Z</time>
        <extensions>
          <gpxtpx:TrackPointExtension>
            <gpxtpx:hr>135</gpxtpx:hr>
          </gpxtpx:TrackPointExtension>
        </extensions>
      </trkpt>
      <trkpt lat="22.610092703065863" lon="113.83096793906691">
        <ele>9.800000190734863</ele>
        <time>2026-05-09T23:37:51Z</time>
        <extensions>
          <gpxtpx:TrackPointExtension>
            <gpxtpx:hr>134</gpxtpx:hr>
          </gpxtpx:TrackPointExtension>
        </extensions>
      </trkpt>
      <trkpt lat="22.61005155207738" lon="113.83088371663312">
        <ele>9.800000190734863</ele>
        <time>2026-05-09T23:37:55Z</time>
        <extensions>
          <gpxtpx:TrackPointExtension>
            <gpxtpx:hr>136</gpxtpx:hr>
          </gpxtpx:TrackPointExtension>
        </extensions>
      </trkpt>
      <trkpt lat="22.610017405607067" lon="113.83080250174923">
        <ele>9.600000381469727</ele>
        <time>2026-05-09T23:37:59Z</time>
        <extensions>
          <gpxtpx:TrackPointExtension>
            <gpxtpx:hr>136</gpxtpx:hr>
          </gpxtpx:TrackPointExtension>
        </extensions>
      </trkpt>
      <trkpt lat="22.609968242626497" lon="113.83071126098432">
        <ele>9.199999809265137</ele>
        <time>2026-05-09T23:38:03Z</time>
        <extensions>
          <gpxtpx:TrackPointExtension>
            <gpxtpx:hr>135</gpxtpx:hr>
          </gpxtpx:TrackPointExtension>
        </extensions>
      </trkpt>
      <trkpt lat="22.609931079665213" lon="113.83062102208348">
        <ele>9.399999618530273</ele>
        <time>2026-05-09T23:38:07Z</time>
        <extensions>
          <gpxtpx:TrackPointExtension>
            <gpxtpx:hr>136</gpxtpx:hr>
          </gpxtpx:TrackPointExtension>
        </extensions>
      </trkpt>
      <trkpt lat="22.609897947897398" lon="113.83054782846665">
        <ele>9.399999618530273</ele>
        <time>2026-05-09T23:38:11Z</time>
        <extensions>
          <gpxtpx:TrackPointExtension>
            <gpxtpx:hr>136</gpxtpx:hr>
          </gpxtpx:TrackPointExtension>
        </extensions>
      </trkpt>
      <trkpt lat="22.609885773602002" lon="113.83045357715191">
        <ele>9.399999618530273</ele>
        <time>2026-05-09T23:38:15Z</time>
        <extensions>
          <gpxtpx:TrackPointExtension>
            <gpxtpx:hr>139</gpxtpx:hr>
          </gpxtpx:TrackPointExtension>
        </extensions>
      </trkpt>
      <trkpt lat="22.60983567054676" lon="113.83039442211165">
        <ele>9.800000190734863</ele>
        <time>2026-05-09T23:38:19Z</time>
        <extensions>
          <gpxtpx:TrackPointExtension>
            <gpxtpx:hr>139</gpxtpx:hr>
          </gpxtpx:TrackPointExtension>
        </extensions>
      </trkpt>
      <trkpt lat="22.609782573540958" lon="113.83033827529297">
        <ele>9.600000381469727</ele>
        <time>2026-05-09T23:38:23Z</time>
        <extensions>
          <gpxtpx:TrackPointExtension>
            <gpxtpx:hr>140</gpxtpx:hr>
          </gpxtpx:TrackPointExtension>
        </extensions>
      </trkpt>
      <trkpt lat="22.609736486712585" lon="113.83028814410588">
        <ele>9.800000190734863</ele>
        <time>2026-05-09T23:38:27Z</time>
        <extensions>
          <gpxtpx:TrackPointExtension>
            <gpxtpx:hr>139</gpxtpx:hr>
          </gpxtpx:TrackPointExtension>
        </extensions>
      </trkpt>
      <trkpt lat="22.609691399717644" lon="113.8302380128413">
        <ele>10.199999809265137</ele>
        <time>2026-05-09T23:38:31Z</time>
        <extensions>
          <gpxtpx:TrackPointExtension>
            <gpxtpx:hr>138</gpxtpx:hr>
          </gpxtpx:TrackPointExtension>
        </extensions>
      </trkpt>
      <trkpt lat="22.609654307758078" lon="113.83018587568338">
        <ele>10.399999618530273</ele>
        <time>2026-05-09T23:38:35Z</time>
        <extensions>
          <gpxtpx:TrackPointExtension>
            <gpxtpx:hr>138</gpxtpx:hr>
          </gpxtpx:TrackPointExtension>
        </extensions>
      </trkpt>
      <trkpt lat="22.609616129655357" lon="113.83008761511911">
        <ele>10.0</ele>
        <time>2026-05-09T23:38:39Z</time>
        <extensions>
          <gpxtpx:TrackPointExtension>
            <gpxtpx:hr>136</gpxtpx:hr>
          </gpxtpx:TrackPointExtension>
        </extensions>
      </trkpt>
      <trkpt lat="22.609567896704927" lon="113.82995927461087">
        <ele>9.600000381469727</ele>
        <time>2026-05-09T23:38:43Z</time>
        <extensions>
          <gpxtpx:TrackPointExtension>
            <gpxtpx:hr>136</gpxtpx:hr>
          </gpxtpx:TrackPointExtension>
        </extensions>
      </trkpt>
      <trkpt lat="22.60952369122041" lon="113.8298459740413">
        <ele>9.399999618530273</ele>
        <time>2026-05-09T23:38:47Z</time>
        <extensions>
          <gpxtpx:TrackPointExtension>
            <gpxtpx:hr>136</gpxtpx:hr>
          </gpxtpx:TrackPointExtension>
        </extensions>
      </trkpt>
      <trkpt lat="22.60949150076957" lon="113.82974169680975">
        <ele>9.399999618530273</ele>
        <time>2026-05-09T23:38:51Z</time>
        <extensions>
          <gpxtpx:TrackPointExtension>
            <gpxtpx:hr>136</gpxtpx:hr>
          </gpxtpx:TrackPointExtension>
        </extensions>
      </trkpt>
      <trkpt lat="22.609461328742494" lon="113.82964744625882">
        <ele>9.199999809265137</ele>
        <time>2026-05-09T23:38:55Z</time>
        <extensions>
          <gpxtpx:TrackPointExtension>
            <gpxtpx:hr>136</gpxtpx:hr>
          </gpxtpx:TrackPointExtension>
        </extensions>
      </trkpt>
      <trkpt lat="22.60943716704302" lon="113.82955921139992">
        <ele>9.199999809265137</ele>
        <time>2026-05-09T23:38:59Z</time>
        <extensions>
          <gpxtpx:TrackPointExtension>
            <gpxtpx:hr>136</gpxtpx:hr>
          </gpxtpx:TrackPointExtension>
        </extensions>
      </trkpt>
      <trkpt lat="22.609415993581496" lon="113.82946496019005">
        <ele>9.199999809265137</ele>
        <time>2026-05-09T23:39:03Z</time>
        <extensions>
          <gpxtpx:TrackPointExtension>
            <gpxtpx:hr>136</gpxtpx:hr>
          </gpxtpx:TrackPointExtension>
        </extensions>
      </trkpt>
      <trkpt lat="22.609388852921047" lon="113.82938775500995">
        <ele>9.199999809265137</ele>
        <time>2026-05-09T23:39:07Z</time>
        <extensions>
          <gpxtpx:TrackPointExtension>
            <gpxtpx:hr>136</gpxtpx:hr>
          </gpxtpx:TrackPointExtension>
        </extensions>
      </trkpt>
      <trkpt lat="22.609360706740503" lon="113.82930754180377">
        <ele>9.399999618530273</ele>
        <time>2026-05-09T23:39:11Z</time>
        <extensions>
          <gpxtpx:TrackPointExtension>
            <gpxtpx:hr>136</gpxtpx:hr>
          </gpxtpx:TrackPointExtension>
        </extensions>
      </trkpt>
      <trkpt lat="22.609327549993473" lon="113.82922131276115">
        <ele>9.399999618530273</ele>
        <time>2026-05-09T23:39:15Z</time>
        <extensions>
          <gpxtpx:TrackPointExtension>
            <gpxtpx:hr>136</gpxtpx:hr>
          </gpxtpx:TrackPointExtension>
        </extensions>
      </trkpt>
      <trkpt lat="22.609300397955423" lon="113.82913809136612">
        <ele>9.399999618530273</ele>
        <time>2026-05-09T23:39:19Z</time>
        <extensions>
          <gpxtpx:TrackPointExtension>
            <gpxtpx:hr>137</gpxtpx:hr>
          </gpxtpx:TrackPointExtension>
        </extensions>
      </trkpt>
      <trkpt lat="22.609264241584075" lon="113.8290518624522">
        <ele>9.199999809265137</ele>
        <time>2026-05-09T23:39:23Z</time>
        <extensions>
          <gpxtpx:TrackPointExtension>
            <gpxtpx:hr>139</gpxtpx:hr>
          </gpxtpx:TrackPointExtension>
        </extensions>
      </trkpt>
      <trkpt lat="22.609236078338753" lon="113.82896262492551">
        <ele>9.0</ele>
        <time>2026-05-09T23:39:27Z</time>
        <extensions>
          <gpxtpx:TrackPointExtension>
            <gpxtpx:hr>139</gpxtpx:hr>
          </gpxtpx:TrackPointExtension>
        </extensions>
      </trkpt>
      <trkpt lat="22.609205915354227" lon="113.82887338749387">
        <ele>9.199999809265137</ele>
        <time>2026-05-09T23:39:31Z</time>
        <extensions>
          <gpxtpx:TrackPointExtension>
            <gpxtpx:hr>139</gpxtpx:hr>
          </gpxtpx:TrackPointExtension>
        </extensions>
      </trkpt>
      <trkpt lat="22.609180755351257" lon="113.82878615508845">
        <ele>9.199999809265137</ele>
        <time>2026-05-09T23:39:35Z</time>
        <extensions>
          <gpxtpx:TrackPointExtension>
            <gpxtpx:hr>139</gpxtpx:hr>
          </gpxtpx:TrackPointExtension>
        </extensions>
      </trkpt>
      <trkpt lat="22.609154601110376" lon="113.82870193078737">
        <ele>9.399999618530273</ele>
        <time>2026-05-09T23:39:39Z</time>
        <extensions>
          <gpxtpx:TrackPointExtension>
            <gpxtpx:hr>138</gpxtpx:hr>
          </gpxtpx:TrackPointExtension>
        </extensions>
      </trkpt>
      <trkpt lat="22.609124460614076" lon="113.82862472554919">
        <ele>9.399999618530273</ele>
        <time>2026-05-09T23:39:43Z</time>
        <extensions>
          <gpxtpx:TrackPointExtension>
            <gpxtpx:hr>138</gpxtpx:hr>
          </gpxtpx:TrackPointExtension>
        </extensions>
      </trkpt>
      <trkpt lat="22.60909530675924" lon="113.82854050138724">
        <ele>9.399999618530273</ele>
        <time>2026-05-09T23:39:47Z</time>
        <extensions>
          <gpxtpx:TrackPointExtension>
            <gpxtpx:hr>138</gpxtpx:hr>
          </gpxtpx:TrackPointExtension>
        </extensions>
      </trkpt>
      <trkpt lat="22.609078164270215" lon="113.82846329526642">
        <ele>9.399999618530273</ele>
        <time>2026-05-09T23:39:51Z</time>
        <extensions>
          <gpxtpx:TrackPointExtension>
            <gpxtpx:hr>138</gpxtpx:hr>
          </gpxtpx:TrackPointExtension>
        </extensions>
      </trkpt>
      <trkpt lat="22.609051021361715" lon="113.82838508707358">
        <ele>9.199999809265137</ele>
        <time>2026-05-09T23:39:55Z</time>
        <extensions>
          <gpxtpx:TrackPointExtension>
            <gpxtpx:hr>137</gpxtpx:hr>
          </gpxtpx:TrackPointExtension>
        </extensions>
      </trkpt>
      <trkpt lat="22.609011889635244" lon="113.8283118930874">
        <ele>9.399999618530273</ele>
        <time>2026-05-09T23:39:59Z</time>
        <extensions>
          <gpxtpx:TrackPointExtension>
            <gpxtpx:hr>136</gpxtpx:hr>
          </gpxtpx:TrackPointExtension>
        </extensions>
      </trkpt>
      <trkpt lat="22.608998735168612" lon="113.82822867049214">
        <ele>9.399999618530273</ele>
        <time>2026-05-09T23:40:03Z</time>
        <extensions>
          <gpxtpx:TrackPointExtension>
            <gpxtpx:hr>136</gpxtpx:hr>
          </gpxtpx:TrackPointExtension>
        </extensions>
      </trkpt>
      <trkpt lat="22.608973573036195" lon="113.82814043518063">
        <ele>9.399999618530273</ele>
        <time>2026-05-09T23:40:07Z</time>
        <extensions>
          <gpxtpx:TrackPointExtension>
            <gpxtpx:hr>136</gpxtpx:hr>
          </gpxtpx:TrackPointExtension>
        </extensions>
      </trkpt>
      <trkpt lat="22.608937429476484" lon="113.82806122478226">
        <ele>9.399999618530273</ele>
        <time>2026-05-09T23:40:11Z</time>
        <extensions>
          <gpxtpx:TrackPointExtension>
            <gpxtpx:hr>136</gpxtpx:hr>
          </gpxtpx:TrackPointExtension>
        </extensions>
      </trkpt>
      <trkpt lat="22.608908305589562" lon="113.82799304353509">
        <ele>9.600000381469727</ele>
        <time>2026-05-09T23:40:15Z</time>
        <extensions>
          <gpxtpx:TrackPointExtension>
            <gpxtpx:hr>132</gpxtpx:hr>
          </gpxtpx:TrackPointExtension>
        </extensions>
      </trkpt>
      <trkpt lat="22.608872178953625" lon="113.82792285733545">
        <ele>9.600000381469727</ele>
        <time>2026-05-09T23:40:19Z</time>
        <extensions>
          <gpxtpx:TrackPointExtension>
            <gpxtpx:hr>133</gpxtpx:hr>
          </gpxtpx:TrackPointExtension>
        </extensions>
      </trkpt>
      <trkpt lat="22.608838055772043" lon="113.8278546763779">
        <ele>9.600000381469727</ele>
        <time>2026-05-09T23:40:23Z</time>
        <extensions>
          <gpxtpx:TrackPointExtension>
            <gpxtpx:hr>133</gpxtpx:hr>
          </gpxtpx:TrackPointExtension>
        </extensions>
      </trkpt>
      <trkpt lat="22.60881589494839" lon="113.82776744345637">
        <ele>9.800000190734863</ele>
        <time>2026-05-09T23:40:27Z</time>
        <extensions>
          <gpxtpx:TrackPointExtension>
            <gpxtpx:hr>133</gpxtpx:hr>
          </gpxtpx:TrackPointExtension>
        </extensions>
      </trkpt>
      <trkpt lat="22.60878472788764" lon="113.82767620031287">
        <ele>9.600000381469727</ele>
        <time>2026-05-09T23:40:31Z</time>
        <extensions>
          <gpxtpx:TrackPointExtension>
            <gpxtpx:hr>136</gpxtpx:hr>
          </gpxtpx:TrackPointExtension>
        </extensions>
      </trkpt>
      <trkpt lat="22.608756582993383" lon="113.82759698928122">
        <ele>9.600000381469727</ele>
        <time>2026-05-09T23:40:35Z</time>
        <extensions>
          <gpxtpx:TrackPointExtension>
            <gpxtpx:hr>136</gpxtpx:hr>
          </gpxtpx:TrackPointExtension>
        </extensions>
      </trkpt>
      <trkpt lat="22.60871846220789" lon="113.82752981120527">
        <ele>9.600000381469727</ele>
        <time>2026-05-09T23:40:39Z</time>
        <extensions>
          <gpxtpx:TrackPointExtension>
            <gpxtpx:hr>136</gpxtpx:hr>
          </gpxtpx:TrackPointExtension>
        </extensions>
      </trkpt>
      <trkpt lat="22.608673299033644" lon="113.8274395715897">
        <ele>9.600000381469727</ele>
        <time>2026-05-09T23:40:43Z</time>
        <extensions>
          <gpxtpx:TrackPointExtension>
            <gpxtpx:hr>135</gpxtpx:hr>
          </gpxtpx:TrackPointExtension>
        </extensions>
      </trkpt>
      <trkpt lat="22.608633127535835" lon="113.82734532084994">
        <ele>9.600000381469727</ele>
        <time>2026-05-09T23:40:47Z</time>
        <extensions>
          <gpxtpx:TrackPointExtension>
            <gpxtpx:hr>133</gpxtpx:hr>
          </gpxtpx:TrackPointExtension>
        </extensions>
      </trkpt>
      <trkpt lat="22.608618969140295" lon="113.82726009267208">
        <ele>9.399999618530273</ele>
        <time>2026-05-09T23:40:51Z</time>
        <extensions>
          <gpxtpx:TrackPointExtension>
            <gpxtpx:hr>133</gpxtpx:hr>
          </gpxtpx:TrackPointExtension>
        </extensions>
      </trkpt>
      <trkpt lat="22.608590767477498" lon="113.82715080068358">
        <ele>9.399999618530273</ele>
        <time>2026-05-09T23:40:55Z</time>
        <extensions>
          <gpxtpx:TrackPointExtension>
            <gpxtpx:hr>133</gpxtpx:hr>
          </gpxtpx:TrackPointExtension>
        </extensions>
      </trkpt>
      <trkpt lat="22.608530598854074" lon="113.82705655115392">
        <ele>9.0</ele>
        <time>2026-05-09T23:40:59Z</time>
        <extensions>
          <gpxtpx:TrackPointExtension>
            <gpxtpx:hr>136</gpxtpx:hr>
          </gpxtpx:TrackPointExtension>
        </extensions>
      </trkpt>
      <trkpt lat="22.608485448753584" lon="113.82697333029324">
        <ele>9.199999809265137</ele>
        <time>2026-05-09T23:41:03Z</time>
        <extensions>
          <gpxtpx:TrackPointExtension>
            <gpxtpx:hr>138</gpxtpx:hr>
          </gpxtpx:TrackPointExtension>
        </extensions>
      </trkpt>
      <trkpt lat="22.608489246023378" lon="113.82686604156149">
        <ele>9.199999809265137</ele>
        <time>2026-05-09T23:41:07Z</time>
        <extensions>
          <gpxtpx:TrackPointExtension>
            <gpxtpx:hr>141</gpxtpx:hr>
          </gpxtpx:TrackPointExtension>
        </extensions>
      </trkpt>
      <trkpt lat="22.608469060044808" lon="113.82676577321806">
        <ele>9.399999618530273</ele>
        <time>2026-05-09T23:41:11Z</time>
        <extensions>
          <gpxtpx:TrackPointExtension>
            <gpxtpx:hr>143</gpxtpx:hr>
          </gpxtpx:TrackPointExtension>
        </extensions>
      </trkpt>
      <trkpt lat="22.608434932806745" lon="113.82669558664816">
        <ele>9.600000381469727</ele>
        <time>2026-05-09T23:41:15Z</time>
        <extensions>
          <gpxtpx:TrackPointExtension>
            <gpxtpx:hr>143</gpxtpx:hr>
          </gpxtpx:TrackPointExtension>
        </extensions>
      </trkpt>
      <trkpt lat="22.608369872513766" lon="113.82665849104848">
        <ele>9.600000381469727</ele>
        <time>2026-05-09T23:41:19Z</time>
        <extensions>
          <gpxtpx:TrackPointExtension>
            <gpxtpx:hr>141</gpxtpx:hr>
          </gpxtpx:TrackPointExtension>
        </extensions>
      </trkpt>
      <trkpt lat="22.6083018580148" lon="113.82664546035916">
        <ele>9.800000190734863</ele>
        <time>2026-05-09T23:41:23Z</time>
        <extensions>
          <gpxtpx:TrackPointExtension>
            <gpxtpx:hr>140</gpxtpx:hr>
          </gpxtpx:TrackPointExtension>
        </extensions>
      </trkpt>
      <trkpt lat="22.608227861406853" lon="113.82664145432499">
        <ele>9.800000190734863</ele>
        <time>2026-05-09T23:41:27Z</time>
        <extensions>
          <gpxtpx:TrackPointExtension>
            <gpxtpx:hr>139</gpxtpx:hr>
          </gpxtpx:TrackPointExtension>
        </extensions>
      </trkpt>
      <trkpt lat="22.608151880207227" lon="113.82664546999264">
        <ele>10.0</ele>
        <time>2026-05-09T23:41:31Z</time>
        <extensions>
          <gpxtpx:TrackPointExtension>
            <gpxtpx:hr>138</gpxtpx:hr>
          </gpxtpx:TrackPointExtension>
        </extensions>
      </trkpt>
      <trkpt lat="22.60807989651939" lon="113.82664848270667">
        <ele>10.0</ele>
        <time>2026-05-09T23:41:35Z</time>
        <extensions>
          <gpxtpx:TrackPointExtension>
            <gpxtpx:hr>140</gpxtpx:hr>
          </gpxtpx:TrackPointExtension>
        </extensions>
      </trkpt>
      <trkpt lat="22.608006890293638" lon="113.82663946312495">
        <ele>10.0</ele>
        <time>2026-05-09T23:41:39Z</time>
        <extensions>
          <gpxtpx:TrackPointExtension>
            <gpxtpx:hr>142</gpxtpx:hr>
          </gpxtpx:TrackPointExtension>
        </extensions>
      </trkpt>
      <trkpt lat="22.607954909310653" lon="113.82664548264455">
        <ele>10.199999809265137</ele>
        <time>2026-05-09T23:41:43Z</time>
        <extensions>
          <gpxtpx:TrackPointExtension>
            <gpxtpx:hr>143</gpxtpx:hr>
          </gpxtpx:TrackPointExtension>
        </extensions>
      </trkpt>
      <trkpt lat="22.607880916450544" lon="113.82664348200367">
        <ele>10.0</ele>
        <time>2026-05-09T23:41:47Z</time>
        <extensions>
          <gpxtpx:TrackPointExtension>
            <gpxtpx:hr>143</gpxtpx:hr>
          </gpxtpx:TrackPointExtension>
        </extensions>
      </trkpt>
      <trkpt lat="22.607778980628126" lon="113.82666955866686">
        <ele>9.800000190734863</ele>
        <time>2026-05-09T23:41:51Z</time>
        <extensions>
          <gpxtpx:TrackPointExtension>
            <gpxtpx:hr>141</gpxtpx:hr>
          </gpxtpx:TrackPointExtension>
        </extensions>
      </trkpt>
      <trkpt lat="22.60770404081427" lon="113.82669563359443">
        <ele>9.800000190734863</ele>
        <time>2026-05-09T23:41:55Z</time>
        <extensions>
          <gpxtpx:TrackPointExtension>
            <gpxtpx:hr>143</gpxtpx:hr>
          </gpxtpx:TrackPointExtension>
        </extensions>
      </trkpt>
      <trkpt lat="22.607642063172715" lon="113.82670265645187">
        <ele>10.0</ele>
        <time>2026-05-09T23:41:59Z</time>
        <extensions>
          <gpxtpx:TrackPointExtension>
            <gpxtpx:hr>140</gpxtpx:hr>
          </gpxtpx:TrackPointExtension>
        </extensions>
      </trkpt>
      <trkpt lat="22.607566104593687" lon="113.82671870447678">
        <ele>10.0</ele>
        <time>2026-05-09T23:42:03Z</time>
        <extensions>
          <gpxtpx:TrackPointExtension>
            <gpxtpx:hr>139</gpxtpx:hr>
          </gpxtpx:TrackPointExtension>
        </extensions>
      </trkpt>
      <trkpt lat="22.607488180314448" lon="113.8267528011652">
        <ele>9.800000190734863</ele>
        <time>2026-05-09T23:42:07Z</time>
        <extensions>
          <gpxtpx:TrackPointExtension>
            <gpxtpx:hr>141</gpxtpx:hr>
          </gpxtpx:TrackPointExtension>
        </extensions>
      </trkpt>
      <trkpt lat="22.60740926750833" lon="113.82679291409296">
        <ele>9.600000381469727</ele>
        <time>2026-05-09T23:42:11Z</time>
        <extensions>
          <gpxtpx:TrackPointExtension>
            <gpxtpx:hr>140</gpxtpx:hr>
          </gpxtpx:TrackPointExtension>
        </extensions>
      </trkpt>
      <trkpt lat="22.607332316607724" lon="113.82681297296355">
        <ele>9.600000381469727</ele>
        <time>2026-05-09T23:42:15Z</time>
        <extensions>
          <gpxtpx:TrackPointExtension>
            <gpxtpx:hr>139</gpxtpx:hr>
          </gpxtpx:TrackPointExtension>
        </extensions>
      </trkpt>
      <trkpt lat="22.6072593651116" lon="113.82683303157626">
        <ele>9.600000381469727</ele>
        <time>2026-05-09T23:42:19Z</time>
        <extensions>
          <gpxtpx:TrackPointExtension>
            <gpxtpx:hr>137</gpxtpx:hr>
          </gpxtpx:TrackPointExtension>
        </extensions>
      </trkpt>
      <trkpt lat="22.60721727680048" lon="113.82678289945966">
        <ele>9.800000190734863</ele>
        <time>2026-05-09T23:42:23Z</time>
        <extensions>
          <gpxtpx:TrackPointExtension>
            <gpxtpx:hr>136</gpxtpx:hr>
          </gpxtpx:TrackPointExtension>
        </extensions>
      </trkpt>
      <trkpt lat="22.60720112797525" lon="113.826702684773">
        <ele>9.800000190734863</ele>
        <time>2026-05-09T23:42:27Z</time>
        <extensions>
          <gpxtpx:TrackPointExtension>
            <gpxtpx:hr>136</gpxtpx:hr>
          </gpxtpx:TrackPointExtension>
        </extensions>
      </trkpt>
      <trkpt lat="22.607186984508235" lon="113.82662547803338">
        <ele>9.800000190734863</ele>
        <time>2026-05-09T23:42:31Z</time>
        <extensions>
          <gpxtpx:TrackPointExtension>
            <gpxtpx:hr>133</gpxtpx:hr>
          </gpxtpx:TrackPointExtension>
        </extensions>
      </trkpt>
      <trkpt lat="22.60716601971692" lon="113.82664252522547">
        <ele>10.0</ele>
        <time>2026-05-09T23:42:35Z</time>
        <extensions>
          <gpxtpx:TrackPointExtension>
            <gpxtpx:hr>133</gpxtpx:hr>
          </gpxtpx:TrackPointExtension>
        </extensions>
      </trkpt>
      <trkpt lat="22.607193182060882" lon="113.8267307607884">
        <ele>9.800000190734863</ele>
        <time>2026-05-09T23:42:39Z</time>
        <extensions>
          <gpxtpx:TrackPointExtension>
            <gpxtpx:hr>132</gpxtpx:hr>
          </gpxtpx:TrackPointExtension>
        </extensions>
      </trkpt>
      <trkpt lat="22.60722529830115" lon="113.82679493130175">
        <ele>9.600000381469727</ele>
        <time>2026-05-09T23:42:43Z</time>
        <extensions>
          <gpxtpx:TrackPointExtension>
            <gpxtpx:hr>130</gpxtpx:hr>
          </gpxtpx:TrackPointExtension>
        </extensions>
      </trkpt>
      <trkpt lat="22.60721124366847" lon="113.82676485131059">
        <ele>9.600000381469727</ele>
        <time>2026-05-09T23:42:47Z</time>
        <extensions>
          <gpxtpx:TrackPointExtension>
            <gpxtpx:hr>127</gpxtpx:hr>
          </gpxtpx:TrackPointExtension>
        </extensions>
      </trkpt>
      <trkpt lat="22.60719811140725" lon="113.82669366069689">
        <ele>9.800000190734863</ele>
        <time>2026-05-09T23:42:51Z</time>
        <extensions>
          <gpxtpx:TrackPointExtension>
            <gpxtpx:hr>127</gpxtpx:hr>
          </gpxtpx:TrackPointExtension>
        </extensions>
      </trkpt>
      <trkpt lat="22.607185971424954" lon="113.8266184592207">
        <ele>9.800000190734863</ele>
        <time>2026-05-09T23:42:55Z</time>
        <extensions>
          <gpxtpx:TrackPointExtension>
            <gpxtpx:hr>127</gpxtpx:hr>
          </gpxtpx:TrackPointExtension>
        </extensions>
      </trkpt>
      <trkpt lat="22.60713886113083" lon="113.82655629503898">
        <ele>10.0</ele>
        <time>2026-05-09T23:42:59Z</time>
        <extensions>
          <gpxtpx:TrackPointExtension>
            <gpxtpx:hr>128</gpxtpx:hr>
          </gpxtpx:TrackPointExtension>
        </extensions>
      </trkpt>
      <trkpt lat="22.607090754750708" lon="113.82649613630723">
        <ele>10.0</ele>
        <time>2026-05-09T23:43:03Z</time>
        <extensions>
          <gpxtpx:TrackPointExtension>
            <gpxtpx:hr>127</gpxtpx:hr>
          </gpxtpx:TrackPointExtension>
        </extensions>
      </trkpt>
      <trkpt lat="22.60706165313685" lon="113.82643998713607">
        <ele>10.199999809265137</ele>
        <time>2026-05-09T23:43:07Z</time>
        <extensions>
          <gpxtpx:TrackPointExtension>
            <gpxtpx:hr>127</gpxtpx:hr>
          </gpxtpx:TrackPointExtension>
        </extensions>
      </trkpt>
      <trkpt lat="22.607041510491808" lon="113.82636278073879">
        <ele>10.600000381469727</ele>
        <time>2026-05-09T23:43:11Z</time>
        <extensions>
          <gpxtpx:TrackPointExtension>
            <gpxtpx:hr>127</gpxtpx:hr>
          </gpxtpx:TrackPointExtension>
        </extensions>
      </trkpt>
      <trkpt lat="22.607017368416837" lon="113.8262855745866">
        <ele>11.0</ele>
        <time>2026-05-09T23:43:15Z</time>
        <extensions>
          <gpxtpx:TrackPointExtension>
            <gpxtpx:hr>127</gpxtpx:hr>
          </gpxtpx:TrackPointExtension>
        </extensions>
      </trkpt>
      <trkpt lat="22.607015238233426" lon="113.82621638859028">
        <ele>11.199999809265137</ele>
        <time>2026-05-09T23:43:19Z</time>
        <extensions>
          <gpxtpx:TrackPointExtension>
            <gpxtpx:hr>131</gpxtpx:hr>
          </gpxtpx:TrackPointExtension>
        </extensions>
      </trkpt>
      <trkpt lat="22.607031063795056" lon="113.82612514208009">
        <ele>11.399999618530273</ele>
        <time>2026-05-09T23:43:23Z</time>
        <extensions>
          <gpxtpx:TrackPointExtension>
            <gpxtpx:hr>131</gpxtpx:hr>
          </gpxtpx:TrackPointExtension>
        </extensions>
      </trkpt>
      <trkpt lat="22.60704990402901" lon="113.82604191694502">
        <ele>11.199999809265137</ele>
        <time>2026-05-09T23:43:27Z</time>
        <extensions>
          <gpxtpx:TrackPointExtension>
            <gpxtpx:hr>133</gpxtpx:hr>
          </gpxtpx:TrackPointExtension>
        </extensions>
      </trkpt>
      <trkpt lat="22.607061745272105" lon="113.82595869224764">
        <ele>11.0</ele>
        <time>2026-05-09T23:43:31Z</time>
        <extensions>
          <gpxtpx:TrackPointExtension>
            <gpxtpx:hr>136</gpxtpx:hr>
          </gpxtpx:TrackPointExtension>
        </extensions>
      </trkpt>
      <trkpt lat="22.60705858112974" lon="113.82587145770988">
        <ele>11.0</ele>
        <time>2026-05-09T23:43:35Z</time>
        <extensions>
          <gpxtpx:TrackPointExtension>
            <gpxtpx:hr>137</gpxtpx:hr>
          </gpxtpx:TrackPointExtension>
        </extensions>
      </trkpt>
      <trkpt lat="22.607061406631775" lon="113.82577920928344">
        <ele>11.0</ele>
        <time>2026-05-09T23:43:39Z</time>
        <extensions>
          <gpxtpx:TrackPointExtension>
            <gpxtpx:hr>137</gpxtpx:hr>
          </gpxtpx:TrackPointExtension>
        </extensions>
      </trkpt>
      <trkpt lat="22.60707124812044" lon="113.82569598468014">
        <ele>11.0</ele>
        <time>2026-05-09T23:43:43Z</time>
        <extensions>
          <gpxtpx:TrackPointExtension>
            <gpxtpx:hr>136</gpxtpx:hr>
          </gpxtpx:TrackPointExtension>
        </extensions>
      </trkpt>
      <trkpt lat="22.6070910938068" lon="113.82561576752003">
        <ele>11.0</ele>
        <time>2026-05-09T23:43:47Z</time>
        <extensions>
          <gpxtpx:TrackPointExtension>
            <gpxtpx:hr>135</gpxtpx:hr>
          </gpxtpx:TrackPointExtension>
        </extensions>
      </trkpt>
      <trkpt lat="22.607110922447223" lon="113.8255265260637">
        <ele>11.199999809265137</ele>
        <time>2026-05-09T23:43:51Z</time>
        <extensions>
          <gpxtpx:TrackPointExtension>
            <gpxtpx:hr>134</gpxtpx:hr>
          </gpxtpx:TrackPointExtension>
        </extensions>
      </trkpt>
      <trkpt lat="22.607129739862362" lon="113.82543126846895">
        <ele>11.199999809265137</ele>
        <time>2026-05-09T23:43:55Z</time>
        <extensions>
          <gpxtpx:TrackPointExtension>
            <gpxtpx:hr>135</gpxtpx:hr>
          </gpxtpx:TrackPointExtension>
        </extensions>
      </trkpt>
      <trkpt lat="22.607155527840742" lon="113.82532096993073">
        <ele>11.199999809265137</ele>
        <time>2026-05-09T23:43:59Z</time>
        <extensions>
          <gpxtpx:TrackPointExtension>
            <gpxtpx:hr>136</gpxtpx:hr>
          </gpxtpx:TrackPointExtension>
        </extensions>
      </trkpt>
      <trkpt lat="22.607188399958602" lon="113.82525579238228">
        <ele>11.199999809265137</ele>
        <time>2026-05-09T23:44:03Z</time>
        <extensions>
          <gpxtpx:TrackPointExtension>
            <gpxtpx:hr>136</gpxtpx:hr>
          </gpxtpx:TrackPointExtension>
        </extensions>
      </trkpt>
      <trkpt lat="22.607203350432414" lon="113.82523072394493">
        <ele>10.600000381469727</ele>
        <time>2026-05-09T23:44:07Z</time>
        <extensions>
          <gpxtpx:TrackPointExtension>
            <gpxtpx:hr>133</gpxtpx:hr>
          </gpxtpx:TrackPointExtension>
        </extensions>
      </trkpt>
      <trkpt lat="22.607246222964434" lon="113.82516654844679">
        <ele>10.199999809265137</ele>
        <time>2026-05-09T23:44:11Z</time>
        <extensions>
          <gpxtpx:TrackPointExtension>
            <gpxtpx:hr>133</gpxtpx:hr>
          </gpxtpx:TrackPointExtension>
        </extensions>
      </trkpt>
      <trkpt lat="22.607380966485596" lon="113.82504120238752">
        <ele>9.800000190734863</ele>
        <time>2026-05-09T23:44:15Z</time>
        <extensions>
          <gpxtpx:TrackPointExtension>
            <gpxtpx:hr>133</gpxtpx:hr>
          </gpxtpx:TrackPointExtension>
        </extensions>
      </trkpt>
      <trkpt lat="22.607469777316947" lon="113.8249479456451">
        <ele>9.800000190734863</ele>
        <time>2026-05-09T23:44:19Z</time>
        <extensions>
          <gpxtpx:TrackPointExtension>
            <gpxtpx:hr>133</gpxtpx:hr>
          </gpxtpx:TrackPointExtension>
        </extensions>
      </trkpt>
      <trkpt lat="22.60748064693787" lon="113.82487976138944">
        <ele>9.600000381469727</ele>
        <time>2026-05-09T23:44:23Z</time>
        <extensions>
          <gpxtpx:TrackPointExtension>
            <gpxtpx:hr>137</gpxtpx:hr>
          </gpxtpx:TrackPointExtension>
        </extensions>
      </trkpt>
      <trkpt lat="22.607455542675226" lon="113.82482260913605">
        <ele>9.800000190734863</ele>
        <time>2026-05-09T23:44:27Z</time>
        <extensions>
          <gpxtpx:TrackPointExtension>
            <gpxtpx:hr>139</gpxtpx:hr>
          </gpxtpx:TrackPointExtension>
        </extensions>
      </trkpt>
      <trkpt lat="22.607445383177133" lon="113.82473738033454">
        <ele>9.800000190734863</ele>
        <time>2026-05-09T23:44:31Z</time>
        <extensions>
          <gpxtpx:TrackPointExtension>
            <gpxtpx:hr>138</gpxtpx:hr>
          </gpxtpx:TrackPointExtension>
        </extensions>
      </trkpt>
      <trkpt lat="22.60739522007769" lon="113.82464714060187">
        <ele>9.199999809265137</ele>
        <time>2026-05-09T23:44:35Z</time>
        <extensions>
          <gpxtpx:TrackPointExtension>
            <gpxtpx:hr>136</gpxtpx:hr>
          </gpxtpx:TrackPointExtension>
        </extensions>
      </trkpt>
      <trkpt lat="22.60735106366023" lon="113.8245609112773">
        <ele>9.0</ele>
        <time>2026-05-09T23:44:39Z</time>
        <extensions>
          <gpxtpx:TrackPointExtension>
            <gpxtpx:hr>137</gpxtpx:hr>
          </gpxtpx:TrackPointExtension>
        </extensions>
      </trkpt>
      <trkpt lat="22.607318892211392" lon="113.82446766228183">
        <ele>9.0</ele>
        <time>2026-05-09T23:44:43Z</time>
        <extensions>
          <gpxtpx:TrackPointExtension>
            <gpxtpx:hr>136</gpxtpx:hr>
          </gpxtpx:TrackPointExtension>
        </extensions>
      </trkpt>
      <trkpt lat="22.607286751059224" lon="113.82439045647561">
        <ele>9.199999809265137</ele>
        <time>2026-05-09T23:44:47Z</time>
        <extensions>
          <gpxtpx:TrackPointExtension>
            <gpxtpx:hr>138</gpxtpx:hr>
          </gpxtpx:TrackPointExtension>
        </extensions>
      </trkpt>
      <trkpt lat="22.60725460421699" lon="113.82431024256897">
        <ele>9.600000381469727</ele>
        <time>2026-05-09T23:44:51Z</time>
        <extensions>
          <gpxtpx:TrackPointExtension>
            <gpxtpx:hr>138</gpxtpx:hr>
          </gpxtpx:TrackPointExtension>
        </extensions>
      </trkpt>
      <trkpt lat="22.607211487396086" lon="113.82424506986118">
        <ele>9.399999618530273</ele>
        <time>2026-05-09T23:44:55Z</time>
        <extensions>
          <gpxtpx:TrackPointExtension>
            <gpxtpx:hr>130</gpxtpx:hr>
          </gpxtpx:TrackPointExtension>
        </extensions>
      </trkpt>
      <trkpt lat="22.607159390832543" lon="113.82418992472681">
        <ele>9.399999618530273</ele>
        <time>2026-05-09T23:44:59Z</time>
        <extensions>
          <gpxtpx:TrackPointExtension>
            <gpxtpx:hr>127</gpxtpx:hr>
          </gpxtpx:TrackPointExtension>
        </extensions>
      </trkpt>
      <trkpt lat="22.60709229077796" lon="113.82413177245735">
        <ele>9.600000381469727</ele>
        <time>2026-05-09T23:45:03Z</time>
        <extensions>
          <gpxtpx:TrackPointExtension>
            <gpxtpx:hr>127</gpxtpx:hr>
          </gpxtpx:TrackPointExtension>
        </extensions>
      </trkpt>
      <trkpt lat="22.607031193625257" lon="113.82407562520126">
        <ele>9.600000381469727</ele>
        <time>2026-05-09T23:45:07Z</time>
        <extensions>
          <gpxtpx:TrackPointExtension>
            <gpxtpx:hr>128</gpxtpx:hr>
          </gpxtpx:TrackPointExtension>
        </extensions>
      </trkpt>
      <trkpt lat="22.606970060469674" lon="113.82400042665311">
        <ele>9.399999618530273</ele>
        <time>2026-05-09T23:45:11Z</time>
        <extensions>
          <gpxtpx:TrackPointExtension>
            <gpxtpx:hr>135</gpxtpx:hr>
          </gpxtpx:TrackPointExtension>
        </extensions>
      </trkpt>
      <trkpt lat="22.606896989687165" lon="113.82395731526289">
        <ele>9.199999809265137</ele>
        <time>2026-05-09T23:45:15Z</time>
        <extensions>
          <gpxtpx:TrackPointExtension>
            <gpxtpx:hr>139</gpxtpx:hr>
          </gpxtpx:TrackPointExtension>
        </extensions>
      </trkpt>
      <trkpt lat="22.606828088821697" lon="113.82400444657762">
        <ele>9.199999809265137</ele>
        <time>2026-05-09T23:45:19Z</time>
        <extensions>
          <gpxtpx:TrackPointExtension>
            <gpxtpx:hr>140</gpxtpx:hr>
          </gpxtpx:TrackPointExtension>
        </extensions>
      </trkpt>
      <trkpt lat="22.606757167401554" lon="113.82404054832543">
        <ele>9.199999809265137</ele>
        <time>2026-05-09T23:45:23Z</time>
        <extensions>
          <gpxtpx:TrackPointExtension>
            <gpxtpx:hr>139</gpxtpx:hr>
          </gpxtpx:TrackPointExtension>
        </extensions>
      </trkpt>
      <trkpt lat="22.606672140032483" lon="113.82401949709711">
        <ele>9.600000381469727</ele>
        <time>2026-05-09T23:45:27Z</time>
        <extensions>
          <gpxtpx:TrackPointExtension>
            <gpxtpx:hr>139</gpxtpx:hr>
          </gpxtpx:TrackPointExtension>
        </extensions>
      </trkpt>
      <trkpt lat="22.60658605028021" lon="113.82396535684722">
        <ele>10.0</ele>
        <time>2026-05-09T23:45:31Z</time>
        <extensions>
          <gpxtpx:TrackPointExtension>
            <gpxtpx:hr>139</gpxtpx:hr>
          </gpxtpx:TrackPointExtension>
        </extensions>
      </trkpt>
      <trkpt lat="22.606517923789553" lon="113.82389316684858">
        <ele>10.199999809265137</ele>
        <time>2026-05-09T23:45:35Z</time>
        <extensions>
          <gpxtpx:TrackPointExtension>
            <gpxtpx:hr>139</gpxtpx:hr>
          </gpxtpx:TrackPointExtension>
        </extensions>
      </trkpt>
      <trkpt lat="22.606460759688535" lon="113.82380192485218">
        <ele>10.199999809265137</ele>
        <time>2026-05-09T23:45:39Z</time>
        <extensions>
          <gpxtpx:TrackPointExtension>
            <gpxtpx:hr>139</gpxtpx:hr>
          </gpxtpx:TrackPointExtension>
        </extensions>
      </trkpt>
      <trkpt lat="22.606416569053955" lon="113.82369764692805">
        <ele>10.199999809265137</ele>
        <time>2026-05-09T23:45:43Z</time>
        <extensions>
          <gpxtpx:TrackPointExtension>
            <gpxtpx:hr>139</gpxtpx:hr>
          </gpxtpx:TrackPointExtension>
        </extensions>
      </trkpt>
      <trkpt lat="22.606417377541216" lon="113.82359637421317">
        <ele>10.0</ele>
        <time>2026-05-09T23:45:47Z</time>
        <extensions>
          <gpxtpx:TrackPointExtension>
            <gpxtpx:hr>137</gpxtpx:hr>
          </gpxtpx:TrackPointExtension>
        </extensions>
      </trkpt>
      <trkpt lat="22.60643521954831" lon="113.82351415169892">
        <ele>10.0</ele>
        <time>2026-05-09T23:45:51Z</time>
        <extensions>
          <gpxtpx:TrackPointExtension>
            <gpxtpx:hr>136</gpxtpx:hr>
          </gpxtpx:TrackPointExtension>
        </extensions>
      </trkpt>
      <trkpt lat="22.606446098574082" lon="113.82345098092661">
        <ele>9.600000381469727</ele>
        <time>2026-05-09T23:45:55Z</time>
        <extensions>
          <gpxtpx:TrackPointExtension>
            <gpxtpx:hr>137</gpxtpx:hr>
          </gpxtpx:TrackPointExtension>
        </extensions>
      </trkpt>
      <trkpt lat="22.60643993270587" lon="113.82336274376405">
        <ele>9.399999618530273</ele>
        <time>2026-05-09T23:45:59Z</time>
        <extensions>
          <gpxtpx:TrackPointExtension>
            <gpxtpx:hr>138</gpxtpx:hr>
          </gpxtpx:TrackPointExtension>
        </extensions>
      </trkpt>
      <trkpt lat="22.606414822659506" lon="113.8233025834088">
        <ele>9.399999618530273</ele>
        <time>2026-05-09T23:46:03Z</time>
        <extensions>
          <gpxtpx:TrackPointExtension>
            <gpxtpx:hr>136</gpxtpx:hr>
          </gpxtpx:TrackPointExtension>
        </extensions>
      </trkpt>
      <trkpt lat="22.606378727477797" lon="113.82324944265814">
        <ele>9.399999618530273</ele>
        <time>2026-05-09T23:46:07Z</time>
        <extensions>
          <gpxtpx:TrackPointExtension>
            <gpxtpx:hr>135</gpxtpx:hr>
          </gpxtpx:TrackPointExtension>
        </extensions>
      </trkpt>
      <trkpt lat="22.606333633604514" lon="113.8231963024879">
        <ele>9.399999618530273</ele>
        <time>2026-05-09T23:46:11Z</time>
        <extensions>
          <gpxtpx:TrackPointExtension>
            <gpxtpx:hr>133</gpxtpx:hr>
          </gpxtpx:TrackPointExtension>
        </extensions>
      </trkpt>
      <trkpt lat="22.606283517718115" lon="113.82313113025027">
        <ele>9.399999618530273</ele>
        <time>2026-05-09T23:46:15Z</time>
        <extensions>
          <gpxtpx:TrackPointExtension>
            <gpxtpx:hr>130</gpxtpx:hr>
          </gpxtpx:TrackPointExtension>
        </extensions>
      </trkpt>
      <trkpt lat="22.60622838171262" lon="113.82305492864643">
        <ele>9.399999618530273</ele>
        <time>2026-05-09T23:46:19Z</time>
        <extensions>
          <gpxtpx:TrackPointExtension>
            <gpxtpx:hr>131</gpxtpx:hr>
          </gpxtpx:TrackPointExtension>
        </extensions>
      </trkpt>
      <trkpt lat="22.606157196869265" lon="113.82295165520046">
        <ele>9.600000381469727</ele>
        <time>2026-05-09T23:46:23Z</time>
        <extensions>
          <gpxtpx:TrackPointExtension>
            <gpxtpx:hr>133</gpxtpx:hr>
          </gpxtpx:TrackPointExtension>
        </extensions>
      </trkpt>
      <trkpt lat="22.606087025139313" lon="113.82285540059301">
        <ele>9.600000381469727</ele>
        <time>2026-05-09T23:46:27Z</time>
        <extensions>
          <gpxtpx:TrackPointExtension>
            <gpxtpx:hr>137</gpxtpx:hr>
          </gpxtpx:TrackPointExtension>
        </extensions>
      </trkpt>
      <trkpt lat="22.606017813469354" lon="113.82273808925417">
        <ele>9.600000381469727</ele>
        <time>2026-05-09T23:46:31Z</time>
        <extensions>
          <gpxtpx:TrackPointExtension>
            <gpxtpx:hr>139</gpxtpx:hr>
          </gpxtpx:TrackPointExtension>
        </extensions>
      </trkpt>
      <trkpt lat="22.605974645392873" lon="113.82264584372764">
        <ele>9.800000190734863</ele>
        <time>2026-05-09T23:46:35Z</time>
        <extensions>
          <gpxtpx:TrackPointExtension>
            <gpxtpx:hr>140</gpxtpx:hr>
          </gpxtpx:TrackPointExtension>
        </extensions>
      </trkpt>
      <trkpt lat="22.605932488540372" lon="113.82255961433877">
        <ele>10.199999809265137</ele>
        <time>2026-05-09T23:46:39Z</time>
        <extensions>
          <gpxtpx:TrackPointExtension>
            <gpxtpx:hr>140</gpxtpx:hr>
          </gpxtpx:TrackPointExtension>
        </extensions>
      </trkpt>
      <trkpt lat="22.605879352230996" lon="113.82248341265198">
        <ele>10.399999618530273</ele>
        <time>2026-05-09T23:46:43Z</time>
        <extensions>
          <gpxtpx:TrackPointExtension>
            <gpxtpx:hr>139</gpxtpx:hr>
          </gpxtpx:TrackPointExtension>
        </extensions>
      </trkpt>
      <trkpt lat="22.60581026750101" lon="113.82243328216197">
        <ele>10.199999809265137</ele>
        <time>2026-05-09T23:46:47Z</time>
        <extensions>
          <gpxtpx:TrackPointExtension>
            <gpxtpx:hr>139</gpxtpx:hr>
          </gpxtpx:TrackPointExtension>
        </extensions>
      </trkpt>
      <trkpt lat="22.605731233475414" lon="113.82240922247787">
        <ele>10.199999809265137</ele>
        <time>2026-05-09T23:46:51Z</time>
        <extensions>
          <gpxtpx:TrackPointExtension>
            <gpxtpx:hr>139</gpxtpx:hr>
          </gpxtpx:TrackPointExtension>
        </extensions>
      </trkpt>
      <trkpt lat="22.605663184587723" lon="113.82237814319843">
        <ele>10.0</ele>
        <time>2026-05-09T23:46:55Z</time>
        <extensions>
          <gpxtpx:TrackPointExtension>
            <gpxtpx:hr>139</gpxtpx:hr>
          </gpxtpx:TrackPointExtension>
        </extensions>
      </trkpt>
      <trkpt lat="22.605593134089514" lon="113.82234606135061">
        <ele>10.0</ele>
        <time>2026-05-09T23:46:59Z</time>
        <extensions>
          <gpxtpx:TrackPointExtension>
            <gpxtpx:hr>139</gpxtpx:hr>
          </gpxtpx:TrackPointExtension>
        </extensions>
      </trkpt>
      <trkpt lat="22.605523163159102" lon="113.8223560928351">
        <ele>9.800000190734863</ele>
        <time>2026-05-09T23:47:03Z</time>
        <extensions>
          <gpxtpx:TrackPointExtension>
            <gpxtpx:hr>136</gpxtpx:hr>
          </gpxtpx:TrackPointExtension>
        </extensions>
      </trkpt>
      <trkpt lat="22.60550331762145" lon="113.82243630999595">
        <ele>9.800000190734863</ele>
        <time>2026-05-09T23:47:07Z</time>
        <extensions>
          <gpxtpx:TrackPointExtension>
            <gpxtpx:hr>136</gpxtpx:hr>
          </gpxtpx:TrackPointExtension>
        </extensions>
      </trkpt>
      <trkpt lat="22.605471475715635" lon="113.82251753063547">
        <ele>9.800000190734863</ele>
        <time>2026-05-09T23:47:11Z</time>
        <extensions>
          <gpxtpx:TrackPointExtension>
            <gpxtpx:hr>137</gpxtpx:hr>
          </gpxtpx:TrackPointExtension>
        </extensions>
      </trkpt>
      <trkpt lat="22.60543459853403" lon="113.8225797003297">
        <ele>10.0</ele>
        <time>2026-05-09T23:47:15Z</time>
        <extensions>
          <gpxtpx:TrackPointExtension>
            <gpxtpx:hr>136</gpxtpx:hr>
          </gpxtpx:TrackPointExtension>
        </extensions>
      </trkpt>
      <trkpt lat="22.60539473125934" lon="113.82264688371515">
        <ele>10.399999618530273</ele>
        <time>2026-05-09T23:47:19Z</time>
        <extensions>
          <gpxtpx:TrackPointExtension>
            <gpxtpx:hr>133</gpxtpx:hr>
          </gpxtpx:TrackPointExtension>
        </extensions>
      </trkpt>
      <trkpt lat="22.605367879160426" lon="113.8227230905595">
        <ele>10.800000190734863</ele>
        <time>2026-05-09T23:47:23Z</time>
        <extensions>
          <gpxtpx:TrackPointExtension>
            <gpxtpx:hr>135</gpxtpx:hr>
          </gpxtpx:TrackPointExtension>
        </extensions>
      </trkpt>
      <trkpt lat="22.605335020349226" lon="113.8227952870002">
        <ele>11.0</ele>
        <time>2026-05-09T23:47:27Z</time>
        <extensions>
          <gpxtpx:TrackPointExtension>
            <gpxtpx:hr>135</gpxtpx:hr>
          </gpxtpx:TrackPointExtension>
        </extensions>
      </trkpt>
      <trkpt lat="22.605296154824472" lon="113.82286347303597">
        <ele>11.399999618530273</ele>
        <time>2026-05-09T23:47:31Z</time>
        <extensions>
          <gpxtpx:TrackPointExtension>
            <gpxtpx:hr>136</gpxtpx:hr>
          </gpxtpx:TrackPointExtension>
        </extensions>
      </trkpt>
      <trkpt lat="22.60525629702226" lon="113.82293566993664">
        <ele>11.600000381469727</ele>
        <time>2026-05-09T23:47:35Z</time>
        <extensions>
          <gpxtpx:TrackPointExtension>
            <gpxtpx:hr>136</gpxtpx:hr>
          </gpxtpx:TrackPointExtension>
        </extensions>
      </trkpt>
      <trkpt lat="22.605213430177166" lon="113.82300285353928">
        <ele>11.600000381469727</ele>
        <time>2026-05-09T23:47:39Z</time>
        <extensions>
          <gpxtpx:TrackPointExtension>
            <gpxtpx:hr>136</gpxtpx:hr>
          </gpxtpx:TrackPointExtension>
        </extensions>
      </trkpt>
      <trkpt lat="22.605171578344706" lon="113.82307805867477">
        <ele>11.800000190734863</ele>
        <time>2026-05-09T23:47:43Z</time>
        <extensions>
          <gpxtpx:TrackPointExtension>
            <gpxtpx:hr>136</gpxtpx:hr>
          </gpxtpx:TrackPointExtension>
        </extensions>
      </trkpt>
      <trkpt lat="22.60512570813813" lon="113.82314323707948">
        <ele>12.0</ele>
        <time>2026-05-09T23:47:47Z</time>
        <extensions>
          <gpxtpx:TrackPointExtension>
            <gpxtpx:hr>137</gpxtpx:hr>
          </gpxtpx:TrackPointExtension>
        </extensions>
      </trkpt>
      <trkpt lat="22.60507485380757" lon="113.82321643740279">
        <ele>12.0</ele>
        <time>2026-05-09T23:47:51Z</time>
        <extensions>
          <gpxtpx:TrackPointExtension>
            <gpxtpx:hr>136</gpxtpx:hr>
          </gpxtpx:TrackPointExtension>
        </extensions>
      </trkpt>
      <trkpt lat="22.605028002687146" lon="113.82329164287113">
        <ele>12.0</ele>
        <time>2026-05-09T23:47:55Z</time>
        <extensions>
          <gpxtpx:TrackPointExtension>
            <gpxtpx:hr>136</gpxtpx:hr>
          </gpxtpx:TrackPointExtension>
        </extensions>
      </trkpt>
      <trkpt lat="22.604988127818082" lon="113.82335481550054">
        <ele>12.199999809265137</ele>
        <time>2026-05-09T23:47:59Z</time>
        <extensions>
          <gpxtpx:TrackPointExtension>
            <gpxtpx:hr>136</gpxtpx:hr>
          </gpxtpx:TrackPointExtension>
        </extensions>
      </trkpt>
      <trkpt lat="22.60494426868008" lon="113.82342600998432">
        <ele>12.199999809265137</ele>
        <time>2026-05-09T23:48:03Z</time>
        <extensions>
          <gpxtpx:TrackPointExtension>
            <gpxtpx:hr>136</gpxtpx:hr>
          </gpxtpx:TrackPointExtension>
        </extensions>
      </trkpt>
      <trkpt lat="22.6049043994893" lon="113.82349219071632">
        <ele>12.199999809265137</ele>
        <time>2026-05-09T23:48:07Z</time>
        <extensions>
          <gpxtpx:TrackPointExtension>
            <gpxtpx:hr>136</gpxtpx:hr>
          </gpxtpx:TrackPointExtension>
        </extensions>
      </trkpt>
      <trkpt lat="22.60485751993288" lon="113.82355235570337">
        <ele>12.399999618530273</ele>
        <time>2026-05-09T23:48:11Z</time>
        <extensions>
          <gpxtpx:TrackPointExtension>
            <gpxtpx:hr>136</gpxtpx:hr>
          </gpxtpx:TrackPointExtension>
        </extensions>
      </trkpt>
      <trkpt lat="22.604804646918744" lon="113.82361552917575">
        <ele>12.399999618530273</ele>
        <time>2026-05-09T23:48:15Z</time>
        <extensions>
          <gpxtpx:TrackPointExtension>
            <gpxtpx:hr>133</gpxtpx:hr>
          </gpxtpx:TrackPointExtension>
        </extensions>
      </trkpt>
      <trkpt lat="22.604750756990704" lon="113.82366967841826">
        <ele>12.399999618530273</ele>
        <time>2026-05-09T23:48:19Z</time>
        <extensions>
          <gpxtpx:TrackPointExtension>
            <gpxtpx:hr>133</gpxtpx:hr>
          </gpxtpx:TrackPointExtension>
        </extensions>
      </trkpt>
      <trkpt lat="22.6047038849998" lon="113.82373385420665">
        <ele>12.600000381469727</ele>
        <time>2026-05-09T23:48:23Z</time>
        <extensions>
          <gpxtpx:TrackPointExtension>
            <gpxtpx:hr>136</gpxtpx:hr>
          </gpxtpx:TrackPointExtension>
        </extensions>
      </trkpt>
      <trkpt lat="22.60464901036271" lon="113.82379602511102">
        <ele>12.399999618530273</ele>
        <time>2026-05-09T23:48:27Z</time>
        <extensions>
          <gpxtpx:TrackPointExtension>
            <gpxtpx:hr>136</gpxtpx:hr>
          </gpxtpx:TrackPointExtension>
        </extensions>
      </trkpt>
      <trkpt lat="22.604592136006584" lon="113.82385819614451">
        <ele>12.399999618530273</ele>
        <time>2026-05-09T23:48:31Z</time>
        <extensions>
          <gpxtpx:TrackPointExtension>
            <gpxtpx:hr>136</gpxtpx:hr>
          </gpxtpx:TrackPointExtension>
        </extensions>
      </trkpt>
      <trkpt lat="22.604524217750647" lon="113.8238963030966">
        <ele>12.600000381469727</ele>
        <time>2026-05-09T23:48:35Z</time>
        <extensions>
          <gpxtpx:TrackPointExtension>
            <gpxtpx:hr>136</gpxtpx:hr>
          </gpxtpx:TrackPointExtension>
        </extensions>
      </trkpt>
      <trkpt lat="22.604461310139246" lon="113.82394042592458">
        <ele>12.600000381469727</ele>
        <time>2026-05-09T23:48:39Z</time>
        <extensions>
          <gpxtpx:TrackPointExtension>
            <gpxtpx:hr>136</gpxtpx:hr>
          </gpxtpx:TrackPointExtension>
        </extensions>
      </trkpt>
      <trkpt lat="22.604411400660332" lon="113.82398454791715">
        <ele>12.800000190734863</ele>
        <time>2026-05-09T23:48:43Z</time>
        <extensions>
          <gpxtpx:TrackPointExtension>
            <gpxtpx:hr>138</gpxtpx:hr>
          </gpxtpx:TrackPointExtension>
        </extensions>
      </trkpt>
      <trkpt lat="22.60435251141004" lon="113.82403869748339">
        <ele>12.800000190734863</ele>
        <time>2026-05-09T23:48:47Z</time>
        <extensions>
          <gpxtpx:TrackPointExtension>
            <gpxtpx:hr>137</gpxtpx:hr>
          </gpxtpx:TrackPointExtension>
        </extensions>
      </trkpt>
      <trkpt lat="22.6043036226173" lon="113.82409384910635">
        <ele>12.800000190734863</ele>
        <time>2026-05-09T23:48:51Z</time>
        <extensions>
          <gpxtpx:TrackPointExtension>
            <gpxtpx:hr>134</gpxtpx:hr>
          </gpxtpx:TrackPointExtension>
        </extensions>
      </trkpt>
      <trkpt lat="22.60425072113023" lon="113.82414198208939">
        <ele>12.800000190734863</ele>
        <time>2026-05-09T23:48:55Z</time>
        <extensions>
          <gpxtpx:TrackPointExtension>
            <gpxtpx:hr>133</gpxtpx:hr>
          </gpxtpx:TrackPointExtension>
        </extensions>
      </trkpt>
      <trkpt lat="22.604193839153194" lon="113.82420014232426">
        <ele>12.800000190734863</ele>
        <time>2026-05-09T23:48:59Z</time>
        <extensions>
          <gpxtpx:TrackPointExtension>
            <gpxtpx:hr>132</gpxtpx:hr>
          </gpxtpx:TrackPointExtension>
        </extensions>
      </trkpt>
      <trkpt lat="22.60413196167203" lon="113.8242603082788">
        <ele>12.800000190734863</ele>
        <time>2026-05-09T23:49:03Z</time>
        <extensions>
          <gpxtpx:TrackPointExtension>
            <gpxtpx:hr>130</gpxtpx:hr>
          </gpxtpx:TrackPointExtension>
        </extensions>
      </trkpt>
      <trkpt lat="22.604078088723508" lon="113.82432348181683">
        <ele>12.800000190734863</ele>
        <time>2026-05-09T23:49:07Z</time>
        <extensions>
          <gpxtpx:TrackPointExtension>
            <gpxtpx:hr>130</gpxtpx:hr>
          </gpxtpx:TrackPointExtension>
        </extensions>
      </trkpt>
      <trkpt lat="22.604039219309534" lon="113.8243896624883">
        <ele>12.600000381469727</ele>
        <time>2026-05-09T23:49:11Z</time>
        <extensions>
          <gpxtpx:TrackPointExtension>
            <gpxtpx:hr>130</gpxtpx:hr>
          </gpxtpx:TrackPointExtension>
        </extensions>
      </trkpt>
      <trkpt lat="22.603991362537982" lon="113.82446185993322">
        <ele>12.399999618530273</ele>
        <time>2026-05-09T23:49:15Z</time>
        <extensions>
          <gpxtpx:TrackPointExtension>
            <gpxtpx:hr>130</gpxtpx:hr>
          </gpxtpx:TrackPointExtension>
        </extensions>
      </trkpt>
      <trkpt lat="22.60390042476133" lon="113.82448793596555">
        <ele>12.199999809265137</ele>
        <time>2026-05-09T23:49:19Z</time>
        <extensions>
          <gpxtpx:TrackPointExtension>
            <gpxtpx:hr>131</gpxtpx:hr>
          </gpxtpx:TrackPointExtension>
        </extensions>
      </trkpt>
      <trkpt lat="22.603802406524697" lon="113.82447089637196">
        <ele>11.800000190734863</ele>
        <time>2026-05-09T23:49:23Z</time>
        <extensions>
          <gpxtpx:TrackPointExtension>
            <gpxtpx:hr>130</gpxtpx:hr>
          </gpxtpx:TrackPointExtension>
        </extensions>
      </trkpt>
      <trkpt lat="22.603702445383746" lon="113.82448393788981">
        <ele>11.0</ele>
        <time>2026-05-09T23:49:27Z</time>
        <extensions>
          <gpxtpx:TrackPointExtension>
            <gpxtpx:hr>130</gpxtpx:hr>
          </gpxtpx:TrackPointExtension>
        </extensions>
      </trkpt>
      <trkpt lat="22.603638543509444" lon="113.82453106887452">
        <ele>10.600000381469727</ele>
        <time>2026-05-09T23:49:31Z</time>
        <extensions>
          <gpxtpx:TrackPointExtension>
            <gpxtpx:hr>129</gpxtpx:hr>
          </gpxtpx:TrackPointExtension>
        </extensions>
      </trkpt>
      <trkpt lat="22.60359468234617" lon="113.82460126065885">
        <ele>10.399999618530273</ele>
        <time>2026-05-09T23:49:35Z</time>
        <extensions>
          <gpxtpx:TrackPointExtension>
            <gpxtpx:hr>130</gpxtpx:hr>
          </gpxtpx:TrackPointExtension>
        </extensions>
      </trkpt>
      <trkpt lat="22.60353781923419" lon="113.82466944787718">
        <ele>10.399999618530273</ele>
        <time>2026-05-09T23:49:39Z</time>
        <extensions>
          <gpxtpx:TrackPointExtension>
            <gpxtpx:hr>132</gpxtpx:hr>
          </gpxtpx:TrackPointExtension>
        </extensions>
      </trkpt>
      <trkpt lat="22.603464905357665" lon="113.82470956054024">
        <ele>10.199999809265137</ele>
        <time>2026-05-09T23:49:43Z</time>
        <extensions>
          <gpxtpx:TrackPointExtension>
            <gpxtpx:hr>133</gpxtpx:hr>
          </gpxtpx:TrackPointExtension>
        </extensions>
      </trkpt>
      <trkpt lat="22.603388967278843" lon="113.82473663830422">
        <ele>10.199999809265137</ele>
        <time>2026-05-09T23:49:47Z</time>
        <extensions>
          <gpxtpx:TrackPointExtension>
            <gpxtpx:hr>133</gpxtpx:hr>
          </gpxtpx:TrackPointExtension>
        </extensions>
      </trkpt>
      <trkpt lat="22.603311037050513" lon="113.82476772699322">
        <ele>10.199999809265137</ele>
        <time>2026-05-09T23:49:51Z</time>
        <extensions>
          <gpxtpx:TrackPointExtension>
            <gpxtpx:hr>133</gpxtpx:hr>
          </gpxtpx:TrackPointExtension>
        </extensions>
      </trkpt>
      <trkpt lat="22.603246116333334" lon="113.82480483104185">
        <ele>10.199999809265137</ele>
        <time>2026-05-09T23:49:55Z</time>
        <extensions>
          <gpxtpx:TrackPointExtension>
            <gpxtpx:hr>131</gpxtpx:hr>
          </gpxtpx:TrackPointExtension>
        </extensions>
      </trkpt>
      <trkpt lat="22.60317519835251" lon="113.82484293817411">
        <ele>10.199999809265137</ele>
        <time>2026-05-09T23:49:59Z</time>
        <extensions>
          <gpxtpx:TrackPointExtension>
            <gpxtpx:hr>130</gpxtpx:hr>
          </gpxtpx:TrackPointExtension>
        </extensions>
      </trkpt>
      <trkpt lat="22.603102284433707" lon="113.82488305083213">
        <ele>10.199999809265137</ele>
        <time>2026-05-09T23:50:03Z</time>
        <extensions>
          <gpxtpx:TrackPointExtension>
            <gpxtpx:hr>131</gpxtpx:hr>
          </gpxtpx:TrackPointExtension>
        </extensions>
      </trkpt>
      <trkpt lat="22.603026372823876" lon="113.82492416638075">
        <ele>10.0</ele>
        <time>2026-05-09T23:50:07Z</time>
        <extensions>
          <gpxtpx:TrackPointExtension>
            <gpxtpx:hr>133</gpxtpx:hr>
          </gpxtpx:TrackPointExtension>
        </extensions>
      </trkpt>
      <trkpt lat="22.602954453065024" lon="113.82496127087445">
        <ele>10.0</ele>
        <time>2026-05-09T23:50:11Z</time>
        <extensions>
          <gpxtpx:TrackPointExtension>
            <gpxtpx:hr>136</gpxtpx:hr>
          </gpxtpx:TrackPointExtension>
        </extensions>
      </trkpt>
      <trkpt lat="22.602871519703942" lon="113.8249903544808">
        <ele>10.0</ele>
        <time>2026-05-09T23:50:15Z</time>
        <extensions>
          <gpxtpx:TrackPointExtension>
            <gpxtpx:hr>136</gpxtpx:hr>
          </gpxtpx:TrackPointExtension>
        </extensions>
      </trkpt>
      <trkpt lat="22.602798607642253" lon="113.82503146983282">
        <ele>10.0</ele>
        <time>2026-05-09T23:50:19Z</time>
        <extensions>
          <gpxtpx:TrackPointExtension>
            <gpxtpx:hr>136</gpxtpx:hr>
          </gpxtpx:TrackPointExtension>
        </extensions>
      </trkpt>
      <trkpt lat="22.60272770475583" lon="113.8250775985499">
        <ele>10.0</ele>
        <time>2026-05-09T23:50:23Z</time>
        <extensions>
          <gpxtpx:TrackPointExtension>
            <gpxtpx:hr>136</gpxtpx:hr>
          </gpxtpx:TrackPointExtension>
        </extensions>
      </trkpt>
      <trkpt lat="22.602647774729668" lon="113.82510868735827">
        <ele>10.0</ele>
        <time>2026-05-09T23:50:27Z</time>
        <extensions>
          <gpxtpx:TrackPointExtension>
            <gpxtpx:hr>136</gpxtpx:hr>
          </gpxtpx:TrackPointExtension>
        </extensions>
      </trkpt>
      <trkpt lat="22.602571855489796" lon="113.82514579210246">
        <ele>9.800000190734863</ele>
        <time>2026-05-09T23:50:31Z</time>
        <extensions>
          <gpxtpx:TrackPointExtension>
            <gpxtpx:hr>136</gpxtpx:hr>
          </gpxtpx:TrackPointExtension>
        </extensions>
      </trkpt>
      <trkpt lat="22.60249792459997" lon="113.8251768805232">
        <ele>9.800000190734863</ele>
        <time>2026-05-09T23:50:35Z</time>
        <extensions>
          <gpxtpx:TrackPointExtension>
            <gpxtpx:hr>136</gpxtpx:hr>
          </gpxtpx:TrackPointExtension>
        </extensions>
      </trkpt>
      <trkpt lat="22.602428004497593" lon="113.82521398487928">
        <ele>9.800000190734863</ele>
        <time>2026-05-09T23:50:39Z</time>
        <extensions>
          <gpxtpx:TrackPointExtension>
            <gpxtpx:hr>138</gpxtpx:hr>
          </gpxtpx:TrackPointExtension>
        </extensions>
      </trkpt>
      <trkpt lat="22.602353105913174" lon="113.82526211924232">
        <ele>9.800000190734863</ele>
        <time>2026-05-09T23:50:43Z</time>
        <extensions>
          <gpxtpx:TrackPointExtension>
            <gpxtpx:hr>139</gpxtpx:hr>
          </gpxtpx:TrackPointExtension>
        </extensions>
      </trkpt>
      <trkpt lat="22.60227419652213" lon="113.82530423766697">
        <ele>9.800000190734863</ele>
        <time>2026-05-09T23:50:47Z</time>
        <extensions>
          <gpxtpx:TrackPointExtension>
            <gpxtpx:hr>136</gpxtpx:hr>
          </gpxtpx:TrackPointExtension>
        </extensions>
      </trkpt>
      <trkpt lat="22.602186280812255" lon="113.82534234587268">
        <ele>9.800000190734863</ele>
        <time>2026-05-09T23:50:51Z</time>
        <extensions>
          <gpxtpx:TrackPointExtension>
            <gpxtpx:hr>136</gpxtpx:hr>
          </gpxtpx:TrackPointExtension>
        </extensions>
      </trkpt>
      <trkpt lat="22.602106362075023" lon="113.82537945086405">
        <ele>9.800000190734863</ele>
        <time>2026-05-09T23:50:55Z</time>
        <extensions>
          <gpxtpx:TrackPointExtension>
            <gpxtpx:hr>138</gpxtpx:hr>
          </gpxtpx:TrackPointExtension>
        </extensions>
      </trkpt>
      <trkpt lat="22.6020474233482" lon="113.82540753021689">
        <ele>9.600000381469727</ele>
        <time>2026-05-09T23:50:59Z</time>
        <extensions>
          <gpxtpx:TrackPointExtension>
            <gpxtpx:hr>139</gpxtpx:hr>
          </gpxtpx:TrackPointExtension>
        </extensions>
      </trkpt>
      <trkpt lat="22.601973511322765" lon="113.82544864561433">
        <ele>9.600000381469727</ele>
        <time>2026-05-09T23:51:03Z</time>
        <extensions>
          <gpxtpx:TrackPointExtension>
            <gpxtpx:hr>139</gpxtpx:hr>
          </gpxtpx:TrackPointExtension>
        </extensions>
      </trkpt>
      <trkpt lat="22.601884576783476" lon="113.82547672689157">
        <ele>9.600000381469727</ele>
        <time>2026-05-09T23:51:07Z</time>
        <extensions>
          <gpxtpx:TrackPointExtension>
            <gpxtpx:hr>139</gpxtpx:hr>
          </gpxtpx:TrackPointExtension>
        </extensions>
      </trkpt>
      <trkpt lat="22.601806655834476" lon="113.82551282904953">
        <ele>9.600000381469727</ele>
        <time>2026-05-09T23:51:11Z</time>
        <extensions>
          <gpxtpx:TrackPointExtension>
            <gpxtpx:hr>140</gpxtpx:hr>
          </gpxtpx:TrackPointExtension>
        </extensions>
      </trkpt>
      <trkpt lat="22.601723741251956" lon="113.8255519396223">
        <ele>9.600000381469727</ele>
        <time>2026-05-09T23:51:15Z</time>
        <extensions>
          <gpxtpx:TrackPointExtension>
            <gpxtpx:hr>139</gpxtpx:hr>
          </gpxtpx:TrackPointExtension>
        </extensions>
      </trkpt>
      <trkpt lat="22.601645852453085" lon="113.8256050876497">
        <ele>9.600000381469727</ele>
        <time>2026-05-09T23:51:19Z</time>
        <extensions>
          <gpxtpx:TrackPointExtension>
            <gpxtpx:hr>139</gpxtpx:hr>
          </gpxtpx:TrackPointExtension>
        </extensions>
      </trkpt>
      <trkpt lat="22.60157193091333" lon="113.82564118954433">
        <ele>9.600000381469727</ele>
        <time>2026-05-09T23:51:23Z</time>
        <extensions>
          <gpxtpx:TrackPointExtension>
            <gpxtpx:hr>139</gpxtpx:hr>
          </gpxtpx:TrackPointExtension>
        </extensions>
      </trkpt>
      <trkpt lat="22.601499014901346" lon="113.82568029946773">
        <ele>9.600000381469727</ele>
        <time>2026-05-09T23:51:27Z</time>
        <extensions>
          <gpxtpx:TrackPointExtension>
            <gpxtpx:hr>139</gpxtpx:hr>
          </gpxtpx:TrackPointExtension>
        </extensions>
      </trkpt>
      <trkpt lat="22.60142609698742" lon="113.8257184066906">
        <ele>9.600000381469727</ele>
        <time>2026-05-09T23:51:31Z</time>
        <extensions>
          <gpxtpx:TrackPointExtension>
            <gpxtpx:hr>139</gpxtpx:hr>
          </gpxtpx:TrackPointExtension>
        </extensions>
      </trkpt>
      <trkpt lat="22.601357148232708" lon="113.82574047048313">
        <ele>9.600000381469727</ele>
        <time>2026-05-09T23:51:35Z</time>
        <extensions>
          <gpxtpx:TrackPointExtension>
            <gpxtpx:hr>141</gpxtpx:hr>
          </gpxtpx:TrackPointExtension>
        </extensions>
      </trkpt>
      <trkpt lat="22.60127822924453" lon="113.82577757538965">
        <ele>9.600000381469727</ele>
        <time>2026-05-09T23:51:39Z</time>
        <extensions>
          <gpxtpx:TrackPointExtension>
            <gpxtpx:hr>141</gpxtpx:hr>
          </gpxtpx:TrackPointExtension>
        </extensions>
      </trkpt>
      <trkpt lat="22.601205301842818" lon="113.82581066911625">
        <ele>9.600000381469727</ele>
        <time>2026-05-09T23:51:43Z</time>
        <extensions>
          <gpxtpx:TrackPointExtension>
            <gpxtpx:hr>138</gpxtpx:hr>
          </gpxtpx:TrackPointExtension>
        </extensions>
      </trkpt>
      <trkpt lat="22.6011354005014" lon="113.82585780042105">
        <ele>9.600000381469727</ele>
        <time>2026-05-09T23:51:47Z</time>
        <extensions>
          <gpxtpx:TrackPointExtension>
            <gpxtpx:hr>136</gpxtpx:hr>
          </gpxtpx:TrackPointExtension>
        </extensions>
      </trkpt>
      <trkpt lat="22.601063499427006" lon="113.82590493185069">
        <ele>9.600000381469727</ele>
        <time>2026-05-09T23:51:51Z</time>
        <extensions>
          <gpxtpx:TrackPointExtension>
            <gpxtpx:hr>138</gpxtpx:hr>
          </gpxtpx:TrackPointExtension>
        </extensions>
      </trkpt>
      <trkpt lat="22.60099156239908" lon="113.8259330120166">
        <ele>9.600000381469727</ele>
        <time>2026-05-09T23:51:55Z</time>
        <extensions>
          <gpxtpx:TrackPointExtension>
            <gpxtpx:hr>139</gpxtpx:hr>
          </gpxtpx:TrackPointExtension>
        </extensions>
      </trkpt>
      <trkpt lat="22.6009196253629" lon="113.82596109218117">
        <ele>9.800000190734863</ele>
        <time>2026-05-09T23:51:59Z</time>
        <extensions>
          <gpxtpx:TrackPointExtension>
            <gpxtpx:hr>137</gpxtpx:hr>
          </gpxtpx:TrackPointExtension>
        </extensions>
      </trkpt>
      <trkpt lat="22.600841715632672" lon="113.82600321049891">
        <ele>9.800000190734863</ele>
        <time>2026-05-09T23:52:03Z</time>
        <extensions>
          <gpxtpx:TrackPointExtension>
            <gpxtpx:hr>136</gpxtpx:hr>
          </gpxtpx:TrackPointExtension>
        </extensions>
      </trkpt>
      <trkpt lat="22.60076279278911" lon="113.82603830999366">
        <ele>9.600000381469727</ele>
        <time>2026-05-09T23:52:07Z</time>
        <extensions>
          <gpxtpx:TrackPointExtension>
            <gpxtpx:hr>136</gpxtpx:hr>
          </gpxtpx:TrackPointExtension>
        </extensions>
      </trkpt>
      <trkpt lat="22.60068487547055" lon="113.82607641751497">
        <ele>9.600000381469727</ele>
        <time>2026-05-09T23:52:11Z</time>
        <extensions>
          <gpxtpx:TrackPointExtension>
            <gpxtpx:hr>137</gpxtpx:hr>
          </gpxtpx:TrackPointExtension>
        </extensions>
      </trkpt>
      <trkpt lat="22.60060496787424" lon="113.82611953865">
        <ele>9.600000381469727</ele>
        <time>2026-05-09T23:52:15Z</time>
        <extensions>
          <gpxtpx:TrackPointExtension>
            <gpxtpx:hr>139</gpxtpx:hr>
          </gpxtpx:TrackPointExtension>
        </extensions>
      </trkpt>
      <trkpt lat="22.60052806552413" lon="113.82616566768144">
        <ele>9.600000381469727</ele>
        <time>2026-05-09T23:52:19Z</time>
        <extensions>
          <gpxtpx:TrackPointExtension>
            <gpxtpx:hr>137</gpxtpx:hr>
          </gpxtpx:TrackPointExtension>
        </extensions>
      </trkpt>
      <trkpt lat="22.600456134104167" lon="113.82619675592636">
        <ele>9.600000381469727</ele>
        <time>2026-05-09T23:52:23Z</time>
        <extensions>
          <gpxtpx:TrackPointExtension>
            <gpxtpx:hr>136</gpxtpx:hr>
          </gpxtpx:TrackPointExtension>
        </extensions>
      </trkpt>
      <trkpt lat="22.60038721928011" lon="113.82623686825315">
        <ele>9.399999618530273</ele>
        <time>2026-05-09T23:52:27Z</time>
        <extensions>
          <gpxtpx:TrackPointExtension>
            <gpxtpx:hr>136</gpxtpx:hr>
          </gpxtpx:TrackPointExtension>
        </extensions>
      </trkpt>
      <trkpt lat="22.600312282583307" lon="113.82626494859447">
        <ele>9.399999618530273</ele>
        <time>2026-05-09T23:52:31Z</time>
        <extensions>
          <gpxtpx:TrackPointExtension>
            <gpxtpx:hr>136</gpxtpx:hr>
          </gpxtpx:TrackPointExtension>
        </extensions>
      </trkpt>
      <trkpt lat="22.600242356532917" lon="113.82629904479664">
        <ele>9.399999618530273</ele>
        <time>2026-05-09T23:52:35Z</time>
        <extensions>
          <gpxtpx:TrackPointExtension>
            <gpxtpx:hr>136</gpxtpx:hr>
          </gpxtpx:TrackPointExtension>
        </extensions>
      </trkpt>
      <trkpt lat="22.600171438174353" lon="113.82633715184937">
        <ele>9.399999618530273</ele>
        <time>2026-05-09T23:52:39Z</time>
        <extensions>
          <gpxtpx:TrackPointExtension>
            <gpxtpx:hr>134</gpxtpx:hr>
          </gpxtpx:TrackPointExtension>
        </extensions>
      </trkpt>
      <trkpt lat="22.600085516200163" lon="113.82637225177096">
        <ele>9.399999618530273</ele>
        <time>2026-05-09T23:52:43Z</time>
        <extensions>
          <gpxtpx:TrackPointExtension>
            <gpxtpx:hr>136</gpxtpx:hr>
          </gpxtpx:TrackPointExtension>
        </extensions>
      </trkpt>
      <trkpt lat="22.60000760634632" lon="113.82641437005545">
        <ele>9.399999618530273</ele>
        <time>2026-05-09T23:52:47Z</time>
        <extensions>
          <gpxtpx:TrackPointExtension>
            <gpxtpx:hr>139</gpxtpx:hr>
          </gpxtpx:TrackPointExtension>
        </extensions>
      </trkpt>
      <trkpt lat="22.599936680393682" lon="113.82644846631129">
        <ele>9.399999618530273</ele>
        <time>2026-05-09T23:52:51Z</time>
        <extensions>
          <gpxtpx:TrackPointExtension>
            <gpxtpx:hr>139</gpxtpx:hr>
          </gpxtpx:TrackPointExtension>
        </extensions>
      </trkpt>
      <trkpt lat="22.59986575254129" lon="113.82648155986776">
        <ele>9.399999618530273</ele>
        <time>2026-05-09T23:52:55Z</time>
        <extensions>
          <gpxtpx:TrackPointExtension>
            <gpxtpx:hr>138</gpxtpx:hr>
          </gpxtpx:TrackPointExtension>
        </extensions>
      </trkpt>
      <trkpt lat="22.59979582076169" lon="113.82651264796404">
        <ele>9.399999618530273</ele>
        <time>2026-05-09T23:52:59Z</time>
        <extensions>
          <gpxtpx:TrackPointExtension>
            <gpxtpx:hr>138</gpxtpx:hr>
          </gpxtpx:TrackPointExtension>
        </extensions>
      </trkpt>
      <trkpt lat="22.599730888286857" lon="113.82654373573718">
        <ele>9.399999618530273</ele>
        <time>2026-05-09T23:53:03Z</time>
        <extensions>
          <gpxtpx:TrackPointExtension>
            <gpxtpx:hr>137</gpxtpx:hr>
          </gpxtpx:TrackPointExtension>
        </extensions>
      </trkpt>
      <trkpt lat="22.59965496865418" lon="113.82658084039433">
        <ele>9.600000381469727</ele>
        <time>2026-05-09T23:53:07Z</time>
        <extensions>
          <gpxtpx:TrackPointExtension>
            <gpxtpx:hr>136</gpxtpx:hr>
          </gpxtpx:TrackPointExtension>
        </extensions>
      </trkpt>
      <trkpt lat="22.599586049940697" lon="113.82661894729554">
        <ele>9.399999618530273</ele>
        <time>2026-05-09T23:53:11Z</time>
        <extensions>
          <gpxtpx:TrackPointExtension>
            <gpxtpx:hr>138</gpxtpx:hr>
          </gpxtpx:TrackPointExtension>
        </extensions>
      </trkpt>
      <trkpt lat="22.599511126369684" lon="113.82665404648918">
        <ele>9.600000381469727</ele>
        <time>2026-05-09T23:53:15Z</time>
        <extensions>
          <gpxtpx:TrackPointExtension>
            <gpxtpx:hr>139</gpxtpx:hr>
          </gpxtpx:TrackPointExtension>
        </extensions>
      </trkpt>
      <trkpt lat="22.59944120777293" lon="113.82669215344818">
        <ele>9.399999618530273</ele>
        <time>2026-05-09T23:53:19Z</time>
        <extensions>
          <gpxtpx:TrackPointExtension>
            <gpxtpx:hr>139</gpxtpx:hr>
          </gpxtpx:TrackPointExtension>
        </extensions>
      </trkpt>
      <trkpt lat="22.59936429579292" lon="113.82673326894209">
        <ele>9.399999618530273</ele>
        <time>2026-05-09T23:53:23Z</time>
        <extensions>
          <gpxtpx:TrackPointExtension>
            <gpxtpx:hr>137</gpxtpx:hr>
          </gpxtpx:TrackPointExtension>
        </extensions>
      </trkpt>
      <trkpt lat="22.599292377448197" lon="113.82677137602235">
        <ele>9.399999618530273</ele>
        <time>2026-05-09T23:53:27Z</time>
        <extensions>
          <gpxtpx:TrackPointExtension>
            <gpxtpx:hr>136</gpxtpx:hr>
          </gpxtpx:TrackPointExtension>
        </extensions>
      </trkpt>
      <trkpt lat="22.599217453834328" lon="113.82680647520333">
        <ele>9.199999809265137</ele>
        <time>2026-05-09T23:53:31Z</time>
        <extensions>
          <gpxtpx:TrackPointExtension>
            <gpxtpx:hr>135</gpxtpx:hr>
          </gpxtpx:TrackPointExtension>
        </extensions>
      </trkpt>
      <trkpt lat="22.599134516187146" lon="113.82683355332641">
        <ele>9.399999618530273</ele>
        <time>2026-05-09T23:53:35Z</time>
        <extensions>
          <gpxtpx:TrackPointExtension>
            <gpxtpx:hr>135</gpxtpx:hr>
          </gpxtpx:TrackPointExtension>
        </extensions>
      </trkpt>
      <trkpt lat="22.59904857515983" lon="113.82685862624821">
        <ele>9.399999618530273</ele>
        <time>2026-05-09T23:53:39Z</time>
        <extensions>
          <gpxtpx:TrackPointExtension>
            <gpxtpx:hr>135</gpxtpx:hr>
          </gpxtpx:TrackPointExtension>
        </extensions>
      </trkpt>
      <trkpt lat="22.5989696237207" lon="113.82687868523932">
        <ele>9.399999618530273</ele>
        <time>2026-05-09T23:53:43Z</time>
        <extensions>
          <gpxtpx:TrackPointExtension>
            <gpxtpx:hr>135</gpxtpx:hr>
          </gpxtpx:TrackPointExtension>
        </extensions>
      </trkpt>
      <trkpt lat="22.598889676187166" lon="113.82690074968536">
        <ele>9.399999618530273</ele>
        <time>2026-05-09T23:53:47Z</time>
        <extensions>
          <gpxtpx:TrackPointExtension>
            <gpxtpx:hr>134</gpxtpx:hr>
          </gpxtpx:TrackPointExtension>
        </extensions>
      </trkpt>
      <trkpt lat="22.59880573296694" lon="113.8269248197786">
        <ele>9.399999618530273</ele>
        <time>2026-05-09T23:53:51Z</time>
        <extensions>
          <gpxtpx:TrackPointExtension>
            <gpxtpx:hr>133</gpxtpx:hr>
          </gpxtpx:TrackPointExtension>
        </extensions>
      </trkpt>
      <trkpt lat="22.598726809835387" lon="113.82695991920271">
        <ele>9.399999618530273</ele>
        <time>2026-05-09T23:53:55Z</time>
        <extensions>
          <gpxtpx:TrackPointExtension>
            <gpxtpx:hr>135</gpxtpx:hr>
          </gpxtpx:TrackPointExtension>
        </extensions>
      </trkpt>
      <trkpt lat="22.598653874543054" lon="113.8269890020645">
        <ele>9.399999618530273</ele>
        <time>2026-05-09T23:53:59Z</time>
        <extensions>
          <gpxtpx:TrackPointExtension>
            <gpxtpx:hr>133</gpxtpx:hr>
          </gpxtpx:TrackPointExtension>
        </extensions>
      </trkpt>
      <trkpt lat="22.598569942624575" lon="113.82701908832576">
        <ele>9.399999618530273</ele>
        <time>2026-05-09T23:54:03Z</time>
        <extensions>
          <gpxtpx:TrackPointExtension>
            <gpxtpx:hr>134</gpxtpx:hr>
          </gpxtpx:TrackPointExtension>
        </extensions>
      </trkpt>
      <trkpt lat="22.598494009608537" lon="113.82704917407108">
        <ele>9.399999618530273</ele>
        <time>2026-05-09T23:54:07Z</time>
        <extensions>
          <gpxtpx:TrackPointExtension>
            <gpxtpx:hr>136</gpxtpx:hr>
          </gpxtpx:TrackPointExtension>
        </extensions>
      </trkpt>
      <trkpt lat="22.598415093987157" lon="113.82708828426539">
        <ele>9.399999618530273</ele>
        <time>2026-05-09T23:54:11Z</time>
        <extensions>
          <gpxtpx:TrackPointExtension>
            <gpxtpx:hr>136</gpxtpx:hr>
          </gpxtpx:TrackPointExtension>
        </extensions>
      </trkpt>
      <trkpt lat="22.598340175922456" lon="113.8271263915035">
        <ele>9.399999618530273</ele>
        <time>2026-05-09T23:54:15Z</time>
        <extensions>
          <gpxtpx:TrackPointExtension>
            <gpxtpx:hr>136</gpxtpx:hr>
          </gpxtpx:TrackPointExtension>
        </extensions>
      </trkpt>
      <trkpt lat="22.59826724246797" lon="113.82715647704752">
        <ele>9.399999618530273</ele>
        <time>2026-05-09T23:54:19Z</time>
        <extensions>
          <gpxtpx:TrackPointExtension>
            <gpxtpx:hr>136</gpxtpx:hr>
          </gpxtpx:TrackPointExtension>
        </extensions>
      </trkpt>
      <trkpt lat="22.598197316151047" lon="113.82719057317705">
        <ele>9.600000381469727</ele>
        <time>2026-05-09T23:54:23Z</time>
        <extensions>
          <gpxtpx:TrackPointExtension>
            <gpxtpx:hr>139</gpxtpx:hr>
          </gpxtpx:TrackPointExtension>
        </extensions>
      </trkpt>
      <trkpt lat="22.59812238294781" lon="113.8272206588441">
        <ele>9.399999618530273</ele>
        <time>2026-05-09T23:54:27Z</time>
        <extensions>
          <gpxtpx:TrackPointExtension>
            <gpxtpx:hr>139</gpxtpx:hr>
          </gpxtpx:TrackPointExtension>
        </extensions>
      </trkpt>
      <trkpt lat="22.598046446093512" lon="113.82724873918283">
        <ele>9.399999618530273</ele>
        <time>2026-05-09T23:54:31Z</time>
        <extensions>
          <gpxtpx:TrackPointExtension>
            <gpxtpx:hr>141</gpxtpx:hr>
          </gpxtpx:TrackPointExtension>
        </extensions>
      </trkpt>
      <trkpt lat="22.597971520422398" lon="113.82728283562446">
        <ele>9.399999618530273</ele>
        <time>2026-05-09T23:54:35Z</time>
        <extensions>
          <gpxtpx:TrackPointExtension>
            <gpxtpx:hr>140</gpxtpx:hr>
          </gpxtpx:TrackPointExtension>
        </extensions>
      </trkpt>
      <trkpt lat="22.59789460444979" lon="113.82732194566502">
        <ele>9.399999618530273</ele>
        <time>2026-05-09T23:54:39Z</time>
        <extensions>
          <gpxtpx:TrackPointExtension>
            <gpxtpx:hr>139</gpxtpx:hr>
          </gpxtpx:TrackPointExtension>
        </extensions>
      </trkpt>
      <trkpt lat="22.597813683340952" lon="113.82735804787391">
        <ele>9.199999809265137</ele>
        <time>2026-05-09T23:54:43Z</time>
        <extensions>
          <gpxtpx:TrackPointExtension>
            <gpxtpx:hr>139</gpxtpx:hr>
          </gpxtpx:TrackPointExtension>
        </extensions>
      </trkpt>
      <trkpt lat="22.597745768017756" lon="113.82739816002284">
        <ele>9.399999618530273</ele>
        <time>2026-05-09T23:54:47Z</time>
        <extensions>
          <gpxtpx:TrackPointExtension>
            <gpxtpx:hr>136</gpxtpx:hr>
          </gpxtpx:TrackPointExtension>
        </extensions>
      </trkpt>
      <trkpt lat="22.59767584540277" lon="113.82743426151762">
        <ele>9.399999618530273</ele>
        <time>2026-05-09T23:54:51Z</time>
        <extensions>
          <gpxtpx:TrackPointExtension>
            <gpxtpx:hr>133</gpxtpx:hr>
          </gpxtpx:TrackPointExtension>
        </extensions>
      </trkpt>
      <trkpt lat="22.597600934774487" lon="113.82747637949545">
        <ele>9.199999809265137</ele>
        <time>2026-05-09T23:54:55Z</time>
        <extensions>
          <gpxtpx:TrackPointExtension>
            <gpxtpx:hr>125</gpxtpx:hr>
          </gpxtpx:TrackPointExtension>
        </extensions>
      </trkpt>
      <trkpt lat="22.597528033300016" lon="113.82752351081051">
        <ele>9.199999809265137</ele>
        <time>2026-05-09T23:54:59Z</time>
        <extensions>
          <gpxtpx:TrackPointExtension>
            <gpxtpx:hr>126</gpxtpx:hr>
          </gpxtpx:TrackPointExtension>
        </extensions>
      </trkpt>
      <trkpt lat="22.597452130327397" lon="113.82756963961731">
        <ele>9.199999809265137</ele>
        <time>2026-05-09T23:55:03Z</time>
        <extensions>
          <gpxtpx:TrackPointExtension>
            <gpxtpx:hr>131</gpxtpx:hr>
          </gpxtpx:TrackPointExtension>
        </extensions>
      </trkpt>
      <trkpt lat="22.59738923502796" lon="113.8276207810527">
        <ele>9.0</ele>
        <time>2026-05-09T23:55:07Z</time>
        <extensions>
          <gpxtpx:TrackPointExtension>
            <gpxtpx:hr>131</gpxtpx:hr>
          </gpxtpx:TrackPointExtension>
        </extensions>
      </trkpt>
      <trkpt lat="22.597314316798364" lon="113.82765888823143">
        <ele>9.199999809265137</ele>
        <time>2026-05-09T23:55:11Z</time>
        <extensions>
          <gpxtpx:TrackPointExtension>
            <gpxtpx:hr>133</gpxtpx:hr>
          </gpxtpx:TrackPointExtension>
        </extensions>
      </trkpt>
      <trkpt lat="22.59725239869891" lon="113.82769799726489">
        <ele>9.199999809265137</ele>
        <time>2026-05-09T23:55:15Z</time>
        <extensions>
          <gpxtpx:TrackPointExtension>
            <gpxtpx:hr>133</gpxtpx:hr>
          </gpxtpx:TrackPointExtension>
        </extensions>
      </trkpt>
      <trkpt lat="22.597186486784775" lon="113.82774011463071">
        <ele>9.199999809265137</ele>
        <time>2026-05-09T23:55:19Z</time>
        <extensions>
          <gpxtpx:TrackPointExtension>
            <gpxtpx:hr>134</gpxtpx:hr>
          </gpxtpx:TrackPointExtension>
        </extensions>
      </trkpt>
      <trkpt lat="22.597124572436392" lon="113.82778122904075">
        <ele>9.199999809265137</ele>
        <time>2026-05-09T23:55:23Z</time>
        <extensions>
          <gpxtpx:TrackPointExtension>
            <gpxtpx:hr>136</gpxtpx:hr>
          </gpxtpx:TrackPointExtension>
        </extensions>
      </trkpt>
      <trkpt lat="22.59705365739621" lon="113.82782134132961">
        <ele>9.199999809265137</ele>
        <time>2026-05-09T23:55:27Z</time>
        <extensions>
          <gpxtpx:TrackPointExtension>
            <gpxtpx:hr>138</gpxtpx:hr>
          </gpxtpx:TrackPointExtension>
        </extensions>
      </trkpt>
      <trkpt lat="22.59698175379336" lon="113.82786746983597">
        <ele>9.399999618530273</ele>
        <time>2026-05-09T23:55:31Z</time>
        <extensions>
          <gpxtpx:TrackPointExtension>
            <gpxtpx:hr>138</gpxtpx:hr>
          </gpxtpx:TrackPointExtension>
        </extensions>
      </trkpt>
      <trkpt lat="22.596903837777898" lon="113.82790657986959">
        <ele>9.199999809265137</ele>
        <time>2026-05-09T23:55:35Z</time>
        <extensions>
          <gpxtpx:TrackPointExtension>
            <gpxtpx:hr>138</gpxtpx:hr>
          </gpxtpx:TrackPointExtension>
        </extensions>
      </trkpt>
      <trkpt lat="22.596830915423812" lon="113.8279426814987">
        <ele>9.199999809265137</ele>
        <time>2026-05-09T23:55:39Z</time>
        <extensions>
          <gpxtpx:TrackPointExtension>
            <gpxtpx:hr>138</gpxtpx:hr>
          </gpxtpx:TrackPointExtension>
        </extensions>
      </trkpt>
      <trkpt lat="22.59676199818044" lon="113.82798179094478">
        <ele>9.199999809265137</ele>
        <time>2026-05-09T23:55:43Z</time>
        <extensions>
          <gpxtpx:TrackPointExtension>
            <gpxtpx:hr>138</gpxtpx:hr>
          </gpxtpx:TrackPointExtension>
        </extensions>
      </trkpt>
      <trkpt lat="22.596694086447854" lon="113.82802390839919">
        <ele>9.199999809265137</ele>
        <time>2026-05-09T23:55:47Z</time>
        <extensions>
          <gpxtpx:TrackPointExtension>
            <gpxtpx:hr>138</gpxtpx:hr>
          </gpxtpx:TrackPointExtension>
        </extensions>
      </trkpt>
      <trkpt lat="22.596622180891696" lon="113.82806903418135">
        <ele>9.0</ele>
        <time>2026-05-09T23:55:51Z</time>
        <extensions>
          <gpxtpx:TrackPointExtension>
            <gpxtpx:hr>139</gpxtpx:hr>
          </gpxtpx:TrackPointExtension>
        </extensions>
      </trkpt>
      <trkpt lat="22.596562254871248" lon="113.82810413226368">
        <ele>9.199999809265137</ele>
        <time>2026-05-09T23:55:55Z</time>
        <extensions>
          <gpxtpx:TrackPointExtension>
            <gpxtpx:hr>139</gpxtpx:hr>
          </gpxtpx:TrackPointExtension>
        </extensions>
      </trkpt>
      <trkpt lat="22.59649433744682" lon="113.82814324162361">
        <ele>9.0</ele>
        <time>2026-05-09T23:55:59Z</time>
        <extensions>
          <gpxtpx:TrackPointExtension>
            <gpxtpx:hr>139</gpxtpx:hr>
          </gpxtpx:TrackPointExtension>
        </extensions>
      </trkpt>
      <trkpt lat="22.59642441839204" lon="113.8281813484144">
        <ele>9.0</ele>
        <time>2026-05-09T23:56:03Z</time>
        <extensions>
          <gpxtpx:TrackPointExtension>
            <gpxtpx:hr>139</gpxtpx:hr>
          </gpxtpx:TrackPointExtension>
        </extensions>
      </trkpt>
      <trkpt lat="22.596354499325297" lon="113.82821945519996">
        <ele>9.199999809265137</ele>
        <time>2026-05-09T23:56:07Z</time>
        <extensions>
          <gpxtpx:TrackPointExtension>
            <gpxtpx:hr>139</gpxtpx:hr>
          </gpxtpx:TrackPointExtension>
        </extensions>
      </trkpt>
      <trkpt lat="22.59628458966869" lon="113.82826257543886">
        <ele>9.0</ele>
        <time>2026-05-09T23:56:11Z</time>
        <extensions>
          <gpxtpx:TrackPointExtension>
            <gpxtpx:hr>139</gpxtpx:hr>
          </gpxtpx:TrackPointExtension>
        </extensions>
      </trkpt>
      <trkpt lat="22.59621568740246" lon="113.82830970637302">
        <ele>9.0</ele>
        <time>2026-05-09T23:56:15Z</time>
        <extensions>
          <gpxtpx:TrackPointExtension>
            <gpxtpx:hr>139</gpxtpx:hr>
          </gpxtpx:TrackPointExtension>
        </extensions>
      </trkpt>
      <trkpt lat="22.596145775833733" lon="113.8283518239062">
        <ele>9.0</ele>
        <time>2026-05-09T23:56:19Z</time>
        <extensions>
          <gpxtpx:TrackPointExtension>
            <gpxtpx:hr>140</gpxtpx:hr>
          </gpxtpx:TrackPointExtension>
        </extensions>
      </trkpt>
      <trkpt lat="22.59608285578713" lon="113.82838993021863">
        <ele>9.199999809265137</ele>
        <time>2026-05-09T23:56:23Z</time>
        <extensions>
          <gpxtpx:TrackPointExtension>
            <gpxtpx:hr>142</gpxtpx:hr>
          </gpxtpx:TrackPointExtension>
        </extensions>
      </trkpt>
      <trkpt lat="22.596012940425258" lon="113.82843004235691">
        <ele>9.199999809265137</ele>
        <time>2026-05-09T23:56:27Z</time>
        <extensions>
          <gpxtpx:TrackPointExtension>
            <gpxtpx:hr>140</gpxtpx:hr>
          </gpxtpx:TrackPointExtension>
        </extensions>
      </trkpt>
      <trkpt lat="22.59594001791377" lon="113.82846614391772">
        <ele>9.199999809265137</ele>
        <time>2026-05-09T23:56:31Z</time>
        <extensions>
          <gpxtpx:TrackPointExtension>
            <gpxtpx:hr>139</gpxtpx:hr>
          </gpxtpx:TrackPointExtension>
        </extensions>
      </trkpt>
      <trkpt lat="22.595870098759637" lon="113.82850425066266">
        <ele>9.199999809265137</ele>
        <time>2026-05-09T23:56:35Z</time>
        <extensions>
          <gpxtpx:TrackPointExtension>
            <gpxtpx:hr>139</gpxtpx:hr>
          </gpxtpx:TrackPointExtension>
        </extensions>
      </trkpt>
      <trkpt lat="22.59579617823927" lon="113.82854135496792">
        <ele>9.199999809265137</ele>
        <time>2026-05-09T23:56:39Z</time>
        <extensions>
          <gpxtpx:TrackPointExtension>
            <gpxtpx:hr>136</gpxtpx:hr>
          </gpxtpx:TrackPointExtension>
        </extensions>
      </trkpt>
      <trkpt lat="22.59572726081109" lon="113.82858046432806">
        <ele>9.199999809265137</ele>
        <time>2026-05-09T23:56:43Z</time>
        <extensions>
          <gpxtpx:TrackPointExtension>
            <gpxtpx:hr>136</gpxtpx:hr>
          </gpxtpx:TrackPointExtension>
        </extensions>
      </trkpt>
      <trkpt lat="22.5956633634214" lon="113.82863060295516">
        <ele>9.199999809265137</ele>
        <time>2026-05-09T23:56:47Z</time>
        <extensions>
          <gpxtpx:TrackPointExtension>
            <gpxtpx:hr>136</gpxtpx:hr>
          </gpxtpx:TrackPointExtension>
        </extensions>
      </trkpt>
      <trkpt lat="22.595598449203667" lon="113.82867171742518">
        <ele>9.0</ele>
        <time>2026-05-09T23:56:51Z</time>
        <extensions>
          <gpxtpx:TrackPointExtension>
            <gpxtpx:hr>135</gpxtpx:hr>
          </gpxtpx:TrackPointExtension>
        </extensions>
      </trkpt>
      <trkpt lat="22.595530535369225" lon="113.82871283208088">
        <ele>9.399999618530273</ele>
        <time>2026-05-09T23:56:55Z</time>
        <extensions>
          <gpxtpx:TrackPointExtension>
            <gpxtpx:hr>133</gpxtpx:hr>
          </gpxtpx:TrackPointExtension>
        </extensions>
      </trkpt>
      <trkpt lat="22.59545763347497" lon="113.8287599631894">
        <ele>9.0</ele>
        <time>2026-05-09T23:56:59Z</time>
        <extensions>
          <gpxtpx:TrackPointExtension>
            <gpxtpx:hr>133</gpxtpx:hr>
          </gpxtpx:TrackPointExtension>
        </extensions>
      </trkpt>
      <trkpt lat="22.595394713306906" lon="113.82879806944064">
        <ele>9.0</ele>
        <time>2026-05-09T23:57:03Z</time>
        <extensions>
          <gpxtpx:TrackPointExtension>
            <gpxtpx:hr>135</gpxtpx:hr>
          </gpxtpx:TrackPointExtension>
        </extensions>
      </trkpt>
      <trkpt lat="22.595330804550812" lon="113.82884219188693">
        <ele>9.0</ele>
        <time>2026-05-09T23:57:07Z</time>
        <extensions>
          <gpxtpx:TrackPointExtension>
            <gpxtpx:hr>137</gpxtpx:hr>
          </gpxtpx:TrackPointExtension>
        </extensions>
      </trkpt>
      <trkpt lat="22.595257900729177" lon="113.82888832028105">
        <ele>9.199999809265137</ele>
        <time>2026-05-09T23:57:11Z</time>
        <extensions>
          <gpxtpx:TrackPointExtension>
            <gpxtpx:hr>138</gpxtpx:hr>
          </gpxtpx:TrackPointExtension>
        </extensions>
      </trkpt>
      <trkpt lat="22.595185972299472" lon="113.82892141364366">
        <ele>9.0</ele>
        <time>2026-05-09T23:57:15Z</time>
        <extensions>
          <gpxtpx:TrackPointExtension>
            <gpxtpx:hr>138</gpxtpx:hr>
          </gpxtpx:TrackPointExtension>
        </extensions>
      </trkpt>
      <trkpt lat="22.59511506442217" lon="113.82896553651618">
        <ele>9.0</ele>
        <time>2026-05-09T23:57:19Z</time>
        <extensions>
          <gpxtpx:TrackPointExtension>
            <gpxtpx:hr>136</gpxtpx:hr>
          </gpxtpx:TrackPointExtension>
        </extensions>
      </trkpt>
      <trkpt lat="22.595053144059957" lon="113.8290036426704">
        <ele>9.0</ele>
        <time>2026-05-09T23:57:23Z</time>
        <extensions>
          <gpxtpx:TrackPointExtension>
            <gpxtpx:hr>137</gpxtpx:hr>
          </gpxtpx:TrackPointExtension>
        </extensions>
      </trkpt>
      <trkpt lat="22.594984222724317" lon="113.82904074657881">
        <ele>9.0</ele>
        <time>2026-05-09T23:57:27Z</time>
        <extensions>
          <gpxtpx:TrackPointExtension>
            <gpxtpx:hr>139</gpxtpx:hr>
          </gpxtpx:TrackPointExtension>
        </extensions>
      </trkpt>
      <trkpt lat="22.594914316554163" lon="113.829085872053">
        <ele>9.0</ele>
        <time>2026-05-09T23:57:31Z</time>
        <extensions>
          <gpxtpx:TrackPointExtension>
            <gpxtpx:hr>140</gpxtpx:hr>
          </gpxtpx:TrackPointExtension>
        </extensions>
      </trkpt>
      <trkpt lat="22.594847406213667" lon="113.82912899194939">
        <ele>9.0</ele>
        <time>2026-05-09T23:57:35Z</time>
        <extensions>
          <gpxtpx:TrackPointExtension>
            <gpxtpx:hr>142</gpxtpx:hr>
          </gpxtpx:TrackPointExtension>
        </extensions>
      </trkpt>
      <trkpt lat="22.59477750001266" lon="113.82917411740613">
        <ele>9.0</ele>
        <time>2026-05-09T23:57:39Z</time>
        <extensions>
          <gpxtpx:TrackPointExtension>
            <gpxtpx:hr>141</gpxtpx:hr>
          </gpxtpx:TrackPointExtension>
        </extensions>
      </trkpt>
      <trkpt lat="22.59470758251459" lon="113.82921322672665">
        <ele>8.800000190734863</ele>
        <time>2026-05-09T23:57:43Z</time>
        <extensions>
          <gpxtpx:TrackPointExtension>
            <gpxtpx:hr>140</gpxtpx:hr>
          </gpxtpx:TrackPointExtension>
        </extensions>
      </trkpt>
      <trkpt lat="22.594624664824146" lon="113.82925133418647">
        <ele>9.0</ele>
        <time>2026-05-09T23:57:47Z</time>
        <extensions>
          <gpxtpx:TrackPointExtension>
            <gpxtpx:hr>141</gpxtpx:hr>
          </gpxtpx:TrackPointExtension>
        </extensions>
      </trkpt>
      <trkpt lat="22.594548729283943" lon="113.82928041700276">
        <ele>9.0</ele>
        <time>2026-05-09T23:57:51Z</time>
        <extensions>
          <gpxtpx:TrackPointExtension>
            <gpxtpx:hr>139</gpxtpx:hr>
          </gpxtpx:TrackPointExtension>
        </extensions>
      </trkpt>
      <trkpt lat="22.594475821536015" lon="113.82932453993385">
        <ele>9.0</ele>
        <time>2026-05-09T23:57:55Z</time>
        <extensions>
          <gpxtpx:TrackPointExtension>
            <gpxtpx:hr>139</gpxtpx:hr>
          </gpxtpx:TrackPointExtension>
        </extensions>
      </trkpt>
      <trkpt lat="22.594402904374515" lon="113.82936364942013">
        <ele>9.0</ele>
        <time>2026-05-09T23:57:59Z</time>
        <extensions>
          <gpxtpx:TrackPointExtension>
            <gpxtpx:hr>140</gpxtpx:hr>
          </gpxtpx:TrackPointExtension>
        </extensions>
      </trkpt>
      <trkpt lat="22.594329998474425" lon="113.82940877502135">
        <ele>9.0</ele>
        <time>2026-05-09T23:58:03Z</time>
        <extensions>
          <gpxtpx:TrackPointExtension>
            <gpxtpx:hr>139</gpxtpx:hr>
          </gpxtpx:TrackPointExtension>
        </extensions>
      </trkpt>
      <trkpt lat="22.594255087181168" lon="113.82945089268107">
        <ele>9.0</ele>
        <time>2026-05-09T23:58:07Z</time>
        <extensions>
          <gpxtpx:TrackPointExtension>
            <gpxtpx:hr>140</gpxtpx:hr>
          </gpxtpx:TrackPointExtension>
        </extensions>
      </trkpt>
      <trkpt lat="22.59418518649347" lon="113.82949902613126">
        <ele>9.0</ele>
        <time>2026-05-09T23:58:11Z</time>
        <extensions>
          <gpxtpx:TrackPointExtension>
            <gpxtpx:hr>139</gpxtpx:hr>
          </gpxtpx:TrackPointExtension>
        </extensions>
      </trkpt>
      <trkpt lat="22.594106271931068" lon="113.8295391386569">
        <ele>9.0</ele>
        <time>2026-05-09T23:58:15Z</time>
        <extensions>
          <gpxtpx:TrackPointExtension>
            <gpxtpx:hr>139</gpxtpx:hr>
          </gpxtpx:TrackPointExtension>
        </extensions>
      </trkpt>
      <trkpt lat="22.594047371655957" lon="113.82958827406766">
        <ele>9.0</ele>
        <time>2026-05-09T23:58:19Z</time>
        <extensions>
          <gpxtpx:TrackPointExtension>
            <gpxtpx:hr>140</gpxtpx:hr>
          </gpxtpx:TrackPointExtension>
        </extensions>
      </trkpt>
      <trkpt lat="22.593974450647025" lon="113.82962537813353">
        <ele>9.199999809265137</ele>
        <time>2026-05-09T23:58:23Z</time>
        <extensions>
          <gpxtpx:TrackPointExtension>
            <gpxtpx:hr>141</gpxtpx:hr>
          </gpxtpx:TrackPointExtension>
        </extensions>
      </trkpt>
      <trkpt lat="22.593897520754084" lon="113.82965746902023">
        <ele>9.0</ele>
        <time>2026-05-09T23:58:27Z</time>
        <extensions>
          <gpxtpx:TrackPointExtension>
            <gpxtpx:hr>142</gpxtpx:hr>
          </gpxtpx:TrackPointExtension>
        </extensions>
      </trkpt>
      <trkpt lat="22.59382560334392" lon="113.82969657838073">
        <ele>9.0</ele>
        <time>2026-05-09T23:58:31Z</time>
        <extensions>
          <gpxtpx:TrackPointExtension>
            <gpxtpx:hr>144</gpxtpx:hr>
          </gpxtpx:TrackPointExtension>
        </extensions>
      </trkpt>
      <trkpt lat="22.59376467510394" lon="113.82973067360109">
        <ele>8.800000190734863</ele>
        <time>2026-05-09T23:58:35Z</time>
        <extensions>
          <gpxtpx:TrackPointExtension>
            <gpxtpx:hr>144</gpxtpx:hr>
          </gpxtpx:TrackPointExtension>
        </extensions>
      </trkpt>
      <trkpt lat="22.593700747242266" lon="113.82976476900812">
        <ele>9.0</ele>
        <time>2026-05-09T23:58:39Z</time>
        <extensions>
          <gpxtpx:TrackPointExtension>
            <gpxtpx:hr>147</gpxtpx:hr>
          </gpxtpx:TrackPointExtension>
        </extensions>
      </trkpt>
      <trkpt lat="22.59364083011445" lon="113.82980488026351">
        <ele>9.199999809265137</ele>
        <time>2026-05-09T23:58:43Z</time>
        <extensions>
          <gpxtpx:TrackPointExtension>
            <gpxtpx:hr>144</gpxtpx:hr>
          </gpxtpx:TrackPointExtension>
        </extensions>
      </trkpt>
      <trkpt lat="22.59357590611311" lon="113.82984098109193">
        <ele>9.199999809265137</ele>
        <time>2026-05-09T23:58:47Z</time>
        <extensions>
          <gpxtpx:TrackPointExtension>
            <gpxtpx:hr>141</gpxtpx:hr>
          </gpxtpx:TrackPointExtension>
        </extensions>
      </trkpt>
      <trkpt lat="22.593508984235267" lon="113.8298780847268">
        <ele>9.399999618530273</ele>
        <time>2026-05-09T23:58:51Z</time>
        <extensions>
          <gpxtpx:TrackPointExtension>
            <gpxtpx:hr>136</gpxtpx:hr>
          </gpxtpx:TrackPointExtension>
        </extensions>
      </trkpt>
      <trkpt lat="22.593444069592294" lon="113.8299191989646">
        <ele>9.199999809265137</ele>
        <time>2026-05-09T23:58:55Z</time>
        <extensions>
          <gpxtpx:TrackPointExtension>
            <gpxtpx:hr>136</gpxtpx:hr>
          </gpxtpx:TrackPointExtension>
        </extensions>
      </trkpt>
      <trkpt lat="22.59337415182846" lon="113.82995830814582">
        <ele>9.0</ele>
        <time>2026-05-09T23:58:59Z</time>
        <extensions>
          <gpxtpx:TrackPointExtension>
            <gpxtpx:hr>133</gpxtpx:hr>
          </gpxtpx:TrackPointExtension>
        </extensions>
      </trkpt>
      <trkpt lat="22.593317239875596" lon="113.83000142722202">
        <ele>9.0</ele>
        <time>2026-05-09T23:59:03Z</time>
        <extensions>
          <gpxtpx:TrackPointExtension>
            <gpxtpx:hr>133</gpxtpx:hr>
          </gpxtpx:TrackPointExtension>
        </extensions>
      </trkpt>
      <trkpt lat="22.593255298538217" lon="113.8300285036666">
        <ele>9.0</ele>
        <time>2026-05-09T23:59:07Z</time>
        <extensions>
          <gpxtpx:TrackPointExtension>
            <gpxtpx:hr>133</gpxtpx:hr>
          </gpxtpx:TrackPointExtension>
        </extensions>
      </trkpt>
      <trkpt lat="22.593193368447245" lon="113.83006159621019">
        <ele>9.0</ele>
        <time>2026-05-09T23:59:11Z</time>
        <extensions>
          <gpxtpx:TrackPointExtension>
            <gpxtpx:hr>135</gpxtpx:hr>
          </gpxtpx:TrackPointExtension>
        </extensions>
      </trkpt>
      <trkpt lat="22.59312345063103" lon="113.83010070536268">
        <ele>9.0</ele>
        <time>2026-05-09T23:59:15Z</time>
        <extensions>
          <gpxtpx:TrackPointExtension>
            <gpxtpx:hr>139</gpxtpx:hr>
          </gpxtpx:TrackPointExtension>
        </extensions>
      </trkpt>
      <trkpt lat="22.593050544439276" lon="113.83014583079974">
        <ele>9.0</ele>
        <time>2026-05-09T23:59:19Z</time>
        <extensions>
          <gpxtpx:TrackPointExtension>
            <gpxtpx:hr>139</gpxtpx:hr>
          </gpxtpx:TrackPointExtension>
        </extensions>
      </trkpt>
      <trkpt lat="22.59298264696137" lon="113.83019596932098">
        <ele>9.0</ele>
        <time>2026-05-09T23:59:23Z</time>
        <extensions>
          <gpxtpx:TrackPointExtension>
            <gpxtpx:hr>141</gpxtpx:hr>
          </gpxtpx:TrackPointExtension>
        </extensions>
      </trkpt>
      <trkpt lat="22.59291274034674" lon="113.83024109454297">
        <ele>9.0</ele>
        <time>2026-05-09T23:59:27Z</time>
        <extensions>
          <gpxtpx:TrackPointExtension>
            <gpxtpx:hr>140</gpxtpx:hr>
          </gpxtpx:TrackPointExtension>
        </extensions>
      </trkpt>
      <trkpt lat="22.59284281496811" lon="113.83027619292774">
        <ele>9.0</ele>
        <time>2026-05-09T23:59:31Z</time>
        <extensions>
          <gpxtpx:TrackPointExtension>
            <gpxtpx:hr>139</gpxtpx:hr>
          </gpxtpx:TrackPointExtension>
        </extensions>
      </trkpt>
      <trkpt lat="22.59277690593234" lon="113.83032031519141">
        <ele>9.0</ele>
        <time>2026-05-09T23:59:35Z</time>
        <extensions>
          <gpxtpx:TrackPointExtension>
            <gpxtpx:hr>139</gpxtpx:hr>
          </gpxtpx:TrackPointExtension>
        </extensions>
      </trkpt>
      <trkpt lat="22.592709995134296" lon="113.8303634348265">
        <ele>9.199999809265137</ele>
        <time>2026-05-09T23:59:39Z</time>
        <extensions>
          <gpxtpx:TrackPointExtension>
            <gpxtpx:hr>138</gpxtpx:hr>
          </gpxtpx:TrackPointExtension>
        </extensions>
      </trkpt>
      <trkpt lat="22.59264707443691" lon="113.83040154078515">
        <ele>9.199999809265137</ele>
        <time>2026-05-09T23:59:43Z</time>
        <extensions>
          <gpxtpx:TrackPointExtension>
            <gpxtpx:hr>139</gpxtpx:hr>
          </gpxtpx:TrackPointExtension>
        </extensions>
      </trkpt>
      <trkpt lat="22.592580146744243" lon="113.83043563626515">
        <ele>9.199999809265137</ele>
        <time>2026-05-09T23:59:47Z</time>
        <extensions>
          <gpxtpx:TrackPointExtension>
            <gpxtpx:hr>138</gpxtpx:hr>
          </gpxtpx:TrackPointExtension>
        </extensions>
      </trkpt>
      <trkpt lat="22.592512237902728" lon="113.83047975861865">
        <ele>9.0</ele>
        <time>2026-05-09T23:59:51Z</time>
        <extensions>
          <gpxtpx:TrackPointExtension>
            <gpxtpx:hr>136</gpxtpx:hr>
          </gpxtpx:TrackPointExtension>
        </extensions>
      </trkpt>
      <trkpt lat="22.592442303074208" lon="113.83050984355071">
        <ele>9.0</ele>
        <time>2026-05-09T23:59:55Z</time>
        <extensions>
          <gpxtpx:TrackPointExtension>
            <gpxtpx:hr>135</gpxtpx:hr>
          </gpxtpx:TrackPointExtension>
        </extensions>
      </trkpt>
      <trkpt lat="22.592367393224713" lon="113.83055296365364">
        <ele>9.0</ele>
        <time>2026-05-09T23:59:59Z</time>
        <extensions>
          <gpxtpx:TrackPointExtension>
            <gpxtpx:hr>133</gpxtpx:hr>
          </gpxtpx:TrackPointExtension>
        </extensions>
      </trkpt>
      <trkpt lat="22.59230448556807" lon="113.83059808833859">
        <ele>9.0</ele>
        <time>2026-05-10T00:00:03Z</time>
        <extensions>
          <gpxtpx:TrackPointExtension>
            <gpxtpx:hr>133</gpxtpx:hr>
          </gpxtpx:TrackPointExtension>
        </extensions>
      </trkpt>
      <trkpt lat="22.59222957381062" lon="113.83064020573943">
        <ele>9.0</ele>
        <time>2026-05-10T00:00:07Z</time>
        <extensions>
          <gpxtpx:TrackPointExtension>
            <gpxtpx:hr>133</gpxtpx:hr>
          </gpxtpx:TrackPointExtension>
        </extensions>
      </trkpt>
      <trkpt lat="22.592159663269268" lon="113.83068332549006">
        <ele>9.0</ele>
        <time>2026-05-10T00:00:11Z</time>
        <extensions>
          <gpxtpx:TrackPointExtension>
            <gpxtpx:hr>133</gpxtpx:hr>
          </gpxtpx:TrackPointExtension>
        </extensions>
      </trkpt>
      <trkpt lat="22.592093759688275" lon="113.83073045569421">
        <ele>9.0</ele>
        <time>2026-05-10T00:00:15Z</time>
        <extensions>
          <gpxtpx:TrackPointExtension>
            <gpxtpx:hr>134</gpxtpx:hr>
          </gpxtpx:TrackPointExtension>
        </extensions>
      </trkpt>
      <trkpt lat="22.592023847239904" lon="113.8307725727426">
        <ele>9.0</ele>
        <time>2026-05-10T00:00:19Z</time>
        <extensions>
          <gpxtpx:TrackPointExtension>
            <gpxtpx:hr>134</gpxtpx:hr>
          </gpxtpx:TrackPointExtension>
        </extensions>
      </trkpt>
      <trkpt lat="22.591953927288525" lon="113.83081067906205">
        <ele>9.399999618530273</ele>
        <time>2026-05-10T00:00:23Z</time>
        <extensions>
          <gpxtpx:TrackPointExtension>
            <gpxtpx:hr>136</gpxtpx:hr>
          </gpxtpx:TrackPointExtension>
        </extensions>
      </trkpt>
      <trkpt lat="22.59188199447756" lon="113.8308417667449">
        <ele>9.199999809265137</ele>
        <time>2026-05-10T00:00:27Z</time>
        <extensions>
          <gpxtpx:TrackPointExtension>
            <gpxtpx:hr>137</gpxtpx:hr>
          </gpxtpx:TrackPointExtension>
        </extensions>
      </trkpt>
      <trkpt lat="22.591817073861193" lon="113.83087987272837">
        <ele>9.199999809265137</ele>
        <time>2026-05-10T00:00:31Z</time>
        <extensions>
          <gpxtpx:TrackPointExtension>
            <gpxtpx:hr>136</gpxtpx:hr>
          </gpxtpx:TrackPointExtension>
        </extensions>
      </trkpt>
      <trkpt lat="22.59176218563354" lon="113.83093602628416">
        <ele>9.199999809265137</ele>
        <time>2026-05-10T00:00:35Z</time>
        <extensions>
          <gpxtpx:TrackPointExtension>
            <gpxtpx:hr>136</gpxtpx:hr>
          </gpxtpx:TrackPointExtension>
        </extensions>
      </trkpt>
      <trkpt lat="22.591699270342655" lon="113.83097714015435">
        <ele>9.0</ele>
        <time>2026-05-10T00:00:39Z</time>
        <extensions>
          <gpxtpx:TrackPointExtension>
            <gpxtpx:hr>136</gpxtpx:hr>
          </gpxtpx:TrackPointExtension>
        </extensions>
      </trkpt>
      <trkpt lat="22.591629340963316" lon="113.83101023303534">
        <ele>9.0</ele>
        <time>2026-05-10T00:00:43Z</time>
        <extensions>
          <gpxtpx:TrackPointExtension>
            <gpxtpx:hr>133</gpxtpx:hr>
          </gpxtpx:TrackPointExtension>
        </extensions>
      </trkpt>
      <trkpt lat="22.591552418069995" lon="113.83104633439332">
        <ele>9.0</ele>
        <time>2026-05-10T00:00:47Z</time>
        <extensions>
          <gpxtpx:TrackPointExtension>
            <gpxtpx:hr>133</gpxtpx:hr>
          </gpxtpx:TrackPointExtension>
        </extensions>
      </trkpt>
      <trkpt lat="22.591484495889166" lon="113.83108343784458">
        <ele>9.0</ele>
        <time>2026-05-10T00:00:51Z</time>
        <extensions>
          <gpxtpx:TrackPointExtension>
            <gpxtpx:hr>132</gpxtpx:hr>
          </gpxtpx:TrackPointExtension>
        </extensions>
      </trkpt>
      <trkpt lat="22.591421580538423" lon="113.83112455167829">
        <ele>9.0</ele>
        <time>2026-05-10T00:00:55Z</time>
        <extensions>
          <gpxtpx:TrackPointExtension>
            <gpxtpx:hr>130</gpxtpx:hr>
          </gpxtpx:TrackPointExtension>
        </extensions>
      </trkpt>
      <trkpt lat="22.591356659817365" lon="113.83116265759719">
        <ele>9.0</ele>
        <time>2026-05-10T00:00:59Z</time>
        <extensions>
          <gpxtpx:TrackPointExtension>
            <gpxtpx:hr>130</gpxtpx:hr>
          </gpxtpx:TrackPointExtension>
        </extensions>
      </trkpt>
      <trkpt lat="22.59129075976838" lon="113.83121179302171">
        <ele>9.0</ele>
        <time>2026-05-10T00:01:03Z</time>
        <extensions>
          <gpxtpx:TrackPointExtension>
            <gpxtpx:hr>132</gpxtpx:hr>
          </gpxtpx:TrackPointExtension>
        </extensions>
      </trkpt>
      <trkpt lat="22.591213844271433" lon="113.8312519050434">
        <ele>9.0</ele>
        <time>2026-05-10T00:01:07Z</time>
        <extensions>
          <gpxtpx:TrackPointExtension>
            <gpxtpx:hr>135</gpxtpx:hr>
          </gpxtpx:TrackPointExtension>
        </extensions>
      </trkpt>
      <trkpt lat="22.591144918402467" lon="113.83128700315834">
        <ele>9.0</ele>
        <time>2026-05-10T00:01:11Z</time>
        <extensions>
          <gpxtpx:TrackPointExtension>
            <gpxtpx:hr>135</gpxtpx:hr>
          </gpxtpx:TrackPointExtension>
        </extensions>
      </trkpt>
      <trkpt lat="22.5910779997402" lon="113.83132611184372">
        <ele>9.0</ele>
        <time>2026-05-10T00:01:15Z</time>
        <extensions>
          <gpxtpx:TrackPointExtension>
            <gpxtpx:hr>136</gpxtpx:hr>
          </gpxtpx:TrackPointExtension>
        </extensions>
      </trkpt>
      <trkpt lat="22.591004080078132" lon="113.83136421829184">
        <ele>9.0</ele>
        <time>2026-05-10T00:01:19Z</time>
        <extensions>
          <gpxtpx:TrackPointExtension>
            <gpxtpx:hr>136</gpxtpx:hr>
          </gpxtpx:TrackPointExtension>
        </extensions>
      </trkpt>
      <trkpt lat="22.590926179582297" lon="113.83141235174776">
        <ele>9.0</ele>
        <time>2026-05-10T00:01:23Z</time>
        <extensions>
          <gpxtpx:TrackPointExtension>
            <gpxtpx:hr>135</gpxtpx:hr>
          </gpxtpx:TrackPointExtension>
        </extensions>
      </trkpt>
      <trkpt lat="22.590861281159672" lon="113.83146248970722">
        <ele>9.0</ele>
        <time>2026-05-10T00:01:27Z</time>
        <extensions>
          <gpxtpx:TrackPointExtension>
            <gpxtpx:hr>134</gpxtpx:hr>
          </gpxtpx:TrackPointExtension>
        </extensions>
      </trkpt>
      <trkpt lat="22.590804363035893" lon="113.83150260038373">
        <ele>9.0</ele>
        <time>2026-05-10T00:01:31Z</time>
        <extensions>
          <gpxtpx:TrackPointExtension>
            <gpxtpx:hr>135</gpxtpx:hr>
          </gpxtpx:TrackPointExtension>
        </extensions>
      </trkpt>
      <trkpt lat="22.59073245238688" lon="113.83154572003686">
        <ele>9.0</ele>
        <time>2026-05-10T00:01:35Z</time>
        <extensions>
          <gpxtpx:TrackPointExtension>
            <gpxtpx:hr>136</gpxtpx:hr>
          </gpxtpx:TrackPointExtension>
        </extensions>
      </trkpt>
      <trkpt lat="22.590670529261036" lon="113.83158282298757">
        <ele>9.0</ele>
        <time>2026-05-10T00:01:39Z</time>
        <extensions>
          <gpxtpx:TrackPointExtension>
            <gpxtpx:hr>138</gpxtpx:hr>
          </gpxtpx:TrackPointExtension>
        </extensions>
      </trkpt>
      <trkpt lat="22.59059661509561" lon="113.83162393739717">
        <ele>9.0</ele>
        <time>2026-05-10T00:01:43Z</time>
        <extensions>
          <gpxtpx:TrackPointExtension>
            <gpxtpx:hr>137</gpxtpx:hr>
          </gpxtpx:TrackPointExtension>
        </extensions>
      </trkpt>
      <trkpt lat="22.59054568869129" lon="113.8316600369496">
        <ele>9.199999809265137</ele>
        <time>2026-05-10T00:01:47Z</time>
        <extensions>
          <gpxtpx:TrackPointExtension>
            <gpxtpx:hr>139</gpxtpx:hr>
          </gpxtpx:TrackPointExtension>
        </extensions>
      </trkpt>
      <trkpt lat="22.590486763279756" lon="113.83169613700622">
        <ele>9.199999809265137</ele>
        <time>2026-05-10T00:01:51Z</time>
        <extensions>
          <gpxtpx:TrackPointExtension>
            <gpxtpx:hr>139</gpxtpx:hr>
          </gpxtpx:TrackPointExtension>
        </extensions>
      </trkpt>
      <trkpt lat="22.590424868080856" lon="113.83174828002907">
        <ele>9.0</ele>
        <time>2026-05-10T00:01:55Z</time>
        <extensions>
          <gpxtpx:TrackPointExtension>
            <gpxtpx:hr>136</gpxtpx:hr>
          </gpxtpx:TrackPointExtension>
        </extensions>
      </trkpt>
      <trkpt lat="22.59036496328184" lon="113.83179540953816">
        <ele>9.199999809265137</ele>
        <time>2026-05-10T00:01:59Z</time>
        <extensions>
          <gpxtpx:TrackPointExtension>
            <gpxtpx:hr>135</gpxtpx:hr>
          </gpxtpx:TrackPointExtension>
        </extensions>
      </trkpt>
      <trkpt lat="22.590298070529833" lon="113.83184855552034">
        <ele>9.0</ele>
        <time>2026-05-10T00:02:03Z</time>
        <extensions>
          <gpxtpx:TrackPointExtension>
            <gpxtpx:hr>133</gpxtpx:hr>
          </gpxtpx:TrackPointExtension>
        </extensions>
      </trkpt>
      <trkpt lat="22.590231170294818" lon="113.83189769079222">
        <ele>9.0</ele>
        <time>2026-05-10T00:02:07Z</time>
        <extensions>
          <gpxtpx:TrackPointExtension>
            <gpxtpx:hr>133</gpxtpx:hr>
          </gpxtpx:TrackPointExtension>
        </extensions>
      </trkpt>
      <trkpt lat="22.590166253009365" lon="113.83193780186662">
        <ele>9.199999809265137</ele>
        <time>2026-05-10T00:02:11Z</time>
        <extensions>
          <gpxtpx:TrackPointExtension>
            <gpxtpx:hr>135</gpxtpx:hr>
          </gpxtpx:TrackPointExtension>
        </extensions>
      </trkpt>
      <trkpt lat="22.59009933595762" lon="113.83197791305827">
        <ele>9.199999809265137</ele>
        <time>2026-05-10T00:02:15Z</time>
        <extensions>
          <gpxtpx:TrackPointExtension>
            <gpxtpx:hr>136</gpxtpx:hr>
          </gpxtpx:TrackPointExtension>
        </extensions>
      </trkpt>
      <trkpt lat="22.590026421502746" lon="113.83201902729547">
        <ele>9.199999809265137</ele>
        <time>2026-05-10T00:02:19Z</time>
        <extensions>
          <gpxtpx:TrackPointExtension>
            <gpxtpx:hr>134</gpxtpx:hr>
          </gpxtpx:TrackPointExtension>
        </extensions>
      </trkpt>
      <trkpt lat="22.5899665426712" lon="113.83208019412181">
        <ele>9.0</ele>
        <time>2026-05-10T00:02:23Z</time>
        <extensions>
          <gpxtpx:TrackPointExtension>
            <gpxtpx:hr>135</gpxtpx:hr>
          </gpxtpx:TrackPointExtension>
        </extensions>
      </trkpt>
      <trkpt lat="22.589889615633147" lon="113.8321142898869">
        <ele>9.0</ele>
        <time>2026-05-10T00:02:27Z</time>
        <extensions>
          <gpxtpx:TrackPointExtension>
            <gpxtpx:hr>136</gpxtpx:hr>
          </gpxtpx:TrackPointExtension>
        </extensions>
      </trkpt>
      <trkpt lat="22.58982168745664" lon="113.8321483850672">
        <ele>9.0</ele>
        <time>2026-05-10T00:02:31Z</time>
        <extensions>
          <gpxtpx:TrackPointExtension>
            <gpxtpx:hr>136</gpxtpx:hr>
          </gpxtpx:TrackPointExtension>
        </extensions>
      </trkpt>
      <trkpt lat="22.589753764853494" lon="113.83218548825208">
        <ele>9.0</ele>
        <time>2026-05-10T00:02:35Z</time>
        <extensions>
          <gpxtpx:TrackPointExtension>
            <gpxtpx:hr>136</gpxtpx:hr>
          </gpxtpx:TrackPointExtension>
        </extensions>
      </trkpt>
      <trkpt lat="22.589684868429572" lon="113.83223662887953">
        <ele>9.0</ele>
        <time>2026-05-10T00:02:39Z</time>
        <extensions>
          <gpxtpx:TrackPointExtension>
            <gpxtpx:hr>138</gpxtpx:hr>
          </gpxtpx:TrackPointExtension>
        </extensions>
      </trkpt>
      <trkpt lat="22.589615966395616" lon="113.83228476147806">
        <ele>9.0</ele>
        <time>2026-05-10T00:02:43Z</time>
        <extensions>
          <gpxtpx:TrackPointExtension>
            <gpxtpx:hr>139</gpxtpx:hr>
          </gpxtpx:TrackPointExtension>
        </extensions>
      </trkpt>
      <trkpt lat="22.589543055529347" lon="113.83232788096714">
        <ele>9.0</ele>
        <time>2026-05-10T00:02:47Z</time>
        <extensions>
          <gpxtpx:TrackPointExtension>
            <gpxtpx:hr>140</gpxtpx:hr>
          </gpxtpx:TrackPointExtension>
        </extensions>
      </trkpt>
      <trkpt lat="22.58947514029903" lon="113.83236899478348">
        <ele>9.0</ele>
        <time>2026-05-10T00:02:51Z</time>
        <extensions>
          <gpxtpx:TrackPointExtension>
            <gpxtpx:hr>137</gpxtpx:hr>
          </gpxtpx:TrackPointExtension>
        </extensions>
      </trkpt>
      <trkpt lat="22.58941222442943" lon="113.83241010826737">
        <ele>9.0</ele>
        <time>2026-05-10T00:02:55Z</time>
        <extensions>
          <gpxtpx:TrackPointExtension>
            <gpxtpx:hr>137</gpxtpx:hr>
          </gpxtpx:TrackPointExtension>
        </extensions>
      </trkpt>
      <trkpt lat="22.589350312139413" lon="113.83245322701305">
        <ele>8.800000190734863</ele>
        <time>2026-05-10T00:02:59Z</time>
        <extensions>
          <gpxtpx:TrackPointExtension>
            <gpxtpx:hr>138</gpxtpx:hr>
          </gpxtpx:TrackPointExtension>
        </extensions>
      </trkpt>
      <trkpt lat="22.589287424137265" lon="113.8325093805016">
        <ele>8.800000190734863</ele>
        <time>2026-05-10T00:03:03Z</time>
        <extensions>
          <gpxtpx:TrackPointExtension>
            <gpxtpx:hr>136</gpxtpx:hr>
          </gpxtpx:TrackPointExtension>
        </extensions>
      </trkpt>
      <trkpt lat="22.58921951626949" lon="113.83255450493728">
        <ele>8.800000190734863</ele>
        <time>2026-05-10T00:03:07Z</time>
        <extensions>
          <gpxtpx:TrackPointExtension>
            <gpxtpx:hr>136</gpxtpx:hr>
          </gpxtpx:TrackPointExtension>
        </extensions>
      </trkpt>
      <trkpt lat="22.58915959437313" lon="113.83259261016984">
        <ele>8.800000190734863</ele>
        <time>2026-05-10T00:03:11Z</time>
        <extensions>
          <gpxtpx:TrackPointExtension>
            <gpxtpx:hr>135</gpxtpx:hr>
          </gpxtpx:TrackPointExtension>
        </extensions>
      </trkpt>
      <trkpt lat="22.589086659197058" lon="113.83262269488282">
        <ele>8.800000190734863</ele>
        <time>2026-05-10T00:03:15Z</time>
        <extensions>
          <gpxtpx:TrackPointExtension>
            <gpxtpx:hr>135</gpxtpx:hr>
          </gpxtpx:TrackPointExtension>
        </extensions>
      </trkpt>
      <trkpt lat="22.58902073243658" lon="113.8326577924782">
        <ele>8.800000190734863</ele>
        <time>2026-05-10T00:03:19Z</time>
        <extensions>
          <gpxtpx:TrackPointExtension>
            <gpxtpx:hr>135</gpxtpx:hr>
          </gpxtpx:TrackPointExtension>
        </extensions>
      </trkpt>
      <trkpt lat="22.588960817930573" lon="113.83269990835059">
        <ele>9.0</ele>
        <time>2026-05-10T00:03:23Z</time>
        <extensions>
          <gpxtpx:TrackPointExtension>
            <gpxtpx:hr>135</gpxtpx:hr>
          </gpxtpx:TrackPointExtension>
        </extensions>
      </trkpt>
      <trkpt lat="22.588893917280217" lon="113.83274904332622">
        <ele>9.0</ele>
        <time>2026-05-10T00:03:27Z</time>
        <extensions>
          <gpxtpx:TrackPointExtension>
            <gpxtpx:hr>136</gpxtpx:hr>
          </gpxtpx:TrackPointExtension>
        </extensions>
      </trkpt>
      <trkpt lat="22.588824007686455" lon="113.83279316514364">
        <ele>8.800000190734863</ele>
        <time>2026-05-10T00:03:31Z</time>
        <extensions>
          <gpxtpx:TrackPointExtension>
            <gpxtpx:hr>136</gpxtpx:hr>
          </gpxtpx:TrackPointExtension>
        </extensions>
      </trkpt>
      <trkpt lat="22.588760093615956" lon="113.83283528122973">
        <ele>8.800000190734863</ele>
        <time>2026-05-10T00:03:35Z</time>
        <extensions>
          <gpxtpx:TrackPointExtension>
            <gpxtpx:hr>136</gpxtpx:hr>
          </gpxtpx:TrackPointExtension>
        </extensions>
      </trkpt>
      <trkpt lat="22.588698188566784" lon="113.83288241050356">
        <ele>8.800000190734863</ele>
        <time>2026-05-10T00:03:39Z</time>
        <extensions>
          <gpxtpx:TrackPointExtension>
            <gpxtpx:hr>136</gpxtpx:hr>
          </gpxtpx:TrackPointExtension>
        </extensions>
      </trkpt>
      <trkpt lat="22.58863726294548" lon="113.83291851037593">
        <ele>8.800000190734863</ele>
        <time>2026-05-10T00:03:43Z</time>
        <extensions>
          <gpxtpx:TrackPointExtension>
            <gpxtpx:hr>136</gpxtpx:hr>
          </gpxtpx:TrackPointExtension>
        </extensions>
      </trkpt>
      <trkpt lat="22.588578340776596" lon="113.83295661544079">
        <ele>9.0</ele>
        <time>2026-05-10T00:03:47Z</time>
        <extensions>
          <gpxtpx:TrackPointExtension>
            <gpxtpx:hr>137</gpxtpx:hr>
          </gpxtpx:TrackPointExtension>
        </extensions>
      </trkpt>
      <trkpt lat="22.588514435915275" lon="113.83300374479923">
        <ele>8.800000190734863</ele>
        <time>2026-05-10T00:03:51Z</time>
        <extensions>
          <gpxtpx:TrackPointExtension>
            <gpxtpx:hr>138</gpxtpx:hr>
          </gpxtpx:TrackPointExtension>
        </extensions>
      </trkpt>
      <trkpt lat="22.588438523227325" lon="113.83304586158656">
        <ele>9.0</ele>
        <time>2026-05-10T00:03:55Z</time>
        <extensions>
          <gpxtpx:TrackPointExtension>
            <gpxtpx:hr>137</gpxtpx:hr>
          </gpxtpx:TrackPointExtension>
        </extensions>
      </trkpt>
      <trkpt lat="22.588380630574047" lon="113.83310000917757">
        <ele>9.0</ele>
        <time>2026-05-10T00:03:59Z</time>
        <extensions>
          <gpxtpx:TrackPointExtension>
            <gpxtpx:hr>137</gpxtpx:hr>
          </gpxtpx:TrackPointExtension>
        </extensions>
      </trkpt>
      <trkpt lat="22.588313727867703" lon="113.83314814133985">
        <ele>8.800000190734863</ele>
        <time>2026-05-10T00:04:03Z</time>
        <extensions>
          <gpxtpx:TrackPointExtension>
            <gpxtpx:hr>136</gpxtpx:hr>
          </gpxtpx:TrackPointExtension>
        </extensions>
      </trkpt>
      <trkpt lat="22.588243812521362" lon="113.83318925503217">
        <ele>8.800000190734863</ele>
        <time>2026-05-10T00:04:07Z</time>
        <extensions>
          <gpxtpx:TrackPointExtension>
            <gpxtpx:hr>136</gpxtpx:hr>
          </gpxtpx:TrackPointExtension>
        </extensions>
      </trkpt>
      <trkpt lat="22.588171886272995" lon="113.83322435286037">
        <ele>8.800000190734863</ele>
        <time>2026-05-10T00:04:11Z</time>
        <extensions>
          <gpxtpx:TrackPointExtension>
            <gpxtpx:hr>136</gpxtpx:hr>
          </gpxtpx:TrackPointExtension>
        </extensions>
      </trkpt>
      <trkpt lat="22.588109973617307" lon="113.83326747134134">
        <ele>8.800000190734863</ele>
        <time>2026-05-10T00:04:15Z</time>
        <extensions>
          <gpxtpx:TrackPointExtension>
            <gpxtpx:hr>136</gpxtpx:hr>
          </gpxtpx:TrackPointExtension>
        </extensions>
      </trkpt>
      <trkpt lat="22.58805408801543" lon="113.83332562936">
        <ele>9.0</ele>
        <time>2026-05-10T00:04:19Z</time>
        <extensions>
          <gpxtpx:TrackPointExtension>
            <gpxtpx:hr>137</gpxtpx:hr>
          </gpxtpx:TrackPointExtension>
        </extensions>
      </trkpt>
      <trkpt lat="22.587986192731165" lon="113.83337777214876">
        <ele>8.800000190734863</ele>
        <time>2026-05-10T00:04:23Z</time>
        <extensions>
          <gpxtpx:TrackPointExtension>
            <gpxtpx:hr>136</gpxtpx:hr>
          </gpxtpx:TrackPointExtension>
        </extensions>
      </trkpt>
      <trkpt lat="22.587912266650953" lon="113.83341287005254">
        <ele>8.600000381469727</ele>
        <time>2026-05-10T00:04:27Z</time>
        <extensions>
          <gpxtpx:TrackPointExtension>
            <gpxtpx:hr>135</gpxtpx:hr>
          </gpxtpx:TrackPointExtension>
        </extensions>
      </trkpt>
      <trkpt lat="22.587831304350722" lon="113.83342791516496">
        <ele>8.800000190734863</ele>
        <time>2026-05-10T00:04:31Z</time>
        <extensions>
          <gpxtpx:TrackPointExtension>
            <gpxtpx:hr>134</gpxtpx:hr>
          </gpxtpx:TrackPointExtension>
        </extensions>
      </trkpt>
      <trkpt lat="22.587746318440466" lon="113.83342992593224">
        <ele>9.0</ele>
        <time>2026-05-10T00:04:35Z</time>
        <extensions>
          <gpxtpx:TrackPointExtension>
            <gpxtpx:hr>135</gpxtpx:hr>
          </gpxtpx:TrackPointExtension>
        </extensions>
      </trkpt>
      <trkpt lat="22.58767630474831" lon="113.83341789847647">
        <ele>9.0</ele>
        <time>2026-05-10T00:04:39Z</time>
        <extensions>
          <gpxtpx:TrackPointExtension>
            <gpxtpx:hr>133</gpxtpx:hr>
          </gpxtpx:TrackPointExtension>
        </extensions>
      </trkpt>
      <trkpt lat="22.58761127561328" lon="113.83339784940513">
        <ele>8.800000190734863</ele>
        <time>2026-05-10T00:04:43Z</time>
        <extensions>
          <gpxtpx:TrackPointExtension>
            <gpxtpx:hr>133</gpxtpx:hr>
          </gpxtpx:TrackPointExtension>
        </extensions>
      </trkpt>
      <trkpt lat="22.587531242736965" lon="113.83337479330545">
        <ele>9.0</ele>
        <time>2026-05-10T00:04:47Z</time>
        <extensions>
          <gpxtpx:TrackPointExtension>
            <gpxtpx:hr>134</gpxtpx:hr>
          </gpxtpx:TrackPointExtension>
        </extensions>
      </trkpt>
      <trkpt lat="22.58744820094515" lon="113.83334672408282">
        <ele>9.0</ele>
        <time>2026-05-10T00:04:51Z</time>
        <extensions>
          <gpxtpx:TrackPointExtension>
            <gpxtpx:hr>136</gpxtpx:hr>
          </gpxtpx:TrackPointExtension>
        </extensions>
      </trkpt>
      <trkpt lat="22.587379146311875" lon="113.83331263798259">
        <ele>9.0</ele>
        <time>2026-05-10T00:04:55Z</time>
        <extensions>
          <gpxtpx:TrackPointExtension>
            <gpxtpx:hr>136</gpxtpx:hr>
          </gpxtpx:TrackPointExtension>
        </extensions>
      </trkpt>
      <trkpt lat="22.587297108076772" lon="113.83328657400763">
        <ele>8.399999618530273</ele>
        <time>2026-05-10T00:04:59Z</time>
        <extensions>
          <gpxtpx:TrackPointExtension>
            <gpxtpx:hr>136</gpxtpx:hr>
          </gpxtpx:TrackPointExtension>
        </extensions>
      </trkpt>
      <trkpt lat="22.58721005745408" lon="113.83325349170725">
        <ele>7.800000190734863</ele>
        <time>2026-05-10T00:05:03Z</time>
        <extensions>
          <gpxtpx:TrackPointExtension>
            <gpxtpx:hr>136</gpxtpx:hr>
          </gpxtpx:TrackPointExtension>
        </extensions>
      </trkpt>
      <trkpt lat="22.58713901414516" lon="113.83322542168948">
        <ele>7.599999904632568</ele>
        <time>2026-05-10T00:05:07Z</time>
        <extensions>
          <gpxtpx:TrackPointExtension>
            <gpxtpx:hr>135</gpxtpx:hr>
          </gpxtpx:TrackPointExtension>
        </extensions>
      </trkpt>
      <trkpt lat="22.587070966750073" lon="113.83319534614668">
        <ele>7.599999904632568</ele>
        <time>2026-05-10T00:05:11Z</time>
        <extensions>
          <gpxtpx:TrackPointExtension>
            <gpxtpx:hr>135</gpxtpx:hr>
          </gpxtpx:TrackPointExtension>
        </extensions>
      </trkpt>
      <trkpt lat="22.587007911315588" lon="113.83316125962207">
        <ele>7.800000190734863</ele>
        <time>2026-05-10T00:05:15Z</time>
        <extensions>
          <gpxtpx:TrackPointExtension>
            <gpxtpx:hr>136</gpxtpx:hr>
          </gpxtpx:TrackPointExtension>
        </extensions>
      </trkpt>
      <trkpt lat="22.586939849050555" lon="113.83312316275304">
        <ele>7.800000190734863</ele>
        <time>2026-05-10T00:05:19Z</time>
        <extensions>
          <gpxtpx:TrackPointExtension>
            <gpxtpx:hr>135</gpxtpx:hr>
          </gpxtpx:TrackPointExtension>
        </extensions>
      </trkpt>
      <trkpt lat="22.586883776037375" lon="113.83308005178294">
        <ele>7.800000190734863</ele>
        <time>2026-05-10T00:05:23Z</time>
        <extensions>
          <gpxtpx:TrackPointExtension>
            <gpxtpx:hr>133</gpxtpx:hr>
          </gpxtpx:TrackPointExtension>
        </extensions>
      </trkpt>
      <trkpt lat="22.58681472313859" lon="113.83304696827707">
        <ele>7.800000190734863</ele>
        <time>2026-05-10T00:05:27Z</time>
        <extensions>
          <gpxtpx:TrackPointExtension>
            <gpxtpx:hr>129</gpxtpx:hr>
          </gpxtpx:TrackPointExtension>
        </extensions>
      </trkpt>
      <trkpt lat="22.58674966231658" lon="113.83300987384746">
        <ele>7.800000190734863</ele>
        <time>2026-05-10T00:05:31Z</time>
        <extensions>
          <gpxtpx:TrackPointExtension>
            <gpxtpx:hr>129</gpxtpx:hr>
          </gpxtpx:TrackPointExtension>
        </extensions>
      </trkpt>
      <trkpt lat="22.58668661237659" lon="113.83297879526981">
        <ele>7.800000190734863</ele>
        <time>2026-05-10T00:05:35Z</time>
        <extensions>
          <gpxtpx:TrackPointExtension>
            <gpxtpx:hr>130</gpxtpx:hr>
          </gpxtpx:TrackPointExtension>
        </extensions>
      </trkpt>
      <trkpt lat="22.586634538814156" lon="113.83293568399621">
        <ele>7.800000190734863</ele>
        <time>2026-05-10T00:05:39Z</time>
        <extensions>
          <gpxtpx:TrackPointExtension>
            <gpxtpx:hr>133</gpxtpx:hr>
          </gpxtpx:TrackPointExtension>
        </extensions>
      </trkpt>
      <trkpt lat="22.586581457925533" lon="113.8328885621098">
        <ele>7.800000190734863</ele>
        <time>2026-05-10T00:05:43Z</time>
        <extensions>
          <gpxtpx:TrackPointExtension>
            <gpxtpx:hr>133</gpxtpx:hr>
          </gpxtpx:TrackPointExtension>
        </extensions>
      </trkpt>
      <trkpt lat="22.58652138529063" lon="113.83284545131946">
        <ele>7.800000190734863</ele>
        <time>2026-05-10T00:05:47Z</time>
        <extensions>
          <gpxtpx:TrackPointExtension>
            <gpxtpx:hr>131</gpxtpx:hr>
          </gpxtpx:TrackPointExtension>
        </extensions>
      </trkpt>
      <trkpt lat="22.58646430112778" lon="113.83279632432468">
        <ele>7.800000190734863</ele>
        <time>2026-05-10T00:05:51Z</time>
        <extensions>
          <gpxtpx:TrackPointExtension>
            <gpxtpx:hr>130</gpxtpx:hr>
          </gpxtpx:TrackPointExtension>
        </extensions>
      </trkpt>
      <trkpt lat="22.586404243319855" lon="113.83276123483859">
        <ele>7.800000190734863</ele>
        <time>2026-05-10T00:05:55Z</time>
        <extensions>
          <gpxtpx:TrackPointExtension>
            <gpxtpx:hr>131</gpxtpx:hr>
          </gpxtpx:TrackPointExtension>
        </extensions>
      </trkpt>
      <trkpt lat="22.58634716469294" lon="113.83271511581437">
        <ele>7.800000190734863</ele>
        <time>2026-05-10T00:05:59Z</time>
        <extensions>
          <gpxtpx:TrackPointExtension>
            <gpxtpx:hr>131</gpxtpx:hr>
          </gpxtpx:TrackPointExtension>
        </extensions>
      </trkpt>
      <trkpt lat="22.58628708826554" lon="113.83266999963408">
        <ele>7.800000190734863</ele>
        <time>2026-05-10T00:06:03Z</time>
        <extensions>
          <gpxtpx:TrackPointExtension>
            <gpxtpx:hr>131</gpxtpx:hr>
          </gpxtpx:TrackPointExtension>
        </extensions>
      </trkpt>
      <trkpt lat="22.58622100138349" lon="113.83261886781702">
        <ele>7.800000190734863</ele>
        <time>2026-05-10T00:06:07Z</time>
        <extensions>
          <gpxtpx:TrackPointExtension>
            <gpxtpx:hr>130</gpxtpx:hr>
          </gpxtpx:TrackPointExtension>
        </extensions>
      </trkpt>
      <trkpt lat="22.586162928393083" lon="113.83257575681314">
        <ele>7.800000190734863</ele>
        <time>2026-05-10T00:06:11Z</time>
        <extensions>
          <gpxtpx:TrackPointExtension>
            <gpxtpx:hr>130</gpxtpx:hr>
          </gpxtpx:TrackPointExtension>
        </extensions>
      </trkpt>
      <trkpt lat="22.58610986594413" lon="113.83253866148559">
        <ele>8.0</ele>
        <time>2026-05-10T00:06:15Z</time>
        <extensions>
          <gpxtpx:TrackPointExtension>
            <gpxtpx:hr>131</gpxtpx:hr>
          </gpxtpx:TrackPointExtension>
        </extensions>
      </trkpt>
      <trkpt lat="22.586052800240818" lon="113.83249956106721">
        <ele>7.800000190734863</ele>
        <time>2026-05-10T00:06:19Z</time>
        <extensions>
          <gpxtpx:TrackPointExtension>
            <gpxtpx:hr>131</gpxtpx:hr>
          </gpxtpx:TrackPointExtension>
        </extensions>
      </trkpt>
      <trkpt lat="22.585992725579153" lon="113.83245544748559">
        <ele>8.0</ele>
        <time>2026-05-10T00:06:23Z</time>
        <extensions>
          <gpxtpx:TrackPointExtension>
            <gpxtpx:hr>130</gpxtpx:hr>
          </gpxtpx:TrackPointExtension>
        </extensions>
      </trkpt>
      <trkpt lat="22.585921642911917" lon="113.8324063212486">
        <ele>8.0</ele>
        <time>2026-05-10T00:06:27Z</time>
        <extensions>
          <gpxtpx:TrackPointExtension>
            <gpxtpx:hr>132</gpxtpx:hr>
          </gpxtpx:TrackPointExtension>
        </extensions>
      </trkpt>
      <trkpt lat="22.585855570789548" lon="113.83236321069178">
        <ele>8.0</ele>
        <time>2026-05-10T00:06:31Z</time>
        <extensions>
          <gpxtpx:TrackPointExtension>
            <gpxtpx:hr>130</gpxtpx:hr>
          </gpxtpx:TrackPointExtension>
        </extensions>
      </trkpt>
      <trkpt lat="22.5858014990742" lon="113.83232110202299">
        <ele>8.0</ele>
        <time>2026-05-10T00:06:35Z</time>
        <extensions>
          <gpxtpx:TrackPointExtension>
            <gpxtpx:hr>130</gpxtpx:hr>
          </gpxtpx:TrackPointExtension>
        </extensions>
      </trkpt>
      <trkpt lat="22.58575242860632" lon="113.83227999569162">
        <ele>8.0</ele>
        <time>2026-05-10T00:06:39Z</time>
        <extensions>
          <gpxtpx:TrackPointExtension>
            <gpxtpx:hr>130</gpxtpx:hr>
          </gpxtpx:TrackPointExtension>
        </extensions>
      </trkpt>
      <trkpt lat="22.585698336374936" lon="113.83222685762297">
        <ele>7.800000190734863</ele>
        <time>2026-05-10T00:06:43Z</time>
        <extensions>
          <gpxtpx:TrackPointExtension>
            <gpxtpx:hr>131</gpxtpx:hr>
          </gpxtpx:TrackPointExtension>
        </extensions>
      </trkpt>
      <trkpt lat="22.58563625811283" lon="113.8321807387434">
        <ele>8.0</ele>
        <time>2026-05-10T00:06:47Z</time>
        <extensions>
          <gpxtpx:TrackPointExtension>
            <gpxtpx:hr>130</gpxtpx:hr>
          </gpxtpx:TrackPointExtension>
        </extensions>
      </trkpt>
      <trkpt lat="22.585576179592" lon="113.83213461972106">
        <ele>8.0</ele>
        <time>2026-05-10T00:06:51Z</time>
        <extensions>
          <gpxtpx:TrackPointExtension>
            <gpxtpx:hr>130</gpxtpx:hr>
          </gpxtpx:TrackPointExtension>
        </extensions>
      </trkpt>
      <trkpt lat="22.585519106283215" lon="113.83209150850638">
        <ele>8.0</ele>
        <time>2026-05-10T00:06:55Z</time>
        <extensions>
          <gpxtpx:TrackPointExtension>
            <gpxtpx:hr>133</gpxtpx:hr>
          </gpxtpx:TrackPointExtension>
        </extensions>
      </trkpt>
      <trkpt lat="22.585462031093716" lon="113.83204739460729">
        <ele>7.800000190734863</ele>
        <time>2026-05-10T00:06:59Z</time>
        <extensions>
          <gpxtpx:TrackPointExtension>
            <gpxtpx:hr>135</gpxtpx:hr>
          </gpxtpx:TrackPointExtension>
        </extensions>
      </trkpt>
      <trkpt lat="22.585394947758616" lon="113.83199826797531">
        <ele>8.0</ele>
        <time>2026-05-10T00:07:03Z</time>
        <extensions>
          <gpxtpx:TrackPointExtension>
            <gpxtpx:hr>136</gpxtpx:hr>
          </gpxtpx:TrackPointExtension>
        </extensions>
      </trkpt>
      <trkpt lat="22.585323866741174" lon="113.8319501442558">
        <ele>8.0</ele>
        <time>2026-05-10T00:07:07Z</time>
        <extensions>
          <gpxtpx:TrackPointExtension>
            <gpxtpx:hr>136</gpxtpx:hr>
          </gpxtpx:TrackPointExtension>
        </extensions>
      </trkpt>
      <trkpt lat="22.585262782647415" lon="113.83190101720737">
        <ele>8.0</ele>
        <time>2026-05-10T00:07:11Z</time>
        <extensions>
          <gpxtpx:TrackPointExtension>
            <gpxtpx:hr>135</gpxtpx:hr>
          </gpxtpx:TrackPointExtension>
        </extensions>
      </trkpt>
      <trkpt lat="22.585198706348073" lon="113.83185590102737">
        <ele>8.0</ele>
        <time>2026-05-10T00:07:15Z</time>
        <extensions>
          <gpxtpx:TrackPointExtension>
            <gpxtpx:hr>133</gpxtpx:hr>
          </gpxtpx:TrackPointExtension>
        </extensions>
      </trkpt>
      <trkpt lat="22.5851336357436" lon="113.83181379291801">
        <ele>8.0</ele>
        <time>2026-05-10T00:07:19Z</time>
        <extensions>
          <gpxtpx:TrackPointExtension>
            <gpxtpx:hr>133</gpxtpx:hr>
          </gpxtpx:TrackPointExtension>
        </extensions>
      </trkpt>
      <trkpt lat="22.585075553098378" lon="113.83176566830676">
        <ele>8.0</ele>
        <time>2026-05-10T00:07:23Z</time>
        <extensions>
          <gpxtpx:TrackPointExtension>
            <gpxtpx:hr>134</gpxtpx:hr>
          </gpxtpx:TrackPointExtension>
        </extensions>
      </trkpt>
      <trkpt lat="22.5850114730106" lon="113.83171854673876">
        <ele>8.0</ele>
        <time>2026-05-10T00:07:27Z</time>
        <extensions>
          <gpxtpx:TrackPointExtension>
            <gpxtpx:hr>135</gpxtpx:hr>
          </gpxtpx:TrackPointExtension>
        </extensions>
      </trkpt>
      <trkpt lat="22.58495040001113" lon="113.83167543566114">
        <ele>8.199999809265137</ele>
        <time>2026-05-10T00:07:31Z</time>
        <extensions>
          <gpxtpx:TrackPointExtension>
            <gpxtpx:hr>135</gpxtpx:hr>
          </gpxtpx:TrackPointExtension>
        </extensions>
      </trkpt>
      <trkpt lat="22.584886321750826" lon="113.83162931674016">
        <ele>8.199999809265137</ele>
        <time>2026-05-10T00:07:35Z</time>
        <extensions>
          <gpxtpx:TrackPointExtension>
            <gpxtpx:hr>136</gpxtpx:hr>
          </gpxtpx:TrackPointExtension>
        </extensions>
      </trkpt>
      <trkpt lat="22.58481224465477" lon="113.8315831984463">
        <ele>8.0</ele>
        <time>2026-05-10T00:07:39Z</time>
        <extensions>
          <gpxtpx:TrackPointExtension>
            <gpxtpx:hr>135</gpxtpx:hr>
          </gpxtpx:TrackPointExtension>
        </extensions>
      </trkpt>
      <trkpt lat="22.584749164369573" lon="113.83153607675895">
        <ele>8.0</ele>
        <time>2026-05-10T00:07:43Z</time>
        <extensions>
          <gpxtpx:TrackPointExtension>
            <gpxtpx:hr>136</gpxtpx:hr>
          </gpxtpx:TrackPointExtension>
        </extensions>
      </trkpt>
      <trkpt lat="22.584689078108173" lon="113.83148594683897">
        <ele>8.0</ele>
        <time>2026-05-10T00:07:47Z</time>
        <extensions>
          <gpxtpx:TrackPointExtension>
            <gpxtpx:hr>137</gpxtpx:hr>
          </gpxtpx:TrackPointExtension>
        </extensions>
      </trkpt>
      <trkpt lat="22.58462698832666" lon="113.83143381167977">
        <ele>8.0</ele>
        <time>2026-05-10T00:07:51Z</time>
        <extensions>
          <gpxtpx:TrackPointExtension>
            <gpxtpx:hr>136</gpxtpx:hr>
          </gpxtpx:TrackPointExtension>
        </extensions>
      </trkpt>
      <trkpt lat="22.584571908903822" lon="113.83138769211156">
        <ele>8.0</ele>
        <time>2026-05-10T00:07:55Z</time>
        <extensions>
          <gpxtpx:TrackPointExtension>
            <gpxtpx:hr>136</gpxtpx:hr>
          </gpxtpx:TrackPointExtension>
        </extensions>
      </trkpt>
      <trkpt lat="22.58450483648372" lon="113.83134458132811">
        <ele>8.0</ele>
        <time>2026-05-10T00:07:59Z</time>
        <extensions>
          <gpxtpx:TrackPointExtension>
            <gpxtpx:hr>136</gpxtpx:hr>
          </gpxtpx:TrackPointExtension>
        </extensions>
      </trkpt>
      <trkpt lat="22.584438760190988" lon="113.8312994651159">
        <ele>8.0</ele>
        <time>2026-05-10T00:08:03Z</time>
        <extensions>
          <gpxtpx:TrackPointExtension>
            <gpxtpx:hr>136</gpxtpx:hr>
          </gpxtpx:TrackPointExtension>
        </extensions>
      </trkpt>
      <trkpt lat="22.584374679906396" lon="113.83125234340928">
        <ele>8.199999809265137</ele>
        <time>2026-05-10T00:08:07Z</time>
        <extensions>
          <gpxtpx:TrackPointExtension>
            <gpxtpx:hr>136</gpxtpx:hr>
          </gpxtpx:TrackPointExtension>
        </extensions>
      </trkpt>
      <trkpt lat="22.5843086073142" lon="113.83120923252598">
        <ele>8.199999809265137</ele>
        <time>2026-05-10T00:08:11Z</time>
        <extensions>
          <gpxtpx:TrackPointExtension>
            <gpxtpx:hr>136</gpxtpx:hr>
          </gpxtpx:TrackPointExtension>
        </extensions>
      </trkpt>
      <trkpt lat="22.58424652675659" lon="113.83116211066535">
        <ele>8.199999809265137</ele>
        <time>2026-05-10T00:08:15Z</time>
        <extensions>
          <gpxtpx:TrackPointExtension>
            <gpxtpx:hr>135</gpxtpx:hr>
          </gpxtpx:TrackPointExtension>
        </extensions>
      </trkpt>
      <trkpt lat="22.584181444663038" lon="113.83111398630585">
        <ele>8.0</ele>
        <time>2026-05-10T00:08:19Z</time>
        <extensions>
          <gpxtpx:TrackPointExtension>
            <gpxtpx:hr>133</gpxtpx:hr>
          </gpxtpx:TrackPointExtension>
        </extensions>
      </trkpt>
      <trkpt lat="22.58410738043639" lon="113.83107488661132">
        <ele>8.199999809265137</ele>
        <time>2026-05-10T00:08:23Z</time>
        <extensions>
          <gpxtpx:TrackPointExtension>
            <gpxtpx:hr>133</gpxtpx:hr>
          </gpxtpx:TrackPointExtension>
        </extensions>
      </trkpt>
      <trkpt lat="22.584036323321712" lon="113.83103979742828">
        <ele>8.199999809265137</ele>
        <time>2026-05-10T00:08:27Z</time>
        <extensions>
          <gpxtpx:TrackPointExtension>
            <gpxtpx:hr>131</gpxtpx:hr>
          </gpxtpx:TrackPointExtension>
        </extensions>
      </trkpt>
      <trkpt lat="22.58396427005093" lon="113.83100671365884">
        <ele>8.199999809265137</ele>
        <time>2026-05-10T00:08:31Z</time>
        <extensions>
          <gpxtpx:TrackPointExtension>
            <gpxtpx:hr>133</gpxtpx:hr>
          </gpxtpx:TrackPointExtension>
        </extensions>
      </trkpt>
      <trkpt lat="22.583896218168523" lon="113.83097463230524">
        <ele>8.0</ele>
        <time>2026-05-10T00:08:35Z</time>
        <extensions>
          <gpxtpx:TrackPointExtension>
            <gpxtpx:hr>136</gpxtpx:hr>
          </gpxtpx:TrackPointExtension>
        </extensions>
      </trkpt>
      <trkpt lat="22.583845104415598" lon="113.83091046413277">
        <ele>7.800000190734863</ele>
        <time>2026-05-10T00:08:39Z</time>
        <extensions>
          <gpxtpx:TrackPointExtension>
            <gpxtpx:hr>138</gpxtpx:hr>
          </gpxtpx:TrackPointExtension>
        </extensions>
      </trkpt>
      <trkpt lat="22.58377902420189" lon="113.83086334244531">
        <ele>7.599999904632568</ele>
        <time>2026-05-10T00:08:43Z</time>
        <extensions>
          <gpxtpx:TrackPointExtension>
            <gpxtpx:hr>136</gpxtpx:hr>
          </gpxtpx:TrackPointExtension>
        </extensions>
      </trkpt>
      <trkpt lat="22.583714962450113" lon="113.83082624741154">
        <ele>7.599999904632568</ele>
        <time>2026-05-10T00:08:47Z</time>
        <extensions>
          <gpxtpx:TrackPointExtension>
            <gpxtpx:hr>133</gpxtpx:hr>
          </gpxtpx:TrackPointExtension>
        </extensions>
      </trkpt>
      <trkpt lat="22.583650870736975" lon="113.83077310949474">
        <ele>7.599999904632568</ele>
        <time>2026-05-10T00:08:51Z</time>
        <extensions>
          <gpxtpx:TrackPointExtension>
            <gpxtpx:hr>133</gpxtpx:hr>
          </gpxtpx:TrackPointExtension>
        </extensions>
      </trkpt>
      <trkpt lat="22.583590784150694" lon="113.83072297934562">
        <ele>7.800000190734863</ele>
        <time>2026-05-10T00:08:55Z</time>
        <extensions>
          <gpxtpx:TrackPointExtension>
            <gpxtpx:hr>131</gpxtpx:hr>
          </gpxtpx:TrackPointExtension>
        </extensions>
      </trkpt>
      <trkpt lat="22.583523773252498" lon="113.83071295683894">
        <ele>7.599999904632568</ele>
        <time>2026-05-10T00:08:59Z</time>
        <extensions>
          <gpxtpx:TrackPointExtension>
            <gpxtpx:hr>130</gpxtpx:hr>
          </gpxtpx:TrackPointExtension>
        </extensions>
      </trkpt>
      <trkpt lat="22.583453725252525" lon="113.83068288091998">
        <ele>7.599999904632568</ele>
        <time>2026-05-10T00:09:03Z</time>
        <extensions>
          <gpxtpx:TrackPointExtension>
            <gpxtpx:hr>130</gpxtpx:hr>
          </gpxtpx:TrackPointExtension>
        </extensions>
      </trkpt>
      <trkpt lat="22.58337973949647" lon="113.83068589370325">
        <ele>7.599999904632568</ele>
        <time>2026-05-10T00:09:07Z</time>
        <extensions>
          <gpxtpx:TrackPointExtension>
            <gpxtpx:hr>130</gpxtpx:hr>
          </gpxtpx:TrackPointExtension>
        </extensions>
      </trkpt>
      <trkpt lat="22.583317806629896" lon="113.83071798344136">
        <ele>7.599999904632568</ele>
        <time>2026-05-10T00:09:11Z</time>
        <extensions>
          <gpxtpx:TrackPointExtension>
            <gpxtpx:hr>130</gpxtpx:hr>
          </gpxtpx:TrackPointExtension>
        </extensions>
      </trkpt>
      <trkpt lat="22.583241806116067" lon="113.83071297491166">
        <ele>7.599999904632568</ele>
        <time>2026-05-10T00:09:15Z</time>
        <extensions>
          <gpxtpx:TrackPointExtension>
            <gpxtpx:hr>131</gpxtpx:hr>
          </gpxtpx:TrackPointExtension>
        </extensions>
      </trkpt>
      <trkpt lat="22.583210907066032" lon="113.83076511625481">
        <ele>7.400000095367432</ele>
        <time>2026-05-10T00:09:19Z</time>
        <extensions>
          <gpxtpx:TrackPointExtension>
            <gpxtpx:hr>131</gpxtpx:hr>
          </gpxtpx:TrackPointExtension>
        </extensions>
      </trkpt>
      <trkpt lat="22.583280863354744" lon="113.83074606085184">
        <ele>7.599999904632568</ele>
        <time>2026-05-10T00:09:23Z</time>
        <extensions>
          <gpxtpx:TrackPointExtension>
            <gpxtpx:hr>130</gpxtpx:hr>
          </gpxtpx:TrackPointExtension>
        </extensions>
      </trkpt>
      <trkpt lat="22.583347786286396" lon="113.83070895739803">
        <ele>7.599999904632568</ele>
        <time>2026-05-10T00:09:27Z</time>
        <extensions>
          <gpxtpx:TrackPointExtension>
            <gpxtpx:hr>130</gpxtpx:hr>
          </gpxtpx:TrackPointExtension>
        </extensions>
      </trkpt>
      <trkpt lat="22.583415724066473" lon="113.83067987531454">
        <ele>7.599999904632568</ele>
        <time>2026-05-10T00:09:31Z</time>
        <extensions>
          <gpxtpx:TrackPointExtension>
            <gpxtpx:hr>130</gpxtpx:hr>
          </gpxtpx:TrackPointExtension>
        </extensions>
      </trkpt>
      <trkpt lat="22.583492752531726" lon="113.83069992398407">
        <ele>7.599999904632568</ele>
        <time>2026-05-10T00:09:35Z</time>
        <extensions>
          <gpxtpx:TrackPointExtension>
            <gpxtpx:hr>133</gpxtpx:hr>
          </gpxtpx:TrackPointExtension>
        </extensions>
      </trkpt>
      <trkpt lat="22.58356981281191" lon="113.83073701821132">
        <ele>7.800000190734863</ele>
        <time>2026-05-10T00:09:39Z</time>
        <extensions>
          <gpxtpx:TrackPointExtension>
            <gpxtpx:hr>133</gpxtpx:hr>
          </gpxtpx:TrackPointExtension>
        </extensions>
      </trkpt>
      <trkpt lat="22.583629890037002" lon="113.83078213495803">
        <ele>7.599999904632568</ele>
        <time>2026-05-10T00:09:43Z</time>
        <extensions>
          <gpxtpx:TrackPointExtension>
            <gpxtpx:hr>133</gpxtpx:hr>
          </gpxtpx:TrackPointExtension>
        </extensions>
      </trkpt>
      <trkpt lat="22.583697956952385" lon="113.83082223778322">
        <ele>7.800000190734863</ele>
        <time>2026-05-10T00:09:47Z</time>
        <extensions>
          <gpxtpx:TrackPointExtension>
            <gpxtpx:hr>136</gpxtpx:hr>
          </gpxtpx:TrackPointExtension>
        </extensions>
      </trkpt>
      <trkpt lat="22.583769006659576" lon="113.83085331629363">
        <ele>7.599999904632568</ele>
        <time>2026-05-10T00:09:51Z</time>
        <extensions>
          <gpxtpx:TrackPointExtension>
            <gpxtpx:hr>136</gpxtpx:hr>
          </gpxtpx:TrackPointExtension>
        </extensions>
      </trkpt>
      <trkpt lat="22.583823099508272" lon="113.83090645482682">
        <ele>7.599999904632568</ele>
        <time>2026-05-10T00:09:55Z</time>
        <extensions>
          <gpxtpx:TrackPointExtension>
            <gpxtpx:hr>136</gpxtpx:hr>
          </gpxtpx:TrackPointExtension>
        </extensions>
      </trkpt>
      <trkpt lat="22.583870202509278" lon="113.8309646071854">
        <ele>8.0</ele>
        <time>2026-05-10T00:09:59Z</time>
        <extensions>
          <gpxtpx:TrackPointExtension>
            <gpxtpx:hr>136</gpxtpx:hr>
          </gpxtpx:TrackPointExtension>
        </extensions>
      </trkpt>
      <trkpt lat="22.583937284439074" lon="113.8310127314593">
        <ele>8.199999809265137</ele>
        <time>2026-05-10T00:10:03Z</time>
        <extensions>
          <gpxtpx:TrackPointExtension>
            <gpxtpx:hr>137</gpxtpx:hr>
          </gpxtpx:TrackPointExtension>
        </extensions>
      </trkpt>
      <trkpt lat="22.584007341685997" lon="113.83104782071202">
        <ele>8.399999618530273</ele>
        <time>2026-05-10T00:10:07Z</time>
        <extensions>
          <gpxtpx:TrackPointExtension>
            <gpxtpx:hr>138</gpxtpx:hr>
          </gpxtpx:TrackPointExtension>
        </extensions>
      </trkpt>
      <trkpt lat="22.58408040230644" lon="113.83108491512104">
        <ele>8.199999809265137</ele>
        <time>2026-05-10T00:10:11Z</time>
        <extensions>
          <gpxtpx:TrackPointExtension>
            <gpxtpx:hr>139</gpxtpx:hr>
          </gpxtpx:TrackPointExtension>
        </extensions>
      </trkpt>
      <trkpt lat="22.58415846045419" lon="113.83112100652382">
        <ele>8.399999618530273</ele>
        <time>2026-05-10T00:10:15Z</time>
        <extensions>
          <gpxtpx:TrackPointExtension>
            <gpxtpx:hr>140</gpxtpx:hr>
          </gpxtpx:TrackPointExtension>
        </extensions>
      </trkpt>
      <trkpt lat="22.58422252957963" lon="113.8311621122033">
        <ele>8.399999618530273</ele>
        <time>2026-05-10T00:10:19Z</time>
        <extensions>
          <gpxtpx:TrackPointExtension>
            <gpxtpx:hr>140</gpxtpx:hr>
          </gpxtpx:TrackPointExtension>
        </extensions>
      </trkpt>
      <trkpt lat="22.58428759483321" lon="113.83120121245413">
        <ele>8.199999809265137</ele>
        <time>2026-05-10T00:10:23Z</time>
        <extensions>
          <gpxtpx:TrackPointExtension>
            <gpxtpx:hr>139</gpxtpx:hr>
          </gpxtpx:TrackPointExtension>
        </extensions>
      </trkpt>
      <trkpt lat="22.584353659953898" lon="113.83124031263165">
        <ele>8.199999809265137</ele>
        <time>2026-05-10T00:10:27Z</time>
        <extensions>
          <gpxtpx:TrackPointExtension>
            <gpxtpx:hr>139</gpxtpx:hr>
          </gpxtpx:TrackPointExtension>
        </extensions>
      </trkpt>
      <trkpt lat="22.5844247375502" lon="113.8312864312165">
        <ele>8.399999618530273</ele>
        <time>2026-05-10T00:10:31Z</time>
        <extensions>
          <gpxtpx:TrackPointExtension>
            <gpxtpx:hr>139</gpxtpx:hr>
          </gpxtpx:TrackPointExtension>
        </extensions>
      </trkpt>
      <trkpt lat="22.584490808242982" lon="113.83132853940303">
        <ele>8.399999618530273</ele>
        <time>2026-05-10T00:10:35Z</time>
        <extensions>
          <gpxtpx:TrackPointExtension>
            <gpxtpx:hr>139</gpxtpx:hr>
          </gpxtpx:TrackPointExtension>
        </extensions>
      </trkpt>
      <trkpt lat="22.58454885557792" lon="113.8313576133005">
        <ele>8.199999809265137</ele>
        <time>2026-05-10T00:10:39Z</time>
        <extensions>
          <gpxtpx:TrackPointExtension>
            <gpxtpx:hr>139</gpxtpx:hr>
          </gpxtpx:TrackPointExtension>
        </extensions>
      </trkpt>
      <trkpt lat="22.584603925672177" lon="113.83139871949743">
        <ele>8.600000381469727</ele>
        <time>2026-05-10T00:10:43Z</time>
        <extensions>
          <gpxtpx:TrackPointExtension>
            <gpxtpx:hr>139</gpxtpx:hr>
          </gpxtpx:TrackPointExtension>
        </extensions>
      </trkpt>
      <trkpt lat="22.584659993765815" lon="113.83143882294404">
        <ele>8.399999618530273</ele>
        <time>2026-05-10T00:10:47Z</time>
        <extensions>
          <gpxtpx:TrackPointExtension>
            <gpxtpx:hr>140</gpxtpx:hr>
          </gpxtpx:TrackPointExtension>
        </extensions>
      </trkpt>
      <trkpt lat="22.58472607746819" lon="113.83148794981902">
        <ele>8.399999618530273</ele>
        <time>2026-05-10T00:10:51Z</time>
        <extensions>
          <gpxtpx:TrackPointExtension>
            <gpxtpx:hr>138</gpxtpx:hr>
          </gpxtpx:TrackPointExtension>
        </extensions>
      </trkpt>
      <trkpt lat="22.584787158006897" lon="113.83153507164893">
        <ele>8.199999809265137</ele>
        <time>2026-05-10T00:10:55Z</time>
        <extensions>
          <gpxtpx:TrackPointExtension>
            <gpxtpx:hr>138</gpxtpx:hr>
          </gpxtpx:TrackPointExtension>
        </extensions>
      </trkpt>
      <trkpt lat="22.58484023200676" lon="113.83157818327797">
        <ele>8.199999809265137</ele>
        <time>2026-05-10T00:10:59Z</time>
        <extensions>
          <gpxtpx:TrackPointExtension>
            <gpxtpx:hr>135</gpxtpx:hr>
          </gpxtpx:TrackPointExtension>
        </extensions>
      </trkpt>
      <trkpt lat="22.58490331040507" lon="113.83162430227814">
        <ele>8.399999618530273</ele>
        <time>2026-05-10T00:11:03Z</time>
        <extensions>
          <gpxtpx:TrackPointExtension>
            <gpxtpx:hr>134</gpxtpx:hr>
          </gpxtpx:TrackPointExtension>
        </extensions>
      </trkpt>
      <trkpt lat="22.584963372344966" lon="113.83166139738822">
        <ele>8.399999618530273</ele>
        <time>2026-05-10T00:11:07Z</time>
        <extensions>
          <gpxtpx:TrackPointExtension>
            <gpxtpx:hr>135</gpxtpx:hr>
          </gpxtpx:TrackPointExtension>
        </extensions>
      </trkpt>
      <trkpt lat="22.58502245304803" lon="113.83170851929408">
        <ele>8.399999618530273</ele>
        <time>2026-05-10T00:11:11Z</time>
        <extensions>
          <gpxtpx:TrackPointExtension>
            <gpxtpx:hr>133</gpxtpx:hr>
          </gpxtpx:TrackPointExtension>
        </extensions>
      </trkpt>
      <trkpt lat="22.585085529525838" lon="113.83175363558179">
        <ele>8.199999809265137</ele>
        <time>2026-05-10T00:11:15Z</time>
        <extensions>
          <gpxtpx:TrackPointExtension>
            <gpxtpx:hr>133</gpxtpx:hr>
          </gpxtpx:TrackPointExtension>
        </extensions>
      </trkpt>
      <trkpt lat="22.585146611817887" lon="113.83180176000464">
        <ele>8.199999809265137</ele>
        <time>2026-05-10T00:11:19Z</time>
        <extensions>
          <gpxtpx:TrackPointExtension>
            <gpxtpx:hr>133</gpxtpx:hr>
          </gpxtpx:TrackPointExtension>
        </extensions>
      </trkpt>
      <trkpt lat="22.585216691154674" lon="113.83184888116257">
        <ele>8.399999618530273</ele>
        <time>2026-05-10T00:11:23Z</time>
        <extensions>
          <gpxtpx:TrackPointExtension>
            <gpxtpx:hr>133</gpxtpx:hr>
          </gpxtpx:TrackPointExtension>
        </extensions>
      </trkpt>
      <trkpt lat="22.58528378574282" lon="113.83190402388011">
        <ele>8.399999618530273</ele>
        <time>2026-05-10T00:11:27Z</time>
        <extensions>
          <gpxtpx:TrackPointExtension>
            <gpxtpx:hr>133</gpxtpx:hr>
          </gpxtpx:TrackPointExtension>
        </extensions>
      </trkpt>
      <trkpt lat="22.585339876021468" lon="113.8319561592651">
        <ele>8.399999618530273</ele>
        <time>2026-05-10T00:11:31Z</time>
        <extensions>
          <gpxtpx:TrackPointExtension>
            <gpxtpx:hr>132</gpxtpx:hr>
          </gpxtpx:TrackPointExtension>
        </extensions>
      </trkpt>
      <trkpt lat="22.58539396651547" lon="113.83200829476">
        <ele>8.399999618530273</ele>
        <time>2026-05-10T00:11:35Z</time>
        <extensions>
          <gpxtpx:TrackPointExtension>
            <gpxtpx:hr>133</gpxtpx:hr>
          </gpxtpx:TrackPointExtension>
        </extensions>
      </trkpt>
      <trkpt lat="22.58545405999842" lon="113.8320624351955">
        <ele>8.399999618530273</ele>
        <time>2026-05-10T00:11:39Z</time>
        <extensions>
          <gpxtpx:TrackPointExtension>
            <gpxtpx:hr>135</gpxtpx:hr>
          </gpxtpx:TrackPointExtension>
        </extensions>
      </trkpt>
      <trkpt lat="22.58550615813617" lon="113.83211858146622">
        <ele>8.399999618530273</ele>
        <time>2026-05-10T00:11:43Z</time>
        <extensions>
          <gpxtpx:TrackPointExtension>
            <gpxtpx:hr>136</gpxtpx:hr>
          </gpxtpx:TrackPointExtension>
        </extensions>
      </trkpt>
      <trkpt lat="22.58556523678694" lon="113.83216470055766">
        <ele>8.399999618530273</ele>
        <time>2026-05-10T00:11:47Z</time>
        <extensions>
          <gpxtpx:TrackPointExtension>
            <gpxtpx:hr>135</gpxtpx:hr>
          </gpxtpx:TrackPointExtension>
        </extensions>
      </trkpt>
      <trkpt lat="22.585627313197634" lon="113.83220981677167">
        <ele>8.399999618530273</ele>
        <time>2026-05-10T00:11:51Z</time>
        <extensions>
          <gpxtpx:TrackPointExtension>
            <gpxtpx:hr>133</gpxtpx:hr>
          </gpxtpx:TrackPointExtension>
        </extensions>
      </trkpt>
      <trkpt lat="22.585697392356934" lon="113.83225693779974">
        <ele>8.399999618530273</ele>
        <time>2026-05-10T00:11:55Z</time>
        <extensions>
          <gpxtpx:TrackPointExtension>
            <gpxtpx:hr>134</gpxtpx:hr>
          </gpxtpx:TrackPointExtension>
        </extensions>
      </trkpt>
      <trkpt lat="22.585760483500785" lon="113.83231007528065">
        <ele>8.600000381469727</ele>
        <time>2026-05-10T00:11:59Z</time>
        <extensions>
          <gpxtpx:TrackPointExtension>
            <gpxtpx:hr>133</gpxtpx:hr>
          </gpxtpx:TrackPointExtension>
        </extensions>
      </trkpt>
      <trkpt lat="22.585822559848953" lon="113.83235519144908">
        <ele>8.399999618530273</ele>
        <time>2026-05-10T00:12:03Z</time>
        <extensions>
          <gpxtpx:TrackPointExtension>
            <gpxtpx:hr>134</gpxtpx:hr>
          </gpxtpx:TrackPointExtension>
        </extensions>
      </trkpt>
      <trkpt lat="22.58588262525117" lon="113.83239429171535">
        <ele>8.399999618530273</ele>
        <time>2026-05-10T00:12:07Z</time>
        <extensions>
          <gpxtpx:TrackPointExtension>
            <gpxtpx:hr>133</gpxtpx:hr>
          </gpxtpx:TrackPointExtension>
        </extensions>
      </trkpt>
      <trkpt lat="22.58593970588238" lon="113.83244141351538">
        <ele>8.399999618530273</ele>
        <time>2026-05-10T00:12:11Z</time>
        <extensions>
          <gpxtpx:TrackPointExtension>
            <gpxtpx:hr>136</gpxtpx:hr>
          </gpxtpx:TrackPointExtension>
        </extensions>
      </trkpt>
      <trkpt lat="22.58600278391362" lon="113.83248753224657">
        <ele>8.399999618530273</ele>
        <time>2026-05-10T00:12:15Z</time>
        <extensions>
          <gpxtpx:TrackPointExtension>
            <gpxtpx:hr>136</gpxtpx:hr>
          </gpxtpx:TrackPointExtension>
        </extensions>
      </trkpt>
      <trkpt lat="22.58606785238434" lon="113.83252863749262">
        <ele>8.199999809265137</ele>
        <time>2026-05-10T00:12:19Z</time>
        <extensions>
          <gpxtpx:TrackPointExtension>
            <gpxtpx:hr>138</gpxtpx:hr>
          </gpxtpx:TrackPointExtension>
        </extensions>
      </trkpt>
      <trkpt lat="22.586135927915713" lon="113.83257375320666">
        <ele>8.399999618530273</ele>
        <time>2026-05-10T00:12:23Z</time>
        <extensions>
          <gpxtpx:TrackPointExtension>
            <gpxtpx:hr>139</gpxtpx:hr>
          </gpxtpx:TrackPointExtension>
        </extensions>
      </trkpt>
      <trkpt lat="22.58620102981624" lon="113.83263290644578">
        <ele>8.399999618530273</ele>
        <time>2026-05-10T00:12:27Z</time>
        <extensions>
          <gpxtpx:TrackPointExtension>
            <gpxtpx:hr>138</gpxtpx:hr>
          </gpxtpx:TrackPointExtension>
        </extensions>
      </trkpt>
      <trkpt lat="22.586260121253773" lon="113.8326860440405">
        <ele>8.399999618530273</ele>
        <time>2026-05-10T00:12:31Z</time>
        <extensions>
          <gpxtpx:TrackPointExtension>
            <gpxtpx:hr>139</gpxtpx:hr>
          </gpxtpx:TrackPointExtension>
        </extensions>
      </trkpt>
      <trkpt lat="22.5863212031329" lon="113.83273416815209">
        <ele>8.399999618530273</ele>
        <time>2026-05-10T00:12:35Z</time>
        <extensions>
          <gpxtpx:TrackPointExtension>
            <gpxtpx:hr>139</gpxtpx:hr>
          </gpxtpx:TrackPointExtension>
        </extensions>
      </trkpt>
      <trkpt lat="22.586386280792123" lon="113.83278028665735">
        <ele>8.399999618530273</ele>
        <time>2026-05-10T00:12:39Z</time>
        <extensions>
          <gpxtpx:TrackPointExtension>
            <gpxtpx:hr>139</gpxtpx:hr>
          </gpxtpx:TrackPointExtension>
        </extensions>
      </trkpt>
      <trkpt lat="22.58644536286802" lon="113.83282841086363">
        <ele>8.399999618530273</ele>
        <time>2026-05-10T00:12:43Z</time>
        <extensions>
          <gpxtpx:TrackPointExtension>
            <gpxtpx:hr>139</gpxtpx:hr>
          </gpxtpx:TrackPointExtension>
        </extensions>
      </trkpt>
      <trkpt lat="22.58650843886758" lon="113.83287352679895">
        <ele>8.399999618530273</ele>
        <time>2026-05-10T00:12:47Z</time>
        <extensions>
          <gpxtpx:TrackPointExtension>
            <gpxtpx:hr>139</gpxtpx:hr>
          </gpxtpx:TrackPointExtension>
        </extensions>
      </trkpt>
      <trkpt lat="22.586575503221628" lon="113.83291262646966">
        <ele>8.399999618530273</ele>
        <time>2026-05-10T00:12:51Z</time>
        <extensions>
          <gpxtpx:TrackPointExtension>
            <gpxtpx:hr>139</gpxtpx:hr>
          </gpxtpx:TrackPointExtension>
        </extensions>
      </trkpt>
      <trkpt lat="22.586647585522172" lon="113.83296175246088">
        <ele>8.399999618530273</ele>
        <time>2026-05-10T00:12:55Z</time>
        <extensions>
          <gpxtpx:TrackPointExtension>
            <gpxtpx:hr>139</gpxtpx:hr>
          </gpxtpx:TrackPointExtension>
        </extensions>
      </trkpt>
      <trkpt lat="22.586715668280632" lon="113.8330108786901">
        <ele>8.399999618530273</ele>
        <time>2026-05-10T00:12:59Z</time>
        <extensions>
          <gpxtpx:TrackPointExtension>
            <gpxtpx:hr>138</gpxtpx:hr>
          </gpxtpx:TrackPointExtension>
        </extensions>
      </trkpt>
      <trkpt lat="22.58678673023593" lon="113.83304897539962">
        <ele>8.399999618530273</ele>
        <time>2026-05-10T00:13:03Z</time>
        <extensions>
          <gpxtpx:TrackPointExtension>
            <gpxtpx:hr>136</gpxtpx:hr>
          </gpxtpx:TrackPointExtension>
        </extensions>
      </trkpt>
      <trkpt lat="22.586854798103563" lon="113.83309008028291">
        <ele>8.199999809265137</ele>
        <time>2026-05-10T00:13:07Z</time>
        <extensions>
          <gpxtpx:TrackPointExtension>
            <gpxtpx:hr>136</gpxtpx:hr>
          </gpxtpx:TrackPointExtension>
        </extensions>
      </trkpt>
      <trkpt lat="22.5869228752289" lon="113.83313619847266">
        <ele>8.199999809265137</ele>
        <time>2026-05-10T00:13:11Z</time>
        <extensions>
          <gpxtpx:TrackPointExtension>
            <gpxtpx:hr>138</gpxtpx:hr>
          </gpxtpx:TrackPointExtension>
        </extensions>
      </trkpt>
      <trkpt lat="22.58699394454818" lon="113.83317830579985">
        <ele>8.199999809265137</ele>
        <time>2026-05-10T00:13:15Z</time>
        <extensions>
          <gpxtpx:TrackPointExtension>
            <gpxtpx:hr>139</gpxtpx:hr>
          </gpxtpx:TrackPointExtension>
        </extensions>
      </trkpt>
      <trkpt lat="22.587060995784775" lon="113.8332103867372">
        <ele>8.399999618530273</ele>
        <time>2026-05-10T00:13:19Z</time>
        <extensions>
          <gpxtpx:TrackPointExtension>
            <gpxtpx:hr>139</gpxtpx:hr>
          </gpxtpx:TrackPointExtension>
        </extensions>
      </trkpt>
      <trkpt lat="22.587127032292507" lon="113.8332344464262">
        <ele>8.199999809265137</ele>
        <time>2026-05-10T00:13:23Z</time>
        <extensions>
          <gpxtpx:TrackPointExtension>
            <gpxtpx:hr>139</gpxtpx:hr>
          </gpxtpx:TrackPointExtension>
        </extensions>
      </trkpt>
      <trkpt lat="22.58720108079927" lon="113.83326552423844">
        <ele>8.199999809265137</ele>
        <time>2026-05-10T00:13:27Z</time>
        <extensions>
          <gpxtpx:TrackPointExtension>
            <gpxtpx:hr>137</gpxtpx:hr>
          </gpxtpx:TrackPointExtension>
        </extensions>
      </trkpt>
      <trkpt lat="22.58728112485413" lon="113.83329459633363">
        <ele>8.399999618530273</ele>
        <time>2026-05-10T00:13:31Z</time>
        <extensions>
          <gpxtpx:TrackPointExtension>
            <gpxtpx:hr>136</gpxtpx:hr>
          </gpxtpx:TrackPointExtension>
        </extensions>
      </trkpt>
      <trkpt lat="22.587349162937898" lon="113.83331965854123">
        <ele>8.800000190734863</ele>
        <time>2026-05-10T00:13:35Z</time>
        <extensions>
          <gpxtpx:TrackPointExtension>
            <gpxtpx:hr>136</gpxtpx:hr>
          </gpxtpx:TrackPointExtension>
        </extensions>
      </trkpt>
      <trkpt lat="22.587409190861933" lon="113.83333870528283">
        <ele>9.199999809265137</ele>
        <time>2026-05-10T00:13:39Z</time>
        <extensions>
          <gpxtpx:TrackPointExtension>
            <gpxtpx:hr>138</gpxtpx:hr>
          </gpxtpx:TrackPointExtension>
        </extensions>
      </trkpt>
      <trkpt lat="22.58748422251272" lon="113.83336075904717">
        <ele>9.600000381469727</ele>
        <time>2026-05-10T00:13:43Z</time>
        <extensions>
          <gpxtpx:TrackPointExtension>
            <gpxtpx:hr>138</gpxtpx:hr>
          </gpxtpx:TrackPointExtension>
        </extensions>
      </trkpt>
      <trkpt lat="22.587552277245436" lon="113.83339484519857">
        <ele>9.600000381469727</ele>
        <time>2026-05-10T00:13:47Z</time>
        <extensions>
          <gpxtpx:TrackPointExtension>
            <gpxtpx:hr>137</gpxtpx:hr>
          </gpxtpx:TrackPointExtension>
        </extensions>
      </trkpt>
      <trkpt lat="22.5876232945353" lon="113.83340887791591">
        <ele>9.600000381469727</ele>
        <time>2026-05-10T00:13:51Z</time>
        <extensions>
          <gpxtpx:TrackPointExtension>
            <gpxtpx:hr>136</gpxtpx:hr>
          </gpxtpx:TrackPointExtension>
        </extensions>
      </trkpt>
      <trkpt lat="22.58770030552568" lon="113.83341990226258">
        <ele>9.399999618530273</ele>
        <time>2026-05-10T00:13:55Z</time>
        <extensions>
          <gpxtpx:TrackPointExtension>
            <gpxtpx:hr>136</gpxtpx:hr>
          </gpxtpx:TrackPointExtension>
        </extensions>
      </trkpt>
      <trkpt lat="22.587779301439046" lon="113.83342290518756">
        <ele>9.399999618530273</ele>
        <time>2026-05-10T00:13:59Z</time>
        <extensions>
          <gpxtpx:TrackPointExtension>
            <gpxtpx:hr>136</gpxtpx:hr>
          </gpxtpx:TrackPointExtension>
        </extensions>
      </trkpt>
      <trkpt lat="22.587854294127304" lon="113.8334239030455">
        <ele>9.399999618530273</ele>
        <time>2026-05-10T00:14:03Z</time>
        <extensions>
          <gpxtpx:TrackPointExtension>
            <gpxtpx:hr>136</gpxtpx:hr>
          </gpxtpx:TrackPointExtension>
        </extensions>
      </trkpt>
      <trkpt lat="22.587934239868183" lon="113.83339983404079">
        <ele>9.199999809265137</ele>
        <time>2026-05-10T00:14:07Z</time>
        <extensions>
          <gpxtpx:TrackPointExtension>
            <gpxtpx:hr>136</gpxtpx:hr>
          </gpxtpx:TrackPointExtension>
        </extensions>
      </trkpt>
      <trkpt lat="22.587994145413823" lon="113.8333527050846">
        <ele>9.399999618530273</ele>
        <time>2026-05-10T00:14:11Z</time>
        <extensions>
          <gpxtpx:TrackPointExtension>
            <gpxtpx:hr>136</gpxtpx:hr>
          </gpxtpx:TrackPointExtension>
        </extensions>
      </trkpt>
      <trkpt lat="22.588050060696936" lon="113.83331058967953">
        <ele>9.399999618530273</ele>
        <time>2026-05-10T00:14:15Z</time>
        <extensions>
          <gpxtpx:TrackPointExtension>
            <gpxtpx:hr>136</gpxtpx:hr>
          </gpxtpx:TrackPointExtension>
        </extensions>
      </trkpt>
      <trkpt lat="22.588112973249586" lon="113.83326747114918">
        <ele>9.399999618530273</ele>
        <time>2026-05-10T00:14:19Z</time>
        <extensions>
          <gpxtpx:TrackPointExtension>
            <gpxtpx:hr>136</gpxtpx:hr>
          </gpxtpx:TrackPointExtension>
        </extensions>
      </trkpt>
      <trkpt lat="22.588173902719195" lon="113.83323337670062">
        <ele>9.600000381469727</ele>
        <time>2026-05-10T00:14:23Z</time>
        <extensions>
          <gpxtpx:TrackPointExtension>
            <gpxtpx:hr>138</gpxtpx:hr>
          </gpxtpx:TrackPointExtension>
        </extensions>
      </trkpt>
      <trkpt lat="22.58823881684489" lon="113.83319126067934">
        <ele>9.399999618530273</ele>
        <time>2026-05-10T00:14:27Z</time>
        <extensions>
          <gpxtpx:TrackPointExtension>
            <gpxtpx:hr>138</gpxtpx:hr>
          </gpxtpx:TrackPointExtension>
        </extensions>
      </trkpt>
      <trkpt lat="22.588306732437974" lon="113.83315014711577">
        <ele>9.399999618530273</ele>
        <time>2026-05-10T00:14:31Z</time>
        <extensions>
          <gpxtpx:TrackPointExtension>
            <gpxtpx:hr>137</gpxtpx:hr>
          </gpxtpx:TrackPointExtension>
        </extensions>
      </trkpt>
      <trkpt lat="22.5883846876031" lon="113.83313109150647">
        <ele>9.399999618530273</ele>
        <time>2026-05-10T00:14:35Z</time>
        <extensions>
          <gpxtpx:TrackPointExtension>
            <gpxtpx:hr>137</gpxtpx:hr>
          </gpxtpx:TrackPointExtension>
        </extensions>
      </trkpt>
      <trkpt lat="22.588458641394165" lon="113.83311103348645">
        <ele>9.600000381469727</ele>
        <time>2026-05-10T00:14:39Z</time>
        <extensions>
          <gpxtpx:TrackPointExtension>
            <gpxtpx:hr>135</gpxtpx:hr>
          </gpxtpx:TrackPointExtension>
        </extensions>
      </trkpt>
      <trkpt lat="22.58851855792708" lon="113.83306992040956">
        <ele>9.399999618530273</ele>
        <time>2026-05-10T00:14:43Z</time>
        <extensions>
          <gpxtpx:TrackPointExtension>
            <gpxtpx:hr>133</gpxtpx:hr>
          </gpxtpx:TrackPointExtension>
        </extensions>
      </trkpt>
      <trkpt lat="22.588570477283707" lon="113.83302981049675">
        <ele>9.600000381469727</ele>
        <time>2026-05-10T00:14:47Z</time>
        <extensions>
          <gpxtpx:TrackPointExtension>
            <gpxtpx:hr>134</gpxtpx:hr>
          </gpxtpx:TrackPointExtension>
        </extensions>
      </trkpt>
      <trkpt lat="22.588640381410524" lon="113.83298268076327">
        <ele>9.600000381469727</ele>
        <time>2026-05-10T00:14:51Z</time>
        <extensions>
          <gpxtpx:TrackPointExtension>
            <gpxtpx:hr>134</gpxtpx:hr>
          </gpxtpx:TrackPointExtension>
        </extensions>
      </trkpt>
      <trkpt lat="22.5886972982585" lon="113.83294156783793">
        <ele>9.600000381469727</ele>
        <time>2026-05-10T00:14:55Z</time>
        <extensions>
          <gpxtpx:TrackPointExtension>
            <gpxtpx:hr>133</gpxtpx:hr>
          </gpxtpx:TrackPointExtension>
        </extensions>
      </trkpt>
      <trkpt lat="22.588756214842526" lon="113.83290045477162">
        <ele>9.600000381469727</ele>
        <time>2026-05-10T00:14:59Z</time>
        <extensions>
          <gpxtpx:TrackPointExtension>
            <gpxtpx:hr>133</gpxtpx:hr>
          </gpxtpx:TrackPointExtension>
        </extensions>
      </trkpt>
      <trkpt lat="22.588819121627697" lon="113.83285432810612">
        <ele>9.600000381469727</ele>
        <time>2026-05-10T00:15:03Z</time>
        <extensions>
          <gpxtpx:TrackPointExtension>
            <gpxtpx:hr>133</gpxtpx:hr>
          </gpxtpx:TrackPointExtension>
        </extensions>
      </trkpt>
      <trkpt lat="22.58887604771136" lon="113.83281822847239">
        <ele>9.600000381469727</ele>
        <time>2026-05-10T00:15:07Z</time>
        <extensions>
          <gpxtpx:TrackPointExtension>
            <gpxtpx:hr>131</gpxtpx:hr>
          </gpxtpx:TrackPointExtension>
        </extensions>
      </trkpt>
      <trkpt lat="22.588942963254183" lon="113.83277711485523">
        <ele>9.600000381469727</ele>
        <time>2026-05-10T00:15:11Z</time>
        <extensions>
          <gpxtpx:TrackPointExtension>
            <gpxtpx:hr>131</gpxtpx:hr>
          </gpxtpx:TrackPointExtension>
        </extensions>
      </trkpt>
      <trkpt lat="22.589006873574306" lon="113.83273299341681">
        <ele>9.600000381469727</ele>
        <time>2026-05-10T00:15:15Z</time>
        <extensions>
          <gpxtpx:TrackPointExtension>
            <gpxtpx:hr>133</gpxtpx:hr>
          </gpxtpx:TrackPointExtension>
        </extensions>
      </trkpt>
      <trkpt lat="22.589069778421923" lon="113.8326858640261">
        <ele>9.600000381469727</ele>
        <time>2026-05-10T00:15:19Z</time>
        <extensions>
          <gpxtpx:TrackPointExtension>
            <gpxtpx:hr>134</gpxtpx:hr>
          </gpxtpx:TrackPointExtension>
        </extensions>
      </trkpt>
      <trkpt lat="22.5891236862218" lon="113.83263973786319">
        <ele>9.600000381469727</ele>
        <time>2026-05-10T00:15:23Z</time>
        <extensions>
          <gpxtpx:TrackPointExtension>
            <gpxtpx:hr>134</gpxtpx:hr>
          </gpxtpx:TrackPointExtension>
        </extensions>
      </trkpt>
      <trkpt lat="22.589194614208566" lon="113.83260564261062">
        <ele>9.600000381469727</ele>
        <time>2026-05-10T00:15:27Z</time>
        <extensions>
          <gpxtpx:TrackPointExtension>
            <gpxtpx:hr>136</gpxtpx:hr>
          </gpxtpx:TrackPointExtension>
        </extensions>
      </trkpt>
      <trkpt lat="22.589259537345477" lon="113.83256853972944">
        <ele>9.600000381469727</ele>
        <time>2026-05-10T00:15:31Z</time>
        <extensions>
          <gpxtpx:TrackPointExtension>
            <gpxtpx:hr>136</gpxtpx:hr>
          </gpxtpx:TrackPointExtension>
        </extensions>
      </trkpt>
      <trkpt lat="22.58932445302688" lon="113.83252742616443">
        <ele>9.600000381469727</ele>
        <time>2026-05-10T00:15:35Z</time>
        <extensions>
          <gpxtpx:TrackPointExtension>
            <gpxtpx:hr>136</gpxtpx:hr>
          </gpxtpx:TrackPointExtension>
        </extensions>
      </trkpt>
      <trkpt lat="22.589391359140436" lon="113.8324812991151">
        <ele>9.600000381469727</ele>
        <time>2026-05-10T00:15:39Z</time>
        <extensions>
          <gpxtpx:TrackPointExtension>
            <gpxtpx:hr>134</gpxtpx:hr>
          </gpxtpx:TrackPointExtension>
        </extensions>
      </trkpt>
      <trkpt lat="22.589456269202575" lon="113.83243717751675">
        <ele>9.600000381469727</ele>
        <time>2026-05-10T00:15:43Z</time>
        <extensions>
          <gpxtpx:TrackPointExtension>
            <gpxtpx:hr>133</gpxtpx:hr>
          </gpxtpx:TrackPointExtension>
        </extensions>
      </trkpt>
      <trkpt lat="22.58952518246957" lon="113.83239506098694">
        <ele>9.600000381469727</ele>
        <time>2026-05-10T00:15:47Z</time>
        <extensions>
          <gpxtpx:TrackPointExtension>
            <gpxtpx:hr>133</gpxtpx:hr>
          </gpxtpx:TrackPointExtension>
        </extensions>
      </trkpt>
      <trkpt lat="22.589591081200545" lon="113.8323449232787">
        <ele>9.600000381469727</ele>
        <time>2026-05-10T00:15:51Z</time>
        <extensions>
          <gpxtpx:TrackPointExtension>
            <gpxtpx:hr>133</gpxtpx:hr>
          </gpxtpx:TrackPointExtension>
        </extensions>
      </trkpt>
      <trkpt lat="22.589654000759634" lon="113.83230581511575">
        <ele>9.600000381469727</ele>
        <time>2026-05-10T00:15:55Z</time>
        <extensions>
          <gpxtpx:TrackPointExtension>
            <gpxtpx:hr>133</gpxtpx:hr>
          </gpxtpx:TrackPointExtension>
        </extensions>
      </trkpt>
      <trkpt lat="22.589717923901816" lon="113.83226871221848">
        <ele>9.600000381469727</ele>
        <time>2026-05-10T00:15:59Z</time>
        <extensions>
          <gpxtpx:TrackPointExtension>
            <gpxtpx:hr>133</gpxtpx:hr>
          </gpxtpx:TrackPointExtension>
        </extensions>
      </trkpt>
      <trkpt lat="22.58977182592952" lon="113.83221957790491">
        <ele>9.600000381469727</ele>
        <time>2026-05-10T00:16:03Z</time>
        <extensions>
          <gpxtpx:TrackPointExtension>
            <gpxtpx:hr>134</gpxtpx:hr>
          </gpxtpx:TrackPointExtension>
        </extensions>
      </trkpt>
      <trkpt lat="22.589838718863934" lon="113.83216643205742">
        <ele>9.600000381469727</ele>
        <time>2026-05-10T00:16:07Z</time>
        <extensions>
          <gpxtpx:TrackPointExtension>
            <gpxtpx:hr>136</gpxtpx:hr>
          </gpxtpx:TrackPointExtension>
        </extensions>
      </trkpt>
      <trkpt lat="22.58990463984155" lon="113.83212832632442">
        <ele>9.600000381469727</ele>
        <time>2026-05-10T00:16:11Z</time>
        <extensions>
          <gpxtpx:TrackPointExtension>
            <gpxtpx:hr>136</gpxtpx:hr>
          </gpxtpx:TrackPointExtension>
        </extensions>
      </trkpt>
      <trkpt lat="22.58997156626786" lon="113.83209322853189">
        <ele>9.600000381469727</ele>
        <time>2026-05-10T00:16:15Z</time>
        <extensions>
          <gpxtpx:TrackPointExtension>
            <gpxtpx:hr>133</gpxtpx:hr>
          </gpxtpx:TrackPointExtension>
        </extensions>
      </trkpt>
      <trkpt lat="22.590037476034087" lon="113.83204910674867">
        <ele>9.600000381469727</ele>
        <time>2026-05-10T00:16:19Z</time>
        <extensions>
          <gpxtpx:TrackPointExtension>
            <gpxtpx:hr>133</gpxtpx:hr>
          </gpxtpx:TrackPointExtension>
        </extensions>
      </trkpt>
      <trkpt lat="22.590101380440064" lon="113.83200197706381">
        <ele>9.600000381469727</ele>
        <time>2026-05-10T00:16:23Z</time>
        <extensions>
          <gpxtpx:TrackPointExtension>
            <gpxtpx:hr>133</gpxtpx:hr>
          </gpxtpx:TrackPointExtension>
        </extensions>
      </trkpt>
      <trkpt lat="22.59016727339021" lon="113.83194883120062">
        <ele>9.600000381469727</ele>
        <time>2026-05-10T00:16:27Z</time>
        <extensions>
          <gpxtpx:TrackPointExtension>
            <gpxtpx:hr>132</gpxtpx:hr>
          </gpxtpx:TrackPointExtension>
        </extensions>
      </trkpt>
      <trkpt lat="22.590238197384615" lon="113.8319127304358">
        <ele>9.600000381469727</ele>
        <time>2026-05-10T00:16:31Z</time>
        <extensions>
          <gpxtpx:TrackPointExtension>
            <gpxtpx:hr>133</gpxtpx:hr>
          </gpxtpx:TrackPointExtension>
        </extensions>
      </trkpt>
      <trkpt lat="22.590300115033276" lon="113.83187261954684">
        <ele>9.600000381469727</ele>
        <time>2026-05-10T00:16:35Z</time>
        <extensions>
          <gpxtpx:TrackPointExtension>
            <gpxtpx:hr>133</gpxtpx:hr>
          </gpxtpx:TrackPointExtension>
        </extensions>
      </trkpt>
      <trkpt lat="22.590363034405513" lon="113.83183351125625">
        <ele>9.600000381469727</ele>
        <time>2026-05-10T00:16:39Z</time>
        <extensions>
          <gpxtpx:TrackPointExtension>
            <gpxtpx:hr>133</gpxtpx:hr>
          </gpxtpx:TrackPointExtension>
        </extensions>
      </trkpt>
      <trkpt lat="22.590428964576816" lon="113.83180041880438">
        <ele>9.600000381469727</ele>
        <time>2026-05-10T00:16:43Z</time>
        <extensions>
          <gpxtpx:TrackPointExtension>
            <gpxtpx:hr>131</gpxtpx:hr>
          </gpxtpx:TrackPointExtension>
        </extensions>
      </trkpt>
      <trkpt lat="22.590495872224285" lon="113.83175529419582">
        <ele>9.600000381469727</ele>
        <time>2026-05-10T00:16:47Z</time>
        <extensions>
          <gpxtpx:TrackPointExtension>
            <gpxtpx:hr>133</gpxtpx:hr>
          </gpxtpx:TrackPointExtension>
        </extensions>
      </trkpt>
      <trkpt lat="22.590560789432473" lon="113.83171518307242">
        <ele>9.600000381469727</ele>
        <time>2026-05-10T00:16:51Z</time>
        <extensions>
          <gpxtpx:TrackPointExtension>
            <gpxtpx:hr>135</gpxtpx:hr>
          </gpxtpx:TrackPointExtension>
        </extensions>
      </trkpt>
      <trkpt lat="22.590633711216224" lon="113.83167807944868">
        <ele>9.600000381469727</ele>
        <time>2026-05-10T00:16:55Z</time>
        <extensions>
          <gpxtpx:TrackPointExtension>
            <gpxtpx:hr>135</gpxtpx:hr>
          </gpxtpx:TrackPointExtension>
        </extensions>
      </trkpt>
      <trkpt lat="22.590699633865075" lon="113.83164097626452">
        <ele>9.600000381469727</ele>
        <time>2026-05-10T00:16:59Z</time>
        <extensions>
          <gpxtpx:TrackPointExtension>
            <gpxtpx:hr>131</gpxtpx:hr>
          </gpxtpx:TrackPointExtension>
        </extensions>
      </trkpt>
      <trkpt lat="22.590768539322582" lon="113.83159484880561">
        <ele>9.600000381469727</ele>
        <time>2026-05-10T00:17:03Z</time>
        <extensions>
          <gpxtpx:TrackPointExtension>
            <gpxtpx:hr>128</gpxtpx:hr>
          </gpxtpx:TrackPointExtension>
        </extensions>
      </trkpt>
      <trkpt lat="22.590837437292386" lon="113.83154471063217">
        <ele>9.600000381469727</ele>
        <time>2026-05-10T00:17:07Z</time>
        <extensions>
          <gpxtpx:TrackPointExtension>
            <gpxtpx:hr>128</gpxtpx:hr>
          </gpxtpx:TrackPointExtension>
        </extensions>
      </trkpt>
      <trkpt lat="22.590906338973948" lon="113.83149657779356">
        <ele>9.600000381469727</ele>
        <time>2026-05-10T00:17:11Z</time>
        <extensions>
          <gpxtpx:TrackPointExtension>
            <gpxtpx:hr>130</gpxtpx:hr>
          </gpxtpx:TrackPointExtension>
        </extensions>
      </trkpt>
      <trkpt lat="22.590983237756916" lon="113.83144744175155">
        <ele>9.600000381469727</ele>
        <time>2026-05-10T00:17:15Z</time>
        <extensions>
          <gpxtpx:TrackPointExtension>
            <gpxtpx:hr>132</gpxtpx:hr>
          </gpxtpx:TrackPointExtension>
        </extensions>
      </trkpt>
      <trkpt lat="22.591045153353946" lon="113.83140632806435">
        <ele>9.600000381469727</ele>
        <time>2026-05-10T00:17:19Z</time>
        <extensions>
          <gpxtpx:TrackPointExtension>
            <gpxtpx:hr>133</gpxtpx:hr>
          </gpxtpx:TrackPointExtension>
        </extensions>
      </trkpt>
      <trkpt lat="22.591111060957225" lon="113.8313612034047">
        <ele>9.800000190734863</ele>
        <time>2026-05-10T00:17:23Z</time>
        <extensions>
          <gpxtpx:TrackPointExtension>
            <gpxtpx:hr>136</gpxtpx:hr>
          </gpxtpx:TrackPointExtension>
        </extensions>
      </trkpt>
      <trkpt lat="22.59116998624231" lon="113.83132510327037">
        <ele>9.600000381469727</ele>
        <time>2026-05-10T00:17:27Z</time>
        <extensions>
          <gpxtpx:TrackPointExtension>
            <gpxtpx:hr>139</gpxtpx:hr>
          </gpxtpx:TrackPointExtension>
        </extensions>
      </trkpt>
      <trkpt lat="22.59122588947102" lon="113.83127697119808">
        <ele>9.600000381469727</ele>
        <time>2026-05-10T00:17:31Z</time>
        <extensions>
          <gpxtpx:TrackPointExtension>
            <gpxtpx:hr>137</gpxtpx:hr>
          </gpxtpx:TrackPointExtension>
        </extensions>
      </trkpt>
      <trkpt lat="22.59128879366356" lon="113.83122984133992">
        <ele>9.800000190734863</ele>
        <time>2026-05-10T00:17:35Z</time>
        <extensions>
          <gpxtpx:TrackPointExtension>
            <gpxtpx:hr>137</gpxtpx:hr>
          </gpxtpx:TrackPointExtension>
        </extensions>
      </trkpt>
      <trkpt lat="22.591360724734464" lon="113.83119775105233">
        <ele>9.800000190734863</ele>
        <time>2026-05-10T00:17:39Z</time>
        <extensions>
          <gpxtpx:TrackPointExtension>
            <gpxtpx:hr>136</gpxtpx:hr>
          </gpxtpx:TrackPointExtension>
        </extensions>
      </trkpt>
      <trkpt lat="22.591429631870604" lon="113.83115262614184">
        <ele>9.800000190734863</ele>
        <time>2026-05-10T00:17:43Z</time>
        <extensions>
          <gpxtpx:TrackPointExtension>
            <gpxtpx:hr>136</gpxtpx:hr>
          </gpxtpx:TrackPointExtension>
        </extensions>
      </trkpt>
      <trkpt lat="22.591499546339787" lon="113.83111151186642">
        <ele>9.600000381469727</ele>
        <time>2026-05-10T00:17:47Z</time>
        <extensions>
          <gpxtpx:TrackPointExtension>
            <gpxtpx:hr>136</gpxtpx:hr>
          </gpxtpx:TrackPointExtension>
        </extensions>
      </trkpt>
      <trkpt lat="22.59155946393177" lon="113.83107140089986">
        <ele>9.600000381469727</ele>
        <time>2026-05-10T00:17:51Z</time>
        <extensions>
          <gpxtpx:TrackPointExtension>
            <gpxtpx:hr>136</gpxtpx:hr>
          </gpxtpx:TrackPointExtension>
        </extensions>
      </trkpt>
      <trkpt lat="22.591635368255115" lon="113.83102527282757">
        <ele>9.600000381469727</ele>
        <time>2026-05-10T00:17:55Z</time>
        <extensions>
          <gpxtpx:TrackPointExtension>
            <gpxtpx:hr>135</gpxtpx:hr>
          </gpxtpx:TrackPointExtension>
        </extensions>
      </trkpt>
      <trkpt lat="22.59169127884179" lon="113.83098115138192">
        <ele>9.600000381469727</ele>
        <time>2026-05-10T00:17:59Z</time>
        <extensions>
          <gpxtpx:TrackPointExtension>
            <gpxtpx:hr>134</gpxtpx:hr>
          </gpxtpx:TrackPointExtension>
        </extensions>
      </trkpt>
      <trkpt lat="22.59175319987378" lon="113.83094304561355">
        <ele>9.600000381469727</ele>
        <time>2026-05-10T00:18:03Z</time>
        <extensions>
          <gpxtpx:TrackPointExtension>
            <gpxtpx:hr>133</gpxtpx:hr>
          </gpxtpx:TrackPointExtension>
        </extensions>
      </trkpt>
      <trkpt lat="22.59182412723018" lon="113.83090894997608">
        <ele>9.600000381469727</ele>
        <time>2026-05-10T00:18:07Z</time>
        <extensions>
          <gpxtpx:TrackPointExtension>
            <gpxtpx:hr>132</gpxtpx:hr>
          </gpxtpx:TrackPointExtension>
        </extensions>
      </trkpt>
      <trkpt lat="22.591883037389785" lon="113.83086482830764">
        <ele>9.600000381469727</ele>
        <time>2026-05-10T00:18:11Z</time>
        <extensions>
          <gpxtpx:TrackPointExtension>
            <gpxtpx:hr>130</gpxtpx:hr>
          </gpxtpx:TrackPointExtension>
        </extensions>
      </trkpt>
      <trkpt lat="22.591943947278242" lon="113.8308207064996">
        <ele>9.600000381469727</ele>
        <time>2026-05-10T00:18:15Z</time>
        <extensions>
          <gpxtpx:TrackPointExtension>
            <gpxtpx:hr>130</gpxtpx:hr>
          </gpxtpx:TrackPointExtension>
        </extensions>
      </trkpt>
      <trkpt lat="22.59202187744264" lon="113.83078861574845">
        <ele>9.600000381469727</ele>
        <time>2026-05-10T00:18:19Z</time>
        <extensions>
          <gpxtpx:TrackPointExtension>
            <gpxtpx:hr>132</gpxtpx:hr>
          </gpxtpx:TrackPointExtension>
        </extensions>
      </trkpt>
      <trkpt lat="22.592083779684604" lon="113.83074048313641">
        <ele>9.600000381469727</ele>
        <time>2026-05-10T00:18:23Z</time>
        <extensions>
          <gpxtpx:TrackPointExtension>
            <gpxtpx:hr>135</gpxtpx:hr>
          </gpxtpx:TrackPointExtension>
        </extensions>
      </trkpt>
      <trkpt lat="22.5921537014806" lon="113.83070337948178">
        <ele>9.399999618530273</ele>
        <time>2026-05-10T00:18:27Z</time>
        <extensions>
          <gpxtpx:TrackPointExtension>
            <gpxtpx:hr>136</gpxtpx:hr>
          </gpxtpx:TrackPointExtension>
        </extensions>
      </trkpt>
      <trkpt lat="22.59222065547573" lon="113.83068332157936">
        <ele>9.399999618530273</ele>
        <time>2026-05-10T00:18:31Z</time>
        <extensions>
          <gpxtpx:TrackPointExtension>
            <gpxtpx:hr>137</gpxtpx:hr>
          </gpxtpx:TrackPointExtension>
        </extensions>
      </trkpt>
      <trkpt lat="22.592289571757227" lon="113.83064320993475">
        <ele>9.399999618530273</ele>
        <time>2026-05-10T00:18:35Z</time>
        <extensions>
          <gpxtpx:TrackPointExtension>
            <gpxtpx:hr>137</gpxtpx:hr>
          </gpxtpx:TrackPointExtension>
        </extensions>
      </trkpt>
      <trkpt lat="22.592352496282114" lon="113.83060710938906">
        <ele>9.600000381469727</ele>
        <time>2026-05-10T00:18:39Z</time>
        <extensions>
          <gpxtpx:TrackPointExtension>
            <gpxtpx:hr>139</gpxtpx:hr>
          </gpxtpx:TrackPointExtension>
        </extensions>
      </trkpt>
      <trkpt lat="22.59241542266728" lon="113.83057201151702">
        <ele>9.399999618530273</ele>
        <time>2026-05-10T00:18:43Z</time>
        <extensions>
          <gpxtpx:TrackPointExtension>
            <gpxtpx:hr>139</gpxtpx:hr>
          </gpxtpx:TrackPointExtension>
        </extensions>
      </trkpt>
      <trkpt lat="22.59248734226745" lon="113.8305339050173">
        <ele>9.399999618530273</ele>
        <time>2026-05-10T00:18:47Z</time>
        <extensions>
          <gpxtpx:TrackPointExtension>
            <gpxtpx:hr>139</gpxtpx:hr>
          </gpxtpx:TrackPointExtension>
        </extensions>
      </trkpt>
      <trkpt lat="22.592548261389656" lon="113.83049479653323">
        <ele>9.399999618530273</ele>
        <time>2026-05-10T00:18:51Z</time>
        <extensions>
          <gpxtpx:TrackPointExtension>
            <gpxtpx:hr>137</gpxtpx:hr>
          </gpxtpx:TrackPointExtension>
        </extensions>
      </trkpt>
      <trkpt lat="22.592607167639216" lon="113.83044866939694">
        <ele>9.399999618530273</ele>
        <time>2026-05-10T00:18:55Z</time>
        <extensions>
          <gpxtpx:TrackPointExtension>
            <gpxtpx:hr>136</gpxtpx:hr>
          </gpxtpx:TrackPointExtension>
        </extensions>
      </trkpt>
      <trkpt lat="22.592677081829684" lon="113.83040755495347">
        <ele>9.800000190734863</ele>
        <time>2026-05-10T00:18:59Z</time>
        <extensions>
          <gpxtpx:TrackPointExtension>
            <gpxtpx:hr>133</gpxtpx:hr>
          </gpxtpx:TrackPointExtension>
        </extensions>
      </trkpt>
      <trkpt lat="22.59274802586159" lon="113.83038248335072">
        <ele>9.399999618530273</ele>
        <time>2026-05-10T00:19:03Z</time>
        <extensions>
          <gpxtpx:TrackPointExtension>
            <gpxtpx:hr>132</gpxtpx:hr>
          </gpxtpx:TrackPointExtension>
        </extensions>
      </trkpt>
      <trkpt lat="22.592826951986883" lon="113.83034838709132">
        <ele>9.399999618530273</ele>
        <time>2026-05-10T00:19:07Z</time>
        <extensions>
          <gpxtpx:TrackPointExtension>
            <gpxtpx:hr>133</gpxtpx:hr>
          </gpxtpx:TrackPointExtension>
        </extensions>
      </trkpt>
      <trkpt lat="22.592892847903755" lon="113.83029724605652">
        <ele>9.399999618530273</ele>
        <time>2026-05-10T00:19:11Z</time>
        <extensions>
          <gpxtpx:TrackPointExtension>
            <gpxtpx:hr>133</gpxtpx:hr>
          </gpxtpx:TrackPointExtension>
        </extensions>
      </trkpt>
      <trkpt lat="22.592954761188633" lon="113.83025512940931">
        <ele>9.399999618530273</ele>
        <time>2026-05-10T00:19:15Z</time>
        <extensions>
          <gpxtpx:TrackPointExtension>
            <gpxtpx:hr>133</gpxtpx:hr>
          </gpxtpx:TrackPointExtension>
        </extensions>
      </trkpt>
      <trkpt lat="22.593025667674244" lon="113.83021000412651">
        <ele>9.600000381469727</ele>
        <time>2026-05-10T00:19:19Z</time>
        <extensions>
          <gpxtpx:TrackPointExtension>
            <gpxtpx:hr>134</gpxtpx:hr>
          </gpxtpx:TrackPointExtension>
        </extensions>
      </trkpt>
      <trkpt lat="22.5930865979343" lon="113.83017691167277">
        <ele>9.600000381469727</ele>
        <time>2026-05-10T00:19:23Z</time>
        <extensions>
          <gpxtpx:TrackPointExtension>
            <gpxtpx:hr>133</gpxtpx:hr>
          </gpxtpx:TrackPointExtension>
        </extensions>
      </trkpt>
      <trkpt lat="22.593142521326772" lon="113.83013980880033">
        <ele>9.399999618530273</ele>
        <time>2026-05-10T00:19:27Z</time>
        <extensions>
          <gpxtpx:TrackPointExtension>
            <gpxtpx:hr>133</gpxtpx:hr>
          </gpxtpx:TrackPointExtension>
        </extensions>
      </trkpt>
      <trkpt lat="22.59320842278488" lon="113.83009167575973">
        <ele>9.399999618530273</ele>
        <time>2026-05-10T00:19:31Z</time>
        <extensions>
          <gpxtpx:TrackPointExtension>
            <gpxtpx:hr>134</gpxtpx:hr>
          </gpxtpx:TrackPointExtension>
        </extensions>
      </trkpt>
      <trkpt lat="22.593282336323213" lon="113.83005056098115">
        <ele>9.399999618530273</ele>
        <time>2026-05-10T00:19:35Z</time>
        <extensions>
          <gpxtpx:TrackPointExtension>
            <gpxtpx:hr>138</gpxtpx:hr>
          </gpxtpx:TrackPointExtension>
        </extensions>
      </trkpt>
      <trkpt lat="22.593352246610078" lon="113.83000744108216">
        <ele>9.399999618530273</ele>
        <time>2026-05-10T00:19:39Z</time>
        <extensions>
          <gpxtpx:TrackPointExtension>
            <gpxtpx:hr>137</gpxtpx:hr>
          </gpxtpx:TrackPointExtension>
        </extensions>
      </trkpt>
      <trkpt lat="22.59341417104983" lon="113.82997134047652">
        <ele>9.399999618530273</ele>
        <time>2026-05-10T00:19:43Z</time>
        <extensions>
          <gpxtpx:TrackPointExtension>
            <gpxtpx:hr>133</gpxtpx:hr>
          </gpxtpx:TrackPointExtension>
        </extensions>
      </trkpt>
      <trkpt lat="22.593494095024933" lon="113.82993624139436">
        <ele>9.199999809265137</ele>
        <time>2026-05-10T00:19:47Z</time>
        <extensions>
          <gpxtpx:TrackPointExtension>
            <gpxtpx:hr>136</gpxtpx:hr>
          </gpxtpx:TrackPointExtension>
        </extensions>
      </trkpt>
      <trkpt lat="22.59356702552209" lon="113.8299041508086">
        <ele>9.199999809265137</ele>
        <time>2026-05-10T00:19:51Z</time>
        <extensions>
          <gpxtpx:TrackPointExtension>
            <gpxtpx:hr>136</gpxtpx:hr>
          </gpxtpx:TrackPointExtension>
        </extensions>
      </trkpt>
      <trkpt lat="22.593631970181836" lon="113.82987907952382">
        <ele>9.199999809265137</ele>
        <time>2026-05-10T00:19:55Z</time>
        <extensions>
          <gpxtpx:TrackPointExtension>
            <gpxtpx:hr>136</gpxtpx:hr>
          </gpxtpx:TrackPointExtension>
        </extensions>
      </trkpt>
      <trkpt lat="22.59370088615893" lon="113.82983896770601">
        <ele>9.199999809265137</ele>
        <time>2026-05-10T00:19:59Z</time>
        <extensions>
          <gpxtpx:TrackPointExtension>
            <gpxtpx:hr>136</gpxtpx:hr>
          </gpxtpx:TrackPointExtension>
        </extensions>
      </trkpt>
      <trkpt lat="22.59377078885074" lon="113.82979183702004">
        <ele>9.199999809265137</ele>
        <time>2026-05-10T00:20:03Z</time>
        <extensions>
          <gpxtpx:TrackPointExtension>
            <gpxtpx:hr>133</gpxtpx:hr>
          </gpxtpx:TrackPointExtension>
        </extensions>
      </trkpt>
      <trkpt lat="22.593847700003366" lon="113.82974971930103">
        <ele>9.199999809265137</ele>
        <time>2026-05-10T00:20:07Z</time>
        <extensions>
          <gpxtpx:TrackPointExtension>
            <gpxtpx:hr>130</gpxtpx:hr>
          </gpxtpx:TrackPointExtension>
        </extensions>
      </trkpt>
      <trkpt lat="22.593926622145702" lon="113.82971361755833">
        <ele>9.199999809265137</ele>
        <time>2026-05-10T00:20:11Z</time>
        <extensions>
          <gpxtpx:TrackPointExtension>
            <gpxtpx:hr>132</gpxtpx:hr>
          </gpxtpx:TrackPointExtension>
        </extensions>
      </trkpt>
      <trkpt lat="22.593994553215598" lon="113.8296815272575">
        <ele>9.199999809265137</ele>
        <time>2026-05-10T00:20:15Z</time>
        <extensions>
          <gpxtpx:TrackPointExtension>
            <gpxtpx:hr>133</gpxtpx:hr>
          </gpxtpx:TrackPointExtension>
        </extensions>
      </trkpt>
      <trkpt lat="22.594058464136072" lon="113.82963840766348">
        <ele>9.199999809265137</ele>
        <time>2026-05-10T00:20:19Z</time>
        <extensions>
          <gpxtpx:TrackPointExtension>
            <gpxtpx:hr>133</gpxtpx:hr>
          </gpxtpx:TrackPointExtension>
        </extensions>
      </trkpt>
      <trkpt lat="22.594135375227275" lon="113.82959628991284">
        <ele>9.0</ele>
        <time>2026-05-10T00:20:23Z</time>
        <extensions>
          <gpxtpx:TrackPointExtension>
            <gpxtpx:hr>136</gpxtpx:hr>
          </gpxtpx:TrackPointExtension>
        </extensions>
      </trkpt>
      <trkpt lat="22.594206272055487" lon="113.8295461510479">
        <ele>9.0</ele>
        <time>2026-05-10T00:20:27Z</time>
        <extensions>
          <gpxtpx:TrackPointExtension>
            <gpxtpx:hr>133</gpxtpx:hr>
          </gpxtpx:TrackPointExtension>
        </extensions>
      </trkpt>
      <trkpt lat="22.59427016414098" lon="113.82949300456016">
        <ele>9.199999809265137</ele>
        <time>2026-05-10T00:20:31Z</time>
        <extensions>
          <gpxtpx:TrackPointExtension>
            <gpxtpx:hr>133</gpxtpx:hr>
          </gpxtpx:TrackPointExtension>
        </extensions>
      </trkpt>
      <trkpt lat="22.59434408496731" lon="113.82945590040674">
        <ele>9.0</ele>
        <time>2026-05-10T00:20:35Z</time>
        <extensions>
          <gpxtpx:TrackPointExtension>
            <gpxtpx:hr>133</gpxtpx:hr>
          </gpxtpx:TrackPointExtension>
        </extensions>
      </trkpt>
      <trkpt lat="22.594411017969122" lon="113.82942481281736">
        <ele>9.199999809265137</ele>
        <time>2026-05-10T00:20:39Z</time>
        <extensions>
          <gpxtpx:TrackPointExtension>
            <gpxtpx:hr>133</gpxtpx:hr>
          </gpxtpx:TrackPointExtension>
        </extensions>
      </trkpt>
      <trkpt lat="22.59447392893076" lon="113.829381693235">
        <ele>9.199999809265137</ele>
        <time>2026-05-10T00:20:43Z</time>
        <extensions>
          <gpxtpx:TrackPointExtension>
            <gpxtpx:hr>133</gpxtpx:hr>
          </gpxtpx:TrackPointExtension>
        </extensions>
      </trkpt>
      <trkpt lat="22.594533842150046" lon="113.82933957652381">
        <ele>9.199999809265137</ele>
        <time>2026-05-10T00:20:47Z</time>
        <extensions>
          <gpxtpx:TrackPointExtension>
            <gpxtpx:hr>136</gpxtpx:hr>
          </gpxtpx:TrackPointExtension>
        </extensions>
      </trkpt>
      <trkpt lat="22.594602752298954" lon="113.82929645653972">
        <ele>9.199999809265137</ele>
        <time>2026-05-10T00:20:51Z</time>
        <extensions>
          <gpxtpx:TrackPointExtension>
            <gpxtpx:hr>136</gpxtpx:hr>
          </gpxtpx:TrackPointExtension>
        </extensions>
      </trkpt>
      <trkpt lat="22.59467065692365" lon="113.82925032854823">
        <ele>9.199999809265137</ele>
        <time>2026-05-10T00:20:55Z</time>
        <extensions>
          <gpxtpx:TrackPointExtension>
            <gpxtpx:hr>136</gpxtpx:hr>
          </gpxtpx:TrackPointExtension>
        </extensions>
      </trkpt>
      <trkpt lat="22.59473055505911" lon="113.82920019030861">
        <ele>9.399999618530273</ele>
        <time>2026-05-10T00:20:59Z</time>
        <extensions>
          <gpxtpx:TrackPointExtension>
            <gpxtpx:hr>134</gpxtpx:hr>
          </gpxtpx:TrackPointExtension>
        </extensions>
      </trkpt>
      <trkpt lat="22.59479849349965" lon="113.82917211068299">
        <ele>9.399999618530273</ele>
        <time>2026-05-10T00:21:03Z</time>
        <extensions>
          <gpxtpx:TrackPointExtension>
            <gpxtpx:hr>133</gpxtpx:hr>
          </gpxtpx:TrackPointExtension>
        </extensions>
      </trkpt>
      <trkpt lat="22.59486742991889" lon="113.82914302830152">
        <ele>9.399999618530273</ele>
        <time>2026-05-10T00:21:07Z</time>
        <extensions>
          <gpxtpx:TrackPointExtension>
            <gpxtpx:hr>133</gpxtpx:hr>
          </gpxtpx:TrackPointExtension>
        </extensions>
      </trkpt>
      <trkpt lat="22.59494136567186" lon="113.82911394559554">
        <ele>9.199999809265137</ele>
        <time>2026-05-10T00:21:11Z</time>
        <extensions>
          <gpxtpx:TrackPointExtension>
            <gpxtpx:hr>134</gpxtpx:hr>
          </gpxtpx:TrackPointExtension>
        </extensions>
      </trkpt>
      <trkpt lat="22.59500430285865" lon="113.82908486359143">
        <ele>9.199999809265137</ele>
        <time>2026-05-10T00:21:15Z</time>
        <extensions>
          <gpxtpx:TrackPointExtension>
            <gpxtpx:hr>135</gpxtpx:hr>
          </gpxtpx:TrackPointExtension>
        </extensions>
      </trkpt>
      <trkpt lat="22.59507723872229" lon="113.82905578094214">
        <ele>9.199999809265137</ele>
        <time>2026-05-10T00:21:19Z</time>
        <extensions>
          <gpxtpx:TrackPointExtension>
            <gpxtpx:hr>136</gpxtpx:hr>
          </gpxtpx:TrackPointExtension>
        </extensions>
      </trkpt>
      <trkpt lat="22.5951451507782" lon="113.82901366365651">
        <ele>9.199999809265137</ele>
        <time>2026-05-10T00:21:23Z</time>
        <extensions>
          <gpxtpx:TrackPointExtension>
            <gpxtpx:hr>136</gpxtpx:hr>
          </gpxtpx:TrackPointExtension>
        </extensions>
      </trkpt>
      <trkpt lat="22.59520605245302" lon="113.82896553067866">
        <ele>9.199999809265137</ele>
        <time>2026-05-10T00:21:27Z</time>
        <extensions>
          <gpxtpx:TrackPointExtension>
            <gpxtpx:hr>132</gpxtpx:hr>
          </gpxtpx:TrackPointExtension>
        </extensions>
      </trkpt>
      <trkpt lat="22.59526697292824" lon="113.8289274245823">
        <ele>9.399999618530273</ele>
        <time>2026-05-10T00:21:31Z</time>
        <extensions>
          <gpxtpx:TrackPointExtension>
            <gpxtpx:hr>120</gpxtpx:hr>
          </gpxtpx:TrackPointExtension>
        </extensions>
      </trkpt>
      <trkpt lat="22.595328893260394" lon="113.82888931841565">
        <ele>9.399999618530273</ele>
        <time>2026-05-10T00:21:35Z</time>
        <extensions>
          <gpxtpx:TrackPointExtension>
            <gpxtpx:hr>120</gpxtpx:hr>
          </gpxtpx:TrackPointExtension>
        </extensions>
      </trkpt>
      <trkpt lat="22.59539381506754" lon="113.82885221473988">
        <ele>9.199999809265137</ele>
        <time>2026-05-10T00:21:39Z</time>
        <extensions>
          <gpxtpx:TrackPointExtension>
            <gpxtpx:hr>128</gpxtpx:hr>
          </gpxtpx:TrackPointExtension>
        </extensions>
      </trkpt>
      <trkpt lat="22.595460717778508" lon="113.82880508403404">
        <ele>9.399999618530273</ele>
        <time>2026-05-10T00:21:43Z</time>
        <extensions>
          <gpxtpx:TrackPointExtension>
            <gpxtpx:hr>131</gpxtpx:hr>
          </gpxtpx:TrackPointExtension>
        </extensions>
      </trkpt>
      <trkpt lat="22.59552562450249" lon="113.82875995882698">
        <ele>9.399999618530273</ele>
        <time>2026-05-10T00:21:47Z</time>
        <extensions>
          <gpxtpx:TrackPointExtension>
            <gpxtpx:hr>133</gpxtpx:hr>
          </gpxtpx:TrackPointExtension>
        </extensions>
      </trkpt>
      <trkpt lat="22.59559151978493" lon="113.82870881740746">
        <ele>9.399999618530273</ele>
        <time>2026-05-10T00:21:51Z</time>
        <extensions>
          <gpxtpx:TrackPointExtension>
            <gpxtpx:hr>134</gpxtpx:hr>
          </gpxtpx:TrackPointExtension>
        </extensions>
      </trkpt>
      <trkpt lat="22.595662446395803" lon="113.82867472138972">
        <ele>9.199999809265137</ele>
        <time>2026-05-10T00:21:55Z</time>
        <extensions>
          <gpxtpx:TrackPointExtension>
            <gpxtpx:hr>134</gpxtpx:hr>
          </gpxtpx:TrackPointExtension>
        </extensions>
      </trkpt>
      <trkpt lat="22.595732365596128" lon="113.82863661467027">
        <ele>9.399999618530273</ele>
        <time>2026-05-10T00:21:59Z</time>
        <extensions>
          <gpxtpx:TrackPointExtension>
            <gpxtpx:hr>135</gpxtpx:hr>
          </gpxtpx:TrackPointExtension>
        </extensions>
      </trkpt>
      <trkpt lat="22.595800296346656" lon="113.82860452421598">
        <ele>9.199999809265137</ele>
        <time>2026-05-10T00:22:03Z</time>
        <extensions>
          <gpxtpx:TrackPointExtension>
            <gpxtpx:hr>133</gpxtpx:hr>
          </gpxtpx:TrackPointExtension>
        </extensions>
      </trkpt>
      <trkpt lat="22.59586924013625" lon="113.82857945252721">
        <ele>9.199999809265137</ele>
        <time>2026-05-10T00:22:07Z</time>
        <extensions>
          <gpxtpx:TrackPointExtension>
            <gpxtpx:hr>133</gpxtpx:hr>
          </gpxtpx:TrackPointExtension>
        </extensions>
      </trkpt>
      <trkpt lat="22.595937174633576" lon="113.82854936744691">
        <ele>9.399999618530273</ele>
        <time>2026-05-10T00:22:11Z</time>
        <extensions>
          <gpxtpx:TrackPointExtension>
            <gpxtpx:hr>134</gpxtpx:hr>
          </gpxtpx:TrackPointExtension>
        </extensions>
      </trkpt>
      <trkpt lat="22.59599607829694" lon="113.828502237197">
        <ele>9.399999618530273</ele>
        <time>2026-05-10T00:22:15Z</time>
        <extensions>
          <gpxtpx:TrackPointExtension>
            <gpxtpx:hr>133</gpxtpx:hr>
          </gpxtpx:TrackPointExtension>
        </extensions>
      </trkpt>
      <trkpt lat="22.596060005769935" lon="113.82846814160047">
        <ele>9.399999618530273</ele>
        <time>2026-05-10T00:22:19Z</time>
        <extensions>
          <gpxtpx:TrackPointExtension>
            <gpxtpx:hr>133</gpxtpx:hr>
          </gpxtpx:TrackPointExtension>
        </extensions>
      </trkpt>
      <trkpt lat="22.596125908478776" lon="113.8284210108867">
        <ele>9.399999618530273</ele>
        <time>2026-05-10T00:22:23Z</time>
        <extensions>
          <gpxtpx:TrackPointExtension>
            <gpxtpx:hr>133</gpxtpx:hr>
          </gpxtpx:TrackPointExtension>
        </extensions>
      </trkpt>
      <trkpt lat="22.59618879838353" lon="113.82836686151772">
        <ele>9.399999618530273</ele>
        <time>2026-05-10T00:22:27Z</time>
        <extensions>
          <gpxtpx:TrackPointExtension>
            <gpxtpx:hr>134</gpxtpx:hr>
          </gpxtpx:TrackPointExtension>
        </extensions>
      </trkpt>
      <trkpt lat="22.596263730012" lon="113.82833577327223">
        <ele>9.399999618530273</ele>
        <time>2026-05-10T00:22:31Z</time>
        <extensions>
          <gpxtpx:TrackPointExtension>
            <gpxtpx:hr>133</gpxtpx:hr>
          </gpxtpx:TrackPointExtension>
        </extensions>
      </trkpt>
      <trkpt lat="22.596324672912747" lon="113.82830969937922">
        <ele>9.199999809265137</ele>
        <time>2026-05-10T00:22:35Z</time>
        <extensions>
          <gpxtpx:TrackPointExtension>
            <gpxtpx:hr>133</gpxtpx:hr>
          </gpxtpx:TrackPointExtension>
        </extensions>
      </trkpt>
      <trkpt lat="22.596385578118564" lon="113.82826357164997">
        <ele>9.199999809265137</ele>
        <time>2026-05-10T00:22:39Z</time>
        <extensions>
          <gpxtpx:TrackPointExtension>
            <gpxtpx:hr>131</gpxtpx:hr>
          </gpxtpx:TrackPointExtension>
        </extensions>
      </trkpt>
      <trkpt lat="22.596458494905225" lon="113.8282244619861">
        <ele>9.399999618530273</ele>
        <time>2026-05-10T00:22:43Z</time>
        <extensions>
          <gpxtpx:TrackPointExtension>
            <gpxtpx:hr>127</gpxtpx:hr>
          </gpxtpx:TrackPointExtension>
        </extensions>
      </trkpt>
      <trkpt lat="22.596524414496564" lon="113.82818635545782">
        <ele>9.0</ele>
        <time>2026-05-10T00:22:47Z</time>
        <extensions>
          <gpxtpx:TrackPointExtension>
            <gpxtpx:hr>124</gpxtpx:hr>
          </gpxtpx:TrackPointExtension>
        </extensions>
      </trkpt>
      <trkpt lat="22.59658833245842" lon="113.82814724636049">
        <ele>9.0</ele>
        <time>2026-05-10T00:22:51Z</time>
        <extensions>
          <gpxtpx:TrackPointExtension>
            <gpxtpx:hr>123</gpxtpx:hr>
          </gpxtpx:TrackPointExtension>
        </extensions>
      </trkpt>
      <trkpt lat="22.596652252294103" lon="113.82810913994996">
        <ele>9.199999809265137</ele>
        <time>2026-05-10T00:22:55Z</time>
        <extensions>
          <gpxtpx:TrackPointExtension>
            <gpxtpx:hr>125</gpxtpx:hr>
          </gpxtpx:TrackPointExtension>
        </extensions>
      </trkpt>
      <trkpt lat="22.596721148828998" lon="113.82805900090435">
        <ele>9.199999809265137</ele>
        <time>2026-05-10T00:22:59Z</time>
        <extensions>
          <gpxtpx:TrackPointExtension>
            <gpxtpx:hr>129</gpxtpx:hr>
          </gpxtpx:TrackPointExtension>
        </extensions>
      </trkpt>
      <trkpt lat="22.59679606151519" lon="113.8280178856984">
        <ele>9.199999809265137</ele>
        <time>2026-05-10T00:23:03Z</time>
        <extensions>
          <gpxtpx:TrackPointExtension>
            <gpxtpx:hr>131</gpxtpx:hr>
          </gpxtpx:TrackPointExtension>
        </extensions>
      </trkpt>
      <trkpt lat="22.596864976875448" lon="113.82797777356433">
        <ele>9.199999809265137</ele>
        <time>2026-05-10T00:23:07Z</time>
        <extensions>
          <gpxtpx:TrackPointExtension>
            <gpxtpx:hr>134</gpxtpx:hr>
          </gpxtpx:TrackPointExtension>
        </extensions>
      </trkpt>
      <trkpt lat="22.596933907308973" lon="113.82794568296752">
        <ele>9.199999809265137</ele>
        <time>2026-05-10T00:23:11Z</time>
        <extensions>
          <gpxtpx:TrackPointExtension>
            <gpxtpx:hr>137</gpxtpx:hr>
          </gpxtpx:TrackPointExtension>
        </extensions>
      </trkpt>
      <trkpt lat="22.597005824130434" lon="113.827906573324">
        <ele>9.199999809265137</ele>
        <time>2026-05-10T00:23:15Z</time>
        <extensions>
          <gpxtpx:TrackPointExtension>
            <gpxtpx:hr>138</gpxtpx:hr>
          </gpxtpx:TrackPointExtension>
        </extensions>
      </trkpt>
      <trkpt lat="22.597064731365094" lon="113.82786144835094">
        <ele>9.199999809265137</ele>
        <time>2026-05-10T00:23:19Z</time>
        <extensions>
          <gpxtpx:TrackPointExtension>
            <gpxtpx:hr>138</gpxtpx:hr>
          </gpxtpx:TrackPointExtension>
        </extensions>
      </trkpt>
      <trkpt lat="22.59713566527132" lon="113.82783136299963">
        <ele>9.199999809265137</ele>
        <time>2026-05-10T00:23:23Z</time>
        <extensions>
          <gpxtpx:TrackPointExtension>
            <gpxtpx:hr>136</gpxtpx:hr>
          </gpxtpx:TrackPointExtension>
        </extensions>
      </trkpt>
      <trkpt lat="22.597200579224072" lon="113.82779024840372">
        <ele>9.199999809265137</ele>
        <time>2026-05-10T00:23:27Z</time>
        <extensions>
          <gpxtpx:TrackPointExtension>
            <gpxtpx:hr>136</gpxtpx:hr>
          </gpxtpx:TrackPointExtension>
        </extensions>
      </trkpt>
      <trkpt lat="22.59727347888689" lon="113.8277421144344">
        <ele>9.199999809265137</ele>
        <time>2026-05-10T00:23:31Z</time>
        <extensions>
          <gpxtpx:TrackPointExtension>
            <gpxtpx:hr>136</gpxtpx:hr>
          </gpxtpx:TrackPointExtension>
        </extensions>
      </trkpt>
      <trkpt lat="22.59734339591663" lon="113.82770300489295">
        <ele>9.199999809265137</ele>
        <time>2026-05-10T00:23:35Z</time>
        <extensions>
          <gpxtpx:TrackPointExtension>
            <gpxtpx:hr>138</gpxtpx:hr>
          </gpxtpx:TrackPointExtension>
        </extensions>
      </trkpt>
      <trkpt lat="22.59741730673705" lon="113.82766088700863">
        <ele>9.199999809265137</ele>
        <time>2026-05-10T00:23:39Z</time>
        <extensions>
          <gpxtpx:TrackPointExtension>
            <gpxtpx:hr>138</gpxtpx:hr>
          </gpxtpx:TrackPointExtension>
        </extensions>
      </trkpt>
      <trkpt lat="22.59749121565737" lon="113.8276177664248">
        <ele>9.0</ele>
        <time>2026-05-10T00:23:43Z</time>
        <extensions>
          <gpxtpx:TrackPointExtension>
            <gpxtpx:hr>138</gpxtpx:hr>
          </gpxtpx:TrackPointExtension>
        </extensions>
      </trkpt>
      <trkpt lat="22.59756612254263" lon="113.82757364307695">
        <ele>9.199999809265137</ele>
        <time>2026-05-10T00:23:47Z</time>
        <extensions>
          <gpxtpx:TrackPointExtension>
            <gpxtpx:hr>136</gpxtpx:hr>
          </gpxtpx:TrackPointExtension>
        </extensions>
      </trkpt>
      <trkpt lat="22.59763501701165" lon="113.82752250124895">
        <ele>9.0</ele>
        <time>2026-05-10T00:23:51Z</time>
        <extensions>
          <gpxtpx:TrackPointExtension>
            <gpxtpx:hr>136</gpxtpx:hr>
          </gpxtpx:TrackPointExtension>
        </extensions>
      </trkpt>
      <trkpt lat="22.597698915914076" lon="113.82747336512261">
        <ele>9.199999809265137</ele>
        <time>2026-05-10T00:23:55Z</time>
        <extensions>
          <gpxtpx:TrackPointExtension>
            <gpxtpx:hr>135</gpxtpx:hr>
          </gpxtpx:TrackPointExtension>
        </extensions>
      </trkpt>
      <trkpt lat="22.59775684769959" lon="113.82744127517988">
        <ele>9.199999809265137</ele>
        <time>2026-05-10T00:23:59Z</time>
        <extensions>
          <gpxtpx:TrackPointExtension>
            <gpxtpx:hr>136</gpxtpx:hr>
          </gpxtpx:TrackPointExtension>
        </extensions>
      </trkpt>
      <trkpt lat="22.59782677974624" lon="113.82741018715838">
        <ele>9.199999809265137</ele>
        <time>2026-05-10T00:24:03Z</time>
        <extensions>
          <gpxtpx:TrackPointExtension>
            <gpxtpx:hr>136</gpxtpx:hr>
          </gpxtpx:TrackPointExtension>
        </extensions>
      </trkpt>
      <trkpt lat="22.597903705175426" lon="113.82737609060086">
        <ele>9.199999809265137</ele>
        <time>2026-05-10T00:24:07Z</time>
        <extensions>
          <gpxtpx:TrackPointExtension>
            <gpxtpx:hr>136</gpxtpx:hr>
          </gpxtpx:TrackPointExtension>
        </extensions>
      </trkpt>
      <trkpt lat="22.59796764556397" lon="113.82734901373729">
        <ele>9.199999809265137</ele>
        <time>2026-05-10T00:24:11Z</time>
        <extensions>
          <gpxtpx:TrackPointExtension>
            <gpxtpx:hr>136</gpxtpx:hr>
          </gpxtpx:TrackPointExtension>
        </extensions>
      </trkpt>
      <trkpt lat="22.59803957919996" lon="113.82731892827375">
        <ele>9.199999809265137</ele>
        <time>2026-05-10T00:24:15Z</time>
        <extensions>
          <gpxtpx:TrackPointExtension>
            <gpxtpx:hr>136</gpxtpx:hr>
          </gpxtpx:TrackPointExtension>
        </extensions>
      </trkpt>
      <trkpt lat="22.598116512150117" lon="113.82728884248665">
        <ele>9.199999809265137</ele>
        <time>2026-05-10T00:24:19Z</time>
        <extensions>
          <gpxtpx:TrackPointExtension>
            <gpxtpx:hr>136</gpxtpx:hr>
          </gpxtpx:TrackPointExtension>
        </extensions>
      </trkpt>
      <trkpt lat="22.598172444155995" lon="113.82725675265496">
        <ele>9.199999809265137</ele>
        <time>2026-05-10T00:24:23Z</time>
        <extensions>
          <gpxtpx:TrackPointExtension>
            <gpxtpx:hr>137</gpxtpx:hr>
          </gpxtpx:TrackPointExtension>
        </extensions>
      </trkpt>
      <trkpt lat="22.598239355782905" lon="113.8272146351637">
        <ele>9.199999809265137</ele>
        <time>2026-05-10T00:24:27Z</time>
        <extensions>
          <gpxtpx:TrackPointExtension>
            <gpxtpx:hr>137</gpxtpx:hr>
          </gpxtpx:TrackPointExtension>
        </extensions>
      </trkpt>
      <trkpt lat="22.598312281692206" lon="113.82718053884379">
        <ele>9.199999809265137</ele>
        <time>2026-05-10T00:24:31Z</time>
        <extensions>
          <gpxtpx:TrackPointExtension>
            <gpxtpx:hr>136</gpxtpx:hr>
          </gpxtpx:TrackPointExtension>
        </extensions>
      </trkpt>
      <trkpt lat="22.59838921271398" lon="113.8271494503497">
        <ele>9.199999809265137</ele>
        <time>2026-05-10T00:24:35Z</time>
        <extensions>
          <gpxtpx:TrackPointExtension>
            <gpxtpx:hr>136</gpxtpx:hr>
          </gpxtpx:TrackPointExtension>
        </extensions>
      </trkpt>
      <trkpt lat="22.598464145885167" lon="113.82711936467663">
        <ele>9.199999809265137</ele>
        <time>2026-05-10T00:24:39Z</time>
        <extensions>
          <gpxtpx:TrackPointExtension>
            <gpxtpx:hr>136</gpxtpx:hr>
          </gpxtpx:TrackPointExtension>
        </extensions>
      </trkpt>
      <trkpt lat="22.598543095500727" lon="113.82709830300294">
        <ele>9.0</ele>
        <time>2026-05-10T00:24:43Z</time>
        <extensions>
          <gpxtpx:TrackPointExtension>
            <gpxtpx:hr>135</gpxtpx:hr>
          </gpxtpx:TrackPointExtension>
        </extensions>
      </trkpt>
      <trkpt lat="22.598618032429915" lon="113.82707022271659">
        <ele>9.199999809265137</ele>
        <time>2026-05-10T00:24:47Z</time>
        <extensions>
          <gpxtpx:TrackPointExtension>
            <gpxtpx:hr>136</gpxtpx:hr>
          </gpxtpx:TrackPointExtension>
        </extensions>
      </trkpt>
      <trkpt lat="22.598690960177656" lon="113.82703712907878">
        <ele>9.199999809265137</ele>
        <time>2026-05-10T00:24:51Z</time>
        <extensions>
          <gpxtpx:TrackPointExtension>
            <gpxtpx:hr>138</gpxtpx:hr>
          </gpxtpx:TrackPointExtension>
        </extensions>
      </trkpt>
      <trkpt lat="22.598759884681847" lon="113.82700203030353">
        <ele>9.199999809265137</ele>
        <time>2026-05-10T00:24:55Z</time>
        <extensions>
          <gpxtpx:TrackPointExtension>
            <gpxtpx:hr>139</gpxtpx:hr>
          </gpxtpx:TrackPointExtension>
        </extensions>
      </trkpt>
      <trkpt lat="22.598831820101747" lon="113.82697294750686">
        <ele>9.199999809265137</ele>
        <time>2026-05-10T00:24:59Z</time>
        <extensions>
          <gpxtpx:TrackPointExtension>
            <gpxtpx:hr>142</gpxtpx:hr>
          </gpxtpx:TrackPointExtension>
        </extensions>
      </trkpt>
      <trkpt lat="22.598912769398662" lon="113.82695188569646">
        <ele>9.0</ele>
        <time>2026-05-10T00:25:03Z</time>
        <extensions>
          <gpxtpx:TrackPointExtension>
            <gpxtpx:hr>142</gpxtpx:hr>
          </gpxtpx:TrackPointExtension>
        </extensions>
      </trkpt>
      <trkpt lat="22.598987719504187" lon="113.82693082427005">
        <ele>9.0</ele>
        <time>2026-05-10T00:25:07Z</time>
        <extensions>
          <gpxtpx:TrackPointExtension>
            <gpxtpx:hr>142</gpxtpx:hr>
          </gpxtpx:TrackPointExtension>
        </extensions>
      </trkpt>
      <trkpt lat="22.599066640717503" lon="113.82689472214723">
        <ele>9.199999809265137</ele>
        <time>2026-05-10T00:25:11Z</time>
        <extensions>
          <gpxtpx:TrackPointExtension>
            <gpxtpx:hr>142</gpxtpx:hr>
          </gpxtpx:TrackPointExtension>
        </extensions>
      </trkpt>
      <trkpt lat="22.599149589712386" lon="113.82687366020413">
        <ele>9.0</ele>
        <time>2026-05-10T00:25:15Z</time>
        <extensions>
          <gpxtpx:TrackPointExtension>
            <gpxtpx:hr>142</gpxtpx:hr>
          </gpxtpx:TrackPointExtension>
        </extensions>
      </trkpt>
      <trkpt lat="22.599234511972842" lon="113.82683856038695">
        <ele>9.0</ele>
        <time>2026-05-10T00:25:19Z</time>
        <extensions>
          <gpxtpx:TrackPointExtension>
            <gpxtpx:hr>142</gpxtpx:hr>
          </gpxtpx:TrackPointExtension>
        </extensions>
      </trkpt>
      <trkpt lat="22.59931046190413" lon="113.8268174988902">
        <ele>9.0</ele>
        <time>2026-05-10T00:25:23Z</time>
        <extensions>
          <gpxtpx:TrackPointExtension>
            <gpxtpx:hr>142</gpxtpx:hr>
          </gpxtpx:TrackPointExtension>
        </extensions>
      </trkpt>
      <trkpt lat="22.59937939388967" lon="113.82678641088002">
        <ele>9.0</ele>
        <time>2026-05-10T00:25:27Z</time>
        <extensions>
          <gpxtpx:TrackPointExtension>
            <gpxtpx:hr>142</gpxtpx:hr>
          </gpxtpx:TrackPointExtension>
        </extensions>
      </trkpt>
      <trkpt lat="22.59945732463388" lon="113.82675532228967">
        <ele>9.0</ele>
        <time>2026-05-10T00:25:31Z</time>
        <extensions>
          <gpxtpx:TrackPointExtension>
            <gpxtpx:hr>142</gpxtpx:hr>
          </gpxtpx:TrackPointExtension>
        </extensions>
      </trkpt>
      <trkpt lat="22.599529250520824" lon="113.8267212259932">
        <ele>9.0</ele>
        <time>2026-05-10T00:25:35Z</time>
        <extensions>
          <gpxtpx:TrackPointExtension>
            <gpxtpx:hr>142</gpxtpx:hr>
          </gpxtpx:TrackPointExtension>
        </extensions>
      </trkpt>
      <trkpt lat="22.59959616952433" lon="113.82668311922927">
        <ele>9.0</ele>
        <time>2026-05-10T00:25:39Z</time>
        <extensions>
          <gpxtpx:TrackPointExtension>
            <gpxtpx:hr>142</gpxtpx:hr>
          </gpxtpx:TrackPointExtension>
        </extensions>
      </trkpt>
      <trkpt lat="22.599665092023553" lon="113.82664701772659">
        <ele>9.0</ele>
        <time>2026-05-10T00:25:43Z</time>
        <extensions>
          <gpxtpx:TrackPointExtension>
            <gpxtpx:hr>142</gpxtpx:hr>
          </gpxtpx:TrackPointExtension>
        </extensions>
      </trkpt>
      <trkpt lat="22.599732024237905" lon="113.8266159298322">
        <ele>9.199999809265137</ele>
        <time>2026-05-10T00:25:47Z</time>
        <extensions>
          <gpxtpx:TrackPointExtension>
            <gpxtpx:hr>141</gpxtpx:hr>
          </gpxtpx:TrackPointExtension>
        </extensions>
      </trkpt>
      <trkpt lat="22.599800952388968" lon="113.8265828364139">
        <ele>9.0</ele>
        <time>2026-05-10T00:25:51Z</time>
        <extensions>
          <gpxtpx:TrackPointExtension>
            <gpxtpx:hr>140</gpxtpx:hr>
          </gpxtpx:TrackPointExtension>
        </extensions>
      </trkpt>
      <trkpt lat="22.599871876475703" lon="113.82654773747126">
        <ele>9.0</ele>
        <time>2026-05-10T00:25:55Z</time>
        <extensions>
          <gpxtpx:TrackPointExtension>
            <gpxtpx:hr>139</gpxtpx:hr>
          </gpxtpx:TrackPointExtension>
        </extensions>
      </trkpt>
      <trkpt lat="22.599936807049048" lon="113.82651564700151">
        <ele>9.0</ele>
        <time>2026-05-10T00:25:59Z</time>
        <extensions>
          <gpxtpx:TrackPointExtension>
            <gpxtpx:hr>139</gpxtpx:hr>
          </gpxtpx:TrackPointExtension>
        </extensions>
      </trkpt>
      <trkpt lat="22.600009725170857" lon="113.82647753983458">
        <ele>9.0</ele>
        <time>2026-05-10T00:26:03Z</time>
        <extensions>
          <gpxtpx:TrackPointExtension>
            <gpxtpx:hr>138</gpxtpx:hr>
          </gpxtpx:TrackPointExtension>
        </extensions>
      </trkpt>
      <trkpt lat="22.600079641804868" lon="113.8264384301602">
        <ele>9.0</ele>
        <time>2026-05-10T00:26:07Z</time>
        <extensions>
          <gpxtpx:TrackPointExtension>
            <gpxtpx:hr>139</gpxtpx:hr>
          </gpxtpx:TrackPointExtension>
        </extensions>
      </trkpt>
      <trkpt lat="22.600147562485564" lon="113.82640132600504">
        <ele>9.0</ele>
        <time>2026-05-10T00:26:11Z</time>
        <extensions>
          <gpxtpx:TrackPointExtension>
            <gpxtpx:hr>139</gpxtpx:hr>
          </gpxtpx:TrackPointExtension>
        </extensions>
      </trkpt>
      <trkpt lat="22.600225468542867" lon="113.82635720232506">
        <ele>9.0</ele>
        <time>2026-05-10T00:26:15Z</time>
        <extensions>
          <gpxtpx:TrackPointExtension>
            <gpxtpx:hr>139</gpxtpx:hr>
          </gpxtpx:TrackPointExtension>
        </extensions>
      </trkpt>
      <trkpt lat="22.600298396076468" lon="113.8263241086314">
        <ele>9.0</ele>
        <time>2026-05-10T00:26:19Z</time>
        <extensions>
          <gpxtpx:TrackPointExtension>
            <gpxtpx:hr>139</gpxtpx:hr>
          </gpxtpx:TrackPointExtension>
        </extensions>
      </trkpt>
      <trkpt lat="22.600368331578387" lon="113.82629502591716">
        <ele>9.0</ele>
        <time>2026-05-10T00:26:23Z</time>
        <extensions>
          <gpxtpx:TrackPointExtension>
            <gpxtpx:hr>136</gpxtpx:hr>
          </gpxtpx:TrackPointExtension>
        </extensions>
      </trkpt>
      <trkpt lat="22.600438242489705" lon="113.82625290813598">
        <ele>9.0</ele>
        <time>2026-05-10T00:26:27Z</time>
        <extensions>
          <gpxtpx:TrackPointExtension>
            <gpxtpx:hr>138</gpxtpx:hr>
          </gpxtpx:TrackPointExtension>
        </extensions>
      </trkpt>
      <trkpt lat="22.600512154728438" lon="113.8262117927919">
        <ele>8.800000190734863</ele>
        <time>2026-05-10T00:26:31Z</time>
        <extensions>
          <gpxtpx:TrackPointExtension>
            <gpxtpx:hr>136</gpxtpx:hr>
          </gpxtpx:TrackPointExtension>
        </extensions>
      </trkpt>
      <trkpt lat="22.60058105062747" lon="113.8261616534881">
        <ele>9.0</ele>
        <time>2026-05-10T00:26:35Z</time>
        <extensions>
          <gpxtpx:TrackPointExtension>
            <gpxtpx:hr>135</gpxtpx:hr>
          </gpxtpx:TrackPointExtension>
        </extensions>
      </trkpt>
      <trkpt lat="22.600653980003784" lon="113.82612956247925">
        <ele>8.800000190734863</ele>
        <time>2026-05-10T00:26:39Z</time>
        <extensions>
          <gpxtpx:TrackPointExtension>
            <gpxtpx:hr>135</gpxtpx:hr>
          </gpxtpx:TrackPointExtension>
        </extensions>
      </trkpt>
      <trkpt lat="22.600720896962844" lon="113.82609045297032">
        <ele>9.0</ele>
        <time>2026-05-10T00:26:43Z</time>
        <extensions>
          <gpxtpx:TrackPointExtension>
            <gpxtpx:hr>136</gpxtpx:hr>
          </gpxtpx:TrackPointExtension>
        </extensions>
      </trkpt>
      <trkpt lat="22.600797839006333" lon="113.8260653805842">
        <ele>9.0</ele>
        <time>2026-05-10T00:26:47Z</time>
        <extensions>
          <gpxtpx:TrackPointExtension>
            <gpxtpx:hr>136</gpxtpx:hr>
          </gpxtpx:TrackPointExtension>
        </extensions>
      </trkpt>
      <trkpt lat="22.600871802263175" lon="113.82605133806445">
        <ele>9.199999809265137</ele>
        <time>2026-05-10T00:26:51Z</time>
        <extensions>
          <gpxtpx:TrackPointExtension>
            <gpxtpx:hr>137</gpxtpx:hr>
          </gpxtpx:TrackPointExtension>
        </extensions>
      </trkpt>
      <trkpt lat="22.600940713244526" lon="113.82600922032813">
        <ele>9.0</ele>
        <time>2026-05-10T00:26:55Z</time>
        <extensions>
          <gpxtpx:TrackPointExtension>
            <gpxtpx:hr>137</gpxtpx:hr>
          </gpxtpx:TrackPointExtension>
        </extensions>
      </trkpt>
      <trkpt lat="22.601007615035467" lon="113.82596208922784">
        <ele>9.0</ele>
        <time>2026-05-10T00:26:59Z</time>
        <extensions>
          <gpxtpx:TrackPointExtension>
            <gpxtpx:hr>139</gpxtpx:hr>
          </gpxtpx:TrackPointExtension>
        </extensions>
      </trkpt>
      <trkpt lat="22.60108152530157" lon="113.82591997116391">
        <ele>8.800000190734863</ele>
        <time>2026-05-10T00:27:03Z</time>
        <extensions>
          <gpxtpx:TrackPointExtension>
            <gpxtpx:hr>139</gpxtpx:hr>
          </gpxtpx:TrackPointExtension>
        </extensions>
      </trkpt>
      <trkpt lat="22.60115245300059" lon="113.8258868775716">
        <ele>8.800000190734863</ele>
        <time>2026-05-10T00:27:07Z</time>
        <extensions>
          <gpxtpx:TrackPointExtension>
            <gpxtpx:hr>139</gpxtpx:hr>
          </gpxtpx:TrackPointExtension>
        </extensions>
      </trkpt>
      <trkpt lat="22.601231381469304" lon="113.82585478616176">
        <ele>8.800000190734863</ele>
        <time>2026-05-10T00:27:11Z</time>
        <extensions>
          <gpxtpx:TrackPointExtension>
            <gpxtpx:hr>138</gpxtpx:hr>
          </gpxtpx:TrackPointExtension>
        </extensions>
      </trkpt>
      <trkpt lat="22.60130430319585" lon="113.82581868434313">
        <ele>8.800000190734863</ele>
        <time>2026-05-10T00:27:15Z</time>
        <extensions>
          <gpxtpx:TrackPointExtension>
            <gpxtpx:hr>138</gpxtpx:hr>
          </gpxtpx:TrackPointExtension>
        </extensions>
      </trkpt>
      <trkpt lat="22.601375253572016" lon="113.82579762312298">
        <ele>8.800000190734863</ele>
        <time>2026-05-10T00:27:19Z</time>
        <extensions>
          <gpxtpx:TrackPointExtension>
            <gpxtpx:hr>136</gpxtpx:hr>
          </gpxtpx:TrackPointExtension>
        </extensions>
      </trkpt>
      <trkpt lat="22.601445179483537" lon="113.82576352689007">
        <ele>8.800000190734863</ele>
        <time>2026-05-10T00:27:23Z</time>
        <extensions>
          <gpxtpx:TrackPointExtension>
            <gpxtpx:hr>138</gpxtpx:hr>
          </gpxtpx:TrackPointExtension>
        </extensions>
      </trkpt>
      <trkpt lat="22.601518076585386" lon="113.825714389989">
        <ele>8.600000381469727</ele>
        <time>2026-05-10T00:27:27Z</time>
        <extensions>
          <gpxtpx:TrackPointExtension>
            <gpxtpx:hr>136</gpxtpx:hr>
          </gpxtpx:TrackPointExtension>
        </extensions>
      </trkpt>
      <trkpt lat="22.601579992242037" lon="113.82567427807567">
        <ele>8.600000381469727</ele>
        <time>2026-05-10T00:27:31Z</time>
        <extensions>
          <gpxtpx:TrackPointExtension>
            <gpxtpx:hr>136</gpxtpx:hr>
          </gpxtpx:TrackPointExtension>
        </extensions>
      </trkpt>
      <trkpt lat="22.601645911116474" lon="113.8256361712998">
        <ele>8.600000381469727</ele>
        <time>2026-05-10T00:27:35Z</time>
        <extensions>
          <gpxtpx:TrackPointExtension>
            <gpxtpx:hr>136</gpxtpx:hr>
          </gpxtpx:TrackPointExtension>
        </extensions>
      </trkpt>
      <trkpt lat="22.60171583510061" lon="113.8256010723602">
        <ele>8.600000381469727</ele>
        <time>2026-05-10T00:27:39Z</time>
        <extensions>
          <gpxtpx:TrackPointExtension>
            <gpxtpx:hr>136</gpxtpx:hr>
          </gpxtpx:TrackPointExtension>
        </extensions>
      </trkpt>
      <trkpt lat="22.60178276706573" lon="113.82556998440538">
        <ele>8.600000381469727</ele>
        <time>2026-05-10T00:27:43Z</time>
        <extensions>
          <gpxtpx:TrackPointExtension>
            <gpxtpx:hr>136</gpxtpx:hr>
          </gpxtpx:TrackPointExtension>
        </extensions>
      </trkpt>
      <trkpt lat="22.601850712131014" lon="113.82554591527445">
        <ele>8.800000190734863</ele>
        <time>2026-05-10T00:27:47Z</time>
        <extensions>
          <gpxtpx:TrackPointExtension>
            <gpxtpx:hr>136</gpxtpx:hr>
          </gpxtpx:TrackPointExtension>
        </extensions>
      </trkpt>
      <trkpt lat="22.60192163595097" lon="113.82551081626616">
        <ele>8.800000190734863</ele>
        <time>2026-05-10T00:27:51Z</time>
        <extensions>
          <gpxtpx:TrackPointExtension>
            <gpxtpx:hr>136</gpxtpx:hr>
          </gpxtpx:TrackPointExtension>
        </extensions>
      </trkpt>
      <trkpt lat="22.601995559341834" lon="113.8254757170635">
        <ele>8.600000381469727</ele>
        <time>2026-05-10T00:27:55Z</time>
        <extensions>
          <gpxtpx:TrackPointExtension>
            <gpxtpx:hr>136</gpxtpx:hr>
          </gpxtpx:TrackPointExtension>
        </extensions>
      </trkpt>
      <trkpt lat="22.602065496533427" lon="113.82544763700652">
        <ele>8.800000190734863</ele>
        <time>2026-05-10T00:27:59Z</time>
        <extensions>
          <gpxtpx:TrackPointExtension>
            <gpxtpx:hr>136</gpxtpx:hr>
          </gpxtpx:TrackPointExtension>
        </extensions>
      </trkpt>
      <trkpt lat="22.602136431684354" lon="113.82541855418562">
        <ele>8.600000381469727</ele>
        <time>2026-05-10T00:28:03Z</time>
        <extensions>
          <gpxtpx:TrackPointExtension>
            <gpxtpx:hr>135</gpxtpx:hr>
          </gpxtpx:TrackPointExtension>
        </extensions>
      </trkpt>
      <trkpt lat="22.602209358975365" lon="113.82538546044037">
        <ele>8.600000381469727</ele>
        <time>2026-05-10T00:28:07Z</time>
        <extensions>
          <gpxtpx:TrackPointExtension>
            <gpxtpx:hr>133</gpxtpx:hr>
          </gpxtpx:TrackPointExtension>
        </extensions>
      </trkpt>
      <trkpt lat="22.60228027896728" lon="113.82534835602728">
        <ele>8.800000190734863</ele>
        <time>2026-05-10T00:28:11Z</time>
        <extensions>
          <gpxtpx:TrackPointExtension>
            <gpxtpx:hr>133</gpxtpx:hr>
          </gpxtpx:TrackPointExtension>
        </extensions>
      </trkpt>
      <trkpt lat="22.602347216549216" lon="113.82532027615845">
        <ele>8.800000190734863</ele>
        <time>2026-05-10T00:28:15Z</time>
        <extensions>
          <gpxtpx:TrackPointExtension>
            <gpxtpx:hr>133</gpxtpx:hr>
          </gpxtpx:TrackPointExtension>
        </extensions>
      </trkpt>
      <trkpt lat="22.602413139121005" lon="113.82528417476243">
        <ele>8.800000190734863</ele>
        <time>2026-05-10T00:28:19Z</time>
        <extensions>
          <gpxtpx:TrackPointExtension>
            <gpxtpx:hr>133</gpxtpx:hr>
          </gpxtpx:TrackPointExtension>
        </extensions>
      </trkpt>
      <trkpt lat="22.602483036512318" lon="113.82523503802278">
        <ele>8.800000190734863</ele>
        <time>2026-05-10T00:28:23Z</time>
        <extensions>
          <gpxtpx:TrackPointExtension>
            <gpxtpx:hr>133</gpxtpx:hr>
          </gpxtpx:TrackPointExtension>
        </extensions>
      </trkpt>
      <trkpt lat="22.60254395030622" lon="113.82519392344994">
        <ele>8.800000190734863</ele>
        <time>2026-05-10T00:28:27Z</time>
        <extensions>
          <gpxtpx:TrackPointExtension>
            <gpxtpx:hr>134</gpxtpx:hr>
          </gpxtpx:TrackPointExtension>
        </extensions>
      </trkpt>
      <trkpt lat="22.602608893820065" lon="113.82516885180148">
        <ele>8.800000190734863</ele>
        <time>2026-05-10T00:28:31Z</time>
        <extensions>
          <gpxtpx:TrackPointExtension>
            <gpxtpx:hr>136</gpxtpx:hr>
          </gpxtpx:TrackPointExtension>
        </extensions>
      </trkpt>
      <trkpt lat="22.60267881201061" lon="113.82513074474456">
        <ele>8.600000381469727</ele>
        <time>2026-05-10T00:28:35Z</time>
        <extensions>
          <gpxtpx:TrackPointExtension>
            <gpxtpx:hr>137</gpxtpx:hr>
          </gpxtpx:TrackPointExtension>
        </extensions>
      </trkpt>
      <trkpt lat="22.60274472697049" lon="113.82509063254508">
        <ele>8.800000190734863</ele>
        <time>2026-05-10T00:28:39Z</time>
        <extensions>
          <gpxtpx:TrackPointExtension>
            <gpxtpx:hr>138</gpxtpx:hr>
          </gpxtpx:TrackPointExtension>
        </extensions>
      </trkpt>
      <trkpt lat="22.602813664219124" lon="113.82506255253986">
        <ele>8.800000190734863</ele>
        <time>2026-05-10T00:28:43Z</time>
        <extensions>
          <gpxtpx:TrackPointExtension>
            <gpxtpx:hr>136</gpxtpx:hr>
          </gpxtpx:TrackPointExtension>
        </extensions>
      </trkpt>
      <trkpt lat="22.602875625169943" lon="113.82504650537226">
        <ele>8.800000190734863</ele>
        <time>2026-05-10T00:28:47Z</time>
        <extensions>
          <gpxtpx:TrackPointExtension>
            <gpxtpx:hr>136</gpxtpx:hr>
          </gpxtpx:TrackPointExtension>
        </extensions>
      </trkpt>
      <trkpt lat="22.60294856941361" lon="113.82502243590515">
        <ele>8.800000190734863</ele>
        <time>2026-05-10T00:28:51Z</time>
        <extensions>
          <gpxtpx:TrackPointExtension>
            <gpxtpx:hr>136</gpxtpx:hr>
          </gpxtpx:TrackPointExtension>
        </extensions>
      </trkpt>
      <trkpt lat="22.603016504889684" lon="113.82499335326318">
        <ele>8.800000190734863</ele>
        <time>2026-05-10T00:28:55Z</time>
        <extensions>
          <gpxtpx:TrackPointExtension>
            <gpxtpx:hr>136</gpxtpx:hr>
          </gpxtpx:TrackPointExtension>
        </extensions>
      </trkpt>
      <trkpt lat="22.6030854174952" lon="113.8249522381666">
        <ele>8.800000190734863</ele>
        <time>2026-05-10T00:28:59Z</time>
        <extensions>
          <gpxtpx:TrackPointExtension>
            <gpxtpx:hr>136</gpxtpx:hr>
          </gpxtpx:TrackPointExtension>
        </extensions>
      </trkpt>
      <trkpt lat="22.60315534320564" lon="113.8249181418985">
        <ele>8.800000190734863</ele>
        <time>2026-05-10T00:29:03Z</time>
        <extensions>
          <gpxtpx:TrackPointExtension>
            <gpxtpx:hr>138</gpxtpx:hr>
          </gpxtpx:TrackPointExtension>
        </extensions>
      </trkpt>
      <trkpt lat="22.60322027340396" lon="113.82488605134898">
        <ele>8.600000381469727</ele>
        <time>2026-05-10T00:29:07Z</time>
        <extensions>
          <gpxtpx:TrackPointExtension>
            <gpxtpx:hr>140</gpxtpx:hr>
          </gpxtpx:TrackPointExtension>
        </extensions>
      </trkpt>
      <trkpt lat="22.603293204354998" lon="113.82485496298389">
        <ele>8.800000190734863</ele>
        <time>2026-05-10T00:29:11Z</time>
        <extensions>
          <gpxtpx:TrackPointExtension>
            <gpxtpx:hr>142</gpxtpx:hr>
          </gpxtpx:TrackPointExtension>
        </extensions>
      </trkpt>
      <trkpt lat="22.60335809287781" lon="113.82480081304936">
        <ele>8.600000381469727</ele>
        <time>2026-05-10T00:29:15Z</time>
        <extensions>
          <gpxtpx:TrackPointExtension>
            <gpxtpx:hr>143</gpxtpx:hr>
          </gpxtpx:TrackPointExtension>
        </extensions>
      </trkpt>
      <trkpt lat="22.603427007336578" lon="113.82476070064574">
        <ele>8.800000190734863</ele>
        <time>2026-05-10T00:29:19Z</time>
        <extensions>
          <gpxtpx:TrackPointExtension>
            <gpxtpx:hr>140</gpxtpx:hr>
          </gpxtpx:TrackPointExtension>
        </extensions>
      </trkpt>
      <trkpt lat="22.603498925148838" lon="113.82472259344684">
        <ele>8.800000190734863</ele>
        <time>2026-05-10T00:29:23Z</time>
        <extensions>
          <gpxtpx:TrackPointExtension>
            <gpxtpx:hr>137</gpxtpx:hr>
          </gpxtpx:TrackPointExtension>
        </extensions>
      </trkpt>
      <trkpt lat="22.603563821221147" lon="113.82467245430473">
        <ele>8.800000190734863</ele>
        <time>2026-05-10T00:29:27Z</time>
        <extensions>
          <gpxtpx:TrackPointExtension>
            <gpxtpx:hr>136</gpxtpx:hr>
          </gpxtpx:TrackPointExtension>
        </extensions>
      </trkpt>
      <trkpt lat="22.60362169555308" lon="113.82461028321845">
        <ele>8.800000190734863</ele>
        <time>2026-05-10T00:29:31Z</time>
        <extensions>
          <gpxtpx:TrackPointExtension>
            <gpxtpx:hr>138</gpxtpx:hr>
          </gpxtpx:TrackPointExtension>
        </extensions>
      </trkpt>
      <trkpt lat="22.60366456443398" lon="113.82454410229624">
        <ele>8.800000190734863</ele>
        <time>2026-05-10T00:29:35Z</time>
        <extensions>
          <gpxtpx:TrackPointExtension>
            <gpxtpx:hr>140</gpxtpx:hr>
          </gpxtpx:TrackPointExtension>
        </extensions>
      </trkpt>
      <trkpt lat="22.60372548188649" lon="113.8245049930999">
        <ele>9.0</ele>
        <time>2026-05-10T00:29:39Z</time>
        <extensions>
          <gpxtpx:TrackPointExtension>
            <gpxtpx:hr>139</gpxtpx:hr>
          </gpxtpx:TrackPointExtension>
        </extensions>
      </trkpt>
      <trkpt lat="22.603798475281724" lon="113.82450699380836">
        <ele>9.600000381469727</ele>
        <time>2026-05-10T00:29:43Z</time>
        <extensions>
          <gpxtpx:TrackPointExtension>
            <gpxtpx:hr>140</gpxtpx:hr>
          </gpxtpx:TrackPointExtension>
        </extensions>
      </trkpt>
      <trkpt lat="22.60386849940279" lon="113.82452503790023">
        <ele>10.199999809265137</ele>
        <time>2026-05-10T00:29:47Z</time>
        <extensions>
          <gpxtpx:TrackPointExtension>
            <gpxtpx:hr>143</gpxtpx:hr>
          </gpxtpx:TrackPointExtension>
        </extensions>
      </trkpt>
      <trkpt lat="22.60394547706206" lon="113.82451901675634">
        <ele>10.399999618530273</ele>
        <time>2026-05-10T00:29:51Z</time>
        <extensions>
          <gpxtpx:TrackPointExtension>
            <gpxtpx:hr>143</gpxtpx:hr>
          </gpxtpx:TrackPointExtension>
        </extensions>
      </trkpt>
      <trkpt lat="22.60400038777163" lon="113.82447589714708">
        <ele>10.600000381469727</ele>
        <time>2026-05-10T00:29:55Z</time>
        <extensions>
          <gpxtpx:TrackPointExtension>
            <gpxtpx:hr>142</gpxtpx:hr>
          </gpxtpx:TrackPointExtension>
        </extensions>
      </trkpt>
      <trkpt lat="22.604042273812656" lon="113.82441874057996">
        <ele>10.800000190734863</ele>
        <time>2026-05-10T00:29:59Z</time>
        <extensions>
          <gpxtpx:TrackPointExtension>
            <gpxtpx:hr>141</gpxtpx:hr>
          </gpxtpx:TrackPointExtension>
        </extensions>
      </trkpt>
      <trkpt lat="22.60409115506024" lon="113.82435957816288">
        <ele>10.800000190734863</ele>
        <time>2026-05-10T00:30:03Z</time>
        <extensions>
          <gpxtpx:TrackPointExtension>
            <gpxtpx:hr>142</gpxtpx:hr>
          </gpxtpx:TrackPointExtension>
        </extensions>
      </trkpt>
      <trkpt lat="22.604136025507042" lon="113.82429439980473">
        <ele>11.0</ele>
        <time>2026-05-10T00:30:07Z</time>
        <extensions>
          <gpxtpx:TrackPointExtension>
            <gpxtpx:hr>145</gpxtpx:hr>
          </gpxtpx:TrackPointExtension>
        </extensions>
      </trkpt>
      <trkpt lat="22.60418689698433" lon="113.82423022375944">
        <ele>11.0</ele>
        <time>2026-05-10T00:30:11Z</time>
        <extensions>
          <gpxtpx:TrackPointExtension>
            <gpxtpx:hr>145</gpxtpx:hr>
          </gpxtpx:TrackPointExtension>
        </extensions>
      </trkpt>
      <trkpt lat="22.604247803018524" lon="113.82418509836155">
        <ele>11.199999809265137</ele>
        <time>2026-05-10T00:30:15Z</time>
        <extensions>
          <gpxtpx:TrackPointExtension>
            <gpxtpx:hr>145</gpxtpx:hr>
          </gpxtpx:TrackPointExtension>
        </extensions>
      </trkpt>
      <trkpt lat="22.604311721878112" lon="113.82414699166715">
        <ele>11.199999809265137</ele>
        <time>2026-05-10T00:30:19Z</time>
        <extensions>
          <gpxtpx:TrackPointExtension>
            <gpxtpx:hr>144</gpxtpx:hr>
          </gpxtpx:TrackPointExtension>
        </extensions>
      </trkpt>
      <trkpt lat="22.604371641303942" lon="113.82410888522953">
        <ele>11.199999809265137</ele>
        <time>2026-05-10T00:30:23Z</time>
        <extensions>
          <gpxtpx:TrackPointExtension>
            <gpxtpx:hr>141</gpxtpx:hr>
          </gpxtpx:TrackPointExtension>
        </extensions>
      </trkpt>
      <trkpt lat="22.604427540457664" lon="113.82405974935392">
        <ele>11.0</ele>
        <time>2026-05-10T00:30:27Z</time>
        <extensions>
          <gpxtpx:TrackPointExtension>
            <gpxtpx:hr>140</gpxtpx:hr>
          </gpxtpx:TrackPointExtension>
        </extensions>
      </trkpt>
      <trkpt lat="22.60447741583646" lon="113.82399757876973">
        <ele>11.0</ele>
        <time>2026-05-10T00:30:31Z</time>
        <extensions>
          <gpxtpx:TrackPointExtension>
            <gpxtpx:hr>139</gpxtpx:hr>
          </gpxtpx:TrackPointExtension>
        </extensions>
      </trkpt>
      <trkpt lat="22.604534293995258" lon="113.8239374131347">
        <ele>11.0</ele>
        <time>2026-05-10T00:30:35Z</time>
        <extensions>
          <gpxtpx:TrackPointExtension>
            <gpxtpx:hr>136</gpxtpx:hr>
          </gpxtpx:TrackPointExtension>
        </extensions>
      </trkpt>
      <trkpt lat="22.604596163852154" lon="113.82387323638035">
        <ele>11.0</ele>
        <time>2026-05-10T00:30:39Z</time>
        <extensions>
          <gpxtpx:TrackPointExtension>
            <gpxtpx:hr>133</gpxtpx:hr>
          </gpxtpx:TrackPointExtension>
        </extensions>
      </trkpt>
      <trkpt lat="22.604639055374356" lon="113.82381908784261">
        <ele>11.0</ele>
        <time>2026-05-10T00:30:43Z</time>
        <extensions>
          <gpxtpx:TrackPointExtension>
            <gpxtpx:hr>132</gpxtpx:hr>
          </gpxtpx:TrackPointExtension>
        </extensions>
      </trkpt>
      <trkpt lat="22.60468994006039" lon="113.8237619306926">
        <ele>10.800000190734863</ele>
        <time>2026-05-10T00:30:47Z</time>
        <extensions>
          <gpxtpx:TrackPointExtension>
            <gpxtpx:hr>131</gpxtpx:hr>
          </gpxtpx:TrackPointExtension>
        </extensions>
      </trkpt>
      <trkpt lat="22.60473983625329" lon="113.82371078980445">
        <ele>10.800000190734863</ele>
        <time>2026-05-10T00:30:51Z</time>
        <extensions>
          <gpxtpx:TrackPointExtension>
            <gpxtpx:hr>132</gpxtpx:hr>
          </gpxtpx:TrackPointExtension>
        </extensions>
      </trkpt>
      <trkpt lat="22.604784727475945" lon="113.82365664113976">
        <ele>10.800000190734863</ele>
        <time>2026-05-10T00:30:55Z</time>
        <extensions>
          <gpxtpx:TrackPointExtension>
            <gpxtpx:hr>130</gpxtpx:hr>
          </gpxtpx:TrackPointExtension>
        </extensions>
      </trkpt>
      <trkpt lat="22.604834612292034" lon="113.82359948405613">
        <ele>10.800000190734863</ele>
        <time>2026-05-10T00:30:59Z</time>
        <extensions>
          <gpxtpx:TrackPointExtension>
            <gpxtpx:hr>133</gpxtpx:hr>
          </gpxtpx:TrackPointExtension>
        </extensions>
      </trkpt>
      <trkpt lat="22.604874464435614" lon="113.82352427902632">
        <ele>10.600000381469727</ele>
        <time>2026-05-10T00:31:03Z</time>
        <extensions>
          <gpxtpx:TrackPointExtension>
            <gpxtpx:hr>134</gpxtpx:hr>
          </gpxtpx:TrackPointExtension>
        </extensions>
      </trkpt>
      <trkpt lat="22.604913318613974" lon="113.82345007676243">
        <ele>10.600000381469727</ele>
        <time>2026-05-10T00:31:07Z</time>
        <extensions>
          <gpxtpx:TrackPointExtension>
            <gpxtpx:hr>133</gpxtpx:hr>
          </gpxtpx:TrackPointExtension>
        </extensions>
      </trkpt>
      <trkpt lat="22.604955189410664" lon="113.82338489860258">
        <ele>10.600000381469727</ele>
        <time>2026-05-10T00:31:11Z</time>
        <extensions>
          <gpxtpx:TrackPointExtension>
            <gpxtpx:hr>133</gpxtpx:hr>
          </gpxtpx:TrackPointExtension>
        </extensions>
      </trkpt>
      <trkpt lat="22.604998061955143" lon="113.82332072307997">
        <ele>10.600000381469727</ele>
        <time>2026-05-10T00:31:15Z</time>
        <extensions>
          <gpxtpx:TrackPointExtension>
            <gpxtpx:hr>133</gpxtpx:hr>
          </gpxtpx:TrackPointExtension>
        </extensions>
      </trkpt>
      <trkpt lat="22.605052938453365" lon="113.82325955488625">
        <ele>10.399999618530273</ele>
        <time>2026-05-10T00:31:19Z</time>
        <extensions>
          <gpxtpx:TrackPointExtension>
            <gpxtpx:hr>133</gpxtpx:hr>
          </gpxtpx:TrackPointExtension>
        </extensions>
      </trkpt>
      <trkpt lat="22.605106818881097" lon="113.82320039215757">
        <ele>10.399999618530273</ele>
        <time>2026-05-10T00:31:23Z</time>
        <extensions>
          <gpxtpx:TrackPointExtension>
            <gpxtpx:hr>134</gpxtpx:hr>
          </gpxtpx:TrackPointExtension>
        </extensions>
      </trkpt>
      <trkpt lat="22.605149704679878" lon="113.82314323553675">
        <ele>10.399999618530273</ele>
        <time>2026-05-10T00:31:27Z</time>
        <extensions>
          <gpxtpx:TrackPointExtension>
            <gpxtpx:hr>136</gpxtpx:hr>
          </gpxtpx:TrackPointExtension>
        </extensions>
      </trkpt>
      <trkpt lat="22.605190568026536" lon="113.82307404665673">
        <ele>10.399999618530273</ele>
        <time>2026-05-10T00:31:31Z</time>
        <extensions>
          <gpxtpx:TrackPointExtension>
            <gpxtpx:hr>136</gpxtpx:hr>
          </gpxtpx:TrackPointExtension>
        </extensions>
      </trkpt>
      <trkpt lat="22.60522942597515" lon="113.82300184981165">
        <ele>10.199999809265137</ele>
        <time>2026-05-10T00:31:35Z</time>
        <extensions>
          <gpxtpx:TrackPointExtension>
            <gpxtpx:hr>137</gpxtpx:hr>
          </gpxtpx:TrackPointExtension>
        </extensions>
      </trkpt>
      <trkpt lat="22.60527326993723" lon="113.82292263375622">
        <ele>10.199999809265137</ele>
        <time>2026-05-10T00:31:39Z</time>
        <extensions>
          <gpxtpx:TrackPointExtension>
            <gpxtpx:hr>137</gpxtpx:hr>
          </gpxtpx:TrackPointExtension>
        </extensions>
      </trkpt>
      <trkpt lat="22.605312127883064" lon="113.82285043692067">
        <ele>10.0</ele>
        <time>2026-05-10T00:31:43Z</time>
        <extensions>
          <gpxtpx:TrackPointExtension>
            <gpxtpx:hr>137</gpxtpx:hr>
          </gpxtpx:TrackPointExtension>
        </extensions>
      </trkpt>
      <trkpt lat="22.605352983644536" lon="113.8227772372627">
        <ele>10.0</ele>
        <time>2026-05-10T00:31:47Z</time>
        <extensions>
          <gpxtpx:TrackPointExtension>
            <gpxtpx:hr>137</gpxtpx:hr>
          </gpxtpx:TrackPointExtension>
        </extensions>
      </trkpt>
      <trkpt lat="22.605381861980725" lon="113.82271506806879">
        <ele>9.600000381469727</ele>
        <time>2026-05-10T00:31:51Z</time>
        <extensions>
          <gpxtpx:TrackPointExtension>
            <gpxtpx:hr>139</gpxtpx:hr>
          </gpxtpx:TrackPointExtension>
        </extensions>
      </trkpt>
      <trkpt lat="22.605419710595775" lon="113.82263785781917">
        <ele>9.0</ele>
        <time>2026-05-10T00:31:55Z</time>
        <extensions>
          <gpxtpx:TrackPointExtension>
            <gpxtpx:hr>138</gpxtpx:hr>
          </gpxtpx:TrackPointExtension>
        </extensions>
      </trkpt>
      <trkpt lat="22.605474543491606" lon="113.82255362759291">
        <ele>8.600000381469727</ele>
        <time>2026-05-10T00:31:59Z</time>
        <extensions>
          <gpxtpx:TrackPointExtension>
            <gpxtpx:hr>136</gpxtpx:hr>
          </gpxtpx:TrackPointExtension>
        </extensions>
      </trkpt>
      <trkpt lat="22.605532427109452" lon="113.82249647004333">
        <ele>8.399999618530273</ele>
        <time>2026-05-10T00:32:03Z</time>
        <extensions>
          <gpxtpx:TrackPointExtension>
            <gpxtpx:hr>136</gpxtpx:hr>
          </gpxtpx:TrackPointExtension>
        </extensions>
      </trkpt>
      <trkpt lat="22.60558634540729" lon="113.82245736132816">
        <ele>8.399999618530273</ele>
        <time>2026-05-10T00:32:07Z</time>
        <extensions>
          <gpxtpx:TrackPointExtension>
            <gpxtpx:hr>136</gpxtpx:hr>
          </gpxtpx:TrackPointExtension>
        </extensions>
      </trkpt>
      <trkpt lat="22.605641263557544" lon="113.82241825255063">
        <ele>8.399999618530273</ele>
        <time>2026-05-10T00:32:11Z</time>
        <extensions>
          <gpxtpx:TrackPointExtension>
            <gpxtpx:hr>137</gpxtpx:hr>
          </gpxtpx:TrackPointExtension>
        </extensions>
      </trkpt>
      <trkpt lat="22.60572420417499" lon="113.82239317975277">
        <ele>8.600000381469727</ele>
        <time>2026-05-10T00:32:15Z</time>
        <extensions>
          <gpxtpx:TrackPointExtension>
            <gpxtpx:hr>139</gpxtpx:hr>
          </gpxtpx:TrackPointExtension>
        </extensions>
      </trkpt>
      <trkpt lat="22.60580915775668" lon="113.82237512571596">
        <ele>8.399999618530273</ele>
        <time>2026-05-10T00:32:19Z</time>
        <extensions>
          <gpxtpx:TrackPointExtension>
            <gpxtpx:hr>140</gpxtpx:hr>
          </gpxtpx:TrackPointExtension>
        </extensions>
      </trkpt>
      <trkpt lat="22.605897167733122" lon="113.82238715243895">
        <ele>8.600000381469727</ele>
        <time>2026-05-10T00:32:23Z</time>
        <extensions>
          <gpxtpx:TrackPointExtension>
            <gpxtpx:hr>138</gpxtpx:hr>
          </gpxtpx:TrackPointExtension>
        </extensions>
      </trkpt>
      <trkpt lat="22.605949243553482" lon="113.82243126782792">
        <ele>8.800000190734863</ele>
        <time>2026-05-10T00:32:27Z</time>
        <extensions>
          <gpxtpx:TrackPointExtension>
            <gpxtpx:hr>136</gpxtpx:hr>
          </gpxtpx:TrackPointExtension>
        </extensions>
      </trkpt>
      <trkpt lat="22.605993352742473" lon="113.82249242960951">
        <ele>8.600000381469727</ele>
        <time>2026-05-10T00:32:31Z</time>
        <extensions>
          <gpxtpx:TrackPointExtension>
            <gpxtpx:hr>133</gpxtpx:hr>
          </gpxtpx:TrackPointExtension>
        </extensions>
      </trkpt>
      <trkpt lat="22.606033492827226" lon="113.82256963483182">
        <ele>8.199999809265137</ele>
        <time>2026-05-10T00:32:35Z</time>
        <extensions>
          <gpxtpx:TrackPointExtension>
            <gpxtpx:hr>130</gpxtpx:hr>
          </gpxtpx:TrackPointExtension>
        </extensions>
      </trkpt>
      <trkpt lat="22.606069652441093" lon="113.8226568673064">
        <ele>8.0</ele>
        <time>2026-05-10T00:32:39Z</time>
        <extensions>
          <gpxtpx:TrackPointExtension>
            <gpxtpx:hr>131</gpxtpx:hr>
          </gpxtpx:TrackPointExtension>
        </extensions>
      </trkpt>
      <trkpt lat="22.606108802146178" lon="113.82273908610264">
        <ele>8.199999809265137</ele>
        <time>2026-05-10T00:32:43Z</time>
        <extensions>
          <gpxtpx:TrackPointExtension>
            <gpxtpx:hr>133</gpxtpx:hr>
          </gpxtpx:TrackPointExtension>
        </extensions>
      </trkpt>
      <trkpt lat="22.606143916431492" lon="113.82280225388347">
        <ele>8.199999809265137</ele>
        <time>2026-05-10T00:32:47Z</time>
        <extensions>
          <gpxtpx:TrackPointExtension>
            <gpxtpx:hr>135</gpxtpx:hr>
          </gpxtpx:TrackPointExtension>
        </extensions>
      </trkpt>
      <trkpt lat="22.606193009732422" lon="113.82285539377847">
        <ele>8.199999809265137</ele>
        <time>2026-05-10T00:32:51Z</time>
        <extensions>
          <gpxtpx:TrackPointExtension>
            <gpxtpx:hr>135</gpxtpx:hr>
          </gpxtpx:TrackPointExtension>
        </extensions>
      </trkpt>
      <trkpt lat="22.606248102158027" lon="113.82290853329062">
        <ele>8.199999809265137</ele>
        <time>2026-05-10T00:32:55Z</time>
        <extensions>
          <gpxtpx:TrackPointExtension>
            <gpxtpx:hr>133</gpxtpx:hr>
          </gpxtpx:TrackPointExtension>
        </extensions>
      </trkpt>
      <trkpt lat="22.60630820522149" lon="113.82296768867866">
        <ele>8.0</ele>
        <time>2026-05-10T00:32:59Z</time>
        <extensions>
          <gpxtpx:TrackPointExtension>
            <gpxtpx:hr>133</gpxtpx:hr>
          </gpxtpx:TrackPointExtension>
        </extensions>
      </trkpt>
      <trkpt lat="22.606360309445858" lon="113.82302684458423">
        <ele>8.0</ele>
        <time>2026-05-10T00:33:03Z</time>
        <extensions>
          <gpxtpx:TrackPointExtension>
            <gpxtpx:hr>131</gpxtpx:hr>
          </gpxtpx:TrackPointExtension>
        </extensions>
      </trkpt>
      <trkpt lat="22.606434452148026" lon="113.8231080584612">
        <ele>8.0</ele>
        <time>2026-05-10T00:33:07Z</time>
        <extensions>
          <gpxtpx:TrackPointExtension>
            <gpxtpx:hr>130</gpxtpx:hr>
          </gpxtpx:TrackPointExtension>
        </extensions>
      </trkpt>
      <trkpt lat="22.60647560344401" lon="113.82319127986337">
        <ele>8.0</ele>
        <time>2026-05-10T00:33:11Z</time>
        <extensions>
          <gpxtpx:TrackPointExtension>
            <gpxtpx:hr>130</gpxtpx:hr>
          </gpxtpx:TrackPointExtension>
        </extensions>
      </trkpt>
      <trkpt lat="22.606507784472136" lon="113.82328954233914">
        <ele>8.199999809265137</ele>
        <time>2026-05-10T00:33:15Z</time>
        <extensions>
          <gpxtpx:TrackPointExtension>
            <gpxtpx:hr>131</gpxtpx:hr>
          </gpxtpx:TrackPointExtension>
        </extensions>
      </trkpt>
      <trkpt lat="22.606527963458078" lon="113.82338580019355">
        <ele>8.399999618530273</ele>
        <time>2026-05-10T00:33:19Z</time>
        <extensions>
          <gpxtpx:TrackPointExtension>
            <gpxtpx:hr>135</gpxtpx:hr>
          </gpxtpx:TrackPointExtension>
        </extensions>
      </trkpt>
      <trkpt lat="22.606536153665623" lon="113.82348707232157">
        <ele>8.600000381469727</ele>
        <time>2026-05-10T00:33:23Z</time>
        <extensions>
          <gpxtpx:TrackPointExtension>
            <gpxtpx:hr>136</gpxtpx:hr>
          </gpxtpx:TrackPointExtension>
        </extensions>
      </trkpt>
      <trkpt lat="22.606557315447375" lon="113.82357430582577">
        <ele>8.800000190734863</ele>
        <time>2026-05-10T00:33:27Z</time>
        <extensions>
          <gpxtpx:TrackPointExtension>
            <gpxtpx:hr>136</gpxtpx:hr>
          </gpxtpx:TrackPointExtension>
        </extensions>
      </trkpt>
      <trkpt lat="22.606566471397585" lon="113.82365752930609">
        <ele>9.0</ele>
        <time>2026-05-10T00:33:31Z</time>
        <extensions>
          <gpxtpx:TrackPointExtension>
            <gpxtpx:hr>136</gpxtpx:hr>
          </gpxtpx:TrackPointExtension>
        </extensions>
      </trkpt>
      <trkpt lat="22.60661058244936" lon="113.82371969384872">
        <ele>9.199999809265137</ele>
        <time>2026-05-10T00:33:35Z</time>
        <extensions>
          <gpxtpx:TrackPointExtension>
            <gpxtpx:hr>137</gpxtpx:hr>
          </gpxtpx:TrackPointExtension>
        </extensions>
      </trkpt>
      <trkpt lat="22.606666676587597" lon="113.82377383602474">
        <ele>9.0</ele>
        <time>2026-05-10T00:33:39Z</time>
        <extensions>
          <gpxtpx:TrackPointExtension>
            <gpxtpx:hr>139</gpxtpx:hr>
          </gpxtpx:TrackPointExtension>
        </extensions>
      </trkpt>
      <trkpt lat="22.60671274186686" lon="113.82381193565125">
        <ele>9.0</ele>
        <time>2026-05-10T00:33:43Z</time>
        <extensions>
          <gpxtpx:TrackPointExtension>
            <gpxtpx:hr>141</gpxtpx:hr>
          </gpxtpx:TrackPointExtension>
        </extensions>
      </trkpt>
      <trkpt lat="22.60675978805032" lon="113.82384000821817">
        <ele>8.600000381469727</ele>
        <time>2026-05-10T00:33:47Z</time>
        <extensions>
          <gpxtpx:TrackPointExtension>
            <gpxtpx:hr>144</gpxtpx:hr>
          </gpxtpx:TrackPointExtension>
        </extensions>
      </trkpt>
      <trkpt lat="22.606855851696118" lon="113.82388111273035">
        <ele>8.399999618530273</ele>
        <time>2026-05-10T00:33:51Z</time>
        <extensions>
          <gpxtpx:TrackPointExtension>
            <gpxtpx:hr>145</gpxtpx:hr>
          </gpxtpx:TrackPointExtension>
        </extensions>
      </trkpt>
      <trkpt lat="22.606918954260905" lon="113.82394026795615">
        <ele>8.199999809265137</ele>
        <time>2026-05-10T00:33:55Z</time>
        <extensions>
          <gpxtpx:TrackPointExtension>
            <gpxtpx:hr>143</gpxtpx:hr>
          </gpxtpx:TrackPointExtension>
        </extensions>
      </trkpt>
      <trkpt lat="22.60696403293" lon="113.82398538654503">
        <ele>8.0</ele>
        <time>2026-05-10T00:33:59Z</time>
        <extensions>
          <gpxtpx:TrackPointExtension>
            <gpxtpx:hr>143</gpxtpx:hr>
          </gpxtpx:TrackPointExtension>
        </extensions>
      </trkpt>
      <trkpt lat="22.607002105042152" lon="113.82402649478561">
        <ele>8.199999809265137</ele>
        <time>2026-05-10T00:34:03Z</time>
        <extensions>
          <gpxtpx:TrackPointExtension>
            <gpxtpx:hr>147</gpxtpx:hr>
          </gpxtpx:TrackPointExtension>
        </extensions>
      </trkpt>
      <trkpt lat="22.60707317800047" lon="113.82407060900412">
        <ele>8.199999809265137</ele>
        <time>2026-05-10T00:34:07Z</time>
        <extensions>
          <gpxtpx:TrackPointExtension>
            <gpxtpx:hr>146</gpxtpx:hr>
          </gpxtpx:TrackPointExtension>
        </extensions>
      </trkpt>
      <trkpt lat="22.607129266410958" lon="113.82412174308371">
        <ele>8.199999809265137</ele>
        <time>2026-05-10T00:34:11Z</time>
        <extensions>
          <gpxtpx:TrackPointExtension>
            <gpxtpx:hr>145</gpxtpx:hr>
          </gpxtpx:TrackPointExtension>
        </extensions>
      </trkpt>
      <trkpt lat="22.60718536239301" lon="113.82417688796144">
        <ele>8.199999809265137</ele>
        <time>2026-05-10T00:34:15Z</time>
        <extensions>
          <gpxtpx:TrackPointExtension>
            <gpxtpx:hr>142</gpxtpx:hr>
          </gpxtpx:TrackPointExtension>
        </extensions>
      </trkpt>
      <trkpt lat="22.607230461876817" lon="113.82423303624537">
        <ele>8.399999618530273</ele>
        <time>2026-05-10T00:34:19Z</time>
        <extensions>
          <gpxtpx:TrackPointExtension>
            <gpxtpx:hr>142</gpxtpx:hr>
          </gpxtpx:TrackPointExtension>
        </extensions>
      </trkpt>
      <trkpt lat="22.60726660056176" lon="113.82430923909824">
        <ele>8.199999809265137</ele>
        <time>2026-05-10T00:34:23Z</time>
        <extensions>
          <gpxtpx:TrackPointExtension>
            <gpxtpx:hr>141</gpxtpx:hr>
          </gpxtpx:TrackPointExtension>
        </extensions>
      </trkpt>
      <trkpt lat="22.60728974872469" lon="113.8243894535833">
        <ele>8.0</ele>
        <time>2026-05-10T00:34:27Z</time>
        <extensions>
          <gpxtpx:TrackPointExtension>
            <gpxtpx:hr>140</gpxtpx:hr>
          </gpxtpx:TrackPointExtension>
        </extensions>
      </trkpt>
      <trkpt lat="22.607326906189662" lon="113.82447568336373">
        <ele>8.0</ele>
        <time>2026-05-10T00:34:31Z</time>
        <extensions>
          <gpxtpx:TrackPointExtension>
            <gpxtpx:hr>140</gpxtpx:hr>
          </gpxtpx:TrackPointExtension>
        </extensions>
      </trkpt>
      <trkpt lat="22.6073680346472" lon="113.82454687239238">
        <ele>7.800000190734863</ele>
        <time>2026-05-10T00:34:35Z</time>
        <extensions>
          <gpxtpx:TrackPointExtension>
            <gpxtpx:hr>142</gpxtpx:hr>
          </gpxtpx:TrackPointExtension>
        </extensions>
      </trkpt>
      <trkpt lat="22.60740919150594" lon="113.82463310191032">
        <ele>7.599999904632568</ele>
        <time>2026-05-10T00:34:39Z</time>
        <extensions>
          <gpxtpx:TrackPointExtension>
            <gpxtpx:hr>141</gpxtpx:hr>
          </gpxtpx:TrackPointExtension>
        </extensions>
      </trkpt>
      <trkpt lat="22.607421333677433" lon="113.82470930629415">
        <ele>7.800000190734863</ele>
        <time>2026-05-10T00:34:43Z</time>
        <extensions>
          <gpxtpx:TrackPointExtension>
            <gpxtpx:hr>139</gpxtpx:hr>
          </gpxtpx:TrackPointExtension>
        </extensions>
      </trkpt>
      <trkpt lat="22.607425478910848" lon="113.82478651388797">
        <ele>8.199999809265137</ele>
        <time>2026-05-10T00:34:47Z</time>
        <extensions>
          <gpxtpx:TrackPointExtension>
            <gpxtpx:hr>140</gpxtpx:hr>
          </gpxtpx:TrackPointExtension>
        </extensions>
      </trkpt>
      <trkpt lat="22.607419631286803" lon="113.82486673021833">
        <ele>8.600000381469727</ele>
        <time>2026-05-10T00:34:51Z</time>
        <extensions>
          <gpxtpx:TrackPointExtension>
            <gpxtpx:hr>142</gpxtpx:hr>
          </gpxtpx:TrackPointExtension>
        </extensions>
      </trkpt>
      <trkpt lat="22.607414751317034" lon="113.8249299005929">
        <ele>8.600000381469727</ele>
        <time>2026-05-10T00:34:55Z</time>
        <extensions>
          <gpxtpx:TrackPointExtension>
            <gpxtpx:hr>141</gpxtpx:hr>
          </gpxtpx:TrackPointExtension>
        </extensions>
      </trkpt>
      <trkpt lat="22.60743385645413" lon="113.82498705322722">
        <ele>8.600000381469727</ele>
        <time>2026-05-10T00:34:59Z</time>
        <extensions>
          <gpxtpx:TrackPointExtension>
            <gpxtpx:hr>137</gpxtpx:hr>
          </gpxtpx:TrackPointExtension>
        </extensions>
      </trkpt>
      <trkpt lat="22.607460937689535" lon="113.8250321729551">
        <ele>8.600000381469727</ele>
        <time>2026-05-10T00:35:03Z</time>
        <extensions>
          <gpxtpx:TrackPointExtension>
            <gpxtpx:hr>136</gpxtpx:hr>
          </gpxtpx:TrackPointExtension>
        </extensions>
      </trkpt>
      <trkpt lat="22.60747203452645" lon="113.82508431260307">
        <ele>8.399999618530273</ele>
        <time>2026-05-10T00:35:07Z</time>
        <extensions>
          <gpxtpx:TrackPointExtension>
            <gpxtpx:hr>136</gpxtpx:hr>
          </gpxtpx:TrackPointExtension>
        </extensions>
      </trkpt>
      <trkpt lat="22.607471146375712" lon="113.82514347191297">
        <ele>8.399999618530273</ele>
        <time>2026-05-10T00:35:11Z</time>
        <extensions>
          <gpxtpx:TrackPointExtension>
            <gpxtpx:hr>136</gpxtpx:hr>
          </gpxtpx:TrackPointExtension>
        </extensions>
      </trkpt>
      <trkpt lat="22.607452311978857" lon="113.8252297052484">
        <ele>8.0</ele>
        <time>2026-05-10T00:35:15Z</time>
        <extensions>
          <gpxtpx:TrackPointExtension>
            <gpxtpx:hr>134</gpxtpx:hr>
          </gpxtpx:TrackPointExtension>
        </extensions>
      </trkpt>
      <trkpt lat="22.607435501883153" lon="113.8253289735329">
        <ele>7.800000190734863</ele>
        <time>2026-05-10T00:35:19Z</time>
        <extensions>
          <gpxtpx:TrackPointExtension>
            <gpxtpx:hr>133</gpxtpx:hr>
          </gpxtpx:TrackPointExtension>
        </extensions>
      </trkpt>
      <trkpt lat="22.607429667440684" lon="113.8254162087147">
        <ele>8.0</ele>
        <time>2026-05-10T00:35:23Z</time>
        <extensions>
          <gpxtpx:TrackPointExtension>
            <gpxtpx:hr>133</gpxtpx:hr>
          </gpxtpx:TrackPointExtension>
        </extensions>
      </trkpt>
      <trkpt lat="22.607430848988944" lon="113.82551246772555">
        <ele>8.199999809265137</ele>
        <time>2026-05-10T00:35:27Z</time>
        <extensions>
          <gpxtpx:TrackPointExtension>
            <gpxtpx:hr>134</gpxtpx:hr>
          </gpxtpx:TrackPointExtension>
        </extensions>
      </trkpt>
      <trkpt lat="22.60737613147192" lon="113.82565786254757">
        <ele>8.199999809265137</ele>
        <time>2026-05-10T00:35:31Z</time>
        <extensions>
          <gpxtpx:TrackPointExtension>
            <gpxtpx:hr>134</gpxtpx:hr>
          </gpxtpx:TrackPointExtension>
        </extensions>
      </trkpt>
      <trkpt lat="22.607370321571686" lon="113.8257581327703">
        <ele>8.399999618530273</ele>
        <time>2026-05-10T00:35:35Z</time>
        <extensions>
          <gpxtpx:TrackPointExtension>
            <gpxtpx:hr>136</gpxtpx:hr>
          </gpxtpx:TrackPointExtension>
        </extensions>
      </trkpt>
      <trkpt lat="22.60743332556018" lon="113.82576514761139">
        <ele>8.199999809265137</ele>
        <time>2026-05-10T00:35:39Z</time>
        <extensions>
          <gpxtpx:TrackPointExtension>
            <gpxtpx:hr>134</gpxtpx:hr>
          </gpxtpx:TrackPointExtension>
        </extensions>
      </trkpt>
      <trkpt lat="22.607520375206963" lon="113.82579823106555">
        <ele>8.0</ele>
        <time>2026-05-10T00:35:43Z</time>
        <extensions>
          <gpxtpx:TrackPointExtension>
            <gpxtpx:hr>135</gpxtpx:hr>
          </gpxtpx:TrackPointExtension>
        </extensions>
      </trkpt>
      <trkpt lat="22.60757850100128" lon="113.82586941891122">
        <ele>8.0</ele>
        <time>2026-05-10T00:35:47Z</time>
        <extensions>
          <gpxtpx:TrackPointExtension>
            <gpxtpx:hr>134</gpxtpx:hr>
          </gpxtpx:TrackPointExtension>
        </extensions>
      </trkpt>
      <trkpt lat="22.6076635717288" lon="113.82591353216758">
        <ele>7.800000190734863</ele>
        <time>2026-05-10T00:35:51Z</time>
        <extensions>
          <gpxtpx:TrackPointExtension>
            <gpxtpx:hr>136</gpxtpx:hr>
          </gpxtpx:TrackPointExtension>
        </extensions>
      </trkpt>
      <trkpt lat="22.607779605716082" lon="113.82594059756349">
        <ele>7.800000190734863</ele>
        <time>2026-05-10T00:35:55Z</time>
        <extensions>
          <gpxtpx:TrackPointExtension>
            <gpxtpx:hr>137</gpxtpx:hr>
          </gpxtpx:TrackPointExtension>
        </extensions>
      </trkpt>
      <trkpt lat="22.607881600133982" lon="113.82594560450158">
        <ele>7.800000190734863</ele>
        <time>2026-05-10T00:35:59Z</time>
        <extensions>
          <gpxtpx:TrackPointExtension>
            <gpxtpx:hr>137</gpxtpx:hr>
          </gpxtpx:TrackPointExtension>
        </extensions>
      </trkpt>
      <trkpt lat="22.6079576570178" lon="113.82598169674728">
        <ele>7.800000190734863</ele>
        <time>2026-05-10T00:36:03Z</time>
        <extensions>
          <gpxtpx:TrackPointExtension>
            <gpxtpx:hr>138</gpxtpx:hr>
          </gpxtpx:TrackPointExtension>
        </extensions>
      </trkpt>
      <trkpt lat="22.607958800624882" lon="113.82605790172302">
        <ele>8.0</ele>
        <time>2026-05-10T00:36:07Z</time>
        <extensions>
          <gpxtpx:TrackPointExtension>
            <gpxtpx:hr>140</gpxtpx:hr>
          </gpxtpx:TrackPointExtension>
        </extensions>
      </trkpt>
      <trkpt lat="22.607931923764976" lon="113.82612107341703">
        <ele>8.0</ele>
        <time>2026-05-10T00:36:11Z</time>
        <extensions>
          <gpxtpx:TrackPointExtension>
            <gpxtpx:hr>142</gpxtpx:hr>
          </gpxtpx:TrackPointExtension>
        </extensions>
      </trkpt>
      <trkpt lat="22.607872051763174" lon="113.82618424722348">
        <ele>8.199999809265137</ele>
        <time>2026-05-10T00:36:15Z</time>
        <extensions>
          <gpxtpx:TrackPointExtension>
            <gpxtpx:hr>143</gpxtpx:hr>
          </gpxtpx:TrackPointExtension>
        </extensions>
      </trkpt>
      <trkpt lat="22.60784315815744" lon="113.82623839475391">
        <ele>8.399999618530273</ele>
        <time>2026-05-10T00:36:19Z</time>
        <extensions>
          <gpxtpx:TrackPointExtension>
            <gpxtpx:hr>140</gpxtpx:hr>
          </gpxtpx:TrackPointExtension>
        </extensions>
      </trkpt>
      <trkpt lat="22.607778269850332" lon="113.826292544591">
        <ele>8.399999618530273</ele>
        <time>2026-05-10T00:36:23Z</time>
        <extensions>
          <gpxtpx:TrackPointExtension>
            <gpxtpx:hr>138</gpxtpx:hr>
          </gpxtpx:TrackPointExtension>
        </extensions>
      </trkpt>
      <trkpt lat="22.60769234302741" lon="113.82632463643026">
        <ele>8.600000381469727</ele>
        <time>2026-05-10T00:36:27Z</time>
        <extensions>
          <gpxtpx:TrackPointExtension>
            <gpxtpx:hr>136</gpxtpx:hr>
          </gpxtpx:TrackPointExtension>
        </extensions>
      </trkpt>
      <trkpt lat="22.60763243316316" lon="113.82636775626729">
        <ele>8.600000381469727</ele>
        <time>2026-05-10T00:36:31Z</time>
        <extensions>
          <gpxtpx:TrackPointExtension>
            <gpxtpx:hr>135</gpxtpx:hr>
          </gpxtpx:TrackPointExtension>
        </extensions>
      </trkpt>
      <trkpt lat="22.607579505244615" lon="113.82640185137643">
        <ele>8.600000381469727</ele>
        <time>2026-05-10T00:36:35Z</time>
        <extensions>
          <gpxtpx:TrackPointExtension>
            <gpxtpx:hr>136</gpxtpx:hr>
          </gpxtpx:TrackPointExtension>
        </extensions>
      </trkpt>
      <trkpt lat="22.607516599585495" lon="113.82644697679342">
        <ele>8.600000381469727</ele>
        <time>2026-05-10T00:36:39Z</time>
        <extensions>
          <gpxtpx:TrackPointExtension>
            <gpxtpx:hr>136</gpxtpx:hr>
          </gpxtpx:TrackPointExtension>
        </extensions>
      </trkpt>
      <trkpt lat="22.607458651592992" lon="113.82647004255078">
        <ele>8.399999618530273</ele>
        <time>2026-05-10T00:36:43Z</time>
        <extensions>
          <gpxtpx:TrackPointExtension>
            <gpxtpx:hr>133</gpxtpx:hr>
          </gpxtpx:TrackPointExtension>
        </extensions>
      </trkpt>
      <trkpt lat="22.60737270392744" lon="113.82649110471127">
        <ele>8.600000381469727</ele>
        <time>2026-05-10T00:36:47Z</time>
        <extensions>
          <gpxtpx:TrackPointExtension>
            <gpxtpx:hr>135</gpxtpx:hr>
          </gpxtpx:TrackPointExtension>
        </extensions>
      </trkpt>
      <trkpt lat="22.607298752599785" lon="113.82651116340313">
        <ele>8.800000190734863</ele>
        <time>2026-05-10T00:36:51Z</time>
        <extensions>
          <gpxtpx:TrackPointExtension>
            <gpxtpx:hr>136</gpxtpx:hr>
          </gpxtpx:TrackPointExtension>
        </extensions>
      </trkpt>
      <trkpt lat="22.607225780324747" lon="113.82652019236383">
        <ele>8.800000190734863</ele>
        <time>2026-05-10T00:36:55Z</time>
        <extensions>
          <gpxtpx:TrackPointExtension>
            <gpxtpx:hr>139</gpxtpx:hr>
          </gpxtpx:TrackPointExtension>
        </extensions>
      </trkpt>
      <trkpt lat="22.60713475397309" lon="113.82649914157231">
        <ele>9.199999809265137</ele>
        <time>2026-05-10T00:36:59Z</time>
        <extensions>
          <gpxtpx:TrackPointExtension>
            <gpxtpx:hr>139</gpxtpx:hr>
          </gpxtpx:TrackPointExtension>
        </extensions>
      </trkpt>
      <trkpt lat="22.607107793846144" lon="113.82651819454829">
        <ele>9.0</ele>
        <time>2026-05-10T00:37:03Z</time>
        <extensions>
          <gpxtpx:TrackPointExtension>
            <gpxtpx:hr>141</gpxtpx:hr>
          </gpxtpx:TrackPointExtension>
        </extensions>
      </trkpt>
      <trkpt lat="22.60715091040525" lon="113.8265833670823">
        <ele>9.199999809265137</ele>
        <time>2026-05-10T00:37:07Z</time>
        <extensions>
          <gpxtpx:TrackPointExtension>
            <gpxtpx:hr>138</gpxtpx:hr>
          </gpxtpx:TrackPointExtension>
        </extensions>
      </trkpt>
      <trkpt lat="22.607175025956955" lon="113.8266465354341">
        <ele>9.199999809265137</ele>
        <time>2026-05-10T00:37:11Z</time>
        <extensions>
          <gpxtpx:TrackPointExtension>
            <gpxtpx:hr>139</gpxtpx:hr>
          </gpxtpx:TrackPointExtension>
        </extensions>
      </trkpt>
      <trkpt lat="22.607194113883693" lon="113.82669466365031">
        <ele>9.199999809265137</ele>
        <time>2026-05-10T00:37:15Z</time>
        <extensions>
          <gpxtpx:TrackPointExtension>
            <gpxtpx:hr>142</gpxtpx:hr>
          </gpxtpx:TrackPointExtension>
        </extensions>
      </trkpt>
      <trkpt lat="22.607224241761504" lon="113.82676485047574">
        <ele>8.800000190734863</ele>
        <time>2026-05-10T00:37:19Z</time>
        <extensions>
          <gpxtpx:TrackPointExtension>
            <gpxtpx:hr>143</gpxtpx:hr>
          </gpxtpx:TrackPointExtension>
        </extensions>
      </trkpt>
      <trkpt lat="22.6072643435944" lon="113.82682200159665">
        <ele>8.399999618530273</ele>
        <time>2026-05-10T00:37:23Z</time>
        <extensions>
          <gpxtpx:TrackPointExtension>
            <gpxtpx:hr>145</gpxtpx:hr>
          </gpxtpx:TrackPointExtension>
        </extensions>
      </trkpt>
      <trkpt lat="22.607321320112263" lon="113.82681397636622">
        <ele>8.600000381469727</ele>
        <time>2026-05-10T00:37:27Z</time>
        <extensions>
          <gpxtpx:TrackPointExtension>
            <gpxtpx:hr>145</gpxtpx:hr>
          </gpxtpx:TrackPointExtension>
        </extensions>
      </trkpt>
      <trkpt lat="22.60740725646509" lon="113.82678689804348">
        <ele>8.800000190734863</ele>
        <time>2026-05-10T00:37:31Z</time>
        <extensions>
          <gpxtpx:TrackPointExtension>
            <gpxtpx:hr>144</gpxtpx:hr>
          </gpxtpx:TrackPointExtension>
        </extensions>
      </trkpt>
      <trkpt lat="22.60748617682925" lon="113.82675079590081">
        <ele>8.800000190734863</ele>
        <time>2026-05-10T00:37:35Z</time>
        <extensions>
          <gpxtpx:TrackPointExtension>
            <gpxtpx:hr>143</gpxtpx:hr>
          </gpxtpx:TrackPointExtension>
        </extensions>
      </trkpt>
      <trkpt lat="22.607565148203605" lon="113.82674176655964">
        <ele>8.800000190734863</ele>
        <time>2026-05-10T00:37:39Z</time>
        <extensions>
          <gpxtpx:TrackPointExtension>
            <gpxtpx:hr>143</gpxtpx:hr>
          </gpxtpx:TrackPointExtension>
        </extensions>
      </trkpt>
      <trkpt lat="22.60763410403487" lon="113.82672371359222">
        <ele>8.800000190734863</ele>
        <time>2026-05-10T00:37:43Z</time>
        <extensions>
          <gpxtpx:TrackPointExtension>
            <gpxtpx:hr>141</gpxtpx:hr>
          </gpxtpx:TrackPointExtension>
        </extensions>
      </trkpt>
      <trkpt lat="22.607683077922896" lon="113.82671368348049">
        <ele>9.0</ele>
        <time>2026-05-10T00:37:47Z</time>
        <extensions>
          <gpxtpx:TrackPointExtension>
            <gpxtpx:hr>139</gpxtpx:hr>
          </gpxtpx:TrackPointExtension>
        </extensions>
      </trkpt>
      <trkpt lat="22.60773699815653" lon="113.82667557754375">
        <ele>9.0</ele>
        <time>2026-05-10T00:37:51Z</time>
        <extensions>
          <gpxtpx:TrackPointExtension>
            <gpxtpx:hr>141</gpxtpx:hr>
          </gpxtpx:TrackPointExtension>
        </extensions>
      </trkpt>
      <trkpt lat="22.607802948742208" lon="113.8266545166762">
        <ele>9.0</ele>
        <time>2026-05-10T00:37:55Z</time>
        <extensions>
          <gpxtpx:TrackPointExtension>
            <gpxtpx:hr>141</gpxtpx:hr>
          </gpxtpx:TrackPointExtension>
        </extensions>
      </trkpt>
      <trkpt lat="22.607863935967426" lon="113.82665250736537">
        <ele>9.0</ele>
        <time>2026-05-10T00:37:59Z</time>
        <extensions>
          <gpxtpx:TrackPointExtension>
            <gpxtpx:hr>139</gpxtpx:hr>
          </gpxtpx:TrackPointExtension>
        </extensions>
      </trkpt>
      <trkpt lat="22.60794396952061" lon="113.82667656694645">
        <ele>9.0</ele>
        <time>2026-05-10T00:38:03Z</time>
        <extensions>
          <gpxtpx:TrackPointExtension>
            <gpxtpx:hr>138</gpxtpx:hr>
          </gpxtpx:TrackPointExtension>
        </extensions>
      </trkpt>
      <trkpt lat="22.60802894563132" lon="113.82667054530796">
        <ele>9.0</ele>
        <time>2026-05-10T00:38:07Z</time>
        <extensions>
          <gpxtpx:TrackPointExtension>
            <gpxtpx:hr>136</gpxtpx:hr>
          </gpxtpx:TrackPointExtension>
        </extensions>
      </trkpt>
      <trkpt lat="22.608116925069222" lon="113.82666652886994">
        <ele>8.800000190734863</ele>
        <time>2026-05-10T00:38:11Z</time>
        <extensions>
          <gpxtpx:TrackPointExtension>
            <gpxtpx:hr>139</gpxtpx:hr>
          </gpxtpx:TrackPointExtension>
        </extensions>
      </trkpt>
      <trkpt lat="22.60821492380661" lon="113.8266735414524">
        <ele>8.800000190734863</ele>
        <time>2026-05-10T00:38:15Z</time>
        <extensions>
          <gpxtpx:TrackPointExtension>
            <gpxtpx:hr>138</gpxtpx:hr>
          </gpxtpx:TrackPointExtension>
        </extensions>
      </trkpt>
      <trkpt lat="22.608302908893695" lon="113.82667253310417">
        <ele>8.800000190734863</ele>
        <time>2026-05-10T00:38:19Z</time>
        <extensions>
          <gpxtpx:TrackPointExtension>
            <gpxtpx:hr>137</gpxtpx:hr>
          </gpxtpx:TrackPointExtension>
        </extensions>
      </trkpt>
      <trkpt lat="22.6083839006777" lon="113.82667453329532">
        <ele>8.800000190734863</ele>
        <time>2026-05-10T00:38:23Z</time>
        <extensions>
          <gpxtpx:TrackPointExtension>
            <gpxtpx:hr>138</gpxtpx:hr>
          </gpxtpx:TrackPointExtension>
        </extensions>
      </trkpt>
      <trkpt lat="22.6084669431816" lon="113.82670360616542">
        <ele>8.399999618530273</ele>
        <time>2026-05-10T00:38:27Z</time>
        <extensions>
          <gpxtpx:TrackPointExtension>
            <gpxtpx:hr>138</gpxtpx:hr>
          </gpxtpx:TrackPointExtension>
        </extensions>
      </trkpt>
      <trkpt lat="22.608484127733522" lon="113.82680287201983">
        <ele>8.399999618530273</ele>
        <time>2026-05-10T00:38:31Z</time>
        <extensions>
          <gpxtpx:TrackPointExtension>
            <gpxtpx:hr>139</gpxtpx:hr>
          </gpxtpx:TrackPointExtension>
        </extensions>
      </trkpt>
      <trkpt lat="22.608494281177986" lon="113.82688509246697">
        <ele>8.199999809265137</ele>
        <time>2026-05-10T00:38:35Z</time>
        <extensions>
          <gpxtpx:TrackPointExtension>
            <gpxtpx:hr>139</gpxtpx:hr>
          </gpxtpx:TrackPointExtension>
        </extensions>
      </trkpt>
      <trkpt lat="22.60850942630485" lon="113.82696330179294">
        <ele>8.0</ele>
        <time>2026-05-10T00:38:39Z</time>
        <extensions>
          <gpxtpx:TrackPointExtension>
            <gpxtpx:hr>142</gpxtpx:hr>
          </gpxtpx:TrackPointExtension>
        </extensions>
      </trkpt>
      <trkpt lat="22.608545556965318" lon="113.82703549358077">
        <ele>7.599999904632568</ele>
        <time>2026-05-10T00:38:43Z</time>
        <extensions>
          <gpxtpx:TrackPointExtension>
            <gpxtpx:hr>143</gpxtpx:hr>
          </gpxtpx:TrackPointExtension>
        </extensions>
      </trkpt>
      <trkpt lat="22.60859666460782" lon="113.82709665474088">
        <ele>7.599999904632568</ele>
        <time>2026-05-10T00:38:47Z</time>
        <extensions>
          <gpxtpx:TrackPointExtension>
            <gpxtpx:hr>141</gpxtpx:hr>
          </gpxtpx:TrackPointExtension>
        </extensions>
      </trkpt>
      <trkpt lat="22.60863279712287" lon="113.82716984919938">
        <ele>7.800000190734863</ele>
        <time>2026-05-10T00:38:51Z</time>
        <extensions>
          <gpxtpx:TrackPointExtension>
            <gpxtpx:hr>137</gpxtpx:hr>
          </gpxtpx:TrackPointExtension>
        </extensions>
      </trkpt>
      <trkpt lat="22.608628935558247" lon="113.82724304621217">
        <ele>8.199999809265137</ele>
        <time>2026-05-10T00:38:55Z</time>
        <extensions>
          <gpxtpx:TrackPointExtension>
            <gpxtpx:hr>136</gpxtpx:hr>
          </gpxtpx:TrackPointExtension>
        </extensions>
      </trkpt>
      <trkpt lat="22.60865508084956" lon="113.82732225745379">
        <ele>8.399999618530273</ele>
        <time>2026-05-10T00:38:59Z</time>
        <extensions>
          <gpxtpx:TrackPointExtension>
            <gpxtpx:hr>138</gpxtpx:hr>
          </gpxtpx:TrackPointExtension>
        </extensions>
      </trkpt>
      <trkpt lat="22.60868921171787" lon="113.82739444930093">
        <ele>8.399999618530273</ele>
        <time>2026-05-10T00:39:03Z</time>
        <extensions>
          <gpxtpx:TrackPointExtension>
            <gpxtpx:hr>137</gpxtpx:hr>
          </gpxtpx:TrackPointExtension>
        </extensions>
      </trkpt>
      <trkpt lat="22.608717360444853" lon="113.82747566576934">
        <ele>8.399999618530273</ele>
        <time>2026-05-10T00:39:07Z</time>
        <extensions>
          <gpxtpx:TrackPointExtension>
            <gpxtpx:hr>136</gpxtpx:hr>
          </gpxtpx:TrackPointExtension>
        </extensions>
      </trkpt>
      <trkpt lat="22.608746499564315" lon="113.8275518686828">
        <ele>8.399999618530273</ele>
        <time>2026-05-10T00:39:11Z</time>
        <extensions>
          <gpxtpx:TrackPointExtension>
            <gpxtpx:hr>139</gpxtpx:hr>
          </gpxtpx:TrackPointExtension>
        </extensions>
      </trkpt>
      <trkpt lat="22.608782635735217" lon="113.82762706843542">
        <ele>8.399999618530273</ele>
        <time>2026-05-10T00:39:15Z</time>
        <extensions>
          <gpxtpx:TrackPointExtension>
            <gpxtpx:hr>141</gpxtpx:hr>
          </gpxtpx:TrackPointExtension>
        </extensions>
      </trkpt>
      <trkpt lat="22.608809782655282" lon="113.82770728221782">
        <ele>8.600000381469727</ele>
        <time>2026-05-10T00:39:19Z</time>
        <extensions>
          <gpxtpx:TrackPointExtension>
            <gpxtpx:hr>143</gpxtpx:hr>
          </gpxtpx:TrackPointExtension>
        </extensions>
      </trkpt>
      <trkpt lat="22.6088379199713" lon="113.82778248244803">
        <ele>8.600000381469727</ele>
        <time>2026-05-10T00:39:23Z</time>
        <extensions>
          <gpxtpx:TrackPointExtension>
            <gpxtpx:hr>145</gpxtpx:hr>
          </gpxtpx:TrackPointExtension>
        </extensions>
      </trkpt>
      <trkpt lat="22.608859052648853" lon="113.82785467502964">
        <ele>8.399999618530273</ele>
        <time>2026-05-10T00:39:27Z</time>
        <extensions>
          <gpxtpx:TrackPointExtension>
            <gpxtpx:hr>144</gpxtpx:hr>
          </gpxtpx:TrackPointExtension>
        </extensions>
      </trkpt>
      <trkpt lat="22.608886182528146" lon="113.82792586451602">
        <ele>8.399999618530273</ele>
        <time>2026-05-10T00:39:31Z</time>
        <extensions>
          <gpxtpx:TrackPointExtension>
            <gpxtpx:hr>141</gpxtpx:hr>
          </gpxtpx:TrackPointExtension>
        </extensions>
      </trkpt>
      <trkpt lat="22.60892132628037" lon="113.82800507501497">
        <ele>8.399999618530273</ele>
        <time>2026-05-10T00:39:35Z</time>
        <extensions>
          <gpxtpx:TrackPointExtension>
            <gpxtpx:hr>139</gpxtpx:hr>
          </gpxtpx:TrackPointExtension>
        </extensions>
      </trkpt>
      <trkpt lat="22.60895147263636" lon="113.82808528850637">
        <ele>8.399999618530273</ele>
        <time>2026-05-10T00:39:39Z</time>
        <extensions>
          <gpxtpx:TrackPointExtension>
            <gpxtpx:hr>136</gpxtpx:hr>
          </gpxtpx:TrackPointExtension>
        </extensions>
      </trkpt>
      <trkpt lat="22.608981603887663" lon="113.82815748043714">
        <ele>8.199999809265137</ele>
        <time>2026-05-10T00:39:43Z</time>
        <extensions>
          <gpxtpx:TrackPointExtension>
            <gpxtpx:hr>135</gpxtpx:hr>
          </gpxtpx:TrackPointExtension>
        </extensions>
      </trkpt>
      <trkpt lat="22.60900473427513" lon="113.82822867010695">
        <ele>8.600000381469727</ele>
        <time>2026-05-10T00:39:47Z</time>
        <extensions>
          <gpxtpx:TrackPointExtension>
            <gpxtpx:hr>133</gpxtpx:hr>
          </gpxtpx:TrackPointExtension>
        </extensions>
      </trkpt>
      <trkpt lat="22.609020861915674" lon="113.82829785482446">
        <ele>8.600000381469727</ele>
        <time>2026-05-10T00:39:51Z</time>
        <extensions>
          <gpxtpx:TrackPointExtension>
            <gpxtpx:hr>133</gpxtpx:hr>
          </gpxtpx:TrackPointExtension>
        </extensions>
      </trkpt>
      <trkpt lat="22.60905000643938" lon="113.82837706560562">
        <ele>8.399999618530273</ele>
        <time>2026-05-10T00:39:55Z</time>
        <extensions>
          <gpxtpx:TrackPointExtension>
            <gpxtpx:hr>133</gpxtpx:hr>
          </gpxtpx:TrackPointExtension>
        </extensions>
      </trkpt>
      <trkpt lat="22.60907613066328" lon="113.82844524695237">
        <ele>8.600000381469727</ele>
        <time>2026-05-10T00:39:59Z</time>
        <extensions>
          <gpxtpx:TrackPointExtension>
            <gpxtpx:hr>136</gpxtpx:hr>
          </gpxtpx:TrackPointExtension>
        </extensions>
      </trkpt>
      <trkpt lat="22.609105278903055" lon="113.8285264630721">
        <ele>8.600000381469727</ele>
        <time>2026-05-10T00:40:03Z</time>
        <extensions>
          <gpxtpx:TrackPointExtension>
            <gpxtpx:hr>139</gpxtpx:hr>
          </gpxtpx:TrackPointExtension>
        </extensions>
      </trkpt>
      <trkpt lat="22.6091314143802" lon="113.82860066052453">
        <ele>8.600000381469727</ele>
        <time>2026-05-10T00:40:07Z</time>
        <extensions>
          <gpxtpx:TrackPointExtension>
            <gpxtpx:hr>140</gpxtpx:hr>
          </gpxtpx:TrackPointExtension>
        </extensions>
      </trkpt>
      <trkpt lat="22.609163548938124" lon="113.82867485757049">
        <ele>8.600000381469727</ele>
        <time>2026-05-10T00:40:11Z</time>
        <extensions>
          <gpxtpx:TrackPointExtension>
            <gpxtpx:hr>138</gpxtpx:hr>
          </gpxtpx:TrackPointExtension>
        </extensions>
      </trkpt>
      <trkpt lat="22.609196675792198" lon="113.82874504377017">
        <ele>8.800000190734863</ele>
        <time>2026-05-10T00:40:15Z</time>
        <extensions>
          <gpxtpx:TrackPointExtension>
            <gpxtpx:hr>135</gpxtpx:hr>
          </gpxtpx:TrackPointExtension>
        </extensions>
      </trkpt>
      <trkpt lat="22.609226803070722" lon="113.8288152301427">
        <ele>8.600000381469727</ele>
        <time>2026-05-10T00:40:19Z</time>
        <extensions>
          <gpxtpx:TrackPointExtension>
            <gpxtpx:hr>133</gpxtpx:hr>
          </gpxtpx:TrackPointExtension>
        </extensions>
      </trkpt>
      <trkpt lat="22.609252938449846" lon="113.82888942751012">
        <ele>8.399999618530273</ele>
        <time>2026-05-10T00:40:23Z</time>
        <extensions>
          <gpxtpx:TrackPointExtension>
            <gpxtpx:hr>133</gpxtpx:hr>
          </gpxtpx:TrackPointExtension>
        </extensions>
      </trkpt>
      <trkpt lat="22.609278072071053" lon="113.82896262222982">
        <ele>8.399999618530273</ele>
        <time>2026-05-10T00:40:27Z</time>
        <extensions>
          <gpxtpx:TrackPointExtension>
            <gpxtpx:hr>133</gpxtpx:hr>
          </gpxtpx:TrackPointExtension>
        </extensions>
      </trkpt>
      <trkpt lat="22.609302241554907" lon="113.82905486807982">
        <ele>8.399999618530273</ele>
        <time>2026-05-10T00:40:31Z</time>
        <extensions>
          <gpxtpx:TrackPointExtension>
            <gpxtpx:hr>133</gpxtpx:hr>
          </gpxtpx:TrackPointExtension>
        </extensions>
      </trkpt>
      <trkpt lat="22.609324352998986" lon="113.82911603067842">
        <ele>8.199999809265137</ele>
        <time>2026-05-10T00:40:35Z</time>
        <extensions>
          <gpxtpx:TrackPointExtension>
            <gpxtpx:hr>132</gpxtpx:hr>
          </gpxtpx:TrackPointExtension>
        </extensions>
      </trkpt>
      <trkpt lat="22.609345487138196" lon="113.82918922558432">
        <ele>8.399999618530273</ele>
        <time>2026-05-10T00:40:39Z</time>
        <extensions>
          <gpxtpx:TrackPointExtension>
            <gpxtpx:hr>127</gpxtpx:hr>
          </gpxtpx:TrackPointExtension>
        </extensions>
      </trkpt>
      <trkpt lat="22.609386631423273" lon="113.82926943799855">
        <ele>8.399999618530273</ele>
        <time>2026-05-10T00:40:43Z</time>
        <extensions>
          <gpxtpx:TrackPointExtension>
            <gpxtpx:hr>129</gpxtpx:hr>
          </gpxtpx:TrackPointExtension>
        </extensions>
      </trkpt>
      <trkpt lat="22.60942476860533" lon="113.82934563982658">
        <ele>8.399999618530273</ele>
        <time>2026-05-10T00:40:47Z</time>
        <extensions>
          <gpxtpx:TrackPointExtension>
            <gpxtpx:hr>129</gpxtpx:hr>
          </gpxtpx:TrackPointExtension>
        </extensions>
      </trkpt>
      <trkpt lat="22.6094628869652" lon="113.82941181475621">
        <ele>8.199999809265137</ele>
        <time>2026-05-10T00:40:51Z</time>
        <extensions>
          <gpxtpx:TrackPointExtension>
            <gpxtpx:hr>134</gpxtpx:hr>
          </gpxtpx:TrackPointExtension>
        </extensions>
      </trkpt>
      <trkpt lat="22.60948602257547" lon="113.82948601212388">
        <ele>8.199999809265137</ele>
        <time>2026-05-10T00:40:55Z</time>
        <extensions>
          <gpxtpx:TrackPointExtension>
            <gpxtpx:hr>134</gpxtpx:hr>
          </gpxtpx:TrackPointExtension>
        </extensions>
      </trkpt>
      <trkpt lat="22.60950716409204" lon="113.82956321765406">
        <ele>8.199999809265137</ele>
        <time>2026-05-10T00:40:59Z</time>
        <extensions>
          <gpxtpx:TrackPointExtension>
            <gpxtpx:hr>134</gpxtpx:hr>
          </gpxtpx:TrackPointExtension>
        </extensions>
      </trkpt>
      <trkpt lat="22.609536300625145" lon="113.82963841727049">
        <ele>8.199999809265137</ele>
        <time>2026-05-10T00:41:03Z</time>
        <extensions>
          <gpxtpx:TrackPointExtension>
            <gpxtpx:hr>136</gpxtpx:hr>
          </gpxtpx:TrackPointExtension>
        </extensions>
      </trkpt>
      <trkpt lat="22.609556447863103" lon="113.82971863086662">
        <ele>8.199999809265137</ele>
        <time>2026-05-10T00:41:07Z</time>
        <extensions>
          <gpxtpx:TrackPointExtension>
            <gpxtpx:hr>136</gpxtpx:hr>
          </gpxtpx:TrackPointExtension>
        </extensions>
      </trkpt>
      <trkpt lat="22.60957560460299" lon="113.82980385792281">
        <ele>8.199999809265137</ele>
        <time>2026-05-10T00:41:11Z</time>
        <extensions>
          <gpxtpx:TrackPointExtension>
            <gpxtpx:hr>136</gpxtpx:hr>
          </gpxtpx:TrackPointExtension>
        </extensions>
      </trkpt>
      <trkpt lat="22.609595751770726" lon="113.82988407145436">
        <ele>8.399999618530273</ele>
        <time>2026-05-10T00:41:15Z</time>
        <extensions>
          <gpxtpx:TrackPointExtension>
            <gpxtpx:hr>136</gpxtpx:hr>
          </gpxtpx:TrackPointExtension>
        </extensions>
      </trkpt>
      <trkpt lat="22.609616902506804" lon="113.82996629025891">
        <ele>8.600000381469727</ele>
        <time>2026-05-10T00:41:19Z</time>
        <extensions>
          <gpxtpx:TrackPointExtension>
            <gpxtpx:hr>136</gpxtpx:hr>
          </gpxtpx:TrackPointExtension>
        </extensions>
      </trkpt>
      <trkpt lat="22.609662075874873" lon="113.83006254506712">
        <ele>9.0</ele>
        <time>2026-05-10T00:41:23Z</time>
        <extensions>
          <gpxtpx:TrackPointExtension>
            <gpxtpx:hr>136</gpxtpx:hr>
          </gpxtpx:TrackPointExtension>
        </extensions>
      </trkpt>
      <trkpt lat="22.609720249117792" lon="113.83015980167742">
        <ele>9.199999809265137</ele>
        <time>2026-05-10T00:41:27Z</time>
        <extensions>
          <gpxtpx:TrackPointExtension>
            <gpxtpx:hr>141</gpxtpx:hr>
          </gpxtpx:TrackPointExtension>
        </extensions>
      </trkpt>
      <trkpt lat="22.609777429953034" lon="113.83026106903498">
        <ele>9.0</ele>
        <time>2026-05-10T00:41:31Z</time>
        <extensions>
          <gpxtpx:TrackPointExtension>
            <gpxtpx:hr>143</gpxtpx:hr>
          </gpxtpx:TrackPointExtension>
        </extensions>
      </trkpt>
      <trkpt lat="22.60983459948165" lon="113.83035632024327">
        <ele>8.600000381469727</ele>
        <time>2026-05-10T00:41:35Z</time>
        <extensions>
          <gpxtpx:TrackPointExtension>
            <gpxtpx:hr>142</gpxtpx:hr>
          </gpxtpx:TrackPointExtension>
        </extensions>
      </trkpt>
      <trkpt lat="22.609894631713278" lon="113.83037837540829">
        <ele>8.399999618530273</ele>
        <time>2026-05-10T00:41:39Z</time>
        <extensions>
          <gpxtpx:TrackPointExtension>
            <gpxtpx:hr>142</gpxtpx:hr>
          </gpxtpx:TrackPointExtension>
        </extensions>
      </trkpt>
      <trkpt lat="22.609936700369136" lon="113.83041848000612">
        <ele>8.199999809265137</ele>
        <time>2026-05-10T00:41:43Z</time>
        <extensions>
          <gpxtpx:TrackPointExtension>
            <gpxtpx:hr>141</gpxtpx:hr>
          </gpxtpx:TrackPointExtension>
        </extensions>
      </trkpt>
      <trkpt lat="22.609949876406088" lon="113.83051373395662">
        <ele>8.199999809265137</ele>
        <time>2026-05-10T00:41:47Z</time>
        <extensions>
          <gpxtpx:TrackPointExtension>
            <gpxtpx:hr>139</gpxtpx:hr>
          </gpxtpx:TrackPointExtension>
        </extensions>
      </trkpt>
      <trkpt lat="22.609966033212263" lon="113.8305989608529">
        <ele>8.199999809265137</ele>
        <time>2026-05-10T00:41:51Z</time>
        <extensions>
          <gpxtpx:TrackPointExtension>
            <gpxtpx:hr>140</gpxtpx:hr>
          </gpxtpx:TrackPointExtension>
        </extensions>
      </trkpt>
      <trkpt lat="22.609998153871206" lon="113.83066613842819">
        <ele>8.199999809265137</ele>
        <time>2026-05-10T00:41:55Z</time>
        <extensions>
          <gpxtpx:TrackPointExtension>
            <gpxtpx:hr>142</gpxtpx:hr>
          </gpxtpx:TrackPointExtension>
        </extensions>
      </trkpt>
      <trkpt lat="22.61004327067753" lon="113.83073231246365">
        <ele>8.199999809265137</ele>
        <time>2026-05-10T00:41:59Z</time>
        <extensions>
          <gpxtpx:TrackPointExtension>
            <gpxtpx:hr>142</gpxtpx:hr>
          </gpxtpx:TrackPointExtension>
        </extensions>
      </trkpt>
      <trkpt lat="22.610074428860806" lon="113.83081954365264">
        <ele>8.199999809265137</ele>
        <time>2026-05-10T00:42:03Z</time>
        <extensions>
          <gpxtpx:TrackPointExtension>
            <gpxtpx:hr>142</gpxtpx:hr>
          </gpxtpx:TrackPointExtension>
        </extensions>
      </trkpt>
      <trkpt lat="22.61009856185517" lon="113.83089273773406">
        <ele>8.600000381469727</ele>
        <time>2026-05-10T00:42:07Z</time>
        <extensions>
          <gpxtpx:TrackPointExtension>
            <gpxtpx:hr>142</gpxtpx:hr>
          </gpxtpx:TrackPointExtension>
        </extensions>
      </trkpt>
      <trkpt lat="22.610126696085437" lon="113.83096693420677">
        <ele>8.399999618530273</ele>
        <time>2026-05-10T00:42:11Z</time>
        <extensions>
          <gpxtpx:TrackPointExtension>
            <gpxtpx:hr>142</gpxtpx:hr>
          </gpxtpx:TrackPointExtension>
        </extensions>
      </trkpt>
      <trkpt lat="22.610153841651627" lon="113.83104714678302">
        <ele>8.600000381469727</ele>
        <time>2026-05-10T00:42:15Z</time>
        <extensions>
          <gpxtpx:TrackPointExtension>
            <gpxtpx:hr>142</gpxtpx:hr>
          </gpxtpx:TrackPointExtension>
        </extensions>
      </trkpt>
      <trkpt lat="22.610176974691278" lon="113.83112034083047">
        <ele>8.399999618530273</ele>
        <time>2026-05-10T00:42:19Z</time>
        <extensions>
          <gpxtpx:TrackPointExtension>
            <gpxtpx:hr>140</gpxtpx:hr>
          </gpxtpx:TrackPointExtension>
        </extensions>
      </trkpt>
      <trkpt lat="22.610197098802015" lon="113.83118852164938">
        <ele>8.399999618530273</ele>
        <time>2026-05-10T00:42:23Z</time>
        <extensions>
          <gpxtpx:TrackPointExtension>
            <gpxtpx:hr>140</gpxtpx:hr>
          </gpxtpx:TrackPointExtension>
        </extensions>
      </trkpt>
      <trkpt lat="22.610228234309066" lon="113.83126372047573">
        <ele>8.399999618530273</ele>
        <time>2026-05-10T00:42:27Z</time>
        <extensions>
          <gpxtpx:TrackPointExtension>
            <gpxtpx:hr>141</gpxtpx:hr>
          </gpxtpx:TrackPointExtension>
        </extensions>
      </trkpt>
      <trkpt lat="22.61025836806101" lon="113.83133791665468">
        <ele>8.399999618530273</ele>
        <time>2026-05-10T00:42:31Z</time>
        <extensions>
          <gpxtpx:TrackPointExtension>
            <gpxtpx:hr>140</gpxtpx:hr>
          </gpxtpx:TrackPointExtension>
        </extensions>
      </trkpt>
      <trkpt lat="22.610291505060207" lon="113.83141411795982">
        <ele>8.399999618530273</ele>
        <time>2026-05-10T00:42:35Z</time>
        <extensions>
          <gpxtpx:TrackPointExtension>
            <gpxtpx:hr>138</gpxtpx:hr>
          </gpxtpx:TrackPointExtension>
        </extensions>
      </trkpt>
      <trkpt lat="22.610328635816295" lon="113.83148731094438">
        <ele>8.399999618530273</ele>
        <time>2026-05-10T00:42:39Z</time>
        <extensions>
          <gpxtpx:TrackPointExtension>
            <gpxtpx:hr>138</gpxtpx:hr>
          </gpxtpx:TrackPointExtension>
        </extensions>
      </trkpt>
      <trkpt lat="22.610353787009892" lon="113.83157053141872">
        <ele>8.199999809265137</ele>
        <time>2026-05-10T00:42:43Z</time>
        <extensions>
          <gpxtpx:TrackPointExtension>
            <gpxtpx:hr>137</gpxtpx:hr>
          </gpxtpx:TrackPointExtension>
        </extensions>
      </trkpt>
      <trkpt lat="22.610382924491148" lon="113.83164673286824">
        <ele>8.399999618530273</ele>
        <time>2026-05-10T00:42:47Z</time>
        <extensions>
          <gpxtpx:TrackPointExtension>
            <gpxtpx:hr>135</gpxtpx:hr>
          </gpxtpx:TrackPointExtension>
        </extensions>
      </trkpt>
      <trkpt lat="22.610416063195462" lon="113.83172393669805">
        <ele>8.199999809265137</ele>
        <time>2026-05-10T00:42:51Z</time>
        <extensions>
          <gpxtpx:TrackPointExtension>
            <gpxtpx:hr>133</gpxtpx:hr>
          </gpxtpx:TrackPointExtension>
        </extensions>
      </trkpt>
      <trkpt lat="22.610444223127732" lon="113.83181217022178">
        <ele>8.199999809265137</ele>
        <time>2026-05-10T00:42:55Z</time>
        <extensions>
          <gpxtpx:TrackPointExtension>
            <gpxtpx:hr>136</gpxtpx:hr>
          </gpxtpx:TrackPointExtension>
        </extensions>
      </trkpt>
      <trkpt lat="22.610473377261755" lon="113.83189739561033">
        <ele>8.199999809265137</ele>
        <time>2026-05-10T00:42:59Z</time>
        <extensions>
          <gpxtpx:TrackPointExtension>
            <gpxtpx:hr>136</gpxtpx:hr>
          </gpxtpx:TrackPointExtension>
        </extensions>
      </trkpt>
      <trkpt lat="22.61050251643341" lon="113.83197459956895">
        <ele>8.0</ele>
        <time>2026-05-10T00:43:03Z</time>
        <extensions>
          <gpxtpx:TrackPointExtension>
            <gpxtpx:hr>134</gpxtpx:hr>
          </gpxtpx:TrackPointExtension>
        </extensions>
      </trkpt>
      <trkpt lat="22.610519672279178" lon="113.83205982563418">
        <ele>8.0</ele>
        <time>2026-05-10T00:43:07Z</time>
        <extensions>
          <gpxtpx:TrackPointExtension>
            <gpxtpx:hr>132</gpxtpx:hr>
          </gpxtpx:TrackPointExtension>
        </extensions>
      </trkpt>
      <trkpt lat="22.610540799528472" lon="113.8321300113195">
        <ele>8.0</ele>
        <time>2026-05-10T00:43:11Z</time>
        <extensions>
          <gpxtpx:TrackPointExtension>
            <gpxtpx:hr>133</gpxtpx:hr>
          </gpxtpx:TrackPointExtension>
        </extensions>
      </trkpt>
      <trkpt lat="22.61056993112251" lon="113.8322032044714">
        <ele>8.0</ele>
        <time>2026-05-10T00:43:15Z</time>
        <extensions>
          <gpxtpx:TrackPointExtension>
            <gpxtpx:hr>133</gpxtpx:hr>
          </gpxtpx:TrackPointExtension>
        </extensions>
      </trkpt>
      <trkpt lat="22.610600047631795" lon="113.83226837615678">
        <ele>8.0</ele>
        <time>2026-05-10T00:43:19Z</time>
        <extensions>
          <gpxtpx:TrackPointExtension>
            <gpxtpx:hr>134</gpxtpx:hr>
          </gpxtpx:TrackPointExtension>
        </extensions>
      </trkpt>
      <trkpt lat="22.610630186445512" lon="113.83234557985467">
        <ele>8.199999809265137</ele>
        <time>2026-05-10T00:43:23Z</time>
        <extensions>
          <gpxtpx:TrackPointExtension>
            <gpxtpx:hr>135</gpxtpx:hr>
          </gpxtpx:TrackPointExtension>
        </extensions>
      </trkpt>
      <trkpt lat="22.61066431716804" lon="113.83241877257562">
        <ele>8.0</ele>
        <time>2026-05-10T00:43:27Z</time>
        <extensions>
          <gpxtpx:TrackPointExtension>
            <gpxtpx:hr>135</gpxtpx:hr>
          </gpxtpx:TrackPointExtension>
        </extensions>
      </trkpt>
      <trkpt lat="22.61068747183332" lon="113.83250399799239">
        <ele>8.0</ele>
        <time>2026-05-10T00:43:31Z</time>
        <extensions>
          <gpxtpx:TrackPointExtension>
            <gpxtpx:hr>135</gpxtpx:hr>
          </gpxtpx:TrackPointExtension>
        </extensions>
      </trkpt>
      <trkpt lat="22.6107256130216" lon="113.83258320638468">
        <ele>8.199999809265137</ele>
        <time>2026-05-10T00:43:35Z</time>
        <extensions>
          <gpxtpx:TrackPointExtension>
            <gpxtpx:hr>136</gpxtpx:hr>
          </gpxtpx:TrackPointExtension>
        </extensions>
      </trkpt>
      <trkpt lat="22.610756770090543" lon="113.83267043652289">
        <ele>7.800000190734863</ele>
        <time>2026-05-10T00:43:39Z</time>
        <extensions>
          <gpxtpx:TrackPointExtension>
            <gpxtpx:hr>136</gpxtpx:hr>
          </gpxtpx:TrackPointExtension>
        </extensions>
      </trkpt>
      <trkpt lat="22.610787902943535" lon="113.83274463193177">
        <ele>7.599999904632568</ele>
        <time>2026-05-10T00:43:43Z</time>
        <extensions>
          <gpxtpx:TrackPointExtension>
            <gpxtpx:hr>136</gpxtpx:hr>
          </gpxtpx:TrackPointExtension>
        </extensions>
      </trkpt>
      <trkpt lat="22.610820035602558" lon="113.83281882723584">
        <ele>7.800000190734863</ele>
        <time>2026-05-10T00:43:47Z</time>
        <extensions>
          <gpxtpx:TrackPointExtension>
            <gpxtpx:hr>136</gpxtpx:hr>
          </gpxtpx:TrackPointExtension>
        </extensions>
      </trkpt>
      <trkpt lat="22.610852183075764" lon="113.83290104382773">
        <ele>8.0</ele>
        <time>2026-05-10T00:43:51Z</time>
        <extensions>
          <gpxtpx:TrackPointExtension>
            <gpxtpx:hr>136</gpxtpx:hr>
          </gpxtpx:TrackPointExtension>
        </extensions>
      </trkpt>
      <trkpt lat="22.610879325682482" lon="113.83298025269296">
        <ele>8.0</ele>
        <time>2026-05-10T00:43:55Z</time>
        <extensions>
          <gpxtpx:TrackPointExtension>
            <gpxtpx:hr>136</gpxtpx:hr>
          </gpxtpx:TrackPointExtension>
        </extensions>
      </trkpt>
      <trkpt lat="22.61090043017154" lon="113.83303840593129">
        <ele>7.800000190734863</ele>
        <time>2026-05-10T00:43:59Z</time>
        <extensions>
          <gpxtpx:TrackPointExtension>
            <gpxtpx:hr>136</gpxtpx:hr>
          </gpxtpx:TrackPointExtension>
        </extensions>
      </trkpt>
      <trkpt lat="22.610939546754864" lon="113.83310457930617">
        <ele>7.800000190734863</ele>
        <time>2026-05-10T00:44:03Z</time>
        <extensions>
          <gpxtpx:TrackPointExtension>
            <gpxtpx:hr>136</gpxtpx:hr>
          </gpxtpx:TrackPointExtension>
        </extensions>
      </trkpt>
      <trkpt lat="22.610963689687146" lon="113.83318378824052">
        <ele>7.800000190734863</ele>
        <time>2026-05-10T00:44:07Z</time>
        <extensions>
          <gpxtpx:TrackPointExtension>
            <gpxtpx:hr>136</gpxtpx:hr>
          </gpxtpx:TrackPointExtension>
        </extensions>
      </trkpt>
      <trkpt lat="22.610989808159793" lon="113.83324996237451">
        <ele>7.599999904632568</ele>
        <time>2026-05-10T00:44:11Z</time>
        <extensions>
          <gpxtpx:TrackPointExtension>
            <gpxtpx:hr>136</gpxtpx:hr>
          </gpxtpx:TrackPointExtension>
        </extensions>
      </trkpt>
      <trkpt lat="22.611022947782782" lon="113.83332816797939">
        <ele>7.599999904632568</ele>
        <time>2026-05-10T00:44:15Z</time>
        <extensions>
          <gpxtpx:TrackPointExtension>
            <gpxtpx:hr>136</gpxtpx:hr>
          </gpxtpx:TrackPointExtension>
        </extensions>
      </trkpt>
      <trkpt lat="22.611048083007606" lon="113.83340336606238">
        <ele>7.800000190734863</ele>
        <time>2026-05-10T00:44:19Z</time>
        <extensions>
          <gpxtpx:TrackPointExtension>
            <gpxtpx:hr>135</gpxtpx:hr>
          </gpxtpx:TrackPointExtension>
        </extensions>
      </trkpt>
      <trkpt lat="22.61107120922607" lon="113.83347355092069">
        <ele>7.800000190734863</ele>
        <time>2026-05-10T00:44:23Z</time>
        <extensions>
          <gpxtpx:TrackPointExtension>
            <gpxtpx:hr>136</gpxtpx:hr>
          </gpxtpx:TrackPointExtension>
        </extensions>
      </trkpt>
      <trkpt lat="22.611103324779933" lon="113.83353872185725">
        <ele>8.0</ele>
        <time>2026-05-10T00:44:27Z</time>
        <extensions>
          <gpxtpx:TrackPointExtension>
            <gpxtpx:hr>136</gpxtpx:hr>
          </gpxtpx:TrackPointExtension>
        </extensions>
      </trkpt>
      <trkpt lat="22.611137460361057" lon="113.83361492189707">
        <ele>8.0</ele>
        <time>2026-05-10T00:44:31Z</time>
        <extensions>
          <gpxtpx:TrackPointExtension>
            <gpxtpx:hr>136</gpxtpx:hr>
          </gpxtpx:TrackPointExtension>
        </extensions>
      </trkpt>
      <trkpt lat="22.611165596802543" lon="113.83369112227429">
        <ele>8.0</ele>
        <time>2026-05-10T00:44:35Z</time>
        <extensions>
          <gpxtpx:TrackPointExtension>
            <gpxtpx:hr>138</gpxtpx:hr>
          </gpxtpx:TrackPointExtension>
        </extensions>
      </trkpt>
      <trkpt lat="22.611201713479574" lon="113.83375729549857">
        <ele>8.0</ele>
        <time>2026-05-10T00:44:39Z</time>
        <extensions>
          <gpxtpx:TrackPointExtension>
            <gpxtpx:hr>139</gpxtpx:hr>
          </gpxtpx:TrackPointExtension>
        </extensions>
      </trkpt>
      <trkpt lat="22.61124384030636" lon="113.83382948425452">
        <ele>8.0</ele>
        <time>2026-05-10T00:44:43Z</time>
        <extensions>
          <gpxtpx:TrackPointExtension>
            <gpxtpx:hr>139</gpxtpx:hr>
          </gpxtpx:TrackPointExtension>
        </extensions>
      </trkpt>
      <trkpt lat="22.61127396705902" lon="113.83390067107828">
        <ele>8.0</ele>
        <time>2026-05-10T00:44:47Z</time>
        <extensions>
          <gpxtpx:TrackPointExtension>
            <gpxtpx:hr>139</gpxtpx:hr>
          </gpxtpx:TrackPointExtension>
        </extensions>
      </trkpt>
      <trkpt lat="22.611302114403635" lon="113.8339828872199">
        <ele>8.0</ele>
        <time>2026-05-10T00:44:51Z</time>
        <extensions>
          <gpxtpx:TrackPointExtension>
            <gpxtpx:hr>141</gpxtpx:hr>
          </gpxtpx:TrackPointExtension>
        </extensions>
      </trkpt>
      <trkpt lat="22.61133425553945" lon="113.83406209507793">
        <ele>8.0</ele>
        <time>2026-05-10T00:44:55Z</time>
        <extensions>
          <gpxtpx:TrackPointExtension>
            <gpxtpx:hr>143</gpxtpx:hr>
          </gpxtpx:TrackPointExtension>
        </extensions>
      </trkpt>
      <trkpt lat="22.611374369546596" lon="113.83412726518415">
        <ele>8.0</ele>
        <time>2026-05-10T00:44:59Z</time>
        <extensions>
          <gpxtpx:TrackPointExtension>
            <gpxtpx:hr>143</gpxtpx:hr>
          </gpxtpx:TrackPointExtension>
        </extensions>
      </trkpt>
      <trkpt lat="22.611408488119572" lon="113.83419444094982">
        <ele>8.0</ele>
        <time>2026-05-10T00:45:03Z</time>
        <extensions>
          <gpxtpx:TrackPointExtension>
            <gpxtpx:hr>143</gpxtpx:hr>
          </gpxtpx:TrackPointExtension>
        </extensions>
      </trkpt>
      <trkpt lat="22.6114376184871" lon="113.83426763292705">
        <ele>8.199999809265137</ele>
        <time>2026-05-10T00:45:07Z</time>
        <extensions>
          <gpxtpx:TrackPointExtension>
            <gpxtpx:hr>142</gpxtpx:hr>
          </gpxtpx:TrackPointExtension>
        </extensions>
      </trkpt>
      <trkpt lat="22.61147672698871" lon="113.83432979501875">
        <ele>7.599999904632568</ele>
        <time>2026-05-10T00:45:11Z</time>
        <extensions>
          <gpxtpx:TrackPointExtension>
            <gpxtpx:hr>141</gpxtpx:hr>
          </gpxtpx:TrackPointExtension>
        </extensions>
      </trkpt>
      <trkpt lat="22.611511826838502" lon="113.83438694406361">
        <ele>7.599999904632568</ele>
        <time>2026-05-10T00:45:15Z</time>
        <extensions>
          <gpxtpx:TrackPointExtension>
            <gpxtpx:hr>136</gpxtpx:hr>
          </gpxtpx:TrackPointExtension>
        </extensions>
      </trkpt>
      <trkpt lat="22.6115059808414" lon="113.8344701646933">
        <ele>7.599999904632568</ele>
        <time>2026-05-10T00:45:19Z</time>
        <extensions>
          <gpxtpx:TrackPointExtension>
            <gpxtpx:hr>136</gpxtpx:hr>
          </gpxtpx:TrackPointExtension>
        </extensions>
      </trkpt>
      <trkpt lat="22.61153110241826" lon="113.83453834348725">
        <ele>7.599999904632568</ele>
        <time>2026-05-10T00:45:23Z</time>
        <extensions>
          <gpxtpx:TrackPointExtension>
            <gpxtpx:hr>139</gpxtpx:hr>
          </gpxtpx:TrackPointExtension>
        </extensions>
      </trkpt>
      <trkpt lat="22.611568240555872" lon="113.83461654799002">
        <ele>7.599999904632568</ele>
        <time>2026-05-10T00:45:27Z</time>
        <extensions>
          <gpxtpx:TrackPointExtension>
            <gpxtpx:hr>139</gpxtpx:hr>
          </gpxtpx:TrackPointExtension>
        </extensions>
      </trkpt>
      <trkpt lat="22.61159440794021" lon="113.83470979290942">
        <ele>7.800000190734863</ele>
        <time>2026-05-10T00:45:31Z</time>
        <extensions>
          <gpxtpx:TrackPointExtension>
            <gpxtpx:hr>140</gpxtpx:hr>
          </gpxtpx:TrackPointExtension>
        </extensions>
      </trkpt>
      <trkpt lat="22.611604500345607" lon="113.83476092745956">
        <ele>8.0</ele>
        <time>2026-05-10T00:45:35Z</time>
        <extensions>
          <gpxtpx:TrackPointExtension>
            <gpxtpx:hr>140</gpxtpx:hr>
          </gpxtpx:TrackPointExtension>
        </extensions>
      </trkpt>
      <trkpt lat="22.611644628661484" lon="113.83483411836347">
        <ele>7.599999904632568</ele>
        <time>2026-05-10T00:45:39Z</time>
        <extensions>
          <gpxtpx:TrackPointExtension>
            <gpxtpx:hr>140</gpxtpx:hr>
          </gpxtpx:TrackPointExtension>
        </extensions>
      </trkpt>
      <trkpt lat="22.611661767787844" lon="113.83491132128904">
        <ele>7.800000190734863</ele>
        <time>2026-05-10T00:45:43Z</time>
        <extensions>
          <gpxtpx:TrackPointExtension>
            <gpxtpx:hr>140</gpxtpx:hr>
          </gpxtpx:TrackPointExtension>
        </extensions>
      </trkpt>
      <trkpt lat="22.611691904879553" lon="113.83498852332661">
        <ele>8.199999809265137</ele>
        <time>2026-05-10T00:45:47Z</time>
        <extensions>
          <gpxtpx:TrackPointExtension>
            <gpxtpx:hr>140</gpxtpx:hr>
          </gpxtpx:TrackPointExtension>
        </extensions>
      </trkpt>
      <trkpt lat="22.61171003087135" lon="113.8350587075433">
        <ele>8.199999809265137</ele>
        <time>2026-05-10T00:45:51Z</time>
        <extensions>
          <gpxtpx:TrackPointExtension>
            <gpxtpx:hr>141</gpxtpx:hr>
          </gpxtpx:TrackPointExtension>
        </extensions>
      </trkpt>
      <trkpt lat="22.61174314717976" lon="113.83512488016407">
        <ele>8.199999809265137</ele>
        <time>2026-05-10T00:45:55Z</time>
        <extensions>
          <gpxtpx:TrackPointExtension>
            <gpxtpx:hr>139</gpxtpx:hr>
          </gpxtpx:TrackPointExtension>
        </extensions>
      </trkpt>
      <trkpt lat="22.611785225323256" lon="113.83517099923378">
        <ele>8.0</ele>
        <time>2026-05-10T00:45:59Z</time>
        <extensions>
          <gpxtpx:TrackPointExtension>
            <gpxtpx:hr>139</gpxtpx:hr>
          </gpxtpx:TrackPointExtension>
        </extensions>
      </trkpt>
      <trkpt lat="22.61181532731927" lon="113.8352291508075">
        <ele>8.0</ele>
        <time>2026-05-10T00:46:03Z</time>
        <extensions>
          <gpxtpx:TrackPointExtension>
            <gpxtpx:hr>137</gpxtpx:hr>
          </gpxtpx:TrackPointExtension>
        </extensions>
      </trkpt>
      <trkpt lat="22.611850428519826" lon="113.83528730202879">
        <ele>8.199999809265137</ele>
        <time>2026-05-10T00:46:07Z</time>
        <extensions>
          <gpxtpx:TrackPointExtension>
            <gpxtpx:hr>136</gpxtpx:hr>
          </gpxtpx:TrackPointExtension>
        </extensions>
      </trkpt>
      <trkpt lat="22.6118835593661" lon="113.83536149566626">
        <ele>7.800000190734863</ele>
        <time>2026-05-10T00:46:11Z</time>
        <extensions>
          <gpxtpx:TrackPointExtension>
            <gpxtpx:hr>136</gpxtpx:hr>
          </gpxtpx:TrackPointExtension>
        </extensions>
      </trkpt>
      <trkpt lat="22.61190272899385" lon="113.83545574303042">
        <ele>7.800000190734863</ele>
        <time>2026-05-10T00:46:15Z</time>
        <extensions>
          <gpxtpx:TrackPointExtension>
            <gpxtpx:hr>135</gpxtpx:hr>
          </gpxtpx:TrackPointExtension>
        </extensions>
      </trkpt>
      <trkpt lat="22.611936857730846" lon="113.83552893384005">
        <ele>8.0</ele>
        <time>2026-05-10T00:46:19Z</time>
        <extensions>
          <gpxtpx:TrackPointExtension>
            <gpxtpx:hr>136</gpxtpx:hr>
          </gpxtpx:TrackPointExtension>
        </extensions>
      </trkpt>
      <trkpt lat="22.611970958910806" lon="113.83558708495745">
        <ele>8.199999809265137</ele>
        <time>2026-05-10T00:46:23Z</time>
        <extensions>
          <gpxtpx:TrackPointExtension>
            <gpxtpx:hr>136</gpxtpx:hr>
          </gpxtpx:TrackPointExtension>
        </extensions>
      </trkpt>
      <trkpt lat="22.61199107319137" lon="113.8356512527916">
        <ele>8.199999809265137</ele>
        <time>2026-05-10T00:46:27Z</time>
        <extensions>
          <gpxtpx:TrackPointExtension>
            <gpxtpx:hr>134</gpxtpx:hr>
          </gpxtpx:TrackPointExtension>
        </extensions>
      </trkpt>
      <trkpt lat="22.61202416162473" lon="113.83570238541228">
        <ele>8.199999809265137</ele>
        <time>2026-05-10T00:46:31Z</time>
        <extensions>
          <gpxtpx:TrackPointExtension>
            <gpxtpx:hr>133</gpxtpx:hr>
          </gpxtpx:TrackPointExtension>
        </extensions>
      </trkpt>
      <trkpt lat="22.612059317502663" lon="113.83579061559283">
        <ele>8.199999809265137</ele>
        <time>2026-05-10T00:46:35Z</time>
        <extensions>
          <gpxtpx:TrackPointExtension>
            <gpxtpx:hr>133</gpxtpx:hr>
          </gpxtpx:TrackPointExtension>
        </extensions>
      </trkpt>
      <trkpt lat="22.612108505945525" lon="113.8358978949542">
        <ele>8.0</ele>
        <time>2026-05-10T00:46:39Z</time>
        <extensions>
          <gpxtpx:TrackPointExtension>
            <gpxtpx:hr>130</gpxtpx:hr>
          </gpxtpx:TrackPointExtension>
        </extensions>
      </trkpt>
      <trkpt lat="22.61213467766008" lon="113.8359941466485">
        <ele>8.0</ele>
        <time>2026-05-10T00:46:43Z</time>
        <extensions>
          <gpxtpx:TrackPointExtension>
            <gpxtpx:hr>128</gpxtpx:hr>
          </gpxtpx:TrackPointExtension>
        </extensions>
      </trkpt>
      <trkpt lat="22.61216181438207" lon="113.8360713480668">
        <ele>8.0</ele>
        <time>2026-05-10T00:46:47Z</time>
        <extensions>
          <gpxtpx:TrackPointExtension>
            <gpxtpx:hr>128</gpxtpx:hr>
          </gpxtpx:TrackPointExtension>
        </extensions>
      </trkpt>
      <trkpt lat="22.612198920264348" lon="113.83613250658883">
        <ele>7.800000190734863</ele>
        <time>2026-05-10T00:46:51Z</time>
        <extensions>
          <gpxtpx:TrackPointExtension>
            <gpxtpx:hr>132</gpxtpx:hr>
          </gpxtpx:TrackPointExtension>
        </extensions>
      </trkpt>
      <trkpt lat="22.612243023208705" lon="113.83619266198751">
        <ele>7.800000190734863</ele>
        <time>2026-05-10T00:46:55Z</time>
        <extensions>
          <gpxtpx:TrackPointExtension>
            <gpxtpx:hr>134</gpxtpx:hr>
          </gpxtpx:TrackPointExtension>
        </extensions>
      </trkpt>
      <trkpt lat="22.612272137542913" lon="113.83625783148979">
        <ele>8.0</ele>
        <time>2026-05-10T00:46:59Z</time>
        <extensions>
          <gpxtpx:TrackPointExtension>
            <gpxtpx:hr>134</gpxtpx:hr>
          </gpxtpx:TrackPointExtension>
        </extensions>
      </trkpt>
      <trkpt lat="22.612313288344478" lon="113.83634405551825">
        <ele>7.800000190734863</ele>
        <time>2026-05-10T00:47:03Z</time>
        <extensions>
          <gpxtpx:TrackPointExtension>
            <gpxtpx:hr>136</gpxtpx:hr>
          </gpxtpx:TrackPointExtension>
        </extensions>
      </trkpt>
      <trkpt lat="22.612356400431334" lon="113.83640922402131">
        <ele>7.800000190734863</ele>
        <time>2026-05-10T00:47:07Z</time>
        <extensions>
          <gpxtpx:TrackPointExtension>
            <gpxtpx:hr>135</gpxtpx:hr>
          </gpxtpx:TrackPointExtension>
        </extensions>
      </trkpt>
      <trkpt lat="22.61240250288895" lon="113.83646937911911">
        <ele>7.800000190734863</ele>
        <time>2026-05-10T00:47:11Z</time>
        <extensions>
          <gpxtpx:TrackPointExtension>
            <gpxtpx:hr>135</gpxtpx:hr>
          </gpxtpx:TrackPointExtension>
        </extensions>
      </trkpt>
      <trkpt lat="22.612452595572893" lon="113.83652452075691">
        <ele>7.800000190734863</ele>
        <time>2026-05-10T00:47:15Z</time>
        <extensions>
          <gpxtpx:TrackPointExtension>
            <gpxtpx:hr>136</gpxtpx:hr>
          </gpxtpx:TrackPointExtension>
        </extensions>
      </trkpt>
      <trkpt lat="22.612493726069584" lon="113.83659971558865">
        <ele>7.800000190734863</ele>
        <time>2026-05-10T00:47:19Z</time>
        <extensions>
          <gpxtpx:TrackPointExtension>
            <gpxtpx:hr>136</gpxtpx:hr>
          </gpxtpx:TrackPointExtension>
        </extensions>
      </trkpt>
      <trkpt lat="22.612519867916294" lon="113.8366799244787">
        <ele>7.599999904632568</ele>
        <time>2026-05-10T00:47:23Z</time>
        <extensions>
          <gpxtpx:TrackPointExtension>
            <gpxtpx:hr>136</gpxtpx:hr>
          </gpxtpx:TrackPointExtension>
        </extensions>
      </trkpt>
      <trkpt lat="22.61254101046038" lon="113.83676013362012">
        <ele>7.599999904632568</ele>
        <time>2026-05-10T00:47:27Z</time>
        <extensions>
          <gpxtpx:TrackPointExtension>
            <gpxtpx:hr>136</gpxtpx:hr>
          </gpxtpx:TrackPointExtension>
        </extensions>
      </trkpt>
      <trkpt lat="22.61257112970539" lon="113.83682831055764">
        <ele>7.800000190734863</ele>
        <time>2026-05-10T00:47:31Z</time>
        <extensions>
          <gpxtpx:TrackPointExtension>
            <gpxtpx:hr>137</gpxtpx:hr>
          </gpxtpx:TrackPointExtension>
        </extensions>
      </trkpt>
      <trkpt lat="22.612591252253264" lon="113.83689749071446">
        <ele>7.400000095367432</ele>
        <time>2026-05-10T00:47:35Z</time>
        <extensions>
          <gpxtpx:TrackPointExtension>
            <gpxtpx:hr>136</gpxtpx:hr>
          </gpxtpx:TrackPointExtension>
        </extensions>
      </trkpt>
      <trkpt lat="22.61261340900854" lon="113.83698572062865">
        <ele>7.400000095367432</ele>
        <time>2026-05-10T00:47:39Z</time>
        <extensions>
          <gpxtpx:TrackPointExtension>
            <gpxtpx:hr>136</gpxtpx:hr>
          </gpxtpx:TrackPointExtension>
        </extensions>
      </trkpt>
      <trkpt lat="22.612641535665336" lon="113.83705790803634">
        <ele>7.599999904632568</ele>
        <time>2026-05-10T00:47:43Z</time>
        <extensions>
          <gpxtpx:TrackPointExtension>
            <gpxtpx:hr>136</gpxtpx:hr>
          </gpxtpx:TrackPointExtension>
        </extensions>
      </trkpt>
      <trkpt lat="22.612679646188468" lon="113.83712207373307">
        <ele>7.599999904632568</ele>
        <time>2026-05-10T00:47:47Z</time>
        <extensions>
          <gpxtpx:TrackPointExtension>
            <gpxtpx:hr>133</gpxtpx:hr>
          </gpxtpx:TrackPointExtension>
        </extensions>
      </trkpt>
      <trkpt lat="22.612703795151234" lon="113.83720629279792">
        <ele>7.400000095367432</ele>
        <time>2026-05-10T00:47:51Z</time>
        <extensions>
          <gpxtpx:TrackPointExtension>
            <gpxtpx:hr>134</gpxtpx:hr>
          </gpxtpx:TrackPointExtension>
        </extensions>
      </trkpt>
      <trkpt lat="22.612730930863425" lon="113.8372834932177">
        <ele>7.599999904632568</ele>
        <time>2026-05-10T00:47:55Z</time>
        <extensions>
          <gpxtpx:TrackPointExtension>
            <gpxtpx:hr>136</gpxtpx:hr>
          </gpxtpx:TrackPointExtension>
        </extensions>
      </trkpt>
      <trkpt lat="22.61277900338089" lon="113.83732760562745">
        <ele>7.599999904632568</ele>
        <time>2026-05-10T00:47:59Z</time>
        <extensions>
          <gpxtpx:TrackPointExtension>
            <gpxtpx:hr>136</gpxtpx:hr>
          </gpxtpx:TrackPointExtension>
        </extensions>
      </trkpt>
      <trkpt lat="22.612834038497628" lon="113.83735166508717">
        <ele>7.599999904632568</ele>
        <time>2026-05-10T00:48:03Z</time>
        <extensions>
          <gpxtpx:TrackPointExtension>
            <gpxtpx:hr>137</gpxtpx:hr>
          </gpxtpx:TrackPointExtension>
        </extensions>
      </trkpt>
      <trkpt lat="22.612900035613304" lon="113.83735567135695">
        <ele>7.599999904632568</ele>
        <time>2026-05-10T00:48:07Z</time>
        <extensions>
          <gpxtpx:TrackPointExtension>
            <gpxtpx:hr>138</gpxtpx:hr>
          </gpxtpx:TrackPointExtension>
        </extensions>
      </trkpt>
      <trkpt lat="22.61296096269703" lon="113.8373205756013">
        <ele>7.599999904632568</ele>
        <time>2026-05-10T00:48:11Z</time>
        <extensions>
          <gpxtpx:TrackPointExtension>
            <gpxtpx:hr>137</gpxtpx:hr>
          </gpxtpx:TrackPointExtension>
        </extensions>
      </trkpt>
      <trkpt lat="22.613021878866995" lon="113.83727946408234">
        <ele>7.800000190734863</ele>
        <time>2026-05-10T00:48:15Z</time>
        <extensions>
          <gpxtpx:TrackPointExtension>
            <gpxtpx:hr>136</gpxtpx:hr>
          </gpxtpx:TrackPointExtension>
        </extensions>
      </trkpt>
      <trkpt lat="22.613077797599885" lon="113.83723935548991">
        <ele>7.800000190734863</ele>
        <time>2026-05-10T00:48:19Z</time>
        <extensions>
          <gpxtpx:TrackPointExtension>
            <gpxtpx:hr>136</gpxtpx:hr>
          </gpxtpx:TrackPointExtension>
        </extensions>
      </trkpt>
      <trkpt lat="22.61314869219758" lon="113.83718721440803">
        <ele>7.800000190734863</ele>
        <time>2026-05-10T00:48:23Z</time>
        <extensions>
          <gpxtpx:TrackPointExtension>
            <gpxtpx:hr>133</gpxtpx:hr>
          </gpxtpx:TrackPointExtension>
        </extensions>
      </trkpt>
      <trkpt lat="22.613213624032568" lon="113.83715512620864">
        <ele>7.800000190734863</ele>
        <time>2026-05-10T00:48:27Z</time>
        <extensions>
          <gpxtpx:TrackPointExtension>
            <gpxtpx:hr>133</gpxtpx:hr>
          </gpxtpx:TrackPointExtension>
        </extensions>
      </trkpt>
      <trkpt lat="22.61328755446299" lon="113.83712303742134">
        <ele>7.800000190734863</ele>
        <time>2026-05-10T00:48:31Z</time>
        <extensions>
          <gpxtpx:TrackPointExtension>
            <gpxtpx:hr>133</gpxtpx:hr>
          </gpxtpx:TrackPointExtension>
        </extensions>
      </trkpt>
      <trkpt lat="22.613357483674587" lon="113.83708994625165">
        <ele>7.800000190734863</ele>
        <time>2026-05-10T00:48:35Z</time>
        <extensions>
          <gpxtpx:TrackPointExtension>
            <gpxtpx:hr>135</gpxtpx:hr>
          </gpxtpx:TrackPointExtension>
        </extensions>
      </trkpt>
      <trkpt lat="22.613418425167932" lon="113.83706287141048">
        <ele>7.800000190734863</ele>
        <time>2026-05-10T00:48:39Z</time>
        <extensions>
          <gpxtpx:TrackPointExtension>
            <gpxtpx:hr>136</gpxtpx:hr>
          </gpxtpx:TrackPointExtension>
        </extensions>
      </trkpt>
      <trkpt lat="22.613473378487033" lon="113.83704181271113">
        <ele>7.800000190734863</ele>
        <time>2026-05-10T00:48:43Z</time>
        <extensions>
          <gpxtpx:TrackPointExtension>
            <gpxtpx:hr>133</gpxtpx:hr>
          </gpxtpx:TrackPointExtension>
        </extensions>
      </trkpt>
      <trkpt lat="22.61354731431058" lon="113.83701273176706">
        <ele>7.800000190734863</ele>
        <time>2026-05-10T00:48:47Z</time>
        <extensions>
          <gpxtpx:TrackPointExtension>
            <gpxtpx:hr>133</gpxtpx:hr>
          </gpxtpx:TrackPointExtension>
        </extensions>
      </trkpt>
      <trkpt lat="22.613637260377786" lon="113.83699066818617">
        <ele>7.800000190734863</ele>
        <time>2026-05-10T00:48:51Z</time>
        <extensions>
          <gpxtpx:TrackPointExtension>
            <gpxtpx:hr>132</gpxtpx:hr>
          </gpxtpx:TrackPointExtension>
        </extensions>
      </trkpt>
      <trkpt lat="22.613721207358314" lon="113.83696860498414">
        <ele>8.0</ele>
        <time>2026-05-10T00:48:55Z</time>
        <extensions>
          <gpxtpx:TrackPointExtension>
            <gpxtpx:hr>131</gpxtpx:hr>
          </gpxtpx:TrackPointExtension>
        </extensions>
      </trkpt>
      <trkpt lat="22.613785146504238" lon="113.83694052728563">
        <ele>8.0</ele>
        <time>2026-05-10T00:48:59Z</time>
        <extensions>
          <gpxtpx:TrackPointExtension>
            <gpxtpx:hr>132</gpxtpx:hr>
          </gpxtpx:TrackPointExtension>
        </extensions>
      </trkpt>
      <trkpt lat="22.613861083777348" lon="113.83691244880983">
        <ele>8.0</ele>
        <time>2026-05-10T00:49:03Z</time>
        <extensions>
          <gpxtpx:TrackPointExtension>
            <gpxtpx:hr>133</gpxtpx:hr>
          </gpxtpx:TrackPointExtension>
        </extensions>
      </trkpt>
      <trkpt lat="22.613939022544987" lon="113.83688537282656">
        <ele>7.800000190734863</ele>
        <time>2026-05-10T00:49:07Z</time>
        <extensions>
          <gpxtpx:TrackPointExtension>
            <gpxtpx:hr>133</gpxtpx:hr>
          </gpxtpx:TrackPointExtension>
        </extensions>
      </trkpt>
      <trkpt lat="22.614014957966337" lon="113.83685629170408">
        <ele>7.800000190734863</ele>
        <time>2026-05-10T00:49:11Z</time>
        <extensions>
          <gpxtpx:TrackPointExtension>
            <gpxtpx:hr>133</gpxtpx:hr>
          </gpxtpx:TrackPointExtension>
        </extensions>
      </trkpt>
      <trkpt lat="22.614085912355907" lon="113.83683723719152">
        <ele>7.800000190734863</ele>
        <time>2026-05-10T00:49:15Z</time>
        <extensions>
          <gpxtpx:TrackPointExtension>
            <gpxtpx:hr>134</gpxtpx:hr>
          </gpxtpx:TrackPointExtension>
        </extensions>
      </trkpt>
      <trkpt lat="22.614156859451317" lon="113.83681417215466">
        <ele>7.800000190734863</ele>
        <time>2026-05-10T00:49:19Z</time>
        <extensions>
          <gpxtpx:TrackPointExtension>
            <gpxtpx:hr>136</gpxtpx:hr>
          </gpxtpx:TrackPointExtension>
        </extensions>
      </trkpt>
      <trkpt lat="22.61422878998746" lon="113.83678208337442">
        <ele>7.800000190734863</ele>
        <time>2026-05-10T00:49:23Z</time>
        <extensions>
          <gpxtpx:TrackPointExtension>
            <gpxtpx:hr>138</gpxtpx:hr>
          </gpxtpx:TrackPointExtension>
        </extensions>
      </trkpt>
      <trkpt lat="22.614295728570383" lon="113.83675400542629">
        <ele>7.800000190734863</ele>
        <time>2026-05-10T00:49:27Z</time>
        <extensions>
          <gpxtpx:TrackPointExtension>
            <gpxtpx:hr>140</gpxtpx:hr>
          </gpxtpx:TrackPointExtension>
        </extensions>
      </trkpt>
      <trkpt lat="22.614357660629153" lon="113.83672191726555">
        <ele>7.800000190734863</ele>
        <time>2026-05-10T00:49:31Z</time>
        <extensions>
          <gpxtpx:TrackPointExtension>
            <gpxtpx:hr>142</gpxtpx:hr>
          </gpxtpx:TrackPointExtension>
        </extensions>
      </trkpt>
      <trkpt lat="22.614421572314335" lon="113.8366788000191">
        <ele>8.0</ele>
        <time>2026-05-10T00:49:35Z</time>
        <extensions>
          <gpxtpx:TrackPointExtension>
            <gpxtpx:hr>143</gpxtpx:hr>
          </gpxtpx:TrackPointExtension>
        </extensions>
      </trkpt>
      <trkpt lat="22.61447251516451" lon="113.83665172569629">
        <ele>8.0</ele>
        <time>2026-05-10T00:49:39Z</time>
        <extensions>
          <gpxtpx:TrackPointExtension>
            <gpxtpx:hr>142</gpxtpx:hr>
          </gpxtpx:TrackPointExtension>
        </extensions>
      </trkpt>
      <trkpt lat="22.614545441815004" lon="113.83661763153111">
        <ele>7.599999904632568</ele>
        <time>2026-05-10T00:49:43Z</time>
        <extensions>
          <gpxtpx:TrackPointExtension>
            <gpxtpx:hr>143</gpxtpx:hr>
          </gpxtpx:TrackPointExtension>
        </extensions>
      </trkpt>
      <trkpt lat="22.614620369958345" lon="113.83658453985788">
        <ele>7.599999904632568</ele>
        <time>2026-05-10T00:49:47Z</time>
        <extensions>
          <gpxtpx:TrackPointExtension>
            <gpxtpx:hr>145</gpxtpx:hr>
          </gpxtpx:TrackPointExtension>
        </extensions>
      </trkpt>
      <trkpt lat="22.6146953053784" lon="113.83655545870452">
        <ele>7.599999904632568</ele>
        <time>2026-05-10T00:49:51Z</time>
        <extensions>
          <gpxtpx:TrackPointExtension>
            <gpxtpx:hr>145</gpxtpx:hr>
          </gpxtpx:TrackPointExtension>
        </extensions>
      </trkpt>
      <trkpt lat="22.614760235046784" lon="113.83652236764983">
        <ele>7.599999904632568</ele>
        <time>2026-05-10T00:49:55Z</time>
        <extensions>
          <gpxtpx:TrackPointExtension>
            <gpxtpx:hr>146</gpxtpx:hr>
          </gpxtpx:TrackPointExtension>
        </extensions>
      </trkpt>
      <trkpt lat="22.61483115828813" lon="113.8364862682983">
        <ele>7.400000095367432</ele>
        <time>2026-05-10T00:49:59Z</time>
        <extensions>
          <gpxtpx:TrackPointExtension>
            <gpxtpx:hr>147</gpxtpx:hr>
          </gpxtpx:TrackPointExtension>
        </extensions>
      </trkpt>
      <trkpt lat="22.614901094439798" lon="113.83645718743472">
        <ele>7.400000095367432</ele>
        <time>2026-05-10T00:50:03Z</time>
        <extensions>
          <gpxtpx:TrackPointExtension>
            <gpxtpx:hr>147</gpxtpx:hr>
          </gpxtpx:TrackPointExtension>
        </extensions>
      </trkpt>
      <trkpt lat="22.614968021919793" lon="113.83642309358302">
        <ele>7.199999809265137</ele>
        <time>2026-05-10T00:50:07Z</time>
        <extensions>
          <gpxtpx:TrackPointExtension>
            <gpxtpx:hr>145</gpxtpx:hr>
          </gpxtpx:TrackPointExtension>
        </extensions>
      </trkpt>
      <trkpt lat="22.615043957102028" lon="113.83639401231557">
        <ele>7.199999809265137</ele>
        <time>2026-05-10T00:50:11Z</time>
        <extensions>
          <gpxtpx:TrackPointExtension>
            <gpxtpx:hr>147</gpxtpx:hr>
          </gpxtpx:TrackPointExtension>
        </extensions>
      </trkpt>
      <trkpt lat="22.615121895606862" lon="113.83636693618082">
        <ele>7.400000095367432</ele>
        <time>2026-05-10T00:50:15Z</time>
        <extensions>
          <gpxtpx:TrackPointExtension>
            <gpxtpx:hr>147</gpxtpx:hr>
          </gpxtpx:TrackPointExtension>
        </extensions>
      </trkpt>
      <trkpt lat="22.61519882329675" lon="113.83633384429123">
        <ele>7.400000095367432</ele>
        <time>2026-05-10T00:50:19Z</time>
        <extensions>
          <gpxtpx:TrackPointExtension>
            <gpxtpx:hr>146</gpxtpx:hr>
          </gpxtpx:TrackPointExtension>
        </extensions>
      </trkpt>
      <trkpt lat="22.61526475999724" lon="113.83630476363699">
        <ele>7.400000095367432</ele>
        <time>2026-05-10T00:50:23Z</time>
        <extensions>
          <gpxtpx:TrackPointExtension>
            <gpxtpx:hr>143</gpxtpx:hr>
          </gpxtpx:TrackPointExtension>
        </extensions>
      </trkpt>
      <trkpt lat="22.615326695483933" lon="113.83627468059431">
        <ele>7.400000095367432</ele>
        <time>2026-05-10T00:50:27Z</time>
        <extensions>
          <gpxtpx:TrackPointExtension>
            <gpxtpx:hr>141</gpxtpx:hr>
          </gpxtpx:TrackPointExtension>
        </extensions>
      </trkpt>
      <trkpt lat="22.61539061785347" lon="113.83623757896066">
        <ele>7.400000095367432</ele>
        <time>2026-05-10T00:50:31Z</time>
        <extensions>
          <gpxtpx:TrackPointExtension>
            <gpxtpx:hr>142</gpxtpx:hr>
          </gpxtpx:TrackPointExtension>
        </extensions>
      </trkpt>
      <trkpt lat="22.61545554918415" lon="113.83620549043157">
        <ele>7.400000095367432</ele>
        <time>2026-05-10T00:50:35Z</time>
        <extensions>
          <gpxtpx:TrackPointExtension>
            <gpxtpx:hr>145</gpxtpx:hr>
          </gpxtpx:TrackPointExtension>
        </extensions>
      </trkpt>
      <trkpt lat="22.615517473658937" lon="113.83616939153627">
        <ele>7.400000095367432</ele>
        <time>2026-05-10T00:50:39Z</time>
        <extensions>
          <gpxtpx:TrackPointExtension>
            <gpxtpx:hr>145</gpxtpx:hr>
          </gpxtpx:TrackPointExtension>
        </extensions>
      </trkpt>
      <trkpt lat="22.615585406313922" lon="113.83613830542953">
        <ele>7.400000095367432</ele>
        <time>2026-05-10T00:50:43Z</time>
        <extensions>
          <gpxtpx:TrackPointExtension>
            <gpxtpx:hr>143</gpxtpx:hr>
          </gpxtpx:TrackPointExtension>
        </extensions>
      </trkpt>
      <trkpt lat="22.615654342453023" lon="113.83610922452385">
        <ele>7.199999809265137</ele>
        <time>2026-05-10T00:50:47Z</time>
        <extensions>
          <gpxtpx:TrackPointExtension>
            <gpxtpx:hr>138</gpxtpx:hr>
          </gpxtpx:TrackPointExtension>
        </extensions>
      </trkpt>
      <trkpt lat="22.61572026990571" lon="113.8360751306122">
        <ele>7.199999809265137</ele>
        <time>2026-05-10T00:50:51Z</time>
        <extensions>
          <gpxtpx:TrackPointExtension>
            <gpxtpx:hr>137</gpxtpx:hr>
          </gpxtpx:TrackPointExtension>
        </extensions>
      </trkpt>
      <trkpt lat="22.615778198599788" lon="113.83604103720116">
        <ele>7.199999809265137</ele>
        <time>2026-05-10T00:50:55Z</time>
        <extensions>
          <gpxtpx:TrackPointExtension>
            <gpxtpx:hr>139</gpxtpx:hr>
          </gpxtpx:TrackPointExtension>
        </extensions>
      </trkpt>
      <trkpt lat="22.615848147341893" lon="113.83601897467196">
        <ele>7.199999809265137</ele>
        <time>2026-05-10T00:50:59Z</time>
        <extensions>
          <gpxtpx:TrackPointExtension>
            <gpxtpx:hr>139</gpxtpx:hr>
          </gpxtpx:TrackPointExtension>
        </extensions>
      </trkpt>
      <trkpt lat="22.615916089069714" lon="113.83599290171094">
        <ele>7.199999809265137</ele>
        <time>2026-05-10T00:51:03Z</time>
        <extensions>
          <gpxtpx:TrackPointExtension>
            <gpxtpx:hr>138</gpxtpx:hr>
          </gpxtpx:TrackPointExtension>
        </extensions>
      </trkpt>
      <trkpt lat="22.61598003141524" lon="113.83596682899925">
        <ele>7.199999809265137</ele>
        <time>2026-05-10T00:51:07Z</time>
        <extensions>
          <gpxtpx:TrackPointExtension>
            <gpxtpx:hr>136</gpxtpx:hr>
          </gpxtpx:TrackPointExtension>
        </extensions>
      </trkpt>
      <trkpt lat="22.616059980376875" lon="113.83594576845177">
        <ele>7.199999809265137</ele>
        <time>2026-05-10T00:51:11Z</time>
        <extensions>
          <gpxtpx:TrackPointExtension>
            <gpxtpx:hr>136</gpxtpx:hr>
          </gpxtpx:TrackPointExtension>
        </extensions>
      </trkpt>
      <trkpt lat="22.6161259187225" lon="113.83591769032033">
        <ele>7.199999809265137</ele>
        <time>2026-05-10T00:51:15Z</time>
        <extensions>
          <gpxtpx:TrackPointExtension>
            <gpxtpx:hr>137</gpxtpx:hr>
          </gpxtpx:TrackPointExtension>
        </extensions>
      </trkpt>
      <trkpt lat="22.616204847680375" lon="113.83588560078861">
        <ele>7.0</ele>
        <time>2026-05-10T00:51:19Z</time>
        <extensions>
          <gpxtpx:TrackPointExtension>
            <gpxtpx:hr>137</gpxtpx:hr>
          </gpxtpx:TrackPointExtension>
        </extensions>
      </trkpt>
      <trkpt lat="22.616273770875534" lon="113.83584950132641">
        <ele>7.199999809265137</ele>
        <time>2026-05-10T00:51:23Z</time>
        <extensions>
          <gpxtpx:TrackPointExtension>
            <gpxtpx:hr>139</gpxtpx:hr>
          </gpxtpx:TrackPointExtension>
        </extensions>
      </trkpt>
      <trkpt lat="22.61634670990191" lon="113.83582242535952">
        <ele>7.400000095367432</ele>
        <time>2026-05-10T00:51:27Z</time>
        <extensions>
          <gpxtpx:TrackPointExtension>
            <gpxtpx:hr>139</gpxtpx:hr>
          </gpxtpx:TrackPointExtension>
        </extensions>
      </trkpt>
      <trkpt lat="22.61641165201081" lon="113.83579635253858">
        <ele>7.400000095367432</ele>
        <time>2026-05-10T00:51:31Z</time>
        <extensions>
          <gpxtpx:TrackPointExtension>
            <gpxtpx:hr>138</gpxtpx:hr>
          </gpxtpx:TrackPointExtension>
        </extensions>
      </trkpt>
      <trkpt lat="22.616472576421714" lon="113.8357602535565">
        <ele>7.400000095367432</ele>
        <time>2026-05-10T00:51:35Z</time>
        <extensions>
          <gpxtpx:TrackPointExtension>
            <gpxtpx:hr>140</gpxtpx:hr>
          </gpxtpx:TrackPointExtension>
        </extensions>
      </trkpt>
      <trkpt lat="22.616533495318237" lon="113.83572114663691">
        <ele>7.400000095367432</ele>
        <time>2026-05-10T00:51:39Z</time>
        <extensions>
          <gpxtpx:TrackPointExtension>
            <gpxtpx:hr>143</gpxtpx:hr>
          </gpxtpx:TrackPointExtension>
        </extensions>
      </trkpt>
      <trkpt lat="22.616606443449516" lon="113.83569908384382">
        <ele>7.599999904632568</ele>
        <time>2026-05-10T00:51:43Z</time>
        <extensions>
          <gpxtpx:TrackPointExtension>
            <gpxtpx:hr>140</gpxtpx:hr>
          </gpxtpx:TrackPointExtension>
        </extensions>
      </trkpt>
      <trkpt lat="22.61667036000419" lon="113.835658974066">
        <ele>7.599999904632568</ele>
        <time>2026-05-10T00:51:47Z</time>
        <extensions>
          <gpxtpx:TrackPointExtension>
            <gpxtpx:hr>138</gpxtpx:hr>
          </gpxtpx:TrackPointExtension>
        </extensions>
      </trkpt>
      <trkpt lat="22.6167332840297" lon="113.8356228749063">
        <ele>7.599999904632568</ele>
        <time>2026-05-10T00:51:51Z</time>
        <extensions>
          <gpxtpx:TrackPointExtension>
            <gpxtpx:hr>137</gpxtpx:hr>
          </gpxtpx:TrackPointExtension>
        </extensions>
      </trkpt>
      <trkpt lat="22.61679822422271" lon="113.83559579939063">
        <ele>7.599999904632568</ele>
        <time>2026-05-10T00:51:55Z</time>
        <extensions>
          <gpxtpx:TrackPointExtension>
            <gpxtpx:hr>135</gpxtpx:hr>
          </gpxtpx:TrackPointExtension>
        </extensions>
      </trkpt>
      <trkpt lat="22.616869181789" lon="113.83557874991283">
        <ele>7.599999904632568</ele>
        <time>2026-05-10T00:51:59Z</time>
        <extensions>
          <gpxtpx:TrackPointExtension>
            <gpxtpx:hr>133</gpxtpx:hr>
          </gpxtpx:TrackPointExtension>
        </extensions>
      </trkpt>
      <trkpt lat="22.61694110984416" lon="113.83554565807748">
        <ele>7.599999904632568</ele>
        <time>2026-05-10T00:52:03Z</time>
        <extensions>
          <gpxtpx:TrackPointExtension>
            <gpxtpx:hr>129</gpxtpx:hr>
          </gpxtpx:TrackPointExtension>
        </extensions>
      </trkpt>
      <trkpt lat="22.61702503597608" lon="113.83551256546234">
        <ele>7.400000095367432</ele>
        <time>2026-05-10T00:52:07Z</time>
        <extensions>
          <gpxtpx:TrackPointExtension>
            <gpxtpx:hr>131</gpxtpx:hr>
          </gpxtpx:TrackPointExtension>
        </extensions>
      </trkpt>
      <trkpt lat="22.61709397731545" lon="113.83548649230465">
        <ele>7.400000095367432</ele>
        <time>2026-05-10T00:52:11Z</time>
        <extensions>
          <gpxtpx:TrackPointExtension>
            <gpxtpx:hr>133</gpxtpx:hr>
          </gpxtpx:TrackPointExtension>
        </extensions>
      </trkpt>
      <trkpt lat="22.61716191146185" lon="113.83545640862799">
        <ele>7.800000190734863</ele>
        <time>2026-05-10T00:52:15Z</time>
        <extensions>
          <gpxtpx:TrackPointExtension>
            <gpxtpx:hr>133</gpxtpx:hr>
          </gpxtpx:TrackPointExtension>
        </extensions>
      </trkpt>
      <trkpt lat="22.617221843196216" lon="113.83542432016633">
        <ele>8.0</ele>
        <time>2026-05-10T00:52:19Z</time>
        <extensions>
          <gpxtpx:TrackPointExtension>
            <gpxtpx:hr>132</gpxtpx:hr>
          </gpxtpx:TrackPointExtension>
        </extensions>
      </trkpt>
      <trkpt lat="22.617288779308513" lon="113.8353952391802">
        <ele>8.199999809265137</ele>
        <time>2026-05-10T00:52:23Z</time>
        <extensions>
          <gpxtpx:TrackPointExtension>
            <gpxtpx:hr>134</gpxtpx:hr>
          </gpxtpx:TrackPointExtension>
        </extensions>
      </trkpt>
      <trkpt lat="22.617355719078667" lon="113.83536816347579">
        <ele>8.0</ele>
        <time>2026-05-10T00:52:27Z</time>
        <extensions>
          <gpxtpx:TrackPointExtension>
            <gpxtpx:hr>136</gpxtpx:hr>
          </gpxtpx:TrackPointExtension>
        </extensions>
      </trkpt>
      <trkpt lat="22.61742465300947" lon="113.83533807970036">
        <ele>8.199999809265137</ele>
        <time>2026-05-10T00:52:31Z</time>
        <extensions>
          <gpxtpx:TrackPointExtension>
            <gpxtpx:hr>136</gpxtpx:hr>
          </gpxtpx:TrackPointExtension>
        </extensions>
      </trkpt>
      <trkpt lat="22.61748258867944" lon="113.83530799662113">
        <ele>8.399999618530273</ele>
        <time>2026-05-10T00:52:35Z</time>
        <extensions>
          <gpxtpx:TrackPointExtension>
            <gpxtpx:hr>135</gpxtpx:hr>
          </gpxtpx:TrackPointExtension>
        </extensions>
      </trkpt>
      <trkpt lat="22.617554518430346" lon="113.83527590734421">
        <ele>8.199999809265137</ele>
        <time>2026-05-10T00:52:39Z</time>
        <extensions>
          <gpxtpx:TrackPointExtension>
            <gpxtpx:hr>136</gpxtpx:hr>
          </gpxtpx:TrackPointExtension>
        </extensions>
      </trkpt>
      <trkpt lat="22.61762043442674" lon="113.83523579727228">
        <ele>8.399999618530273</ele>
        <time>2026-05-10T00:52:43Z</time>
        <extensions>
          <gpxtpx:TrackPointExtension>
            <gpxtpx:hr>140</gpxtpx:hr>
          </gpxtpx:TrackPointExtension>
        </extensions>
      </trkpt>
      <trkpt lat="22.61768936278507" lon="113.83520270551882">
        <ele>8.399999618530273</ele>
        <time>2026-05-10T00:52:47Z</time>
        <extensions>
          <gpxtpx:TrackPointExtension>
            <gpxtpx:hr>141</gpxtpx:hr>
          </gpxtpx:TrackPointExtension>
        </extensions>
      </trkpt>
      <trkpt lat="22.617748316613383" lon="113.83518264880439">
        <ele>8.600000381469727</ele>
        <time>2026-05-10T00:52:51Z</time>
        <extensions>
          <gpxtpx:TrackPointExtension>
            <gpxtpx:hr>142</gpxtpx:hr>
          </gpxtpx:TrackPointExtension>
        </extensions>
      </trkpt>
      <trkpt lat="22.617817255971065" lon="113.83515557291635">
        <ele>8.600000381469727</ele>
        <time>2026-05-10T00:52:55Z</time>
        <extensions>
          <gpxtpx:TrackPointExtension>
            <gpxtpx:hr>143</gpxtpx:hr>
          </gpxtpx:TrackPointExtension>
        </extensions>
      </trkpt>
      <trkpt lat="22.61787920194945" lon="113.83513150541172">
        <ele>8.800000190734863</ele>
        <time>2026-05-10T00:52:59Z</time>
        <extensions>
          <gpxtpx:TrackPointExtension>
            <gpxtpx:hr>142</gpxtpx:hr>
          </gpxtpx:TrackPointExtension>
        </extensions>
      </trkpt>
      <trkpt lat="22.617947141442944" lon="113.83510442957459">
        <ele>8.800000190734863</ele>
        <time>2026-05-10T00:53:03Z</time>
        <extensions>
          <gpxtpx:TrackPointExtension>
            <gpxtpx:hr>142</gpxtpx:hr>
          </gpxtpx:TrackPointExtension>
        </extensions>
      </trkpt>
      <trkpt lat="22.61801908579906" lon="113.8350803614173">
        <ele>8.800000190734863</ele>
        <time>2026-05-10T00:53:07Z</time>
        <extensions>
          <gpxtpx:TrackPointExtension>
            <gpxtpx:hr>145</gpxtpx:hr>
          </gpxtpx:TrackPointExtension>
        </extensions>
      </trkpt>
      <trkpt lat="22.618087012396376" lon="113.83504626703093">
        <ele>8.800000190734863</ele>
        <time>2026-05-10T00:53:11Z</time>
        <extensions>
          <gpxtpx:TrackPointExtension>
            <gpxtpx:hr>146</gpxtpx:hr>
          </gpxtpx:TrackPointExtension>
        </extensions>
      </trkpt>
      <trkpt lat="22.61816293769509" lon="113.83501217212084">
        <ele>8.800000190734863</ele>
        <time>2026-05-10T00:53:15Z</time>
        <extensions>
          <gpxtpx:TrackPointExtension>
            <gpxtpx:hr>146</gpxtpx:hr>
          </gpxtpx:TrackPointExtension>
        </extensions>
      </trkpt>
      <trkpt lat="22.61823187145603" lon="113.83498208824315">
        <ele>8.800000190734863</ele>
        <time>2026-05-10T00:53:19Z</time>
        <extensions>
          <gpxtpx:TrackPointExtension>
            <gpxtpx:hr>146</gpxtpx:hr>
          </gpxtpx:TrackPointExtension>
        </extensions>
      </trkpt>
      <trkpt lat="22.618297792805894" lon="113.83494498600653">
        <ele>9.0</ele>
        <time>2026-05-10T00:53:23Z</time>
        <extensions>
          <gpxtpx:TrackPointExtension>
            <gpxtpx:hr>145</gpxtpx:hr>
          </gpxtpx:TrackPointExtension>
        </extensions>
      </trkpt>
      <trkpt lat="22.618364717657315" lon="113.8349098889916">
        <ele>9.0</ele>
        <time>2026-05-10T00:53:27Z</time>
        <extensions>
          <gpxtpx:TrackPointExtension>
            <gpxtpx:hr>143</gpxtpx:hr>
          </gpxtpx:TrackPointExtension>
        </extensions>
      </trkpt>
      <trkpt lat="22.618435662093393" lon="113.83488582085438">
        <ele>9.0</ele>
        <time>2026-05-10T00:53:31Z</time>
        <extensions>
          <gpxtpx:TrackPointExtension>
            <gpxtpx:hr>143</gpxtpx:hr>
          </gpxtpx:TrackPointExtension>
        </extensions>
      </trkpt>
      <trkpt lat="22.618501603640247" lon="113.83485974773266">
        <ele>9.0</ele>
        <time>2026-05-10T00:53:35Z</time>
        <extensions>
          <gpxtpx:TrackPointExtension>
            <gpxtpx:hr>143</gpxtpx:hr>
          </gpxtpx:TrackPointExtension>
        </extensions>
      </trkpt>
      <trkpt lat="22.61856953749074" lon="113.83482966387628">
        <ele>8.800000190734863</ele>
        <time>2026-05-10T00:53:39Z</time>
        <extensions>
          <gpxtpx:TrackPointExtension>
            <gpxtpx:hr>143</gpxtpx:hr>
          </gpxtpx:TrackPointExtension>
        </extensions>
      </trkpt>
      <trkpt lat="22.61864048005008" lon="113.8348045930708">
        <ele>9.0</ele>
        <time>2026-05-10T00:53:43Z</time>
        <extensions>
          <gpxtpx:TrackPointExtension>
            <gpxtpx:hr>147</gpxtpx:hr>
          </gpxtpx:TrackPointExtension>
        </extensions>
      </trkpt>
      <trkpt lat="22.61871042091711" lon="113.83477851967305">
        <ele>9.0</ele>
        <time>2026-05-10T00:53:47Z</time>
        <extensions>
          <gpxtpx:TrackPointExtension>
            <gpxtpx:hr>148</gpxtpx:hr>
          </gpxtpx:TrackPointExtension>
        </extensions>
      </trkpt>
      <trkpt lat="22.618793335737816" lon="113.83473941097489">
        <ele>9.0</ele>
        <time>2026-05-10T00:53:51Z</time>
        <extensions>
          <gpxtpx:TrackPointExtension>
            <gpxtpx:hr>147</gpxtpx:hr>
          </gpxtpx:TrackPointExtension>
        </extensions>
      </trkpt>
      <trkpt lat="22.618867229881552" lon="113.83468827102396">
        <ele>9.199999809265137</ele>
        <time>2026-05-10T00:53:55Z</time>
        <extensions>
          <gpxtpx:TrackPointExtension>
            <gpxtpx:hr>147</gpxtpx:hr>
          </gpxtpx:TrackPointExtension>
        </extensions>
      </trkpt>
      <trkpt lat="22.61894112399483" lon="113.83463713104922">
        <ele>9.0</ele>
        <time>2026-05-10T00:53:59Z</time>
        <extensions>
          <gpxtpx:TrackPointExtension>
            <gpxtpx:hr>146</gpxtpx:hr>
          </gpxtpx:TrackPointExtension>
        </extensions>
      </trkpt>
      <trkpt lat="22.619045094323095" lon="113.83463010581951">
        <ele>8.800000190734863</ele>
        <time>2026-05-10T00:54:03Z</time>
        <extensions>
          <gpxtpx:TrackPointExtension>
            <gpxtpx:hr>147</gpxtpx:hr>
          </gpxtpx:TrackPointExtension>
        </extensions>
      </trkpt>
      <trkpt lat="22.619126035180972" lon="113.83460503432707">
        <ele>8.800000190734863</ele>
        <time>2026-05-10T00:54:07Z</time>
        <extensions>
          <gpxtpx:TrackPointExtension>
            <gpxtpx:hr>150</gpxtpx:hr>
          </gpxtpx:TrackPointExtension>
        </extensions>
      </trkpt>
      <trkpt lat="22.619209997657" lon="113.83459199446403">
        <ele>9.0</ele>
        <time>2026-05-10T00:54:11Z</time>
        <extensions>
          <gpxtpx:TrackPointExtension>
            <gpxtpx:hr>150</gpxtpx:hr>
          </gpxtpx:TrackPointExtension>
        </extensions>
      </trkpt>
      <trkpt lat="22.619260961770483" lon="113.83457695141017">
        <ele>9.199999809265137</ele>
        <time>2026-05-10T00:54:15Z</time>
        <extensions>
          <gpxtpx:TrackPointExtension>
            <gpxtpx:hr>150</gpxtpx:hr>
          </gpxtpx:TrackPointExtension>
        </extensions>
      </trkpt>
      <trkpt lat="22.61929190883558" lon="113.83455088045824">
        <ele>9.199999809265137</ele>
        <time>2026-05-10T00:54:19Z</time>
        <extensions>
          <gpxtpx:TrackPointExtension>
            <gpxtpx:hr>150</gpxtpx:hr>
          </gpxtpx:TrackPointExtension>
        </extensions>
      </trkpt>
      <trkpt lat="22.61936685246507" lon="113.83452681198519">
        <ele>9.199999809265137</ele>
        <time>2026-05-10T00:54:23Z</time>
        <extensions>
          <gpxtpx:TrackPointExtension>
            <gpxtpx:hr>150</gpxtpx:hr>
          </gpxtpx:TrackPointExtension>
        </extensions>
      </trkpt>
      <trkpt lat="22.619423800839083" lon="113.83450374731386">
        <ele>9.399999618530273</ele>
        <time>2026-05-10T00:54:27Z</time>
        <extensions>
          <gpxtpx:TrackPointExtension>
            <gpxtpx:hr>147</gpxtpx:hr>
          </gpxtpx:TrackPointExtension>
        </extensions>
      </trkpt>
      <trkpt lat="22.619398889688526" lon="113.83454987094635">
        <ele>9.399999618530273</ele>
        <time>2026-05-10T00:54:31Z</time>
        <extensions>
          <gpxtpx:TrackPointExtension>
            <gpxtpx:hr>142</gpxtpx:hr>
          </gpxtpx:TrackPointExtension>
        </extensions>
      </trkpt>
      <trkpt lat="22.619357877886436" lon="113.83453984704806">
        <ele>9.399999618530273</ele>
        <time>2026-05-10T00:54:35Z</time>
        <extensions>
          <gpxtpx:TrackPointExtension>
            <gpxtpx:hr>142</gpxtpx:hr>
          </gpxtpx:TrackPointExtension>
        </extensions>
      </trkpt>
      <trkpt lat="22.619327893798438" lon="113.8345458648873">
        <ele>9.199999809265137</ele>
        <time>2026-05-10T00:54:39Z</time>
        <extensions>
          <gpxtpx:TrackPointExtension>
            <gpxtpx:hr>139</gpxtpx:hr>
          </gpxtpx:TrackPointExtension>
        </extensions>
      </trkpt>
      <trkpt lat="22.619252970435774" lon="113.83458096253241">
        <ele>9.199999809265137</ele>
        <time>2026-05-10T00:54:43Z</time>
        <extensions>
          <gpxtpx:TrackPointExtension>
            <gpxtpx:hr>140</gpxtpx:hr>
          </gpxtpx:TrackPointExtension>
        </extensions>
      </trkpt>
      <trkpt lat="22.619228966941463" lon="113.83457695346152">
        <ele>9.199999809265137</ele>
        <time>2026-05-10T00:54:47Z</time>
        <extensions>
          <gpxtpx:TrackPointExtension>
            <gpxtpx:hr>137</gpxtpx:hr>
          </gpxtpx:TrackPointExtension>
        </extensions>
      </trkpt>
      <trkpt lat="22.619271924971653" lon="113.83455790030835">
        <ele>9.199999809265137</ele>
        <time>2026-05-10T00:54:51Z</time>
        <extensions>
          <gpxtpx:TrackPointExtension>
            <gpxtpx:hr>135</gpxtpx:hr>
          </gpxtpx:TrackPointExtension>
        </extensions>
      </trkpt>
      <trkpt lat="22.619283911972104" lon="113.83455188362367">
        <ele>9.199999809265137</ele>
        <time>2026-05-10T00:54:55Z</time>
        <extensions>
          <gpxtpx:TrackPointExtension>
            <gpxtpx:hr>137</gpxtpx:hr>
          </gpxtpx:TrackPointExtension>
        </extensions>
      </trkpt>
      <trkpt lat="22.619344872614942" lon="113.83453583727055">
        <ele>9.399999618530273</ele>
        <time>2026-05-10T00:54:59Z</time>
        <extensions>
          <gpxtpx:TrackPointExtension>
            <gpxtpx:hr>139</gpxtpx:hr>
          </gpxtpx:TrackPointExtension>
        </extensions>
      </trkpt>
      <trkpt lat="22.619412813681492" lon="113.83450976393704">
        <ele>9.399999618530273</ele>
        <time>2026-05-10T00:55:03Z</time>
        <extensions>
          <gpxtpx:TrackPointExtension>
            <gpxtpx:hr>143</gpxtpx:hr>
          </gpxtpx:TrackPointExtension>
        </extensions>
      </trkpt>
      <trkpt lat="22.619387871190455" lon="113.83453884247218">
        <ele>9.199999809265137</ele>
        <time>2026-05-10T00:55:07Z</time>
        <extensions>
          <gpxtpx:TrackPointExtension>
            <gpxtpx:hr>143</gpxtpx:hr>
          </gpxtpx:TrackPointExtension>
        </extensions>
      </trkpt>
      <trkpt lat="22.61934588535747" lon="113.8345428557754">
        <ele>9.199999809265137</ele>
        <time>2026-05-10T00:55:11Z</time>
        <extensions>
          <gpxtpx:TrackPointExtension>
            <gpxtpx:hr>143</gpxtpx:hr>
          </gpxtpx:TrackPointExtension>
        </extensions>
      </trkpt>
      <trkpt lat="22.619305912102387" lon="113.83455388751852">
        <ele>9.199999809265137</ele>
        <time>2026-05-10T00:55:15Z</time>
        <extensions>
          <gpxtpx:TrackPointExtension>
            <gpxtpx:hr>142</gpxtpx:hr>
          </gpxtpx:TrackPointExtension>
        </extensions>
      </trkpt>
      <trkpt lat="22.619231938808838" lon="113.83456191348264">
        <ele>9.399999618530273</ele>
        <time>2026-05-10T00:55:19Z</time>
        <extensions>
          <gpxtpx:TrackPointExtension>
            <gpxtpx:hr>139</gpxtpx:hr>
          </gpxtpx:TrackPointExtension>
        </extensions>
      </trkpt>
      <trkpt lat="22.619279907088565" lon="113.83454887592227">
        <ele>9.399999618530273</ele>
        <time>2026-05-10T00:55:23Z</time>
        <extensions>
          <gpxtpx:TrackPointExtension>
            <gpxtpx:hr>136</gpxtpx:hr>
          </gpxtpx:TrackPointExtension>
        </extensions>
      </trkpt>
      <trkpt lat="22.61930088157275" lon="113.83453684274393">
        <ele>9.399999618530273</ele>
        <time>2026-05-10T00:55:27Z</time>
        <extensions>
          <gpxtpx:TrackPointExtension>
            <gpxtpx:hr>133</gpxtpx:hr>
          </gpxtpx:TrackPointExtension>
        </extensions>
      </trkpt>
      <trkpt lat="22.619328858610423" lon="113.83452681442121">
        <ele>9.399999618530273</ele>
        <time>2026-05-10T00:55:31Z</time>
        <extensions>
          <gpxtpx:TrackPointExtension>
            <gpxtpx:hr>132</gpxtpx:hr>
          </gpxtpx:TrackPointExtension>
        </extensions>
      </trkpt>
      <trkpt lat="22.619406794370708" lon="113.83449873513841">
        <ele>9.399999618530273</ele>
        <time>2026-05-10T00:55:35Z</time>
        <extensions>
          <gpxtpx:TrackPointExtension>
            <gpxtpx:hr>131</gpxtpx:hr>
          </gpxtpx:TrackPointExtension>
        </extensions>
      </trkpt>
      <trkpt lat="22.619433764187406" lon="113.83448469626364">
        <ele>9.399999618530273</ele>
        <time>2026-05-10T00:55:39Z</time>
        <extensions>
          <gpxtpx:TrackPointExtension>
            <gpxtpx:hr>132</gpxtpx:hr>
          </gpxtpx:TrackPointExtension>
        </extensions>
      </trkpt>
      <trkpt lat="22.619453725913925" lon="113.83446564456914">
        <ele>9.399999618530273</ele>
        <time>2026-05-10T00:55:43Z</time>
        <extensions>
          <gpxtpx:TrackPointExtension>
            <gpxtpx:hr>132</gpxtpx:hr>
          </gpxtpx:TrackPointExtension>
        </extensions>
      </trkpt>
      <trkpt lat="22.619424815427244" lon="113.8345117684737">
        <ele>9.199999809265137</ele>
        <time>2026-05-10T00:55:47Z</time>
        <extensions>
          <gpxtpx:TrackPointExtension>
            <gpxtpx:hr>130</gpxtpx:hr>
          </gpxtpx:TrackPointExtension>
        </extensions>
      </trkpt>
      <trkpt lat="22.619362866016843" lon="113.83453383081115">
        <ele>9.199999809265137</ele>
        <time>2026-05-10T00:55:51Z</time>
        <extensions>
          <gpxtpx:TrackPointExtension>
            <gpxtpx:hr>133</gpxtpx:hr>
          </gpxtpx:TrackPointExtension>
        </extensions>
      </trkpt>
      <trkpt lat="22.619317856701837" lon="113.83452480982072">
        <ele>9.399999618530273</ele>
        <time>2026-05-10T00:55:55Z</time>
        <extensions>
          <gpxtpx:TrackPointExtension>
            <gpxtpx:hr>133</gpxtpx:hr>
          </gpxtpx:TrackPointExtension>
        </extensions>
      </trkpt>
      <trkpt lat="22.619254935092236" lon="113.83456191200823">
        <ele>9.399999618530273</ele>
        <time>2026-05-10T00:55:59Z</time>
        <extensions>
          <gpxtpx:TrackPointExtension>
            <gpxtpx:hr>132</gpxtpx:hr>
          </gpxtpx:TrackPointExtension>
        </extensions>
      </trkpt>
      <trkpt lat="22.619267921931538" lon="113.83455589525967">
        <ele>9.399999618530273</ele>
        <time>2026-05-10T00:56:03Z</time>
        <extensions>
          <gpxtpx:TrackPointExtension>
            <gpxtpx:hr>129</gpxtpx:hr>
          </gpxtpx:TrackPointExtension>
        </extensions>
      </trkpt>
      <trkpt lat="22.619308893183597" lon="113.83454386079998">
        <ele>9.399999618530273</ele>
        <time>2026-05-10T00:56:07Z</time>
        <extensions>
          <gpxtpx:TrackPointExtension>
            <gpxtpx:hr>128</gpxtpx:hr>
          </gpxtpx:TrackPointExtension>
        </extensions>
      </trkpt>
      <trkpt lat="22.619347846319975" lon="113.834521799939">
        <ele>9.399999618530273</ele>
        <time>2026-05-10T00:56:11Z</time>
        <extensions>
          <gpxtpx:TrackPointExtension>
            <gpxtpx:hr>133</gpxtpx:hr>
          </gpxtpx:TrackPointExtension>
        </extensions>
      </trkpt>
      <trkpt lat="22.619415717310073" lon="113.83445762577797">
        <ele>9.399999618530273</ele>
        <time>2026-05-10T00:56:15Z</time>
        <extensions>
          <gpxtpx:TrackPointExtension>
            <gpxtpx:hr>135</gpxtpx:hr>
          </gpxtpx:TrackPointExtension>
        </extensions>
      </trkpt>
      <trkpt lat="22.61949764501926" lon="113.83442553560653">
        <ele>9.199999809265137</ele>
        <time>2026-05-10T00:56:19Z</time>
        <extensions>
          <gpxtpx:TrackPointExtension>
            <gpxtpx:hr>136</gpxtpx:hr>
          </gpxtpx:TrackPointExtension>
        </extensions>
      </trkpt>
      <trkpt lat="22.61956758018928" lon="113.8343964541572">
        <ele>9.199999809265137</ele>
        <time>2026-05-10T00:56:23Z</time>
        <extensions>
          <gpxtpx:TrackPointExtension>
            <gpxtpx:hr>136</gpxtpx:hr>
          </gpxtpx:TrackPointExtension>
        </extensions>
      </trkpt>
      <trkpt lat="22.61961245666235" lon="113.83433328405384">
        <ele>9.199999809265137</ele>
        <time>2026-05-10T00:56:27Z</time>
        <extensions>
          <gpxtpx:TrackPointExtension>
            <gpxtpx:hr>134</gpxtpx:hr>
          </gpxtpx:TrackPointExtension>
        </extensions>
      </trkpt>
      <trkpt lat="22.6196834267006" lon="113.83432325295617">
        <ele>9.199999809265137</ele>
        <time>2026-05-10T00:56:31Z</time>
        <extensions>
          <gpxtpx:TrackPointExtension>
            <gpxtpx:hr>134</gpxtpx:hr>
          </gpxtpx:TrackPointExtension>
        </extensions>
      </trkpt>
      <trkpt lat="22.619761380832134" lon="113.8343052001708">
        <ele>9.199999809265137</ele>
        <time>2026-05-10T00:56:35Z</time>
        <extensions>
          <gpxtpx:TrackPointExtension>
            <gpxtpx:hr>136</gpxtpx:hr>
          </gpxtpx:TrackPointExtension>
        </extensions>
      </trkpt>
      <trkpt lat="22.61982931627325" lon="113.83427611881869">
        <ele>9.199999809265137</ele>
        <time>2026-05-10T00:56:39Z</time>
        <extensions>
          <gpxtpx:TrackPointExtension>
            <gpxtpx:hr>136</gpxtpx:hr>
          </gpxtpx:TrackPointExtension>
        </extensions>
      </trkpt>
      <trkpt lat="22.61989925691462" lon="113.83425004529678">
        <ele>9.199999809265137</ele>
        <time>2026-05-10T00:56:43Z</time>
        <extensions>
          <gpxtpx:TrackPointExtension>
            <gpxtpx:hr>136</gpxtpx:hr>
          </gpxtpx:TrackPointExtension>
        </extensions>
      </trkpt>
      <trkpt lat="22.61996320036517" lon="113.83422497480906">
        <ele>9.199999809265137</ele>
        <time>2026-05-10T00:56:47Z</time>
        <extensions>
          <gpxtpx:TrackPointExtension>
            <gpxtpx:hr>139</gpxtpx:hr>
          </gpxtpx:TrackPointExtension>
        </extensions>
      </trkpt>
      <trkpt lat="22.6200291434801" lon="113.8341999041876">
        <ele>9.399999618530273</ele>
        <time>2026-05-10T00:56:51Z</time>
        <extensions>
          <gpxtpx:TrackPointExtension>
            <gpxtpx:hr>140</gpxtpx:hr>
          </gpxtpx:TrackPointExtension>
        </extensions>
      </trkpt>
      <trkpt lat="22.62009508104413" lon="113.83417182559285">
        <ele>9.399999618530273</ele>
        <time>2026-05-10T00:56:55Z</time>
        <extensions>
          <gpxtpx:TrackPointExtension>
            <gpxtpx:hr>142</gpxtpx:hr>
          </gpxtpx:TrackPointExtension>
        </extensions>
      </trkpt>
      <trkpt lat="22.62015901522749" lon="113.83414174180703">
        <ele>9.399999618530273</ele>
        <time>2026-05-10T00:56:59Z</time>
        <extensions>
          <gpxtpx:TrackPointExtension>
            <gpxtpx:hr>139</gpxtpx:hr>
          </gpxtpx:TrackPointExtension>
        </extensions>
      </trkpt>
      <trkpt lat="22.62022894287946" lon="113.83410864965921">
        <ele>9.399999618530273</ele>
        <time>2026-05-10T00:57:03Z</time>
        <extensions>
          <gpxtpx:TrackPointExtension>
            <gpxtpx:hr>136</gpxtpx:hr>
          </gpxtpx:TrackPointExtension>
        </extensions>
      </trkpt>
      <trkpt lat="22.62030587491831" lon="113.83407856502345">
        <ele>9.199999809265137</ele>
        <time>2026-05-10T00:57:07Z</time>
        <extensions>
          <gpxtpx:TrackPointExtension>
            <gpxtpx:hr>135</gpxtpx:hr>
          </gpxtpx:TrackPointExtension>
        </extensions>
      </trkpt>
      <trkpt lat="22.620369836776565" lon="113.83406352106763">
        <ele>9.199999809265137</ele>
        <time>2026-05-10T00:57:11Z</time>
        <extensions>
          <gpxtpx:TrackPointExtension>
            <gpxtpx:hr>136</gpxtpx:hr>
          </gpxtpx:TrackPointExtension>
        </extensions>
      </trkpt>
      <trkpt lat="22.62044576340974" lon="113.83403042851276">
        <ele>9.199999809265137</ele>
        <time>2026-05-10T00:57:15Z</time>
        <extensions>
          <gpxtpx:TrackPointExtension>
            <gpxtpx:hr>136</gpxtpx:hr>
          </gpxtpx:TrackPointExtension>
        </extensions>
      </trkpt>
      <trkpt lat="22.62050970307346" lon="113.83400335266249">
        <ele>9.199999809265137</ele>
        <time>2026-05-10T00:57:19Z</time>
        <extensions>
          <gpxtpx:TrackPointExtension>
            <gpxtpx:hr>136</gpxtpx:hr>
          </gpxtpx:TrackPointExtension>
        </extensions>
      </trkpt>
      <trkpt lat="22.620579636201285" lon="113.83397326844826">
        <ele>9.199999809265137</ele>
        <time>2026-05-10T00:57:23Z</time>
        <extensions>
          <gpxtpx:TrackPointExtension>
            <gpxtpx:hr>137</gpxtpx:hr>
          </gpxtpx:TrackPointExtension>
        </extensions>
      </trkpt>
      <trkpt lat="22.620648575024703" lon="113.83394619226415">
        <ele>9.199999809265137</ele>
        <time>2026-05-10T00:57:27Z</time>
        <extensions>
          <gpxtpx:TrackPointExtension>
            <gpxtpx:hr>139</gpxtpx:hr>
          </gpxtpx:TrackPointExtension>
        </extensions>
      </trkpt>
      <trkpt lat="22.620724510843303" lon="113.83391811296681">
        <ele>9.0</ele>
        <time>2026-05-10T00:57:31Z</time>
        <extensions>
          <gpxtpx:TrackPointExtension>
            <gpxtpx:hr>139</gpxtpx:hr>
          </gpxtpx:TrackPointExtension>
        </extensions>
      </trkpt>
      <trkpt lat="22.62080044849726" lon="113.83389103632112">
        <ele>9.0</ele>
        <time>2026-05-10T00:57:35Z</time>
        <extensions>
          <gpxtpx:TrackPointExtension>
            <gpxtpx:hr>139</gpxtpx:hr>
          </gpxtpx:TrackPointExtension>
        </extensions>
      </trkpt>
      <trkpt lat="22.620872383093612" lon="113.83386195460851">
        <ele>9.0</ele>
        <time>2026-05-10T00:57:39Z</time>
        <extensions>
          <gpxtpx:TrackPointExtension>
            <gpxtpx:hr>139</gpxtpx:hr>
          </gpxtpx:TrackPointExtension>
        </extensions>
      </trkpt>
      <trkpt lat="22.6209453193624" lon="113.83383387548348">
        <ele>9.0</ele>
        <time>2026-05-10T00:57:43Z</time>
        <extensions>
          <gpxtpx:TrackPointExtension>
            <gpxtpx:hr>138</gpxtpx:hr>
          </gpxtpx:TrackPointExtension>
        </extensions>
      </trkpt>
      <trkpt lat="22.621011264163695" lon="113.83380980743685">
        <ele>8.800000190734863</ele>
        <time>2026-05-10T00:57:47Z</time>
        <extensions>
          <gpxtpx:TrackPointExtension>
            <gpxtpx:hr>136</gpxtpx:hr>
          </gpxtpx:TrackPointExtension>
        </extensions>
      </trkpt>
      <trkpt lat="22.6210862222799" lon="113.83379376008193">
        <ele>8.600000381469727</ele>
        <time>2026-05-10T00:57:51Z</time>
        <extensions>
          <gpxtpx:TrackPointExtension>
            <gpxtpx:hr>136</gpxtpx:hr>
          </gpxtpx:TrackPointExtension>
        </extensions>
      </trkpt>
      <trkpt lat="22.62116015834951" lon="113.83376568087662">
        <ele>8.600000381469727</ele>
        <time>2026-05-10T00:57:55Z</time>
        <extensions>
          <gpxtpx:TrackPointExtension>
            <gpxtpx:hr>137</gpxtpx:hr>
          </gpxtpx:TrackPointExtension>
        </extensions>
      </trkpt>
      <trkpt lat="22.621234081452755" lon="113.833730583047">
        <ele>8.800000190734863</ele>
        <time>2026-05-10T00:57:59Z</time>
        <extensions>
          <gpxtpx:TrackPointExtension>
            <gpxtpx:hr>139</gpxtpx:hr>
          </gpxtpx:TrackPointExtension>
        </extensions>
      </trkpt>
      <trkpt lat="22.621303012762635" lon="113.83369949616767">
        <ele>8.600000381469727</ele>
        <time>2026-05-10T00:58:03Z</time>
        <extensions>
          <gpxtpx:TrackPointExtension>
            <gpxtpx:hr>139</gpxtpx:hr>
          </gpxtpx:TrackPointExtension>
        </extensions>
      </trkpt>
      <trkpt lat="22.621382944103274" lon="113.83366941123512">
        <ele>8.600000381469727</ele>
        <time>2026-05-10T00:58:07Z</time>
        <extensions>
          <gpxtpx:TrackPointExtension>
            <gpxtpx:hr>139</gpxtpx:hr>
          </gpxtpx:TrackPointExtension>
        </extensions>
      </trkpt>
      <trkpt lat="22.62146489731404" lon="113.83365135809167">
        <ele>8.600000381469727</ele>
        <time>2026-05-10T00:58:11Z</time>
        <extensions>
          <gpxtpx:TrackPointExtension>
            <gpxtpx:hr>139</gpxtpx:hr>
          </gpxtpx:TrackPointExtension>
        </extensions>
      </trkpt>
      <trkpt lat="22.62154184022817" lon="113.83362728930295">
        <ele>8.600000381469727</ele>
        <time>2026-05-10T00:58:15Z</time>
        <extensions>
          <gpxtpx:TrackPointExtension>
            <gpxtpx:hr>139</gpxtpx:hr>
          </gpxtpx:TrackPointExtension>
        </extensions>
      </trkpt>
      <trkpt lat="22.621608775517586" lon="113.83359820784685">
        <ele>8.800000190734863</ele>
        <time>2026-05-10T00:58:19Z</time>
        <extensions>
          <gpxtpx:TrackPointExtension>
            <gpxtpx:hr>139</gpxtpx:hr>
          </gpxtpx:TrackPointExtension>
        </extensions>
      </trkpt>
      <trkpt lat="22.621679732357265" lon="113.83358115805906">
        <ele>8.800000190734863</ele>
        <time>2026-05-10T00:58:23Z</time>
        <extensions>
          <gpxtpx:TrackPointExtension>
            <gpxtpx:hr>137</gpxtpx:hr>
          </gpxtpx:TrackPointExtension>
        </extensions>
      </trkpt>
      <trkpt lat="22.621747698941515" lon="113.8335691217665">
        <ele>8.600000381469727</ele>
        <time>2026-05-10T00:58:27Z</time>
        <extensions>
          <gpxtpx:TrackPointExtension>
            <gpxtpx:hr>136</gpxtpx:hr>
          </gpxtpx:TrackPointExtension>
        </extensions>
      </trkpt>
      <trkpt lat="22.62182065173161" lon="113.83355006652397">
        <ele>8.600000381469727</ele>
        <time>2026-05-10T00:58:31Z</time>
        <extensions>
          <gpxtpx:TrackPointExtension>
            <gpxtpx:hr>137</gpxtpx:hr>
          </gpxtpx:TrackPointExtension>
        </extensions>
      </trkpt>
      <trkpt lat="22.621899616487706" lon="113.83353802952286">
        <ele>8.399999618530273</ele>
        <time>2026-05-10T00:58:35Z</time>
        <extensions>
          <gpxtpx:TrackPointExtension>
            <gpxtpx:hr>139</gpxtpx:hr>
          </gpxtpx:TrackPointExtension>
        </extensions>
      </trkpt>
      <trkpt lat="22.621984533938726" lon="113.83350092559859">
        <ele>8.199999809265137</ele>
        <time>2026-05-10T00:58:39Z</time>
        <extensions>
          <gpxtpx:TrackPointExtension>
            <gpxtpx:hr>139</gpxtpx:hr>
          </gpxtpx:TrackPointExtension>
        </extensions>
      </trkpt>
      <trkpt lat="22.6220604824968" lon="113.83347986482947">
        <ele>8.199999809265137</ele>
        <time>2026-05-10T00:58:43Z</time>
        <extensions>
          <gpxtpx:TrackPointExtension>
            <gpxtpx:hr>138</gpxtpx:hr>
          </gpxtpx:TrackPointExtension>
        </extensions>
      </trkpt>
      <trkpt lat="22.622131428164483" lon="113.83345679905351">
        <ele>8.199999809265137</ele>
        <time>2026-05-10T00:58:47Z</time>
        <extensions>
          <gpxtpx:TrackPointExtension>
            <gpxtpx:hr>136</gpxtpx:hr>
          </gpxtpx:TrackPointExtension>
        </extensions>
      </trkpt>
      <trkpt lat="22.622209385635223" lon="113.83344075145901">
        <ele>8.600000381469727</ele>
        <time>2026-05-10T00:58:51Z</time>
        <extensions>
          <gpxtpx:TrackPointExtension>
            <gpxtpx:hr>136</gpxtpx:hr>
          </gpxtpx:TrackPointExtension>
        </extensions>
      </trkpt>
      <trkpt lat="22.622287344949395" lon="113.83342570652458">
        <ele>8.399999618530273</ele>
        <time>2026-05-10T00:58:55Z</time>
        <extensions>
          <gpxtpx:TrackPointExtension>
            <gpxtpx:hr>136</gpxtpx:hr>
          </gpxtpx:TrackPointExtension>
        </extensions>
      </trkpt>
      <trkpt lat="22.622362314015945" lon="113.83341567509221">
        <ele>8.399999618530273</ele>
        <time>2026-05-10T00:58:59Z</time>
        <extensions>
          <gpxtpx:TrackPointExtension>
            <gpxtpx:hr>136</gpxtpx:hr>
          </gpxtpx:TrackPointExtension>
        </extensions>
      </trkpt>
      <trkpt lat="22.622439247532693" lon="113.83338659294441">
        <ele>8.199999809265137</ele>
        <time>2026-05-10T00:59:03Z</time>
        <extensions>
          <gpxtpx:TrackPointExtension>
            <gpxtpx:hr>136</gpxtpx:hr>
          </gpxtpx:TrackPointExtension>
        </extensions>
      </trkpt>
      <trkpt lat="22.622513205627346" lon="113.83337054559725">
        <ele>8.199999809265137</ele>
        <time>2026-05-10T00:59:07Z</time>
        <extensions>
          <gpxtpx:TrackPointExtension>
            <gpxtpx:hr>137</gpxtpx:hr>
          </gpxtpx:TrackPointExtension>
        </extensions>
      </trkpt>
      <trkpt lat="22.622590161362567" lon="113.83335349539279">
        <ele>8.199999809265137</ele>
        <time>2026-05-10T00:59:11Z</time>
        <extensions>
          <gpxtpx:TrackPointExtension>
            <gpxtpx:hr>138</gpxtpx:hr>
          </gpxtpx:TrackPointExtension>
        </extensions>
      </trkpt>
      <trkpt lat="22.622669107488022" lon="113.833331431743">
        <ele>8.199999809265137</ele>
        <time>2026-05-10T00:59:15Z</time>
        <extensions>
          <gpxtpx:TrackPointExtension>
            <gpxtpx:hr>137</gpxtpx:hr>
          </gpxtpx:TrackPointExtension>
        </extensions>
      </trkpt>
      <trkpt lat="22.622751051250326" lon="113.83330836523376">
        <ele>8.199999809265137</ele>
        <time>2026-05-10T00:59:19Z</time>
        <extensions>
          <gpxtpx:TrackPointExtension>
            <gpxtpx:hr>137</gpxtpx:hr>
          </gpxtpx:TrackPointExtension>
        </extensions>
      </trkpt>
      <trkpt lat="22.622824998182207" lon="113.83328630189666">
        <ele>8.199999809265137</ele>
        <time>2026-05-10T00:59:23Z</time>
        <extensions>
          <gpxtpx:TrackPointExtension>
            <gpxtpx:hr>137</gpxtpx:hr>
          </gpxtpx:TrackPointExtension>
        </extensions>
      </trkpt>
      <trkpt lat="22.622897950832364" lon="113.83326724661022">
        <ele>8.199999809265137</ele>
        <time>2026-05-10T00:59:27Z</time>
        <extensions>
          <gpxtpx:TrackPointExtension>
            <gpxtpx:hr>136</gpxtpx:hr>
          </gpxtpx:TrackPointExtension>
        </extensions>
      </trkpt>
      <trkpt lat="22.622973915955203" lon="113.83325520977358">
        <ele>8.199999809265137</ele>
        <time>2026-05-10T00:59:31Z</time>
        <extensions>
          <gpxtpx:TrackPointExtension>
            <gpxtpx:hr>136</gpxtpx:hr>
          </gpxtpx:TrackPointExtension>
        </extensions>
      </trkpt>
      <trkpt lat="22.62304986994303" lon="113.83323715695369">
        <ele>8.199999809265137</ele>
        <time>2026-05-10T00:59:35Z</time>
        <extensions>
          <gpxtpx:TrackPointExtension>
            <gpxtpx:hr>136</gpxtpx:hr>
          </gpxtpx:TrackPointExtension>
        </extensions>
      </trkpt>
      <trkpt lat="22.62312782358849" lon="113.83321910400291">
        <ele>8.0</ele>
        <time>2026-05-10T00:59:39Z</time>
        <extensions>
          <gpxtpx:TrackPointExtension>
            <gpxtpx:hr>136</gpxtpx:hr>
          </gpxtpx:TrackPointExtension>
        </extensions>
      </trkpt>
      <trkpt lat="22.623196784286268" lon="113.83320405961868">
        <ele>8.0</ele>
        <time>2026-05-10T00:59:43Z</time>
        <extensions>
          <gpxtpx:TrackPointExtension>
            <gpxtpx:hr>136</gpxtpx:hr>
          </gpxtpx:TrackPointExtension>
        </extensions>
      </trkpt>
      <trkpt lat="22.623267739078717" lon="113.83318600711209">
        <ele>8.0</ele>
        <time>2026-05-10T00:59:47Z</time>
        <extensions>
          <gpxtpx:TrackPointExtension>
            <gpxtpx:hr>137</gpxtpx:hr>
          </gpxtpx:TrackPointExtension>
        </extensions>
      </trkpt>
      <trkpt lat="22.62334768494259" lon="113.83316394336858">
        <ele>7.800000190734863</ele>
        <time>2026-05-10T00:59:51Z</time>
        <extensions>
          <gpxtpx:TrackPointExtension>
            <gpxtpx:hr>138</gpxtpx:hr>
          </gpxtpx:TrackPointExtension>
        </extensions>
      </trkpt>
      <trkpt lat="22.62341564949232" lon="113.83315090437068">
        <ele>7.800000190734863</ele>
        <time>2026-05-10T00:59:55Z</time>
        <extensions>
          <gpxtpx:TrackPointExtension>
            <gpxtpx:hr>138</gpxtpx:hr>
          </gpxtpx:TrackPointExtension>
        </extensions>
      </trkpt>
      <trkpt lat="22.62348561555672" lon="113.83313886790762">
        <ele>8.0</ele>
        <time>2026-05-10T00:59:59Z</time>
        <extensions>
          <gpxtpx:TrackPointExtension>
            <gpxtpx:hr>137</gpxtpx:hr>
          </gpxtpx:TrackPointExtension>
        </extensions>
      </trkpt>
      <trkpt lat="22.623566570501282" lon="113.83312181741486">
        <ele>7.800000190734863</ele>
        <time>2026-05-10T01:00:03Z</time>
        <extensions>
          <gpxtpx:TrackPointExtension>
            <gpxtpx:hr>136</gpxtpx:hr>
          </gpxtpx:TrackPointExtension>
        </extensions>
      </trkpt>
      <trkpt lat="22.623636517994665" lon="113.83309975430154">
        <ele>7.800000190734863</ele>
        <time>2026-05-10T01:00:07Z</time>
        <extensions>
          <gpxtpx:TrackPointExtension>
            <gpxtpx:hr>136</gpxtpx:hr>
          </gpxtpx:TrackPointExtension>
        </extensions>
      </trkpt>
      <trkpt lat="22.623719457738957" lon="113.83307468235563">
        <ele>7.800000190734863</ele>
        <time>2026-05-10T01:00:11Z</time>
        <extensions>
          <gpxtpx:TrackPointExtension>
            <gpxtpx:hr>137</gpxtpx:hr>
          </gpxtpx:TrackPointExtension>
        </extensions>
      </trkpt>
      <trkpt lat="22.62378441903836" lon="113.83305963821074">
        <ele>8.0</ele>
        <time>2026-05-10T01:00:15Z</time>
        <extensions>
          <gpxtpx:TrackPointExtension>
            <gpxtpx:hr>135</gpxtpx:hr>
          </gpxtpx:TrackPointExtension>
        </extensions>
      </trkpt>
      <trkpt lat="22.623852383541088" lon="113.83304659920205">
        <ele>7.800000190734863</ele>
        <time>2026-05-10T01:00:19Z</time>
        <extensions>
          <gpxtpx:TrackPointExtension>
            <gpxtpx:hr>136</gpxtpx:hr>
          </gpxtpx:TrackPointExtension>
        </extensions>
      </trkpt>
      <trkpt lat="22.623928329993007" lon="113.83302453569085">
        <ele>7.599999904632568</ele>
        <time>2026-05-10T01:00:23Z</time>
        <extensions>
          <gpxtpx:TrackPointExtension>
            <gpxtpx:hr>136</gpxtpx:hr>
          </gpxtpx:TrackPointExtension>
        </extensions>
      </trkpt>
      <trkpt lat="22.624000295666754" lon="113.83301249908746">
        <ele>7.599999904632568</ele>
        <time>2026-05-10T01:00:27Z</time>
        <extensions>
          <gpxtpx:TrackPointExtension>
            <gpxtpx:hr>134</gpxtpx:hr>
          </gpxtpx:TrackPointExtension>
        </extensions>
      </trkpt>
      <trkpt lat="22.624080265561872" lon="113.83300346996639">
        <ele>7.599999904632568</ele>
        <time>2026-05-10T01:00:31Z</time>
        <extensions>
          <gpxtpx:TrackPointExtension>
            <gpxtpx:hr>133</gpxtpx:hr>
          </gpxtpx:TrackPointExtension>
        </extensions>
      </trkpt>
      <trkpt lat="22.62414622108729" lon="113.83298541775193">
        <ele>7.800000190734863</ele>
        <time>2026-05-10T01:00:35Z</time>
        <extensions>
          <gpxtpx:TrackPointExtension>
            <gpxtpx:hr>133</gpxtpx:hr>
          </gpxtpx:TrackPointExtension>
        </extensions>
      </trkpt>
      <trkpt lat="22.624220167836828" lon="113.83296335435847">
        <ele>7.599999904632568</ele>
        <time>2026-05-10T01:00:39Z</time>
        <extensions>
          <gpxtpx:TrackPointExtension>
            <gpxtpx:hr>133</gpxtpx:hr>
          </gpxtpx:TrackPointExtension>
        </extensions>
      </trkpt>
      <trkpt lat="22.624294120146303" lon="113.83294429895926">
        <ele>7.599999904632568</ele>
        <time>2026-05-10T01:00:43Z</time>
        <extensions>
          <gpxtpx:TrackPointExtension>
            <gpxtpx:hr>134</gpxtpx:hr>
          </gpxtpx:TrackPointExtension>
        </extensions>
      </trkpt>
      <trkpt lat="22.62436106247969" lon="113.83291922800933">
        <ele>7.599999904632568</ele>
        <time>2026-05-10T01:00:47Z</time>
        <extensions>
          <gpxtpx:TrackPointExtension>
            <gpxtpx:hr>133</gpxtpx:hr>
          </gpxtpx:TrackPointExtension>
        </extensions>
      </trkpt>
      <trkpt lat="22.624436007173422" lon="113.8328961618741">
        <ele>7.800000190734863</ele>
        <time>2026-05-10T01:00:51Z</time>
        <extensions>
          <gpxtpx:TrackPointExtension>
            <gpxtpx:hr>136</gpxtpx:hr>
          </gpxtpx:TrackPointExtension>
        </extensions>
      </trkpt>
      <trkpt lat="22.624512966378504" lon="113.83288111693851">
        <ele>7.599999904632568</ele>
        <time>2026-05-10T01:00:55Z</time>
        <extensions>
          <gpxtpx:TrackPointExtension>
            <gpxtpx:hr>136</gpxtpx:hr>
          </gpxtpx:TrackPointExtension>
        </extensions>
      </trkpt>
      <trkpt lat="22.624588927600144" lon="113.83286707473187">
        <ele>7.800000190734863</ele>
        <time>2026-05-10T01:00:59Z</time>
        <extensions>
          <gpxtpx:TrackPointExtension>
            <gpxtpx:hr>134</gpxtpx:hr>
          </gpxtpx:TrackPointExtension>
        </extensions>
      </trkpt>
      <trkpt lat="22.624664885098234" lon="113.83285102719034">
        <ele>7.599999904632568</ele>
        <time>2026-05-10T01:01:03Z</time>
        <extensions>
          <gpxtpx:TrackPointExtension>
            <gpxtpx:hr>137</gpxtpx:hr>
          </gpxtpx:TrackPointExtension>
        </extensions>
      </trkpt>
      <trkpt lat="22.624735849001798" lon="113.83283798796798">
        <ele>7.599999904632568</ele>
        <time>2026-05-10T01:01:07Z</time>
        <extensions>
          <gpxtpx:TrackPointExtension>
            <gpxtpx:hr>139</gpxtpx:hr>
          </gpxtpx:TrackPointExtension>
        </extensions>
      </trkpt>
      <trkpt lat="22.624806786889355" lon="113.83281091140701">
        <ele>7.800000190734863</ele>
        <time>2026-05-10T01:01:11Z</time>
        <extensions>
          <gpxtpx:TrackPointExtension>
            <gpxtpx:hr>140</gpxtpx:hr>
          </gpxtpx:TrackPointExtension>
        </extensions>
      </trkpt>
      <trkpt lat="22.624889743180756" lon="113.83279486340949">
        <ele>7.800000190734863</ele>
        <time>2026-05-10T01:01:15Z</time>
        <extensions>
          <gpxtpx:TrackPointExtension>
            <gpxtpx:hr>141</gpxtpx:hr>
          </gpxtpx:TrackPointExtension>
        </extensions>
      </trkpt>
      <trkpt lat="22.624968683413474" lon="113.83276979166108">
        <ele>7.800000190734863</ele>
        <time>2026-05-10T01:01:19Z</time>
        <extensions>
          <gpxtpx:TrackPointExtension>
            <gpxtpx:hr>143</gpxtpx:hr>
          </gpxtpx:TrackPointExtension>
        </extensions>
      </trkpt>
      <trkpt lat="22.625040635964485" lon="113.83275073636186">
        <ele>8.0</ele>
        <time>2026-05-10T01:01:23Z</time>
        <extensions>
          <gpxtpx:TrackPointExtension>
            <gpxtpx:hr>145</gpxtpx:hr>
          </gpxtpx:TrackPointExtension>
        </extensions>
      </trkpt>
      <trkpt lat="22.62511557870791" lon="113.83272666752934">
        <ele>8.0</ele>
        <time>2026-05-10T01:01:27Z</time>
        <extensions>
          <gpxtpx:TrackPointExtension>
            <gpxtpx:hr>146</gpxtpx:hr>
          </gpxtpx:TrackPointExtension>
        </extensions>
      </trkpt>
      <trkpt lat="22.625181534111647" lon="113.83270861527659">
        <ele>8.0</ele>
        <time>2026-05-10T01:01:31Z</time>
        <extensions>
          <gpxtpx:TrackPointExtension>
            <gpxtpx:hr>143</gpxtpx:hr>
          </gpxtpx:TrackPointExtension>
        </extensions>
      </trkpt>
      <trkpt lat="22.625248500490844" lon="113.83269657896453">
        <ele>8.0</ele>
        <time>2026-05-10T01:01:35Z</time>
        <extensions>
          <gpxtpx:TrackPointExtension>
            <gpxtpx:hr>143</gpxtpx:hr>
          </gpxtpx:TrackPointExtension>
        </extensions>
      </trkpt>
      <trkpt lat="22.625323454358416" lon="113.8326785261303">
        <ele>8.0</ele>
        <time>2026-05-10T01:01:39Z</time>
        <extensions>
          <gpxtpx:TrackPointExtension>
            <gpxtpx:hr>142</gpxtpx:hr>
          </gpxtpx:TrackPointExtension>
        </extensions>
      </trkpt>
      <trkpt lat="22.6254004339029" lon="113.83267451051837">
        <ele>8.0</ele>
        <time>2026-05-10T01:01:43Z</time>
        <extensions>
          <gpxtpx:TrackPointExtension>
            <gpxtpx:hr>141</gpxtpx:hr>
          </gpxtpx:TrackPointExtension>
        </extensions>
      </trkpt>
      <trkpt lat="22.625466387417635" lon="113.83265545559034">
        <ele>7.800000190734863</ele>
        <time>2026-05-10T01:01:47Z</time>
        <extensions>
          <gpxtpx:TrackPointExtension>
            <gpxtpx:hr>139</gpxtpx:hr>
          </gpxtpx:TrackPointExtension>
        </extensions>
      </trkpt>
      <trkpt lat="22.625526353094745" lon="113.83264241705425">
        <ele>8.0</ele>
        <time>2026-05-10T01:01:51Z</time>
        <extensions>
          <gpxtpx:TrackPointExtension>
            <gpxtpx:hr>139</gpxtpx:hr>
          </gpxtpx:TrackPointExtension>
        </extensions>
      </trkpt>
      <trkpt lat="22.62560730591322" lon="113.83262436382768">
        <ele>7.800000190734863</ele>
        <time>2026-05-10T01:01:55Z</time>
        <extensions>
          <gpxtpx:TrackPointExtension>
            <gpxtpx:hr>139</gpxtpx:hr>
          </gpxtpx:TrackPointExtension>
        </extensions>
      </trkpt>
      <trkpt lat="22.625681245032638" lon="113.83259828969929">
        <ele>8.0</ele>
        <time>2026-05-10T01:01:59Z</time>
        <extensions>
          <gpxtpx:TrackPointExtension>
            <gpxtpx:hr>142</gpxtpx:hr>
          </gpxtpx:TrackPointExtension>
        </extensions>
      </trkpt>
      <trkpt lat="22.625749201893875" lon="113.83258123996954">
        <ele>8.0</ele>
        <time>2026-05-10T01:02:03Z</time>
        <extensions>
          <gpxtpx:TrackPointExtension>
            <gpxtpx:hr>144</gpxtpx:hr>
          </gpxtpx:TrackPointExtension>
        </extensions>
      </trkpt>
      <trkpt lat="22.625822144881223" lon="113.83255717123477">
        <ele>8.0</ele>
        <time>2026-05-10T01:02:07Z</time>
        <extensions>
          <gpxtpx:TrackPointExtension>
            <gpxtpx:hr>148</gpxtpx:hr>
          </gpxtpx:TrackPointExtension>
        </extensions>
      </trkpt>
      <trkpt lat="22.625905086160273" lon="113.83253310185415">
        <ele>7.800000190734863</ele>
        <time>2026-05-10T01:02:11Z</time>
        <extensions>
          <gpxtpx:TrackPointExtension>
            <gpxtpx:hr>150</gpxtpx:hr>
          </gpxtpx:TrackPointExtension>
        </extensions>
      </trkpt>
      <trkpt lat="22.62598405042641" lon="113.83252106475629">
        <ele>8.0</ele>
        <time>2026-05-10T01:02:15Z</time>
        <extensions>
          <gpxtpx:TrackPointExtension>
            <gpxtpx:hr>150</gpxtpx:hr>
          </gpxtpx:TrackPointExtension>
        </extensions>
      </trkpt>
      <trkpt lat="22.626059007923303" lon="113.83250501723694">
        <ele>8.199999809265137</ele>
        <time>2026-05-10T01:02:19Z</time>
        <extensions>
          <gpxtpx:TrackPointExtension>
            <gpxtpx:hr>150</gpxtpx:hr>
          </gpxtpx:TrackPointExtension>
        </extensions>
      </trkpt>
      <trkpt lat="22.626130958480605" lon="113.83248495923054">
        <ele>8.0</ele>
        <time>2026-05-10T01:02:23Z</time>
        <extensions>
          <gpxtpx:TrackPointExtension>
            <gpxtpx:hr>152</gpxtpx:hr>
          </gpxtpx:TrackPointExtension>
        </extensions>
      </trkpt>
      <trkpt lat="22.62620491799029" lon="113.83246991444058">
        <ele>8.0</ele>
        <time>2026-05-10T01:02:27Z</time>
        <extensions>
          <gpxtpx:TrackPointExtension>
            <gpxtpx:hr>151</gpxtpx:hr>
          </gpxtpx:TrackPointExtension>
        </extensions>
      </trkpt>
      <trkpt lat="22.626273878342687" lon="113.83245486996975">
        <ele>8.0</ele>
        <time>2026-05-10T01:02:31Z</time>
        <extensions>
          <gpxtpx:TrackPointExtension>
            <gpxtpx:hr>149</gpxtpx:hr>
          </gpxtpx:TrackPointExtension>
        </extensions>
      </trkpt>
      <trkpt lat="22.626339826174235" lon="113.83243280700134">
        <ele>8.0</ele>
        <time>2026-05-10T01:02:35Z</time>
        <extensions>
          <gpxtpx:TrackPointExtension>
            <gpxtpx:hr>146</gpxtpx:hr>
          </gpxtpx:TrackPointExtension>
        </extensions>
      </trkpt>
      <trkpt lat="22.62640774946523" lon="113.83239770919101">
        <ele>8.0</ele>
        <time>2026-05-10T01:02:39Z</time>
        <extensions>
          <gpxtpx:TrackPointExtension>
            <gpxtpx:hr>146</gpxtpx:hr>
          </gpxtpx:TrackPointExtension>
        </extensions>
      </trkpt>
      <trkpt lat="22.626460656686458" lon="113.8323525856309">
        <ele>8.0</ele>
        <time>2026-05-10T01:02:43Z</time>
        <extensions>
          <gpxtpx:TrackPointExtension>
            <gpxtpx:hr>147</gpxtpx:hr>
          </gpxtpx:TrackPointExtension>
        </extensions>
      </trkpt>
      <trkpt lat="22.62651657268564" lon="113.83231247521718">
        <ele>7.800000190734863</ele>
        <time>2026-05-10T01:02:47Z</time>
        <extensions>
          <gpxtpx:TrackPointExtension>
            <gpxtpx:hr>143</gpxtpx:hr>
          </gpxtpx:TrackPointExtension>
        </extensions>
      </trkpt>
      <trkpt lat="22.62659857359216" lon="113.83232049132079">
        <ele>7.599999904632568</ele>
        <time>2026-05-10T01:02:51Z</time>
        <extensions>
          <gpxtpx:TrackPointExtension>
            <gpxtpx:hr>144</gpxtpx:hr>
          </gpxtpx:TrackPointExtension>
        </extensions>
      </trkpt>
      <trkpt lat="22.626675525083257" lon="113.83230143563742">
        <ele>7.599999904632568</ele>
        <time>2026-05-10T01:02:55Z</time>
        <extensions>
          <gpxtpx:TrackPointExtension>
            <gpxtpx:hr>144</gpxtpx:hr>
          </gpxtpx:TrackPointExtension>
        </extensions>
      </trkpt>
      <trkpt lat="22.626741467272645" lon="113.83227636463191">
        <ele>7.599999904632568</ele>
        <time>2026-05-10T01:02:59Z</time>
        <extensions>
          <gpxtpx:TrackPointExtension>
            <gpxtpx:hr>145</gpxtpx:hr>
          </gpxtpx:TrackPointExtension>
        </extensions>
      </trkpt>
      <trkpt lat="22.62680049629026" lon="113.83229741693384">
        <ele>7.599999904632568</ele>
        <time>2026-05-10T01:03:03Z</time>
        <extensions>
          <gpxtpx:TrackPointExtension>
            <gpxtpx:hr>146</gpxtpx:hr>
          </gpxtpx:TrackPointExtension>
        </extensions>
      </trkpt>
      <trkpt lat="22.626873489399873" lon="113.83230042026209">
        <ele>7.800000190734863</ele>
        <time>2026-05-10T01:03:07Z</time>
        <extensions>
          <gpxtpx:TrackPointExtension>
            <gpxtpx:hr>146</gpxtpx:hr>
          </gpxtpx:TrackPointExtension>
        </extensions>
      </trkpt>
      <trkpt lat="22.62694543985583" lon="113.8322803622258">
        <ele>8.0</ele>
        <time>2026-05-10T01:03:11Z</time>
        <extensions>
          <gpxtpx:TrackPointExtension>
            <gpxtpx:hr>147</gpxtpx:hr>
          </gpxtpx:TrackPointExtension>
        </extensions>
      </trkpt>
      <trkpt lat="22.627014396401538" lon="113.83226331239221">
        <ele>8.0</ele>
        <time>2026-05-10T01:03:15Z</time>
        <extensions>
          <gpxtpx:TrackPointExtension>
            <gpxtpx:hr>140</gpxtpx:hr>
          </gpxtpx:TrackPointExtension>
        </extensions>
      </trkpt>
      <trkpt lat="22.627085347010983" lon="113.83224325441476">
        <ele>8.0</ele>
        <time>2026-05-10T01:03:19Z</time>
        <extensions>
          <gpxtpx:TrackPointExtension>
            <gpxtpx:hr>134</gpxtpx:hr>
          </gpxtpx:TrackPointExtension>
        </extensions>
      </trkpt>
      <trkpt lat="22.62714929881036" lon="113.8322231968836">
        <ele>8.0</ele>
        <time>2026-05-10T01:03:23Z</time>
        <extensions>
          <gpxtpx:TrackPointExtension>
            <gpxtpx:hr>135</gpxtpx:hr>
          </gpxtpx:TrackPointExtension>
        </extensions>
      </trkpt>
      <trkpt lat="22.627220236366142" lon="113.83219612020021">
        <ele>7.800000190734863</ele>
        <time>2026-05-10T01:03:27Z</time>
        <extensions>
          <gpxtpx:TrackPointExtension>
            <gpxtpx:hr>140</gpxtpx:hr>
          </gpxtpx:TrackPointExtension>
        </extensions>
      </trkpt>
      <trkpt lat="22.62730119268353" lon="113.83218007225796">
        <ele>7.800000190734863</ele>
        <time>2026-05-10T01:03:31Z</time>
        <extensions>
          <gpxtpx:TrackPointExtension>
            <gpxtpx:hr>142</gpxtpx:hr>
          </gpxtpx:TrackPointExtension>
        </extensions>
      </trkpt>
      <trkpt lat="22.627371137839965" lon="113.83215700631756">
        <ele>7.800000190734863</ele>
        <time>2026-05-10T01:03:35Z</time>
        <extensions>
          <gpxtpx:TrackPointExtension>
            <gpxtpx:hr>142</gpxtpx:hr>
          </gpxtpx:TrackPointExtension>
        </extensions>
      </trkpt>
      <trkpt lat="22.627434104678276" lon="113.83214497021329">
        <ele>7.800000190734863</ele>
        <time>2026-05-10T01:03:39Z</time>
        <extensions>
          <gpxtpx:TrackPointExtension>
            <gpxtpx:hr>142</gpxtpx:hr>
          </gpxtpx:TrackPointExtension>
        </extensions>
      </trkpt>
      <trkpt lat="22.6275030742061" lon="113.83213493906683">
        <ele>7.800000190734863</ele>
        <time>2026-05-10T01:03:43Z</time>
        <extensions>
          <gpxtpx:TrackPointExtension>
            <gpxtpx:hr>143</gpxtpx:hr>
          </gpxtpx:TrackPointExtension>
        </extensions>
      </trkpt>
      <trkpt lat="22.627577035417" lon="113.83212089691078">
        <ele>7.800000190734863</ele>
        <time>2026-05-10T01:03:47Z</time>
        <extensions>
          <gpxtpx:TrackPointExtension>
            <gpxtpx:hr>140</gpxtpx:hr>
          </gpxtpx:TrackPointExtension>
        </extensions>
      </trkpt>
      <trkpt lat="22.627653977474033" lon="113.83209682783938">
        <ele>7.599999904632568</ele>
        <time>2026-05-10T01:03:51Z</time>
        <extensions>
          <gpxtpx:TrackPointExtension>
            <gpxtpx:hr>139</gpxtpx:hr>
          </gpxtpx:TrackPointExtension>
        </extensions>
      </trkpt>
      <trkpt lat="22.62772693138689" lon="113.83207877505455">
        <ele>7.599999904632568</ele>
        <time>2026-05-10T01:03:55Z</time>
        <extensions>
          <gpxtpx:TrackPointExtension>
            <gpxtpx:hr>142</gpxtpx:hr>
          </gpxtpx:TrackPointExtension>
        </extensions>
      </trkpt>
      <trkpt lat="22.627791888530762" lon="113.83206172545323">
        <ele>7.599999904632568</ele>
        <time>2026-05-10T01:03:59Z</time>
        <extensions>
          <gpxtpx:TrackPointExtension>
            <gpxtpx:hr>142</gpxtpx:hr>
          </gpxtpx:TrackPointExtension>
        </extensions>
      </trkpt>
      <trkpt lat="22.627872829869037" lon="113.83203765611516">
        <ele>7.599999904632568</ele>
        <time>2026-05-10T01:04:03Z</time>
        <extensions>
          <gpxtpx:TrackPointExtension>
            <gpxtpx:hr>146</gpxtpx:hr>
          </gpxtpx:TrackPointExtension>
        </extensions>
      </trkpt>
      <trkpt lat="22.62795777050626" lon="113.8320135865164">
        <ele>7.599999904632568</ele>
        <time>2026-05-10T01:04:07Z</time>
        <extensions>
          <gpxtpx:TrackPointExtension>
            <gpxtpx:hr>146</gpxtpx:hr>
          </gpxtpx:TrackPointExtension>
        </extensions>
      </trkpt>
      <trkpt lat="22.628027726762394" lon="113.83199653658646">
        <ele>7.800000190734863</ele>
        <time>2026-05-10T01:04:11Z</time>
        <extensions>
          <gpxtpx:TrackPointExtension>
            <gpxtpx:hr>144</gpxtpx:hr>
          </gpxtpx:TrackPointExtension>
        </extensions>
      </trkpt>
      <trkpt lat="22.628100684357126" lon="113.83198048913496">
        <ele>7.800000190734863</ele>
        <time>2026-05-10T01:04:15Z</time>
        <extensions>
          <gpxtpx:TrackPointExtension>
            <gpxtpx:hr>142</gpxtpx:hr>
          </gpxtpx:TrackPointExtension>
        </extensions>
      </trkpt>
      <trkpt lat="22.62817164601657" lon="113.8319664471562">
        <ele>7.599999904632568</ele>
        <time>2026-05-10T01:04:19Z</time>
        <extensions>
          <gpxtpx:TrackPointExtension>
            <gpxtpx:hr>141</gpxtpx:hr>
          </gpxtpx:TrackPointExtension>
        </extensions>
      </trkpt>
      <trkpt lat="22.62824558478145" lon="113.83194037290494">
        <ele>7.599999904632568</ele>
        <time>2026-05-10T01:04:23Z</time>
        <extensions>
          <gpxtpx:TrackPointExtension>
            <gpxtpx:hr>139</gpxtpx:hr>
          </gpxtpx:TrackPointExtension>
        </extensions>
      </trkpt>
      <trkpt lat="22.62830953831201" lon="113.83192131800466">
        <ele>7.599999904632568</ele>
        <time>2026-05-10T01:04:27Z</time>
        <extensions>
          <gpxtpx:TrackPointExtension>
            <gpxtpx:hr>139</gpxtpx:hr>
          </gpxtpx:TrackPointExtension>
        </extensions>
      </trkpt>
      <trkpt lat="22.628374486069056" lon="113.83189925501712">
        <ele>7.400000095367432</ele>
        <time>2026-05-10T01:04:31Z</time>
        <extensions>
          <gpxtpx:TrackPointExtension>
            <gpxtpx:hr>142</gpxtpx:hr>
          </gpxtpx:TrackPointExtension>
        </extensions>
      </trkpt>
      <trkpt lat="22.628456427149906" lon="113.8318751855879">
        <ele>7.199999809265137</ele>
        <time>2026-05-10T01:04:35Z</time>
        <extensions>
          <gpxtpx:TrackPointExtension>
            <gpxtpx:hr>142</gpxtpx:hr>
          </gpxtpx:TrackPointExtension>
        </extensions>
      </trkpt>
      <trkpt lat="22.628532354338063" lon="113.83184309514868">
        <ele>7.199999809265137</ele>
        <time>2026-05-10T01:04:39Z</time>
        <extensions>
          <gpxtpx:TrackPointExtension>
            <gpxtpx:hr>142</gpxtpx:hr>
          </gpxtpx:TrackPointExtension>
        </extensions>
      </trkpt>
      <trkpt lat="22.628610299816074" lon="113.83182103131513">
        <ele>7.400000095367432</ele>
        <time>2026-05-10T01:04:43Z</time>
        <extensions>
          <gpxtpx:TrackPointExtension>
            <gpxtpx:hr>142</gpxtpx:hr>
          </gpxtpx:TrackPointExtension>
        </extensions>
      </trkpt>
      <trkpt lat="22.62868527004877" lon="113.83181200243494">
        <ele>7.400000095367432</ele>
        <time>2026-05-10T01:04:47Z</time>
        <extensions>
          <gpxtpx:TrackPointExtension>
            <gpxtpx:hr>143</gpxtpx:hr>
          </gpxtpx:TrackPointExtension>
        </extensions>
      </trkpt>
      <trkpt lat="22.628753220970264" lon="113.83179194458702">
        <ele>7.400000095367432</ele>
        <time>2026-05-10T01:04:51Z</time>
        <extensions>
          <gpxtpx:TrackPointExtension>
            <gpxtpx:hr>143</gpxtpx:hr>
          </gpxtpx:TrackPointExtension>
        </extensions>
      </trkpt>
      <trkpt lat="22.62882014967258" lon="113.8317598547074">
        <ele>7.400000095367432</ele>
        <time>2026-05-10T01:04:55Z</time>
        <extensions>
          <gpxtpx:TrackPointExtension>
            <gpxtpx:hr>142</gpxtpx:hr>
          </gpxtpx:TrackPointExtension>
        </extensions>
      </trkpt>
      <trkpt lat="22.628893088515607" lon="113.83173378048383">
        <ele>7.400000095367432</ele>
        <time>2026-05-10T01:04:59Z</time>
        <extensions>
          <gpxtpx:TrackPointExtension>
            <gpxtpx:hr>141</gpxtpx:hr>
          </gpxtpx:TrackPointExtension>
        </extensions>
      </trkpt>
      <trkpt lat="22.628961039409283" lon="113.83171372262538">
        <ele>7.400000095367432</ele>
        <time>2026-05-10T01:05:03Z</time>
        <extensions>
          <gpxtpx:TrackPointExtension>
            <gpxtpx:hr>140</gpxtpx:hr>
          </gpxtpx:TrackPointExtension>
        </extensions>
      </trkpt>
      <trkpt lat="22.62902797740719" lon="113.83168664610392">
        <ele>7.199999809265137</ele>
        <time>2026-05-10T01:05:07Z</time>
        <extensions>
          <gpxtpx:TrackPointExtension>
            <gpxtpx:hr>142</gpxtpx:hr>
          </gpxtpx:TrackPointExtension>
        </extensions>
      </trkpt>
      <trkpt lat="22.62908389864372" lon="113.83164954353198">
        <ele>7.199999809265137</ele>
        <time>2026-05-10T01:05:11Z</time>
        <extensions>
          <gpxtpx:TrackPointExtension>
            <gpxtpx:hr>143</gpxtpx:hr>
          </gpxtpx:TrackPointExtension>
        </extensions>
      </trkpt>
      <trkpt lat="22.629148823903034" lon="113.83161544839967">
        <ele>7.199999809265137</ele>
        <time>2026-05-10T01:05:15Z</time>
        <extensions>
          <gpxtpx:TrackPointExtension>
            <gpxtpx:hr>145</gpxtpx:hr>
          </gpxtpx:TrackPointExtension>
        </extensions>
      </trkpt>
      <trkpt lat="22.6292177895176" lon="113.83160341186554">
        <ele>7.199999809265137</ele>
        <time>2026-05-10T01:05:19Z</time>
        <extensions>
          <gpxtpx:TrackPointExtension>
            <gpxtpx:hr>143</gpxtpx:hr>
          </gpxtpx:TrackPointExtension>
        </extensions>
      </trkpt>
      <trkpt lat="22.62929373710933" lon="113.8315823508007">
        <ele>7.0</ele>
        <time>2026-05-10T01:05:23Z</time>
        <extensions>
          <gpxtpx:TrackPointExtension>
            <gpxtpx:hr>142</gpxtpx:hr>
          </gpxtpx:TrackPointExtension>
        </extensions>
      </trkpt>
      <trkpt lat="22.629362704575758" lon="113.83157131693962">
        <ele>7.0</ele>
        <time>2026-05-10T01:05:27Z</time>
        <extensions>
          <gpxtpx:TrackPointExtension>
            <gpxtpx:hr>143</gpxtpx:hr>
          </gpxtpx:TrackPointExtension>
        </extensions>
      </trkpt>
      <trkpt lat="22.629437637389124" lon="113.83154223452756">
        <ele>7.0</ele>
        <time>2026-05-10T01:05:31Z</time>
        <extensions>
          <gpxtpx:TrackPointExtension>
            <gpxtpx:hr>147</gpxtpx:hr>
          </gpxtpx:TrackPointExtension>
        </extensions>
      </trkpt>
      <trkpt lat="22.629506595505884" lon="113.83152618728363">
        <ele>7.0</ele>
        <time>2026-05-10T01:05:35Z</time>
        <extensions>
          <gpxtpx:TrackPointExtension>
            <gpxtpx:hr>146</gpxtpx:hr>
          </gpxtpx:TrackPointExtension>
        </extensions>
      </trkpt>
      <trkpt lat="22.62956654958194" lon="113.83150713258733">
        <ele>7.0</ele>
        <time>2026-05-10T01:05:39Z</time>
        <extensions>
          <gpxtpx:TrackPointExtension>
            <gpxtpx:hr>146</gpxtpx:hr>
          </gpxtpx:TrackPointExtension>
        </extensions>
      </trkpt>
      <trkpt lat="22.629634470513476" lon="113.83147103187815">
        <ele>7.0</ele>
        <time>2026-05-10T01:05:43Z</time>
        <extensions>
          <gpxtpx:TrackPointExtension>
            <gpxtpx:hr>146</gpxtpx:hr>
          </gpxtpx:TrackPointExtension>
        </extensions>
      </trkpt>
      <trkpt lat="22.62969940876171" lon="113.83144395544214">
        <ele>7.199999809265137</ele>
        <time>2026-05-10T01:05:47Z</time>
        <extensions>
          <gpxtpx:TrackPointExtension>
            <gpxtpx:hr>147</gpxtpx:hr>
          </gpxtpx:TrackPointExtension>
        </extensions>
      </trkpt>
      <trkpt lat="22.62976035516846" lon="113.83142088996495">
        <ele>7.199999809265137</ele>
        <time>2026-05-10T01:05:51Z</time>
        <extensions>
          <gpxtpx:TrackPointExtension>
            <gpxtpx:hr>143</gpxtpx:hr>
          </gpxtpx:TrackPointExtension>
        </extensions>
      </trkpt>
      <trkpt lat="22.629817285454898" lon="113.83138880064948">
        <ele>7.199999809265137</ele>
        <time>2026-05-10T01:05:55Z</time>
        <extensions>
          <gpxtpx:TrackPointExtension>
            <gpxtpx:hr>143</gpxtpx:hr>
          </gpxtpx:TrackPointExtension>
        </extensions>
      </trkpt>
      <trkpt lat="22.629880209078944" lon="113.83135370291109">
        <ele>7.199999809265137</ele>
        <time>2026-05-10T01:05:59Z</time>
        <extensions>
          <gpxtpx:TrackPointExtension>
            <gpxtpx:hr>143</gpxtpx:hr>
          </gpxtpx:TrackPointExtension>
        </extensions>
      </trkpt>
      <trkpt lat="22.629931136654484" lon="113.83131960861255">
        <ele>7.199999809265137</ele>
        <time>2026-05-10T01:06:03Z</time>
        <extensions>
          <gpxtpx:TrackPointExtension>
            <gpxtpx:hr>143</gpxtpx:hr>
          </gpxtpx:TrackPointExtension>
        </extensions>
      </trkpt>
      <trkpt lat="22.62999005721601" lon="113.83128250576061">
        <ele>7.199999809265137</ele>
        <time>2026-05-10T01:06:07Z</time>
        <extensions>
          <gpxtpx:TrackPointExtension>
            <gpxtpx:hr>143</gpxtpx:hr>
          </gpxtpx:TrackPointExtension>
        </extensions>
      </trkpt>
      <trkpt lat="22.63006094950326" lon="113.83123136464042">
        <ele>7.199999809265137</ele>
        <time>2026-05-10T01:06:11Z</time>
        <extensions>
          <gpxtpx:TrackPointExtension>
            <gpxtpx:hr>143</gpxtpx:hr>
          </gpxtpx:TrackPointExtension>
        </extensions>
      </trkpt>
      <trkpt lat="22.630125827863367" lon="113.83117220246365">
        <ele>7.199999809265137</ele>
        <time>2026-05-10T01:06:15Z</time>
        <extensions>
          <gpxtpx:TrackPointExtension>
            <gpxtpx:hr>144</gpxtpx:hr>
          </gpxtpx:TrackPointExtension>
        </extensions>
      </trkpt>
      <trkpt lat="22.630187689894292" lon="113.83110401635061">
        <ele>7.199999809265137</ele>
        <time>2026-05-10T01:06:19Z</time>
        <extensions>
          <gpxtpx:TrackPointExtension>
            <gpxtpx:hr>146</gpxtpx:hr>
          </gpxtpx:TrackPointExtension>
        </extensions>
      </trkpt>
      <trkpt lat="22.630247561591933" lon="113.83104084373298">
        <ele>7.199999809265137</ele>
        <time>2026-05-10T01:06:23Z</time>
        <extensions>
          <gpxtpx:TrackPointExtension>
            <gpxtpx:hr>147</gpxtpx:hr>
          </gpxtpx:TrackPointExtension>
        </extensions>
      </trkpt>
      <trkpt lat="22.63028545394652" lon="113.83098669661801">
        <ele>7.199999809265137</ele>
        <time>2026-05-10T01:06:27Z</time>
        <extensions>
          <gpxtpx:TrackPointExtension>
            <gpxtpx:hr>148</gpxtpx:hr>
          </gpxtpx:TrackPointExtension>
        </extensions>
      </trkpt>
      <trkpt lat="22.630362416145417" lon="113.83097365684291">
        <ele>7.0</ele>
        <time>2026-05-10T01:06:31Z</time>
        <extensions>
          <gpxtpx:TrackPointExtension>
            <gpxtpx:hr>147</gpxtpx:hr>
          </gpxtpx:TrackPointExtension>
        </extensions>
      </trkpt>
      <trkpt lat="22.630428324144134" lon="113.83093053738546">
        <ele>7.0</ele>
        <time>2026-05-10T01:06:35Z</time>
        <extensions>
          <gpxtpx:TrackPointExtension>
            <gpxtpx:hr>146</gpxtpx:hr>
          </gpxtpx:TrackPointExtension>
        </extensions>
      </trkpt>
      <trkpt lat="22.630494222770995" lon="113.83088240451727">
        <ele>7.199999809265137</ele>
        <time>2026-05-10T01:06:39Z</time>
        <extensions>
          <gpxtpx:TrackPointExtension>
            <gpxtpx:hr>146</gpxtpx:hr>
          </gpxtpx:TrackPointExtension>
        </extensions>
      </trkpt>
      <trkpt lat="22.630563130208834" lon="113.83083928484396">
        <ele>7.199999809265137</ele>
        <time>2026-05-10T01:06:43Z</time>
        <extensions>
          <gpxtpx:TrackPointExtension>
            <gpxtpx:hr>146</gpxtpx:hr>
          </gpxtpx:TrackPointExtension>
        </extensions>
      </trkpt>
      <trkpt lat="22.630612033653193" lon="113.83079215572192">
        <ele>7.0</ele>
        <time>2026-05-10T01:06:47Z</time>
        <extensions>
          <gpxtpx:TrackPointExtension>
            <gpxtpx:hr>146</gpxtpx:hr>
          </gpxtpx:TrackPointExtension>
        </extensions>
      </trkpt>
      <trkpt lat="22.63068297627074" lon="113.83076808683036">
        <ele>7.199999809265137</ele>
        <time>2026-05-10T01:06:51Z</time>
        <extensions>
          <gpxtpx:TrackPointExtension>
            <gpxtpx:hr>146</gpxtpx:hr>
          </gpxtpx:TrackPointExtension>
        </extensions>
      </trkpt>
      <trkpt lat="22.630746901389077" lon="113.83073399157692">
        <ele>7.400000095367432</ele>
        <time>2026-05-10T01:06:55Z</time>
        <extensions>
          <gpxtpx:TrackPointExtension>
            <gpxtpx:hr>145</gpxtpx:hr>
          </gpxtpx:TrackPointExtension>
        </extensions>
      </trkpt>
      <trkpt lat="22.630811805725735" lon="113.83068886676108">
        <ele>7.400000095367432</ele>
        <time>2026-05-10T01:06:59Z</time>
        <extensions>
          <gpxtpx:TrackPointExtension>
            <gpxtpx:hr>147</gpxtpx:hr>
          </gpxtpx:TrackPointExtension>
        </extensions>
      </trkpt>
      <trkpt lat="22.63087770986937" lon="113.83064374186941">
        <ele>7.400000095367432</ele>
        <time>2026-05-10T01:07:03Z</time>
        <extensions>
          <gpxtpx:TrackPointExtension>
            <gpxtpx:hr>149</gpxtpx:hr>
          </gpxtpx:TrackPointExtension>
        </extensions>
      </trkpt>
      <trkpt lat="22.630926616985573" lon="113.83059861805764">
        <ele>7.599999904632568</ele>
        <time>2026-05-10T01:07:07Z</time>
        <extensions>
          <gpxtpx:TrackPointExtension>
            <gpxtpx:hr>148</gpxtpx:hr>
          </gpxtpx:TrackPointExtension>
        </extensions>
      </trkpt>
      <trkpt lat="22.630965514607862" lon="113.83054747878532">
        <ele>7.599999904632568</ele>
        <time>2026-05-10T01:07:11Z</time>
        <extensions>
          <gpxtpx:TrackPointExtension>
            <gpxtpx:hr>146</gpxtpx:hr>
          </gpxtpx:TrackPointExtension>
        </extensions>
      </trkpt>
      <trkpt lat="22.63102945464568" lon="113.83052140494546">
        <ele>7.599999904632568</ele>
        <time>2026-05-10T01:07:15Z</time>
        <extensions>
          <gpxtpx:TrackPointExtension>
            <gpxtpx:hr>144</gpxtpx:hr>
          </gpxtpx:TrackPointExtension>
        </extensions>
      </trkpt>
      <trkpt lat="22.631085379222633" lon="113.83048630747574">
        <ele>7.599999904632568</ele>
        <time>2026-05-10T01:07:19Z</time>
        <extensions>
          <gpxtpx:TrackPointExtension>
            <gpxtpx:hr>141</gpxtpx:hr>
          </gpxtpx:TrackPointExtension>
        </extensions>
      </trkpt>
      <trkpt lat="22.63114529184237" lon="113.83044519364776">
        <ele>7.599999904632568</ele>
        <time>2026-05-10T01:07:23Z</time>
        <extensions>
          <gpxtpx:TrackPointExtension>
            <gpxtpx:hr>139</gpxtpx:hr>
          </gpxtpx:TrackPointExtension>
        </extensions>
      </trkpt>
      <trkpt lat="22.63121320116449" lon="113.83040307661415">
        <ele>7.599999904632568</ele>
        <time>2026-05-10T01:07:27Z</time>
        <extensions>
          <gpxtpx:TrackPointExtension>
            <gpxtpx:hr>139</gpxtpx:hr>
          </gpxtpx:TrackPointExtension>
        </extensions>
      </trkpt>
      <trkpt lat="22.631281123589634" lon="113.83036797835096">
        <ele>7.800000190734863</ele>
        <time>2026-05-10T01:07:31Z</time>
        <extensions>
          <gpxtpx:TrackPointExtension>
            <gpxtpx:hr>141</gpxtpx:hr>
          </gpxtpx:TrackPointExtension>
        </extensions>
      </trkpt>
      <trkpt lat="22.631341049287435" lon="113.83033388327777">
        <ele>7.800000190734863</ele>
        <time>2026-05-10T01:07:35Z</time>
        <extensions>
          <gpxtpx:TrackPointExtension>
            <gpxtpx:hr>142</gpxtpx:hr>
          </gpxtpx:TrackPointExtension>
        </extensions>
      </trkpt>
      <trkpt lat="22.631388973342514" lon="113.83029778360235">
        <ele>7.800000190734863</ele>
        <time>2026-05-10T01:07:39Z</time>
        <extensions>
          <gpxtpx:TrackPointExtension>
            <gpxtpx:hr>141</gpxtpx:hr>
          </gpxtpx:TrackPointExtension>
        </extensions>
      </trkpt>
      <trkpt lat="22.63146892548294" lon="113.83027973016607">
        <ele>7.800000190734863</ele>
        <time>2026-05-10T01:07:43Z</time>
        <extensions>
          <gpxtpx:TrackPointExtension>
            <gpxtpx:hr>143</gpxtpx:hr>
          </gpxtpx:TrackPointExtension>
        </extensions>
      </trkpt>
      <trkpt lat="22.631532827945932" lon="113.83023360261707">
        <ele>7.800000190734863</ele>
        <time>2026-05-10T01:07:47Z</time>
        <extensions>
          <gpxtpx:TrackPointExtension>
            <gpxtpx:hr>142</gpxtpx:hr>
          </gpxtpx:TrackPointExtension>
        </extensions>
      </trkpt>
      <trkpt lat="22.63158673965917" lon="113.83019148643415">
        <ele>7.800000190734863</ele>
        <time>2026-05-10T01:07:51Z</time>
        <extensions>
          <gpxtpx:TrackPointExtension>
            <gpxtpx:hr>142</gpxtpx:hr>
          </gpxtpx:TrackPointExtension>
        </extensions>
      </trkpt>
      <trkpt lat="22.631643654579463" lon="113.83015137541723">
        <ele>7.800000190734863</ele>
        <time>2026-05-10T01:07:55Z</time>
        <extensions>
          <gpxtpx:TrackPointExtension>
            <gpxtpx:hr>141</gpxtpx:hr>
          </gpxtpx:TrackPointExtension>
        </extensions>
      </trkpt>
      <trkpt lat="22.631706566550577" lon="113.83011026132233">
        <ele>7.800000190734863</ele>
        <time>2026-05-10T01:07:59Z</time>
        <extensions>
          <gpxtpx:TrackPointExtension>
            <gpxtpx:hr>141</gpxtpx:hr>
          </gpxtpx:TrackPointExtension>
        </extensions>
      </trkpt>
      <trkpt lat="22.631772491107135" lon="113.83007616581695">
        <ele>7.800000190734863</ele>
        <time>2026-05-10T01:08:03Z</time>
        <extensions>
          <gpxtpx:TrackPointExtension>
            <gpxtpx:hr>142</gpxtpx:hr>
          </gpxtpx:TrackPointExtension>
        </extensions>
      </trkpt>
      <trkpt lat="22.631842384928955" lon="113.8300260270945">
        <ele>7.800000190734863</ele>
        <time>2026-05-10T01:08:07Z</time>
        <extensions>
          <gpxtpx:TrackPointExtension>
            <gpxtpx:hr>142</gpxtpx:hr>
          </gpxtpx:TrackPointExtension>
        </extensions>
      </trkpt>
      <trkpt lat="22.631896290945267" lon="113.8299809028112">
        <ele>7.800000190734863</ele>
        <time>2026-05-10T01:08:11Z</time>
        <extensions>
          <gpxtpx:TrackPointExtension>
            <gpxtpx:hr>143</gpxtpx:hr>
          </gpxtpx:TrackPointExtension>
        </extensions>
      </trkpt>
      <trkpt lat="22.631953192662785" lon="113.82993377295456">
        <ele>7.800000190734863</ele>
        <time>2026-05-10T01:08:15Z</time>
        <extensions>
          <gpxtpx:TrackPointExtension>
            <gpxtpx:hr>146</gpxtpx:hr>
          </gpxtpx:TrackPointExtension>
        </extensions>
      </trkpt>
      <trkpt lat="22.632016102685068" lon="113.82989165612814">
        <ele>7.800000190734863</ele>
        <time>2026-05-10T01:08:19Z</time>
        <extensions>
          <gpxtpx:TrackPointExtension>
            <gpxtpx:hr>146</gpxtpx:hr>
          </gpxtpx:TrackPointExtension>
        </extensions>
      </trkpt>
      <trkpt lat="22.632077007416783" lon="113.82984653136451">
        <ele>7.800000190734863</ele>
        <time>2026-05-10T01:08:23Z</time>
        <extensions>
          <gpxtpx:TrackPointExtension>
            <gpxtpx:hr>146</gpxtpx:hr>
          </gpxtpx:TrackPointExtension>
        </extensions>
      </trkpt>
      <trkpt lat="22.632159911986044" lon="113.82980341054939">
        <ele>7.599999904632568</ele>
        <time>2026-05-10T01:08:27Z</time>
        <extensions>
          <gpxtpx:TrackPointExtension>
            <gpxtpx:hr>146</gpxtpx:hr>
          </gpxtpx:TrackPointExtension>
        </extensions>
      </trkpt>
      <trkpt lat="22.632213846088945" lon="113.82977332650516">
        <ele>7.599999904632568</ele>
        <time>2026-05-10T01:08:31Z</time>
        <extensions>
          <gpxtpx:TrackPointExtension>
            <gpxtpx:hr>145</gpxtpx:hr>
          </gpxtpx:TrackPointExtension>
        </extensions>
      </trkpt>
      <trkpt lat="22.6322707758961" lon="113.8297412368916">
        <ele>7.599999904632568</ele>
        <time>2026-05-10T01:08:35Z</time>
        <extensions>
          <gpxtpx:TrackPointExtension>
            <gpxtpx:hr>142</gpxtpx:hr>
          </gpxtpx:TrackPointExtension>
        </extensions>
      </trkpt>
      <trkpt lat="22.632340697752515" lon="113.82970613837921">
        <ele>7.599999904632568</ele>
        <time>2026-05-10T01:08:39Z</time>
        <extensions>
          <gpxtpx:TrackPointExtension>
            <gpxtpx:hr>142</gpxtpx:hr>
          </gpxtpx:TrackPointExtension>
        </extensions>
      </trkpt>
      <trkpt lat="22.6323946186833" lon="113.8296690355155">
        <ele>7.599999904632568</ele>
        <time>2026-05-10T01:08:43Z</time>
        <extensions>
          <gpxtpx:TrackPointExtension>
            <gpxtpx:hr>141</gpxtpx:hr>
          </gpxtpx:TrackPointExtension>
        </extensions>
      </trkpt>
      <trkpt lat="22.632452531380284" lon="113.82962792164162">
        <ele>7.599999904632568</ele>
        <time>2026-05-10T01:08:47Z</time>
        <extensions>
          <gpxtpx:TrackPointExtension>
            <gpxtpx:hr>141</gpxtpx:hr>
          </gpxtpx:TrackPointExtension>
        </extensions>
      </trkpt>
      <trkpt lat="22.632510485386135" lon="113.82960886686912">
        <ele>7.599999904632568</ele>
        <time>2026-05-10T01:08:51Z</time>
        <extensions>
          <gpxtpx:TrackPointExtension>
            <gpxtpx:hr>141</gpxtpx:hr>
          </gpxtpx:TrackPointExtension>
        </extensions>
      </trkpt>
      <trkpt lat="22.63257840755413" lon="113.82957376846258">
        <ele>7.599999904632568</ele>
        <time>2026-05-10T01:08:55Z</time>
        <extensions>
          <gpxtpx:TrackPointExtension>
            <gpxtpx:hr>139</gpxtpx:hr>
          </gpxtpx:TrackPointExtension>
        </extensions>
      </trkpt>
      <trkpt lat="22.63263931968448" lon="113.82953265437718">
        <ele>7.599999904632568</ele>
        <time>2026-05-10T01:08:59Z</time>
        <extensions>
          <gpxtpx:TrackPointExtension>
            <gpxtpx:hr>139</gpxtpx:hr>
          </gpxtpx:TrackPointExtension>
        </extensions>
      </trkpt>
      <trkpt lat="22.632703231267783" lon="113.82949154009106">
        <ele>7.599999904632568</ele>
        <time>2026-05-10T01:09:03Z</time>
        <extensions>
          <gpxtpx:TrackPointExtension>
            <gpxtpx:hr>142</gpxtpx:hr>
          </gpxtpx:TrackPointExtension>
        </extensions>
      </trkpt>
      <trkpt lat="22.632765146951844" lon="113.82945243130041">
        <ele>7.400000095367432</ele>
        <time>2026-05-10T01:09:07Z</time>
        <extensions>
          <gpxtpx:TrackPointExtension>
            <gpxtpx:hr>140</gpxtpx:hr>
          </gpxtpx:TrackPointExtension>
        </extensions>
      </trkpt>
      <trkpt lat="22.63282905475056" lon="113.82940931162346">
        <ele>7.400000095367432</ele>
        <time>2026-05-10T01:09:11Z</time>
        <extensions>
          <gpxtpx:TrackPointExtension>
            <gpxtpx:hr>142</gpxtpx:hr>
          </gpxtpx:TrackPointExtension>
        </extensions>
      </trkpt>
      <trkpt lat="22.632888951971548" lon="113.82936017606744">
        <ele>7.400000095367432</ele>
        <time>2026-05-10T01:09:15Z</time>
        <extensions>
          <gpxtpx:TrackPointExtension>
            <gpxtpx:hr>141</gpxtpx:hr>
          </gpxtpx:TrackPointExtension>
        </extensions>
      </trkpt>
      <trkpt lat="22.632946868329565" lon="113.82932106750992">
        <ele>7.400000095367432</ele>
        <time>2026-05-10T01:09:19Z</time>
        <extensions>
          <gpxtpx:TrackPointExtension>
            <gpxtpx:hr>140</gpxtpx:hr>
          </gpxtpx:TrackPointExtension>
        </extensions>
      </trkpt>
      <trkpt lat="22.633005773218656" lon="113.82927594275152">
        <ele>7.400000095367432</ele>
        <time>2026-05-10T01:09:23Z</time>
        <extensions>
          <gpxtpx:TrackPointExtension>
            <gpxtpx:hr>139</gpxtpx:hr>
          </gpxtpx:TrackPointExtension>
        </extensions>
      </trkpt>
      <trkpt lat="22.63306569295567" lon="113.8292388394275">
        <ele>7.400000095367432</ele>
        <time>2026-05-10T01:09:27Z</time>
        <extensions>
          <gpxtpx:TrackPointExtension>
            <gpxtpx:hr>136</gpxtpx:hr>
          </gpxtpx:TrackPointExtension>
        </extensions>
      </trkpt>
      <trkpt lat="22.633120602292983" lon="113.82919572028663">
        <ele>7.400000095367432</ele>
        <time>2026-05-10T01:09:31Z</time>
        <extensions>
          <gpxtpx:TrackPointExtension>
            <gpxtpx:hr>136</gpxtpx:hr>
          </gpxtpx:TrackPointExtension>
        </extensions>
      </trkpt>
      <trkpt lat="22.633187507594194" lon="113.82915159767781">
        <ele>7.199999809265137</ele>
        <time>2026-05-10T01:09:35Z</time>
        <extensions>
          <gpxtpx:TrackPointExtension>
            <gpxtpx:hr>135</gpxtpx:hr>
          </gpxtpx:TrackPointExtension>
        </extensions>
      </trkpt>
      <trkpt lat="22.633259406345342" lon="113.82910446667205">
        <ele>7.199999809265137</ele>
        <time>2026-05-10T01:09:39Z</time>
        <extensions>
          <gpxtpx:TrackPointExtension>
            <gpxtpx:hr>136</gpxtpx:hr>
          </gpxtpx:TrackPointExtension>
        </extensions>
      </trkpt>
      <trkpt lat="22.633319331676244" lon="113.8290703713874">
        <ele>7.199999809265137</ele>
        <time>2026-05-10T01:09:43Z</time>
        <extensions>
          <gpxtpx:TrackPointExtension>
            <gpxtpx:hr>135</gpxtpx:hr>
          </gpxtpx:TrackPointExtension>
        </extensions>
      </trkpt>
      <trkpt lat="22.633370252963815" lon="113.82903326860777">
        <ele>7.199999809265137</ele>
        <time>2026-05-10T01:09:47Z</time>
        <extensions>
          <gpxtpx:TrackPointExtension>
            <gpxtpx:hr>134</gpxtpx:hr>
          </gpxtpx:TrackPointExtension>
        </extensions>
      </trkpt>
      <trkpt lat="22.633429174691923" lon="113.82899716799781">
        <ele>7.199999809265137</ele>
        <time>2026-05-10T01:09:51Z</time>
        <extensions>
          <gpxtpx:TrackPointExtension>
            <gpxtpx:hr>135</gpxtpx:hr>
          </gpxtpx:TrackPointExtension>
        </extensions>
      </trkpt>
      <trkpt lat="22.633495091394348" lon="113.8289590615532">
        <ele>7.199999809265137</ele>
        <time>2026-05-10T01:09:55Z</time>
        <extensions>
          <gpxtpx:TrackPointExtension>
            <gpxtpx:hr>134</gpxtpx:hr>
          </gpxtpx:TrackPointExtension>
        </extensions>
      </trkpt>
      <trkpt lat="22.63355501292219" lon="113.82892296086753">
        <ele>7.199999809265137</ele>
        <time>2026-05-10T01:09:59Z</time>
        <extensions>
          <gpxtpx:TrackPointExtension>
            <gpxtpx:hr>133</gpxtpx:hr>
          </gpxtpx:TrackPointExtension>
        </extensions>
      </trkpt>
      <trkpt lat="22.633611927450332" lon="113.82888284960912">
        <ele>7.199999809265137</ele>
        <time>2026-05-10T01:10:03Z</time>
        <extensions>
          <gpxtpx:TrackPointExtension>
            <gpxtpx:hr>133</gpxtpx:hr>
          </gpxtpx:TrackPointExtension>
        </extensions>
      </trkpt>
      <trkpt lat="22.63366482198303" lon="113.82883170900888">
        <ele>7.199999809265137</ele>
        <time>2026-05-10T01:10:07Z</time>
        <extensions>
          <gpxtpx:TrackPointExtension>
            <gpxtpx:hr>133</gpxtpx:hr>
          </gpxtpx:TrackPointExtension>
        </extensions>
      </trkpt>
      <trkpt lat="22.633715649098427" lon="113.82874447166867">
        <ele>7.400000095367432</ele>
        <time>2026-05-10T01:10:11Z</time>
        <extensions>
          <gpxtpx:TrackPointExtension>
            <gpxtpx:hr>135</gpxtpx:hr>
          </gpxtpx:TrackPointExtension>
        </extensions>
      </trkpt>
      <trkpt lat="22.633772524050062" lon="113.82868330387464">
        <ele>7.400000095367432</ele>
        <time>2026-05-10T01:10:15Z</time>
        <extensions>
          <gpxtpx:TrackPointExtension>
            <gpxtpx:hr>134</gpxtpx:hr>
          </gpxtpx:TrackPointExtension>
        </extensions>
      </trkpt>
      <trkpt lat="22.63382039683004" lon="113.82862013126179">
        <ele>7.400000095367432</ele>
        <time>2026-05-10T01:10:19Z</time>
        <extensions>
          <gpxtpx:TrackPointExtension>
            <gpxtpx:hr>133</gpxtpx:hr>
          </gpxtpx:TrackPointExtension>
        </extensions>
      </trkpt>
      <trkpt lat="22.633870306893037" lon="113.82857701233007">
        <ele>7.400000095367432</ele>
        <time>2026-05-10T01:10:23Z</time>
        <extensions>
          <gpxtpx:TrackPointExtension>
            <gpxtpx:hr>133</gpxtpx:hr>
          </gpxtpx:TrackPointExtension>
        </extensions>
      </trkpt>
      <trkpt lat="22.633920218828283" lon="113.82853489608249">
        <ele>7.199999809265137</ele>
        <time>2026-05-10T01:10:27Z</time>
        <extensions>
          <gpxtpx:TrackPointExtension>
            <gpxtpx:hr>134</gpxtpx:hr>
          </gpxtpx:TrackPointExtension>
        </extensions>
      </trkpt>
      <trkpt lat="22.633972098375274" lon="113.8284757339425">
        <ele>7.199999809265137</ele>
        <time>2026-05-10T01:10:31Z</time>
        <extensions>
          <gpxtpx:TrackPointExtension>
            <gpxtpx:hr>133</gpxtpx:hr>
          </gpxtpx:TrackPointExtension>
        </extensions>
      </trkpt>
      <trkpt lat="22.63403095969322" lon="113.82840754711263">
        <ele>7.400000095367432</ele>
        <time>2026-05-10T01:10:35Z</time>
        <extensions>
          <gpxtpx:TrackPointExtension>
            <gpxtpx:hr>138</gpxtpx:hr>
          </gpxtpx:TrackPointExtension>
        </extensions>
      </trkpt>
      <trkpt lat="22.63408087724057" lon="113.82836843891383">
        <ele>7.400000095367432</ele>
        <time>2026-05-10T01:10:39Z</time>
        <extensions>
          <gpxtpx:TrackPointExtension>
            <gpxtpx:hr>143</gpxtpx:hr>
          </gpxtpx:TrackPointExtension>
        </extensions>
      </trkpt>
      <trkpt lat="22.634139800697223" lon="113.82833334089965">
        <ele>7.599999904632568</ele>
        <time>2026-05-10T01:10:43Z</time>
        <extensions>
          <gpxtpx:TrackPointExtension>
            <gpxtpx:hr>143</gpxtpx:hr>
          </gpxtpx:TrackPointExtension>
        </extensions>
      </trkpt>
      <trkpt lat="22.634208744956695" lon="113.82831027454544">
        <ele>7.800000190734863</ele>
        <time>2026-05-10T01:10:47Z</time>
        <extensions>
          <gpxtpx:TrackPointExtension>
            <gpxtpx:hr>141</gpxtpx:hr>
          </gpxtpx:TrackPointExtension>
        </extensions>
      </trkpt>
      <trkpt lat="22.634270645244136" lon="113.82826314402219">
        <ele>7.800000190734863</ele>
        <time>2026-05-10T01:10:51Z</time>
        <extensions>
          <gpxtpx:TrackPointExtension>
            <gpxtpx:hr>139</gpxtpx:hr>
          </gpxtpx:TrackPointExtension>
        </extensions>
      </trkpt>
      <trkpt lat="22.634323533945803" lon="113.82820899522093">
        <ele>7.800000190734863</ele>
        <time>2026-05-10T01:10:55Z</time>
        <extensions>
          <gpxtpx:TrackPointExtension>
            <gpxtpx:hr>139</gpxtpx:hr>
          </gpxtpx:TrackPointExtension>
        </extensions>
      </trkpt>
      <trkpt lat="22.63437443807068" lon="113.82816286807996">
        <ele>7.599999904632568</ele>
        <time>2026-05-10T01:10:59Z</time>
        <extensions>
          <gpxtpx:TrackPointExtension>
            <gpxtpx:hr>139</gpxtpx:hr>
          </gpxtpx:TrackPointExtension>
        </extensions>
      </trkpt>
      <trkpt lat="22.634425342183995" lon="113.8281167409314">
        <ele>7.599999904632568</ele>
        <time>2026-05-10T01:11:03Z</time>
        <extensions>
          <gpxtpx:TrackPointExtension>
            <gpxtpx:hr>139</gpxtpx:hr>
          </gpxtpx:TrackPointExtension>
        </extensions>
      </trkpt>
      <trkpt lat="22.6344882290427" lon="113.82806259145931">
        <ele>7.599999904632568</ele>
        <time>2026-05-10T01:11:07Z</time>
        <extensions>
          <gpxtpx:TrackPointExtension>
            <gpxtpx:hr>139</gpxtpx:hr>
          </gpxtpx:TrackPointExtension>
        </extensions>
      </trkpt>
      <trkpt lat="22.634544111490822" lon="113.82800543434692">
        <ele>7.400000095367432</ele>
        <time>2026-05-10T01:11:11Z</time>
        <extensions>
          <gpxtpx:TrackPointExtension>
            <gpxtpx:hr>139</gpxtpx:hr>
          </gpxtpx:TrackPointExtension>
        </extensions>
      </trkpt>
      <trkpt lat="22.634585983247508" lon="113.82794125926836">
        <ele>7.599999904632568</ele>
        <time>2026-05-10T01:11:15Z</time>
        <extensions>
          <gpxtpx:TrackPointExtension>
            <gpxtpx:hr>143</gpxtpx:hr>
          </gpxtpx:TrackPointExtension>
        </extensions>
      </trkpt>
      <trkpt lat="22.63462988479919" lon="113.82789312714702">
        <ele>7.599999904632568</ele>
        <time>2026-05-10T01:11:19Z</time>
        <extensions>
          <gpxtpx:TrackPointExtension>
            <gpxtpx:hr>143</gpxtpx:hr>
          </gpxtpx:TrackPointExtension>
        </extensions>
      </trkpt>
      <trkpt lat="22.634713813070242" lon="113.82786304093626">
        <ele>7.800000190734863</ele>
        <time>2026-05-10T01:11:23Z</time>
        <extensions>
          <gpxtpx:TrackPointExtension>
            <gpxtpx:hr>146</gpxtpx:hr>
          </gpxtpx:TrackPointExtension>
        </extensions>
      </trkpt>
      <trkpt lat="22.634770702823968" lon="113.82780989449711">
        <ele>7.800000190734863</ele>
        <time>2026-05-10T01:11:27Z</time>
        <extensions>
          <gpxtpx:TrackPointExtension>
            <gpxtpx:hr>146</gpxtpx:hr>
          </gpxtpx:TrackPointExtension>
        </extensions>
      </trkpt>
      <trkpt lat="22.634821576669868" lon="113.82774772418692">
        <ele>7.800000190734863</ele>
        <time>2026-05-10T01:11:31Z</time>
        <extensions>
          <gpxtpx:TrackPointExtension>
            <gpxtpx:hr>146</gpxtpx:hr>
          </gpxtpx:TrackPointExtension>
        </extensions>
      </trkpt>
      <trkpt lat="22.63487046406576" lon="113.82769257285344">
        <ele>7.800000190734863</ele>
        <time>2026-05-10T01:11:35Z</time>
        <extensions>
          <gpxtpx:TrackPointExtension>
            <gpxtpx:hr>147</gpxtpx:hr>
          </gpxtpx:TrackPointExtension>
        </extensions>
      </trkpt>
      <trkpt lat="22.634914335370432" lon="113.82762839758087">
        <ele>7.800000190734863</ele>
        <time>2026-05-10T01:11:39Z</time>
        <extensions>
          <gpxtpx:TrackPointExtension>
            <gpxtpx:hr>148</gpxtpx:hr>
          </gpxtpx:TrackPointExtension>
        </extensions>
      </trkpt>
      <trkpt lat="22.634974186783055" lon="113.82755519701442">
        <ele>7.800000190734863</ele>
        <time>2026-05-10T01:11:43Z</time>
        <extensions>
          <gpxtpx:TrackPointExtension>
            <gpxtpx:hr>150</gpxtpx:hr>
          </gpxtpx:TrackPointExtension>
        </extensions>
      </trkpt>
      <trkpt lat="22.63502809021313" lon="113.82750906958101">
        <ele>7.800000190734863</ele>
        <time>2026-05-10T01:11:47Z</time>
        <extensions>
          <gpxtpx:TrackPointExtension>
            <gpxtpx:hr>151</gpxtpx:hr>
          </gpxtpx:TrackPointExtension>
        </extensions>
      </trkpt>
    </trkseg>
  </trk>
</gpx>