<?xml version="1.0" encoding="UTF-8"?>
<gpx xmlns="http://www.topografix.com/GPX/1/1" xmlns:gpxtpx="http://www.garmin.com/xmlschemas/TrackPointExtension/v1" xmlns:xsi="http://www.w3.org/2001/XMLSchema-instance" xsi:schemaLocation="http://www.topografix.com/GPX/1/1 http://www.topografix.com/GPX/1/1/gpx.xsd" version="1.1" creator="gpx.py -- https://github.com/tkrajina/gpxpy">
  <trk>
    <name>gpx from keep</name>
    <type>Run</type>
    <trkseg>
      <trkpt lat="31.837592836190332" lon="117.12265964284775">
        <ele>51.20000076293945</ele>
        <time>2026-08-07T11:15:36Z</time>
        <extensions>
          <gpxtpx:TrackPointExtension>
            <gpxtpx:hr>88</gpxtpx:hr>
          </gpxtpx:TrackPointExtension>
        </extensions>
      </trkpt>
      <trkpt lat="31.837683883570065" lon="117.12268565649948">
        <ele>51.400001525878906</ele>
        <time>2026-08-07T11:15:40Z</time>
        <extensions>
          <gpxtpx:TrackPointExtension>
            <gpxtpx:hr>92</gpxtpx:hr>
          </gpxtpx:TrackPointExtension>
        </extensions>
      </trkpt>
      <trkpt lat="31.83776692830095" lon="117.12271067007565">
        <ele>51.599998474121094</ele>
        <time>2026-08-07T11:15:44Z</time>
        <extensions>
          <gpxtpx:TrackPointExtension>
            <gpxtpx:hr>95</gpxtpx:hr>
          </gpxtpx:TrackPointExtension>
        </extensions>
      </trkpt>
      <trkpt lat="31.83783598552189" lon="117.1227486961605">
        <ele>52.0</ele>
        <time>2026-08-07T11:15:48Z</time>
        <extensions>
          <gpxtpx:TrackPointExtension>
            <gpxtpx:hr>97</gpxtpx:hr>
          </gpxtpx:TrackPointExtension>
        </extensions>
      </trkpt>
      <trkpt lat="31.837917031095078" lon="117.12277471084495">
        <ele>52.20000076293945</ele>
        <time>2026-08-07T11:15:52Z</time>
        <extensions>
          <gpxtpx:TrackPointExtension>
            <gpxtpx:hr>101</gpxtpx:hr>
          </gpxtpx:TrackPointExtension>
        </extensions>
      </trkpt>
      <trkpt lat="31.838003057846986" lon="117.12278371045424">
        <ele>52.20000076293945</ele>
        <time>2026-08-07T11:15:56Z</time>
        <extensions>
          <gpxtpx:TrackPointExtension>
            <gpxtpx:hr>119</gpxtpx:hr>
          </gpxtpx:TrackPointExtension>
        </extensions>
      </trkpt>
      <trkpt lat="31.838090071989615" lon="117.12278170050897">
        <ele>52.20000076293945</ele>
        <time>2026-08-07T11:16:00Z</time>
        <extensions>
          <gpxtpx:TrackPointExtension>
            <gpxtpx:hr>122</gpxtpx:hr>
          </gpxtpx:TrackPointExtension>
        </extensions>
      </trkpt>
      <trkpt lat="31.838182117355487" lon="117.12280571246374">
        <ele>52.0</ele>
        <time>2026-08-07T11:16:04Z</time>
        <extensions>
          <gpxtpx:TrackPointExtension>
            <gpxtpx:hr>125</gpxtpx:hr>
          </gpxtpx:TrackPointExtension>
        </extensions>
      </trkpt>
      <trkpt lat="31.838276138655356" lon="117.12280870615996">
        <ele>51.79999923706055</ele>
        <time>2026-08-07T11:16:08Z</time>
        <extensions>
          <gpxtpx:TrackPointExtension>
            <gpxtpx:hr>128</gpxtpx:hr>
          </gpxtpx:TrackPointExtension>
        </extensions>
      </trkpt>
      <trkpt lat="31.838372153350704" lon="117.12280569450085">
        <ele>51.599998474121094</ele>
        <time>2026-08-07T11:16:12Z</time>
        <extensions>
          <gpxtpx:TrackPointExtension>
            <gpxtpx:hr>131</gpxtpx:hr>
          </gpxtpx:TrackPointExtension>
        </extensions>
      </trkpt>
      <trkpt lat="31.838463167103797" lon="117.12280268331477">
        <ele>51.400001525878906</ele>
        <time>2026-08-07T11:16:16Z</time>
        <extensions>
          <gpxtpx:TrackPointExtension>
            <gpxtpx:hr>132</gpxtpx:hr>
          </gpxtpx:TrackPointExtension>
        </extensions>
      </trkpt>
      <trkpt lat="31.83856216142247" lon="117.12278165588518">
        <ele>51.400001525878906</ele>
        <time>2026-08-07T11:16:20Z</time>
        <extensions>
          <gpxtpx:TrackPointExtension>
            <gpxtpx:hr>133</gpxtpx:hr>
          </gpxtpx:TrackPointExtension>
        </extensions>
      </trkpt>
      <trkpt lat="31.838647151942116" lon="117.12275962893648">
        <ele>51.0</ele>
        <time>2026-08-07T11:16:24Z</time>
        <extensions>
          <gpxtpx:TrackPointExtension>
            <gpxtpx:hr>134</gpxtpx:hr>
          </gpxtpx:TrackPointExtension>
        </extensions>
      </trkpt>
      <trkpt lat="31.83873814013191" lon="117.12273459886362">
        <ele>50.599998474121094</ele>
        <time>2026-08-07T11:16:28Z</time>
        <extensions>
          <gpxtpx:TrackPointExtension>
            <gpxtpx:hr>135</gpxtpx:hr>
          </gpxtpx:TrackPointExtension>
        </extensions>
      </trkpt>
      <trkpt lat="31.838831120594786" lon="117.12270256262453">
        <ele>50.400001525878906</ele>
        <time>2026-08-07T11:16:32Z</time>
        <extensions>
          <gpxtpx:TrackPointExtension>
            <gpxtpx:hr>136</gpxtpx:hr>
          </gpxtpx:TrackPointExtension>
        </extensions>
      </trkpt>
      <trkpt lat="31.83891710092678" lon="117.12267152794172">
        <ele>50.0</ele>
        <time>2026-08-07T11:16:36Z</time>
        <extensions>
          <gpxtpx:TrackPointExtension>
            <gpxtpx:hr>137</gpxtpx:hr>
          </gpxtpx:TrackPointExtension>
        </extensions>
      </trkpt>
      <trkpt lat="31.839000072608236" lon="117.12263348759635">
        <ele>49.599998474121094</ele>
        <time>2026-08-07T11:16:40Z</time>
        <extensions>
          <gpxtpx:TrackPointExtension>
            <gpxtpx:hr>138</gpxtpx:hr>
          </gpxtpx:TrackPointExtension>
        </extensions>
      </trkpt>
      <trkpt lat="31.839084015587815" lon="117.12257042589617">
        <ele>49.400001525878906</ele>
        <time>2026-08-07T11:16:44Z</time>
        <extensions>
          <gpxtpx:TrackPointExtension>
            <gpxtpx:hr>139</gpxtpx:hr>
          </gpxtpx:TrackPointExtension>
        </extensions>
      </trkpt>
      <trkpt lat="31.839166983930955" lon="117.12252938314379">
        <ele>49.20000076293945</ele>
        <time>2026-08-07T11:16:48Z</time>
        <extensions>
          <gpxtpx:TrackPointExtension>
            <gpxtpx:hr>139</gpxtpx:hr>
          </gpxtpx:TrackPointExtension>
        </extensions>
      </trkpt>
      <trkpt lat="31.839248942905208" lon="117.12248033375859">
        <ele>48.79999923706055</ele>
        <time>2026-08-07T11:16:52Z</time>
        <extensions>
          <gpxtpx:TrackPointExtension>
            <gpxtpx:hr>140</gpxtpx:hr>
          </gpxtpx:TrackPointExtension>
        </extensions>
      </trkpt>
      <trkpt lat="31.839320900059217" lon="117.1224312854097">
        <ele>48.79999923706055</ele>
        <time>2026-08-07T11:16:56Z</time>
        <extensions>
          <gpxtpx:TrackPointExtension>
            <gpxtpx:hr>140</gpxtpx:hr>
          </gpxtpx:TrackPointExtension>
        </extensions>
      </trkpt>
      <trkpt lat="31.83939185019543" lon="117.122376232177">
        <ele>48.599998474121094</ele>
        <time>2026-08-07T11:17:00Z</time>
        <extensions>
          <gpxtpx:TrackPointExtension>
            <gpxtpx:hr>140</gpxtpx:hr>
          </gpxtpx:TrackPointExtension>
        </extensions>
      </trkpt>
      <trkpt lat="31.839451800638358" lon="117.1223231817845">
        <ele>48.400001525878906</ele>
        <time>2026-08-07T11:17:04Z</time>
        <extensions>
          <gpxtpx:TrackPointExtension>
            <gpxtpx:hr>141</gpxtpx:hr>
          </gpxtpx:TrackPointExtension>
        </extensions>
      </trkpt>
      <trkpt lat="31.83951574849058" lon="117.12226712859834">
        <ele>48.400001525878906</ele>
        <time>2026-08-07T11:17:08Z</time>
        <extensions>
          <gpxtpx:TrackPointExtension>
            <gpxtpx:hr>141</gpxtpx:hr>
          </gpxtpx:TrackPointExtension>
        </extensions>
      </trkpt>
      <trkpt lat="31.83957269167666" lon="117.12220807367784">
        <ele>48.599998474121094</ele>
        <time>2026-08-07T11:17:12Z</time>
        <extensions>
          <gpxtpx:TrackPointExtension>
            <gpxtpx:hr>141</gpxtpx:hr>
          </gpxtpx:TrackPointExtension>
        </extensions>
      </trkpt>
      <trkpt lat="31.839623623541346" lon="117.12214001193333">
        <ele>48.599998474121094</ele>
        <time>2026-08-07T11:17:16Z</time>
        <extensions>
          <gpxtpx:TrackPointExtension>
            <gpxtpx:hr>141</gpxtpx:hr>
          </gpxtpx:TrackPointExtension>
        </extensions>
      </trkpt>
      <trkpt lat="31.839678549468847" lon="117.12206594498818">
        <ele>48.400001525878906</ele>
        <time>2026-08-07T11:17:20Z</time>
        <extensions>
          <gpxtpx:TrackPointExtension>
            <gpxtpx:hr>140</gpxtpx:hr>
          </gpxtpx:TrackPointExtension>
        </extensions>
      </trkpt>
      <trkpt lat="31.839731470638085" lon="117.12198787512067">
        <ele>48.400001525878906</ele>
        <time>2026-08-07T11:17:24Z</time>
        <extensions>
          <gpxtpx:TrackPointExtension>
            <gpxtpx:hr>140</gpxtpx:hr>
          </gpxtpx:TrackPointExtension>
        </extensions>
      </trkpt>
      <trkpt lat="31.839780408289204" lon="117.12192481827331">
        <ele>48.400001525878906</ele>
        <time>2026-08-07T11:17:28Z</time>
        <extensions>
          <gpxtpx:TrackPointExtension>
            <gpxtpx:hr>140</gpxtpx:hr>
          </gpxtpx:TrackPointExtension>
        </extensions>
      </trkpt>
      <trkpt lat="31.839838348916867" lon="117.12186276155192">
        <ele>48.400001525878906</ele>
        <time>2026-08-07T11:17:32Z</time>
        <extensions>
          <gpxtpx:TrackPointExtension>
            <gpxtpx:hr>139</gpxtpx:hr>
          </gpxtpx:TrackPointExtension>
        </extensions>
      </trkpt>
      <trkpt lat="31.83988428285534" lon="117.12179670282121">
        <ele>48.400001525878906</ele>
        <time>2026-08-07T11:17:36Z</time>
        <extensions>
          <gpxtpx:TrackPointExtension>
            <gpxtpx:hr>140</gpxtpx:hr>
          </gpxtpx:TrackPointExtension>
        </extensions>
      </trkpt>
      <trkpt lat="31.839934205264324" lon="117.12171963485977">
        <ele>48.400001525878906</ele>
        <time>2026-08-07T11:17:40Z</time>
        <extensions>
          <gpxtpx:TrackPointExtension>
            <gpxtpx:hr>139</gpxtpx:hr>
          </gpxtpx:TrackPointExtension>
        </extensions>
      </trkpt>
      <trkpt lat="31.839988134265887" lon="117.12164757083197">
        <ele>48.400001525878906</ele>
        <time>2026-08-07T11:17:44Z</time>
        <extensions>
          <gpxtpx:TrackPointExtension>
            <gpxtpx:hr>139</gpxtpx:hr>
          </gpxtpx:TrackPointExtension>
        </extensions>
      </trkpt>
      <trkpt lat="31.840048072457837" lon="117.12158251213637">
        <ele>48.400001525878906</ele>
        <time>2026-08-07T11:17:48Z</time>
        <extensions>
          <gpxtpx:TrackPointExtension>
            <gpxtpx:hr>138</gpxtpx:hr>
          </gpxtpx:TrackPointExtension>
        </extensions>
      </trkpt>
      <trkpt lat="31.84012503313142" lon="117.12153446580488">
        <ele>48.400001525878906</ele>
        <time>2026-08-07T11:17:52Z</time>
        <extensions>
          <gpxtpx:TrackPointExtension>
            <gpxtpx:hr>139</gpxtpx:hr>
          </gpxtpx:TrackPointExtension>
        </extensions>
      </trkpt>
      <trkpt lat="31.84019701651034" lon="117.12150743706971">
        <ele>48.599998474121094</ele>
        <time>2026-08-07T11:17:56Z</time>
        <extensions>
          <gpxtpx:TrackPointExtension>
            <gpxtpx:hr>139</gpxtpx:hr>
          </gpxtpx:TrackPointExtension>
        </extensions>
      </trkpt>
      <trkpt lat="31.840276013597407" lon="117.12149141661902">
        <ele>48.599998474121094</ele>
        <time>2026-08-07T11:18:00Z</time>
        <extensions>
          <gpxtpx:TrackPointExtension>
            <gpxtpx:hr>139</gpxtpx:hr>
          </gpxtpx:TrackPointExtension>
        </extensions>
      </trkpt>
      <trkpt lat="31.840352035942797" lon="117.12149841511025">
        <ele>48.79999923706055</ele>
        <time>2026-08-07T11:18:04Z</time>
        <extensions>
          <gpxtpx:TrackPointExtension>
            <gpxtpx:hr>139</gpxtpx:hr>
          </gpxtpx:TrackPointExtension>
        </extensions>
      </trkpt>
      <trkpt lat="31.840439052529213" lon="117.12149840688355">
        <ele>49.20000076293945</ele>
        <time>2026-08-07T11:18:08Z</time>
        <extensions>
          <gpxtpx:TrackPointExtension>
            <gpxtpx:hr>139</gpxtpx:hr>
          </gpxtpx:TrackPointExtension>
        </extensions>
      </trkpt>
      <trkpt lat="31.8405240743534" lon="117.12150340290263">
        <ele>49.599998474121094</ele>
        <time>2026-08-07T11:18:12Z</time>
        <extensions>
          <gpxtpx:TrackPointExtension>
            <gpxtpx:hr>138</gpxtpx:hr>
          </gpxtpx:TrackPointExtension>
        </extensions>
      </trkpt>
      <trkpt lat="31.840597087154443" lon="117.1215023951883">
        <ele>49.79999923706055</ele>
        <time>2026-08-07T11:18:16Z</time>
        <extensions>
          <gpxtpx:TrackPointExtension>
            <gpxtpx:hr>139</gpxtpx:hr>
          </gpxtpx:TrackPointExtension>
        </extensions>
      </trkpt>
      <trkpt lat="31.840688114624744" lon="117.12151139388743">
        <ele>50.20000076293945</ele>
        <time>2026-08-07T11:18:20Z</time>
        <extensions>
          <gpxtpx:TrackPointExtension>
            <gpxtpx:hr>139</gpxtpx:hr>
          </gpxtpx:TrackPointExtension>
        </extensions>
      </trkpt>
      <trkpt lat="31.840770158366674" lon="117.12153640643915">
        <ele>50.400001525878906</ele>
        <time>2026-08-07T11:18:24Z</time>
        <extensions>
          <gpxtpx:TrackPointExtension>
            <gpxtpx:hr>140</gpxtpx:hr>
          </gpxtpx:TrackPointExtension>
        </extensions>
      </trkpt>
      <trkpt lat="31.84084215188065" lon="117.12151838500819">
        <ele>50.599998474121094</ele>
        <time>2026-08-07T11:18:28Z</time>
        <extensions>
          <gpxtpx:TrackPointExtension>
            <gpxtpx:hr>139</gpxtpx:hr>
          </gpxtpx:TrackPointExtension>
        </extensions>
      </trkpt>
      <trkpt lat="31.84092113102613" lon="117.12148635157295">
        <ele>50.0</ele>
        <time>2026-08-07T11:18:32Z</time>
        <extensions>
          <gpxtpx:TrackPointExtension>
            <gpxtpx:hr>138</gpxtpx:hr>
          </gpxtpx:TrackPointExtension>
        </extensions>
      </trkpt>
      <trkpt lat="31.841000106843957" lon="117.12145131574864">
        <ele>49.400001525878906</ele>
        <time>2026-08-07T11:18:36Z</time>
        <extensions>
          <gpxtpx:TrackPointExtension>
            <gpxtpx:hr>138</gpxtpx:hr>
          </gpxtpx:TrackPointExtension>
        </extensions>
      </trkpt>
      <trkpt lat="31.84111308808015" lon="117.1214152759483">
        <ele>48.599998474121094</ele>
        <time>2026-08-07T11:18:40Z</time>
        <extensions>
          <gpxtpx:TrackPointExtension>
            <gpxtpx:hr>138</gpxtpx:hr>
          </gpxtpx:TrackPointExtension>
        </extensions>
      </trkpt>
      <trkpt lat="31.84120007223091" lon="117.12138624430408">
        <ele>48.0</ele>
        <time>2026-08-07T11:18:44Z</time>
        <extensions>
          <gpxtpx:TrackPointExtension>
            <gpxtpx:hr>137</gpxtpx:hr>
          </gpxtpx:TrackPointExtension>
        </extensions>
      </trkpt>
      <trkpt lat="31.841271056710063" lon="117.12136021662288">
        <ele>48.0</ele>
        <time>2026-08-07T11:18:48Z</time>
        <extensions>
          <gpxtpx:TrackPointExtension>
            <gpxtpx:hr>136</gpxtpx:hr>
          </gpxtpx:TrackPointExtension>
        </extensions>
      </trkpt>
      <trkpt lat="31.841344042713946" lon="117.12133518958356">
        <ele>48.0</ele>
        <time>2026-08-07T11:18:52Z</time>
        <extensions>
          <gpxtpx:TrackPointExtension>
            <gpxtpx:hr>136</gpxtpx:hr>
          </gpxtpx:TrackPointExtension>
        </extensions>
      </trkpt>
      <trkpt lat="31.841418023348666" lon="117.12130515845428">
        <ele>48.0</ele>
        <time>2026-08-07T11:18:56Z</time>
        <extensions>
          <gpxtpx:TrackPointExtension>
            <gpxtpx:hr>136</gpxtpx:hr>
          </gpxtpx:TrackPointExtension>
        </extensions>
      </trkpt>
      <trkpt lat="31.84149799066225" lon="117.12126211636125">
        <ele>48.0</ele>
        <time>2026-08-07T11:19:00Z</time>
        <extensions>
          <gpxtpx:TrackPointExtension>
            <gpxtpx:hr>136</gpxtpx:hr>
          </gpxtpx:TrackPointExtension>
        </extensions>
      </trkpt>
      <trkpt lat="31.84158996924717" lon="117.12122707960992">
        <ele>48.0</ele>
        <time>2026-08-07T11:19:04Z</time>
        <extensions>
          <gpxtpx:TrackPointExtension>
            <gpxtpx:hr>137</gpxtpx:hr>
          </gpxtpx:TrackPointExtension>
        </extensions>
      </trkpt>
      <trkpt lat="31.841657946623055" lon="117.12119504757403">
        <ele>48.20000076293945</ele>
        <time>2026-08-07T11:19:08Z</time>
        <extensions>
          <gpxtpx:TrackPointExtension>
            <gpxtpx:hr>138</gpxtpx:hr>
          </gpxtpx:TrackPointExtension>
        </extensions>
      </trkpt>
      <trkpt lat="31.8417339300144" lon="117.12116701801476">
        <ele>48.20000076293945</ele>
        <time>2026-08-07T11:19:12Z</time>
        <extensions>
          <gpxtpx:TrackPointExtension>
            <gpxtpx:hr>137</gpxtpx:hr>
          </gpxtpx:TrackPointExtension>
        </extensions>
      </trkpt>
      <trkpt lat="31.841822918145834" lon="117.12114098885125">
        <ele>48.0</ele>
        <time>2026-08-07T11:19:16Z</time>
        <extensions>
          <gpxtpx:TrackPointExtension>
            <gpxtpx:hr>134</gpxtpx:hr>
          </gpxtpx:TrackPointExtension>
        </extensions>
      </trkpt>
      <trkpt lat="31.841904898301035" lon="117.12110895559788">
        <ele>48.0</ele>
        <time>2026-08-07T11:19:20Z</time>
        <extensions>
          <gpxtpx:TrackPointExtension>
            <gpxtpx:hr>128</gpxtpx:hr>
          </gpxtpx:TrackPointExtension>
        </extensions>
      </trkpt>
      <trkpt lat="31.84198285776642" lon="117.12105890845915">
        <ele>48.0</ele>
        <time>2026-08-07T11:19:24Z</time>
        <extensions>
          <gpxtpx:TrackPointExtension>
            <gpxtpx:hr>123</gpxtpx:hr>
          </gpxtpx:TrackPointExtension>
        </extensions>
      </trkpt>
      <trkpt lat="31.842061835224655" lon="117.12102487400519">
        <ele>48.0</ele>
        <time>2026-08-07T11:19:28Z</time>
        <extensions>
          <gpxtpx:TrackPointExtension>
            <gpxtpx:hr>131</gpxtpx:hr>
          </gpxtpx:TrackPointExtension>
        </extensions>
      </trkpt>
      <trkpt lat="31.84213481489377" lon="117.12099384253857">
        <ele>48.0</ele>
        <time>2026-08-07T11:19:32Z</time>
        <extensions>
          <gpxtpx:TrackPointExtension>
            <gpxtpx:hr>138</gpxtpx:hr>
          </gpxtpx:TrackPointExtension>
        </extensions>
      </trkpt>
      <trkpt lat="31.842224816653864" lon="117.12097982294647">
        <ele>48.0</ele>
        <time>2026-08-07T11:19:36Z</time>
        <extensions>
          <gpxtpx:TrackPointExtension>
            <gpxtpx:hr>139</gpxtpx:hr>
          </gpxtpx:TrackPointExtension>
        </extensions>
      </trkpt>
      <trkpt lat="31.8423118123221" lon="117.12096079969284">
        <ele>48.0</ele>
        <time>2026-08-07T11:19:40Z</time>
        <extensions>
          <gpxtpx:TrackPointExtension>
            <gpxtpx:hr>138</gpxtpx:hr>
          </gpxtpx:TrackPointExtension>
        </extensions>
      </trkpt>
      <trkpt lat="31.84239283116964" lon="117.12096379440416">
        <ele>48.20000076293945</ele>
        <time>2026-08-07T11:19:44Z</time>
        <extensions>
          <gpxtpx:TrackPointExtension>
            <gpxtpx:hr>139</gpxtpx:hr>
          </gpxtpx:TrackPointExtension>
        </extensions>
      </trkpt>
      <trkpt lat="31.842466866372792" lon="117.12098280243407">
        <ele>48.20000076293945</ele>
        <time>2026-08-07T11:19:48Z</time>
        <extensions>
          <gpxtpx:TrackPointExtension>
            <gpxtpx:hr>138</gpxtpx:hr>
          </gpxtpx:TrackPointExtension>
        </extensions>
      </trkpt>
      <trkpt lat="31.84253691521427" lon="117.12101482115648">
        <ele>48.599998474121094</ele>
        <time>2026-08-07T11:19:52Z</time>
        <extensions>
          <gpxtpx:TrackPointExtension>
            <gpxtpx:hr>139</gpxtpx:hr>
          </gpxtpx:TrackPointExtension>
        </extensions>
      </trkpt>
      <trkpt lat="31.842610918341848" lon="117.12100480623438">
        <ele>48.599998474121094</ele>
        <time>2026-08-07T11:19:56Z</time>
        <extensions>
          <gpxtpx:TrackPointExtension>
            <gpxtpx:hr>141</gpxtpx:hr>
          </gpxtpx:TrackPointExtension>
        </extensions>
      </trkpt>
      <trkpt lat="31.842670864607136" lon="117.1209457538888">
        <ele>48.599998474121094</ele>
        <time>2026-08-07T11:20:00Z</time>
        <extensions>
          <gpxtpx:TrackPointExtension>
            <gpxtpx:hr>141</gpxtpx:hr>
          </gpxtpx:TrackPointExtension>
        </extensions>
      </trkpt>
      <trkpt lat="31.842722797321425" lon="117.12087569377397">
        <ele>48.20000076293945</ele>
        <time>2026-08-07T11:20:04Z</time>
        <extensions>
          <gpxtpx:TrackPointExtension>
            <gpxtpx:hr>141</gpxtpx:hr>
          </gpxtpx:TrackPointExtension>
        </extensions>
      </trkpt>
      <trkpt lat="31.842782738336226" lon="117.12081163780063">
        <ele>47.79999923706055</ele>
        <time>2026-08-07T11:20:08Z</time>
        <extensions>
          <gpxtpx:TrackPointExtension>
            <gpxtpx:hr>139</gpxtpx:hr>
          </gpxtpx:TrackPointExtension>
        </extensions>
      </trkpt>
      <trkpt lat="31.84283169825185" lon="117.12076659789564">
        <ele>47.599998474121094</ele>
        <time>2026-08-07T11:20:12Z</time>
        <extensions>
          <gpxtpx:TrackPointExtension>
            <gpxtpx:hr>138</gpxtpx:hr>
          </gpxtpx:TrackPointExtension>
        </extensions>
      </trkpt>
      <trkpt lat="31.842895654530732" lon="117.12071555196471">
        <ele>47.599998474121094</ele>
        <time>2026-08-07T11:20:16Z</time>
        <extensions>
          <gpxtpx:TrackPointExtension>
            <gpxtpx:hr>138</gpxtpx:hr>
          </gpxtpx:TrackPointExtension>
        </extensions>
      </trkpt>
      <trkpt lat="31.842953607553394" lon="117.12066250514494">
        <ele>47.79999923706055</ele>
        <time>2026-08-07T11:20:20Z</time>
        <extensions>
          <gpxtpx:TrackPointExtension>
            <gpxtpx:hr>139</gpxtpx:hr>
          </gpxtpx:TrackPointExtension>
        </extensions>
      </trkpt>
      <trkpt lat="31.843005550767188" lon="117.12060145278929">
        <ele>48.0</ele>
        <time>2026-08-07T11:20:24Z</time>
        <extensions>
          <gpxtpx:TrackPointExtension>
            <gpxtpx:hr>141</gpxtpx:hr>
          </gpxtpx:TrackPointExtension>
        </extensions>
      </trkpt>
      <trkpt lat="31.84305249532759" lon="117.12054240260032">
        <ele>48.20000076293945</ele>
        <time>2026-08-07T11:20:28Z</time>
        <extensions>
          <gpxtpx:TrackPointExtension>
            <gpxtpx:hr>143</gpxtpx:hr>
          </gpxtpx:TrackPointExtension>
        </extensions>
      </trkpt>
      <trkpt lat="31.84309845507184" lon="117.12049736345199">
        <ele>48.400001525878906</ele>
        <time>2026-08-07T11:20:32Z</time>
        <extensions>
          <gpxtpx:TrackPointExtension>
            <gpxtpx:hr>144</gpxtpx:hr>
          </gpxtpx:TrackPointExtension>
        </extensions>
      </trkpt>
      <trkpt lat="31.843121408286514" lon="117.12045032501706">
        <ele>48.599998474121094</ele>
        <time>2026-08-07T11:20:36Z</time>
        <extensions>
          <gpxtpx:TrackPointExtension>
            <gpxtpx:hr>144</gpxtpx:hr>
          </gpxtpx:TrackPointExtension>
        </extensions>
      </trkpt>
      <trkpt lat="31.84314934188545" lon="117.12038427159736">
        <ele>48.79999923706055</ele>
        <time>2026-08-07T11:20:40Z</time>
        <extensions>
          <gpxtpx:TrackPointExtension>
            <gpxtpx:hr>144</gpxtpx:hr>
          </gpxtpx:TrackPointExtension>
        </extensions>
      </trkpt>
      <trkpt lat="31.843188270153288" lon="117.1203112119516">
        <ele>49.0</ele>
        <time>2026-08-07T11:20:44Z</time>
        <extensions>
          <gpxtpx:TrackPointExtension>
            <gpxtpx:hr>144</gpxtpx:hr>
          </gpxtpx:TrackPointExtension>
        </extensions>
      </trkpt>
      <trkpt lat="31.843232200640955" lon="117.12023915280463">
        <ele>49.0</ele>
        <time>2026-08-07T11:20:48Z</time>
        <extensions>
          <gpxtpx:TrackPointExtension>
            <gpxtpx:hr>144</gpxtpx:hr>
          </gpxtpx:TrackPointExtension>
        </extensions>
      </trkpt>
      <trkpt lat="31.843282129216895" lon="117.12016409101604">
        <ele>49.400001525878906</ele>
        <time>2026-08-07T11:20:52Z</time>
        <extensions>
          <gpxtpx:TrackPointExtension>
            <gpxtpx:hr>142</gpxtpx:hr>
          </gpxtpx:TrackPointExtension>
        </extensions>
      </trkpt>
      <trkpt lat="31.843321047252523" lon="117.12008102443981">
        <ele>49.599998474121094</ele>
        <time>2026-08-07T11:20:56Z</time>
        <extensions>
          <gpxtpx:TrackPointExtension>
            <gpxtpx:hr>141</gpxtpx:hr>
          </gpxtpx:TrackPointExtension>
        </extensions>
      </trkpt>
      <trkpt lat="31.84334696194399" lon="117.1199969586122">
        <ele>49.79999923706055</ele>
        <time>2026-08-07T11:21:00Z</time>
        <extensions>
          <gpxtpx:TrackPointExtension>
            <gpxtpx:hr>141</gpxtpx:hr>
          </gpxtpx:TrackPointExtension>
        </extensions>
      </trkpt>
      <trkpt lat="31.84338489845972" lon="117.11993090542411">
        <ele>50.0</ele>
        <time>2026-08-07T11:21:04Z</time>
        <extensions>
          <gpxtpx:TrackPointExtension>
            <gpxtpx:hr>140</gpxtpx:hr>
          </gpxtpx:TrackPointExtension>
        </extensions>
      </trkpt>
      <trkpt lat="31.843403831466876" lon="117.11986485420537">
        <ele>50.20000076293945</ele>
        <time>2026-08-07T11:21:08Z</time>
        <extensions>
          <gpxtpx:TrackPointExtension>
            <gpxtpx:hr>140</gpxtpx:hr>
          </gpxtpx:TrackPointExtension>
        </extensions>
      </trkpt>
      <trkpt lat="31.843426750452345" lon="117.11978479235617">
        <ele>50.599998474121094</ele>
        <time>2026-08-07T11:21:12Z</time>
        <extensions>
          <gpxtpx:TrackPointExtension>
            <gpxtpx:hr>138</gpxtpx:hr>
          </gpxtpx:TrackPointExtension>
        </extensions>
      </trkpt>
      <trkpt lat="31.8434516753565" lon="117.11970973427786">
        <ele>50.79999923706055</ele>
        <time>2026-08-07T11:21:16Z</time>
        <extensions>
          <gpxtpx:TrackPointExtension>
            <gpxtpx:hr>138</gpxtpx:hr>
          </gpxtpx:TrackPointExtension>
        </extensions>
      </trkpt>
      <trkpt lat="31.843471604795567" lon="117.11963968058818">
        <ele>50.79999923706055</ele>
        <time>2026-08-07T11:21:20Z</time>
        <extensions>
          <gpxtpx:TrackPointExtension>
            <gpxtpx:hr>139</gpxtpx:hr>
          </gpxtpx:TrackPointExtension>
        </extensions>
      </trkpt>
      <trkpt lat="31.84347852130487" lon="117.11955962096683">
        <ele>51.0</ele>
        <time>2026-08-07T11:21:24Z</time>
        <extensions>
          <gpxtpx:TrackPointExtension>
            <gpxtpx:hr>140</gpxtpx:hr>
          </gpxtpx:TrackPointExtension>
        </extensions>
      </trkpt>
      <trkpt lat="31.843491439182625" lon="117.11947956103266">
        <ele>51.20000076293945</ele>
        <time>2026-08-07T11:21:28Z</time>
        <extensions>
          <gpxtpx:TrackPointExtension>
            <gpxtpx:hr>141</gpxtpx:hr>
          </gpxtpx:TrackPointExtension>
        </extensions>
      </trkpt>
      <trkpt lat="31.843496348360382" lon="117.11939249700801">
        <ele>51.20000076293945</ele>
        <time>2026-08-07T11:21:32Z</time>
        <extensions>
          <gpxtpx:TrackPointExtension>
            <gpxtpx:hr>141</gpxtpx:hr>
          </gpxtpx:TrackPointExtension>
        </extensions>
      </trkpt>
      <trkpt lat="31.843499265813346" lon="117.11931343927799">
        <ele>51.400001525878906</ele>
        <time>2026-08-07T11:21:36Z</time>
        <extensions>
          <gpxtpx:TrackPointExtension>
            <gpxtpx:hr>142</gpxtpx:hr>
          </gpxtpx:TrackPointExtension>
        </extensions>
      </trkpt>
      <trkpt lat="31.843512168632618" lon="117.11921836929764">
        <ele>51.599998474121094</ele>
        <time>2026-08-07T11:21:40Z</time>
        <extensions>
          <gpxtpx:TrackPointExtension>
            <gpxtpx:hr>144</gpxtpx:hr>
          </gpxtpx:TrackPointExtension>
        </extensions>
      </trkpt>
      <trkpt lat="31.843522080580257" lon="117.11913230642567">
        <ele>51.599998474121094</ele>
        <time>2026-08-07T11:21:44Z</time>
        <extensions>
          <gpxtpx:TrackPointExtension>
            <gpxtpx:hr>145</gpxtpx:hr>
          </gpxtpx:TrackPointExtension>
        </extensions>
      </trkpt>
      <trkpt lat="31.843524992472346" lon="117.11904724522708">
        <ele>51.599998474121094</ele>
        <time>2026-08-07T11:21:48Z</time>
        <extensions>
          <gpxtpx:TrackPointExtension>
            <gpxtpx:hr>146</gpxtpx:hr>
          </gpxtpx:TrackPointExtension>
        </extensions>
      </trkpt>
      <trkpt lat="31.843526908572336" lon="117.1189661872594">
        <ele>51.599998474121094</ele>
        <time>2026-08-07T11:21:52Z</time>
        <extensions>
          <gpxtpx:TrackPointExtension>
            <gpxtpx:hr>145</gpxtpx:hr>
          </gpxtpx:TrackPointExtension>
        </extensions>
      </trkpt>
      <trkpt lat="31.843535820022755" lon="117.1188791246433">
        <ele>51.400001525878906</ele>
        <time>2026-08-07T11:21:56Z</time>
        <extensions>
          <gpxtpx:TrackPointExtension>
            <gpxtpx:hr>145</gpxtpx:hr>
          </gpxtpx:TrackPointExtension>
        </extensions>
      </trkpt>
      <trkpt lat="31.843544726563284" lon="117.11878705880872">
        <ele>51.20000076293945</ele>
        <time>2026-08-07T11:22:00Z</time>
        <extensions>
          <gpxtpx:TrackPointExtension>
            <gpxtpx:hr>143</gpxtpx:hr>
          </gpxtpx:TrackPointExtension>
        </extensions>
      </trkpt>
      <trkpt lat="31.84357063769175" lon="117.11869599240786">
        <ele>51.0</ele>
        <time>2026-08-07T11:22:04Z</time>
        <extensions>
          <gpxtpx:TrackPointExtension>
            <gpxtpx:hr>142</gpxtpx:hr>
          </gpxtpx:TrackPointExtension>
        </extensions>
      </trkpt>
      <trkpt lat="31.843586548204307" lon="117.11860592798415">
        <ele>50.79999923706055</ele>
        <time>2026-08-07T11:22:08Z</time>
        <extensions>
          <gpxtpx:TrackPointExtension>
            <gpxtpx:hr>142</gpxtpx:hr>
          </gpxtpx:TrackPointExtension>
        </extensions>
      </trkpt>
      <trkpt lat="31.843619466359762" lon="117.1185198650541">
        <ele>50.79999923706055</ele>
        <time>2026-08-07T11:22:12Z</time>
        <extensions>
          <gpxtpx:TrackPointExtension>
            <gpxtpx:hr>142</gpxtpx:hr>
          </gpxtpx:TrackPointExtension>
        </extensions>
      </trkpt>
      <trkpt lat="31.843652372516416" lon="117.11842179414337">
        <ele>50.599998474121094</ele>
        <time>2026-08-07T11:22:16Z</time>
        <extensions>
          <gpxtpx:TrackPointExtension>
            <gpxtpx:hr>141</gpxtpx:hr>
          </gpxtpx:TrackPointExtension>
        </extensions>
      </trkpt>
      <trkpt lat="31.843698295750002" lon="117.11833773199672">
        <ele>50.20000076293945</ele>
        <time>2026-08-07T11:22:20Z</time>
        <extensions>
          <gpxtpx:TrackPointExtension>
            <gpxtpx:hr>140</gpxtpx:hr>
          </gpxtpx:TrackPointExtension>
        </extensions>
      </trkpt>
      <trkpt lat="31.843764245414004" lon="117.1182756832786">
        <ele>49.79999923706055</ele>
        <time>2026-08-07T11:22:24Z</time>
        <extensions>
          <gpxtpx:TrackPointExtension>
            <gpxtpx:hr>140</gpxtpx:hr>
          </gpxtpx:TrackPointExtension>
        </extensions>
      </trkpt>
      <trkpt lat="31.843837208725592" lon="117.11822564223287">
        <ele>49.599998474121094</ele>
        <time>2026-08-07T11:22:28Z</time>
        <extensions>
          <gpxtpx:TrackPointExtension>
            <gpxtpx:hr>139</gpxtpx:hr>
          </gpxtpx:TrackPointExtension>
        </extensions>
      </trkpt>
      <trkpt lat="31.843917169424845" lon="117.1181715979078">
        <ele>49.400001525878906</ele>
        <time>2026-08-07T11:22:32Z</time>
        <extensions>
          <gpxtpx:TrackPointExtension>
            <gpxtpx:hr>139</gpxtpx:hr>
          </gpxtpx:TrackPointExtension>
        </extensions>
      </trkpt>
      <trkpt lat="31.843988136577316" lon="117.11812555997311">
        <ele>49.0</ele>
        <time>2026-08-07T11:22:36Z</time>
        <extensions>
          <gpxtpx:TrackPointExtension>
            <gpxtpx:hr>139</gpxtpx:hr>
          </gpxtpx:TrackPointExtension>
        </extensions>
      </trkpt>
      <trkpt lat="31.844057107456052" lon="117.1180835250174">
        <ele>48.79999923706055</ele>
        <time>2026-08-07T11:22:40Z</time>
        <extensions>
          <gpxtpx:TrackPointExtension>
            <gpxtpx:hr>138</gpxtpx:hr>
          </gpxtpx:TrackPointExtension>
        </extensions>
      </trkpt>
      <trkpt lat="31.844131083392686" lon="117.11804549235804">
        <ele>48.599998474121094</ele>
        <time>2026-08-07T11:22:44Z</time>
        <extensions>
          <gpxtpx:TrackPointExtension>
            <gpxtpx:hr>138</gpxtpx:hr>
          </gpxtpx:TrackPointExtension>
        </extensions>
      </trkpt>
      <trkpt lat="31.844200051372898" lon="117.11800045552103">
        <ele>48.20000076293945</ele>
        <time>2026-08-07T11:22:48Z</time>
        <extensions>
          <gpxtpx:TrackPointExtension>
            <gpxtpx:hr>138</gpxtpx:hr>
          </gpxtpx:TrackPointExtension>
        </extensions>
      </trkpt>
      <trkpt lat="31.84427701192603" lon="117.11794641197422">
        <ele>48.0</ele>
        <time>2026-08-07T11:22:52Z</time>
        <extensions>
          <gpxtpx:TrackPointExtension>
            <gpxtpx:hr>137</gpxtpx:hr>
          </gpxtpx:TrackPointExtension>
        </extensions>
      </trkpt>
      <trkpt lat="31.84435197821316" lon="117.11789837274561">
        <ele>47.79999923706055</ele>
        <time>2026-08-07T11:22:56Z</time>
        <extensions>
          <gpxtpx:TrackPointExtension>
            <gpxtpx:hr>135</gpxtpx:hr>
          </gpxtpx:TrackPointExtension>
        </extensions>
      </trkpt>
      <trkpt lat="31.844425962416324" lon="117.11786834570948">
        <ele>47.599998474121094</ele>
        <time>2026-08-07T11:23:00Z</time>
        <extensions>
          <gpxtpx:TrackPointExtension>
            <gpxtpx:hr>135</gpxtpx:hr>
          </gpxtpx:TrackPointExtension>
        </extensions>
      </trkpt>
      <trkpt lat="31.844507951199315" lon="117.1178413199515">
        <ele>47.400001525878906</ele>
        <time>2026-08-07T11:23:04Z</time>
        <extensions>
          <gpxtpx:TrackPointExtension>
            <gpxtpx:hr>133</gpxtpx:hr>
          </gpxtpx:TrackPointExtension>
        </extensions>
      </trkpt>
      <trkpt lat="31.844577923699674" lon="117.11780028605193">
        <ele>47.20000076293945</ele>
        <time>2026-08-07T11:23:08Z</time>
        <extensions>
          <gpxtpx:TrackPointExtension>
            <gpxtpx:hr>132</gpxtpx:hr>
          </gpxtpx:TrackPointExtension>
        </extensions>
      </trkpt>
      <trkpt lat="31.844644895681544" lon="117.11775925250488">
        <ele>47.0</ele>
        <time>2026-08-07T11:23:12Z</time>
        <extensions>
          <gpxtpx:TrackPointExtension>
            <gpxtpx:hr>132</gpxtpx:hr>
          </gpxtpx:TrackPointExtension>
        </extensions>
      </trkpt>
      <trkpt lat="31.84470185483253" lon="117.11770721270284">
        <ele>47.0</ele>
        <time>2026-08-07T11:23:16Z</time>
        <extensions>
          <gpxtpx:TrackPointExtension>
            <gpxtpx:hr>132</gpxtpx:hr>
          </gpxtpx:TrackPointExtension>
        </extensions>
      </trkpt>
      <trkpt lat="31.844761806703183" lon="117.11764716746079">
        <ele>46.79999923706055</ele>
        <time>2026-08-07T11:23:20Z</time>
        <extensions>
          <gpxtpx:TrackPointExtension>
            <gpxtpx:hr>132</gpxtpx:hr>
          </gpxtpx:TrackPointExtension>
        </extensions>
      </trkpt>
      <trkpt lat="31.84480172806368" lon="117.11756010656823">
        <ele>46.599998474121094</ele>
        <time>2026-08-07T11:23:24Z</time>
        <extensions>
          <gpxtpx:TrackPointExtension>
            <gpxtpx:hr>134</gpxtpx:hr>
          </gpxtpx:TrackPointExtension>
        </extensions>
      </trkpt>
      <trkpt lat="31.844817653946773" lon="117.11748205411806">
        <ele>46.400001525878906</ele>
        <time>2026-08-07T11:23:28Z</time>
        <extensions>
          <gpxtpx:TrackPointExtension>
            <gpxtpx:hr>135</gpxtpx:hr>
          </gpxtpx:TrackPointExtension>
        </extensions>
      </trkpt>
      <trkpt lat="31.8448205706304" lon="117.1173969986112">
        <ele>46.400001525878906</ele>
        <time>2026-08-07T11:23:32Z</time>
        <extensions>
          <gpxtpx:TrackPointExtension>
            <gpxtpx:hr>134</gpxtpx:hr>
          </gpxtpx:TrackPointExtension>
        </extensions>
      </trkpt>
      <trkpt lat="31.844824480880057" lon="117.11730493879703">
        <ele>46.20000076293945</ele>
        <time>2026-08-07T11:23:36Z</time>
        <extensions>
          <gpxtpx:TrackPointExtension>
            <gpxtpx:hr>135</gpxtpx:hr>
          </gpxtpx:TrackPointExtension>
        </extensions>
      </trkpt>
      <trkpt lat="31.844828399257608" lon="117.11722088445578">
        <ele>46.20000076293945</ele>
        <time>2026-08-07T11:23:40Z</time>
        <extensions>
          <gpxtpx:TrackPointExtension>
            <gpxtpx:hr>135</gpxtpx:hr>
          </gpxtpx:TrackPointExtension>
        </extensions>
      </trkpt>
      <trkpt lat="31.84483031651745" lon="117.11713582995763">
        <ele>46.20000076293945</ele>
        <time>2026-08-07T11:23:44Z</time>
        <extensions>
          <gpxtpx:TrackPointExtension>
            <gpxtpx:hr>135</gpxtpx:hr>
          </gpxtpx:TrackPointExtension>
        </extensions>
      </trkpt>
      <trkpt lat="31.84482122606377" lon="117.11704477299742">
        <ele>46.0</ele>
        <time>2026-08-07T11:23:48Z</time>
        <extensions>
          <gpxtpx:TrackPointExtension>
            <gpxtpx:hr>136</gpxtpx:hr>
          </gpxtpx:TrackPointExtension>
        </extensions>
      </trkpt>
      <trkpt lat="31.844806136680198" lon="117.11695571820677">
        <ele>46.0</ele>
        <time>2026-08-07T11:23:52Z</time>
        <extensions>
          <gpxtpx:TrackPointExtension>
            <gpxtpx:hr>137</gpxtpx:hr>
          </gpxtpx:TrackPointExtension>
        </extensions>
      </trkpt>
      <trkpt lat="31.844797029396243" lon="117.11684665066409">
        <ele>45.79999923706055</ele>
        <time>2026-08-07T11:23:56Z</time>
        <extensions>
          <gpxtpx:TrackPointExtension>
            <gpxtpx:hr>136</gpxtpx:hr>
          </gpxtpx:TrackPointExtension>
        </extensions>
      </trkpt>
      <trkpt lat="31.84478394197719" lon="117.11675859703625">
        <ele>45.79999923706055</ele>
        <time>2026-08-07T11:24:00Z</time>
        <extensions>
          <gpxtpx:TrackPointExtension>
            <gpxtpx:hr>135</gpxtpx:hr>
          </gpxtpx:TrackPointExtension>
        </extensions>
      </trkpt>
      <trkpt lat="31.844770857709918" lon="117.11667354558399">
        <ele>45.79999923706055</ele>
        <time>2026-08-07T11:24:04Z</time>
        <extensions>
          <gpxtpx:TrackPointExtension>
            <gpxtpx:hr>131</gpxtpx:hr>
          </gpxtpx:TrackPointExtension>
        </extensions>
      </trkpt>
      <trkpt lat="31.844765771411016" lon="117.11658449121774">
        <ele>45.599998474121094</ele>
        <time>2026-08-07T11:24:08Z</time>
        <extensions>
          <gpxtpx:TrackPointExtension>
            <gpxtpx:hr>123</gpxtpx:hr>
          </gpxtpx:TrackPointExtension>
        </extensions>
      </trkpt>
      <trkpt lat="31.84476067203552" lon="117.11648142863689">
        <ele>45.400001525878906</ele>
        <time>2026-08-07T11:24:12Z</time>
        <extensions>
          <gpxtpx:TrackPointExtension>
            <gpxtpx:hr>122</gpxtpx:hr>
          </gpxtpx:TrackPointExtension>
        </extensions>
      </trkpt>
      <trkpt lat="31.844735577722695" lon="117.11638737384393">
        <ele>45.599998474121094</ele>
        <time>2026-08-07T11:24:16Z</time>
        <extensions>
          <gpxtpx:TrackPointExtension>
            <gpxtpx:hr>131</gpxtpx:hr>
          </gpxtpx:TrackPointExtension>
        </extensions>
      </trkpt>
      <trkpt lat="31.84471648393214" lon="117.11629231825019">
        <ele>45.599998474121094</ele>
        <time>2026-08-07T11:24:20Z</time>
        <extensions>
          <gpxtpx:TrackPointExtension>
            <gpxtpx:hr>135</gpxtpx:hr>
          </gpxtpx:TrackPointExtension>
        </extensions>
      </trkpt>
      <trkpt lat="31.84469739517814" lon="117.11620226602518">
        <ele>45.599998474121094</ele>
        <time>2026-08-07T11:24:24Z</time>
        <extensions>
          <gpxtpx:TrackPointExtension>
            <gpxtpx:hr>138</gpxtpx:hr>
          </gpxtpx:TrackPointExtension>
        </extensions>
      </trkpt>
      <trkpt lat="31.844692322584784" lon="117.11612622114328">
        <ele>45.79999923706055</ele>
        <time>2026-08-07T11:24:28Z</time>
        <extensions>
          <gpxtpx:TrackPointExtension>
            <gpxtpx:hr>140</gpxtpx:hr>
          </gpxtpx:TrackPointExtension>
        </extensions>
      </trkpt>
      <trkpt lat="31.844685247932375" lon="117.1160481755088">
        <ele>46.0</ele>
        <time>2026-08-07T11:24:32Z</time>
        <extensions>
          <gpxtpx:TrackPointExtension>
            <gpxtpx:hr>141</gpxtpx:hr>
          </gpxtpx:TrackPointExtension>
        </extensions>
      </trkpt>
      <trkpt lat="31.84467416898061" lon="117.11596612815386">
        <ele>46.0</ele>
        <time>2026-08-07T11:24:36Z</time>
        <extensions>
          <gpxtpx:TrackPointExtension>
            <gpxtpx:hr>141</gpxtpx:hr>
          </gpxtpx:TrackPointExtension>
        </extensions>
      </trkpt>
      <trkpt lat="31.84464408193697" lon="117.11587907995448">
        <ele>46.0</ele>
        <time>2026-08-07T11:24:40Z</time>
        <extensions>
          <gpxtpx:TrackPointExtension>
            <gpxtpx:hr>141</gpxtpx:hr>
          </gpxtpx:TrackPointExtension>
        </extensions>
      </trkpt>
      <trkpt lat="31.844605993617932" lon="117.1157920328304">
        <ele>46.20000076293945</ele>
        <time>2026-08-07T11:24:44Z</time>
        <extensions>
          <gpxtpx:TrackPointExtension>
            <gpxtpx:hr>141</gpxtpx:hr>
          </gpxtpx:TrackPointExtension>
        </extensions>
      </trkpt>
      <trkpt lat="31.844553921398305" lon="117.11572499890781">
        <ele>46.20000076293945</ele>
        <time>2026-08-07T11:24:48Z</time>
        <extensions>
          <gpxtpx:TrackPointExtension>
            <gpxtpx:hr>140</gpxtpx:hr>
          </gpxtpx:TrackPointExtension>
        </extensions>
      </trkpt>
      <trkpt lat="31.844488851454646" lon="117.11566296928247">
        <ele>46.400001525878906</ele>
        <time>2026-08-07T11:24:52Z</time>
        <extensions>
          <gpxtpx:TrackPointExtension>
            <gpxtpx:hr>141</gpxtpx:hr>
          </gpxtpx:TrackPointExtension>
        </extensions>
      </trkpt>
      <trkpt lat="31.844413814803065" lon="117.1156389625735">
        <ele>46.400001525878906</ele>
        <time>2026-08-07T11:24:56Z</time>
        <extensions>
          <gpxtpx:TrackPointExtension>
            <gpxtpx:hr>141</gpxtpx:hr>
          </gpxtpx:TrackPointExtension>
        </extensions>
      </trkpt>
      <trkpt lat="31.84434077210034" lon="117.11560795168488">
        <ele>46.400001525878906</ele>
        <time>2026-08-07T11:25:00Z</time>
        <extensions>
          <gpxtpx:TrackPointExtension>
            <gpxtpx:hr>141</gpxtpx:hr>
          </gpxtpx:TrackPointExtension>
        </extensions>
      </trkpt>
      <trkpt lat="31.84426874345678" lon="117.11559194932815">
        <ele>46.400001525878906</ele>
        <time>2026-08-07T11:25:04Z</time>
        <extensions>
          <gpxtpx:TrackPointExtension>
            <gpxtpx:hr>141</gpxtpx:hr>
          </gpxtpx:TrackPointExtension>
        </extensions>
      </trkpt>
      <trkpt lat="31.844202715981773" lon="117.11557594641457">
        <ele>46.599998474121094</ele>
        <time>2026-08-07T11:25:08Z</time>
        <extensions>
          <gpxtpx:TrackPointExtension>
            <gpxtpx:hr>141</gpxtpx:hr>
          </gpxtpx:TrackPointExtension>
        </extensions>
      </trkpt>
      <trkpt lat="31.844132681300636" lon="117.11555293989174">
        <ele>47.0</ele>
        <time>2026-08-07T11:25:12Z</time>
        <extensions>
          <gpxtpx:TrackPointExtension>
            <gpxtpx:hr>141</gpxtpx:hr>
          </gpxtpx:TrackPointExtension>
        </extensions>
      </trkpt>
      <trkpt lat="31.84406163265213" lon="117.11551492493926">
        <ele>47.0</ele>
        <time>2026-08-07T11:25:16Z</time>
        <extensions>
          <gpxtpx:TrackPointExtension>
            <gpxtpx:hr>142</gpxtpx:hr>
          </gpxtpx:TrackPointExtension>
        </extensions>
      </trkpt>
      <trkpt lat="31.843993589226834" lon="117.11548191260377">
        <ele>47.0</ele>
        <time>2026-08-07T11:25:20Z</time>
        <extensions>
          <gpxtpx:TrackPointExtension>
            <gpxtpx:hr>143</gpxtpx:hr>
          </gpxtpx:TrackPointExtension>
        </extensions>
      </trkpt>
      <trkpt lat="31.843927538892217" lon="117.11544089559317">
        <ele>47.0</ele>
        <time>2026-08-07T11:25:24Z</time>
        <extensions>
          <gpxtpx:TrackPointExtension>
            <gpxtpx:hr>143</gpxtpx:hr>
          </gpxtpx:TrackPointExtension>
        </extensions>
      </trkpt>
      <trkpt lat="31.843860481105406" lon="117.11539187423294">
        <ele>47.0</ele>
        <time>2026-08-07T11:25:28Z</time>
        <extensions>
          <gpxtpx:TrackPointExtension>
            <gpxtpx:hr>144</gpxtpx:hr>
          </gpxtpx:TrackPointExtension>
        </extensions>
      </trkpt>
      <trkpt lat="31.843793426146878" lon="117.11534585466114">
        <ele>47.0</ele>
        <time>2026-08-07T11:25:32Z</time>
        <extensions>
          <gpxtpx:TrackPointExtension>
            <gpxtpx:hr>146</gpxtpx:hr>
          </gpxtpx:TrackPointExtension>
        </extensions>
      </trkpt>
      <trkpt lat="31.84372937275569" lon="117.11530083545557">
        <ele>47.0</ele>
        <time>2026-08-07T11:25:36Z</time>
        <extensions>
          <gpxtpx:TrackPointExtension>
            <gpxtpx:hr>147</gpxtpx:hr>
          </gpxtpx:TrackPointExtension>
        </extensions>
      </trkpt>
      <trkpt lat="31.84367230258873" lon="117.11523580451235">
        <ele>47.0</ele>
        <time>2026-08-07T11:25:40Z</time>
        <extensions>
          <gpxtpx:TrackPointExtension>
            <gpxtpx:hr>146</gpxtpx:hr>
          </gpxtpx:TrackPointExtension>
        </extensions>
      </trkpt>
      <trkpt lat="31.843623229578597" lon="117.1151657702177">
        <ele>47.0</ele>
        <time>2026-08-07T11:25:44Z</time>
        <extensions>
          <gpxtpx:TrackPointExtension>
            <gpxtpx:hr>145</gpxtpx:hr>
          </gpxtpx:TrackPointExtension>
        </extensions>
      </trkpt>
      <trkpt lat="31.84356515682238" lon="117.11509773808622">
        <ele>47.0</ele>
        <time>2026-08-07T11:25:48Z</time>
        <extensions>
          <gpxtpx:TrackPointExtension>
            <gpxtpx:hr>145</gpxtpx:hr>
          </gpxtpx:TrackPointExtension>
        </extensions>
      </trkpt>
      <trkpt lat="31.84350509287214" lon="117.11503971183157">
        <ele>47.0</ele>
        <time>2026-08-07T11:25:52Z</time>
        <extensions>
          <gpxtpx:TrackPointExtension>
            <gpxtpx:hr>144</gpxtpx:hr>
          </gpxtpx:TrackPointExtension>
        </extensions>
      </trkpt>
      <trkpt lat="31.843453029682884" lon="117.11498068441637">
        <ele>46.79999923706055</ele>
        <time>2026-08-07T11:25:56Z</time>
        <extensions>
          <gpxtpx:TrackPointExtension>
            <gpxtpx:hr>143</gpxtpx:hr>
          </gpxtpx:TrackPointExtension>
        </extensions>
      </trkpt>
      <trkpt lat="31.843406964181142" lon="117.11491765440498">
        <ele>46.79999923706055</ele>
        <time>2026-08-07T11:26:00Z</time>
        <extensions>
          <gpxtpx:TrackPointExtension>
            <gpxtpx:hr>142</gpxtpx:hr>
          </gpxtpx:TrackPointExtension>
        </extensions>
      </trkpt>
      <trkpt lat="31.84335290086837" lon="117.11485862748575">
        <ele>46.79999923706055</ele>
        <time>2026-08-07T11:26:04Z</time>
        <extensions>
          <gpxtpx:TrackPointExtension>
            <gpxtpx:hr>141</gpxtpx:hr>
          </gpxtpx:TrackPointExtension>
        </extensions>
      </trkpt>
      <trkpt lat="31.843304828111766" lon="117.1147875936815">
        <ele>47.0</ele>
        <time>2026-08-07T11:26:08Z</time>
        <extensions>
          <gpxtpx:TrackPointExtension>
            <gpxtpx:hr>141</gpxtpx:hr>
          </gpxtpx:TrackPointExtension>
        </extensions>
      </trkpt>
      <trkpt lat="31.84326275045576" lon="117.11470955577718">
        <ele>47.0</ele>
        <time>2026-08-07T11:26:12Z</time>
        <extensions>
          <gpxtpx:TrackPointExtension>
            <gpxtpx:hr>141</gpxtpx:hr>
          </gpxtpx:TrackPointExtension>
        </extensions>
      </trkpt>
      <trkpt lat="31.84322767791709" lon="117.11463551959861">
        <ele>47.0</ele>
        <time>2026-08-07T11:26:16Z</time>
        <extensions>
          <gpxtpx:TrackPointExtension>
            <gpxtpx:hr>141</gpxtpx:hr>
          </gpxtpx:TrackPointExtension>
        </extensions>
      </trkpt>
      <trkpt lat="31.843203591760876" lon="117.11454347310038">
        <ele>47.0</ele>
        <time>2026-08-07T11:26:20Z</time>
        <extensions>
          <gpxtpx:TrackPointExtension>
            <gpxtpx:hr>141</gpxtpx:hr>
          </gpxtpx:TrackPointExtension>
        </extensions>
      </trkpt>
      <trkpt lat="31.84317252308132" lon="117.11447243864438">
        <ele>46.79999923706055</ele>
        <time>2026-08-07T11:26:24Z</time>
        <extensions>
          <gpxtpx:TrackPointExtension>
            <gpxtpx:hr>141</gpxtpx:hr>
          </gpxtpx:TrackPointExtension>
        </extensions>
      </trkpt>
      <trkpt lat="31.843148449773782" lon="117.11439440008905">
        <ele>47.0</ele>
        <time>2026-08-07T11:26:28Z</time>
        <extensions>
          <gpxtpx:TrackPointExtension>
            <gpxtpx:hr>141</gpxtpx:hr>
          </gpxtpx:TrackPointExtension>
        </extensions>
      </trkpt>
      <trkpt lat="31.8431223727966" lon="117.11431235991095">
        <ele>47.0</ele>
        <time>2026-08-07T11:26:32Z</time>
        <extensions>
          <gpxtpx:TrackPointExtension>
            <gpxtpx:hr>141</gpxtpx:hr>
          </gpxtpx:TrackPointExtension>
        </extensions>
      </trkpt>
      <trkpt lat="31.843107306912398" lon="117.1142403241301">
        <ele>47.0</ele>
        <time>2026-08-07T11:26:36Z</time>
        <extensions>
          <gpxtpx:TrackPointExtension>
            <gpxtpx:hr>141</gpxtpx:hr>
          </gpxtpx:TrackPointExtension>
        </extensions>
      </trkpt>
      <trkpt lat="31.84307423775733" lon="117.1141682902753">
        <ele>47.0</ele>
        <time>2026-08-07T11:26:40Z</time>
        <extensions>
          <gpxtpx:TrackPointExtension>
            <gpxtpx:hr>141</gpxtpx:hr>
          </gpxtpx:TrackPointExtension>
        </extensions>
      </trkpt>
      <trkpt lat="31.843049159040607" lon="117.1140832492745">
        <ele>47.0</ele>
        <time>2026-08-07T11:26:44Z</time>
        <extensions>
          <gpxtpx:TrackPointExtension>
            <gpxtpx:hr>141</gpxtpx:hr>
          </gpxtpx:TrackPointExtension>
        </extensions>
      </trkpt>
      <trkpt lat="31.84302608875671" lon="117.11400721293988">
        <ele>47.0</ele>
        <time>2026-08-07T11:26:48Z</time>
        <extensions>
          <gpxtpx:TrackPointExtension>
            <gpxtpx:hr>140</gpxtpx:hr>
          </gpxtpx:TrackPointExtension>
        </extensions>
      </trkpt>
      <trkpt lat="31.842982023275596" lon="117.11394118386161">
        <ele>47.0</ele>
        <time>2026-08-07T11:26:52Z</time>
        <extensions>
          <gpxtpx:TrackPointExtension>
            <gpxtpx:hr>141</gpxtpx:hr>
          </gpxtpx:TrackPointExtension>
        </extensions>
      </trkpt>
      <trkpt lat="31.842934945334925" lon="117.11386114826821">
        <ele>47.0</ele>
        <time>2026-08-07T11:26:56Z</time>
        <extensions>
          <gpxtpx:TrackPointExtension>
            <gpxtpx:hr>141</gpxtpx:hr>
          </gpxtpx:TrackPointExtension>
        </extensions>
      </trkpt>
      <trkpt lat="31.842894874973048" lon="117.11378811575746">
        <ele>47.0</ele>
        <time>2026-08-07T11:27:00Z</time>
        <extensions>
          <gpxtpx:TrackPointExtension>
            <gpxtpx:hr>141</gpxtpx:hr>
          </gpxtpx:TrackPointExtension>
        </extensions>
      </trkpt>
      <trkpt lat="31.842837809234997" lon="117.11372408951965">
        <ele>47.0</ele>
        <time>2026-08-07T11:27:04Z</time>
        <extensions>
          <gpxtpx:TrackPointExtension>
            <gpxtpx:hr>141</gpxtpx:hr>
          </gpxtpx:TrackPointExtension>
        </extensions>
      </trkpt>
      <trkpt lat="31.84278975731638" lon="117.11367406947299">
        <ele>47.20000076293945</ele>
        <time>2026-08-07T11:27:08Z</time>
        <extensions>
          <gpxtpx:TrackPointExtension>
            <gpxtpx:hr>141</gpxtpx:hr>
          </gpxtpx:TrackPointExtension>
        </extensions>
      </trkpt>
      <trkpt lat="31.84274270823635" lon="117.1136270509058">
        <ele>47.20000076293945</ele>
        <time>2026-08-07T11:27:12Z</time>
        <extensions>
          <gpxtpx:TrackPointExtension>
            <gpxtpx:hr>141</gpxtpx:hr>
          </gpxtpx:TrackPointExtension>
        </extensions>
      </trkpt>
      <trkpt lat="31.842694671795876" lon="117.11359503983297">
        <ele>47.20000076293945</ele>
        <time>2026-08-07T11:27:16Z</time>
        <extensions>
          <gpxtpx:TrackPointExtension>
            <gpxtpx:hr>142</gpxtpx:hr>
          </gpxtpx:TrackPointExtension>
        </extensions>
      </trkpt>
      <trkpt lat="31.842644633312187" lon="117.11356102802216">
        <ele>47.20000076293945</ele>
        <time>2026-08-07T11:27:20Z</time>
        <extensions>
          <gpxtpx:TrackPointExtension>
            <gpxtpx:hr>142</gpxtpx:hr>
          </gpxtpx:TrackPointExtension>
        </extensions>
      </trkpt>
      <trkpt lat="31.842597596295587" lon="117.113528016462">
        <ele>47.20000076293945</ele>
        <time>2026-08-07T11:27:24Z</time>
        <extensions>
          <gpxtpx:TrackPointExtension>
            <gpxtpx:hr>141</gpxtpx:hr>
          </gpxtpx:TrackPointExtension>
        </extensions>
      </trkpt>
      <trkpt lat="31.842538564638506" lon="117.1135040104325">
        <ele>47.400001525878906</ele>
        <time>2026-08-07T11:27:28Z</time>
        <extensions>
          <gpxtpx:TrackPointExtension>
            <gpxtpx:hr>140</gpxtpx:hr>
          </gpxtpx:TrackPointExtension>
        </extensions>
      </trkpt>
      <trkpt lat="31.84247953300443" lon="117.11348000442801">
        <ele>47.400001525878906</ele>
        <time>2026-08-07T11:27:32Z</time>
        <extensions>
          <gpxtpx:TrackPointExtension>
            <gpxtpx:hr>137</gpxtpx:hr>
          </gpxtpx:TrackPointExtension>
        </extensions>
      </trkpt>
      <trkpt lat="31.84240549936173" lon="117.11345700034902">
        <ele>47.599998474121094</ele>
        <time>2026-08-07T11:27:36Z</time>
        <extensions>
          <gpxtpx:TrackPointExtension>
            <gpxtpx:hr>138</gpxtpx:hr>
          </gpxtpx:TrackPointExtension>
        </extensions>
      </trkpt>
      <trkpt lat="31.84233746858068" lon="117.11343599668591">
        <ele>47.79999923706055</ele>
        <time>2026-08-07T11:27:40Z</time>
        <extensions>
          <gpxtpx:TrackPointExtension>
            <gpxtpx:hr>138</gpxtpx:hr>
          </gpxtpx:TrackPointExtension>
        </extensions>
      </trkpt>
      <trkpt lat="31.842274459879825" lon="117.1134400045684">
        <ele>47.79999923706055</ele>
        <time>2026-08-07T11:27:44Z</time>
        <extensions>
          <gpxtpx:TrackPointExtension>
            <gpxtpx:hr>138</gpxtpx:hr>
          </gpxtpx:TrackPointExtension>
        </extensions>
      </trkpt>
      <trkpt lat="31.842201446731032" lon="117.11344101195581">
        <ele>47.79999923706055</ele>
        <time>2026-08-07T11:27:48Z</time>
        <extensions>
          <gpxtpx:TrackPointExtension>
            <gpxtpx:hr>136</gpxtpx:hr>
          </gpxtpx:TrackPointExtension>
        </extensions>
      </trkpt>
      <trkpt lat="31.842127432548978" lon="117.11344101895729">
        <ele>48.0</ele>
        <time>2026-08-07T11:27:52Z</time>
        <extensions>
          <gpxtpx:TrackPointExtension>
            <gpxtpx:hr>136</gpxtpx:hr>
          </gpxtpx:TrackPointExtension>
        </extensions>
      </trkpt>
      <trkpt lat="31.842059413608112" lon="117.11343402202816">
        <ele>48.20000076293945</ele>
        <time>2026-08-07T11:27:56Z</time>
        <extensions>
          <gpxtpx:TrackPointExtension>
            <gpxtpx:hr>136</gpxtpx:hr>
          </gpxtpx:TrackPointExtension>
        </extensions>
      </trkpt>
      <trkpt lat="31.841981407955835" lon="117.11344503469356">
        <ele>48.20000076293945</ele>
        <time>2026-08-07T11:28:00Z</time>
        <extensions>
          <gpxtpx:TrackPointExtension>
            <gpxtpx:hr>136</gpxtpx:hr>
          </gpxtpx:TrackPointExtension>
        </extensions>
      </trkpt>
      <trkpt lat="31.841924430858157" lon="117.11348505935085">
        <ele>48.20000076293945</ele>
        <time>2026-08-07T11:28:04Z</time>
        <extensions>
          <gpxtpx:TrackPointExtension>
            <gpxtpx:hr>137</gpxtpx:hr>
          </gpxtpx:TrackPointExtension>
        </extensions>
      </trkpt>
      <trkpt lat="31.841858459728186" lon="117.11353408928882">
        <ele>48.20000076293945</ele>
        <time>2026-08-07T11:28:08Z</time>
        <extensions>
          <gpxtpx:TrackPointExtension>
            <gpxtpx:hr>138</gpxtpx:hr>
          </gpxtpx:TrackPointExtension>
        </extensions>
      </trkpt>
      <trkpt lat="31.841782485074532" lon="117.11358111930375">
        <ele>48.0</ele>
        <time>2026-08-07T11:28:12Z</time>
        <extensions>
          <gpxtpx:TrackPointExtension>
            <gpxtpx:hr>137</gpxtpx:hr>
          </gpxtpx:TrackPointExtension>
        </extensions>
      </trkpt>
      <trkpt lat="31.841706516465912" lon="117.11363515283628">
        <ele>48.20000076293945</ele>
        <time>2026-08-07T11:28:16Z</time>
        <extensions>
          <gpxtpx:TrackPointExtension>
            <gpxtpx:hr>138</gpxtpx:hr>
          </gpxtpx:TrackPointExtension>
        </extensions>
      </trkpt>
      <trkpt lat="31.84164555596012" lon="117.11369518802478">
        <ele>48.0</ele>
        <time>2026-08-07T11:28:20Z</time>
        <extensions>
          <gpxtpx:TrackPointExtension>
            <gpxtpx:hr>138</gpxtpx:hr>
          </gpxtpx:TrackPointExtension>
        </extensions>
      </trkpt>
      <trkpt lat="31.84160160140887" lon="117.11375822324354">
        <ele>47.79999923706055</ele>
        <time>2026-08-07T11:28:24Z</time>
        <extensions>
          <gpxtpx:TrackPointExtension>
            <gpxtpx:hr>139</gpxtpx:hr>
          </gpxtpx:TrackPointExtension>
        </extensions>
      </trkpt>
      <trkpt lat="31.84155365997878" lon="117.11383726697068">
        <ele>47.79999923706055</ele>
        <time>2026-08-07T11:28:28Z</time>
        <extensions>
          <gpxtpx:TrackPointExtension>
            <gpxtpx:hr>140</gpxtpx:hr>
          </gpxtpx:TrackPointExtension>
        </extensions>
      </trkpt>
      <trkpt lat="31.841507709680624" lon="117.11390530526846">
        <ele>47.599998474121094</ele>
        <time>2026-08-07T11:28:32Z</time>
        <extensions>
          <gpxtpx:TrackPointExtension>
            <gpxtpx:hr>140</gpxtpx:hr>
          </gpxtpx:TrackPointExtension>
        </extensions>
      </trkpt>
      <trkpt lat="31.84145075744816" lon="117.11397334480667">
        <ele>47.400001525878906</ele>
        <time>2026-08-07T11:28:36Z</time>
        <extensions>
          <gpxtpx:TrackPointExtension>
            <gpxtpx:hr>141</gpxtpx:hr>
          </gpxtpx:TrackPointExtension>
        </extensions>
      </trkpt>
      <trkpt lat="31.84140080412489" lon="117.11403838236276">
        <ele>47.400001525878906</ele>
        <time>2026-08-07T11:28:40Z</time>
        <extensions>
          <gpxtpx:TrackPointExtension>
            <gpxtpx:hr>141</gpxtpx:hr>
          </gpxtpx:TrackPointExtension>
        </extensions>
      </trkpt>
      <trkpt lat="31.84134184315543" lon="117.11409641738905">
        <ele>47.20000076293945</ele>
        <time>2026-08-07T11:28:44Z</time>
        <extensions>
          <gpxtpx:TrackPointExtension>
            <gpxtpx:hr>141</gpxtpx:hr>
          </gpxtpx:TrackPointExtension>
        </extensions>
      </trkpt>
      <trkpt lat="31.841274878169163" lon="117.11415145178312">
        <ele>47.20000076293945</ele>
        <time>2026-08-07T11:28:48Z</time>
        <extensions>
          <gpxtpx:TrackPointExtension>
            <gpxtpx:hr>143</gpxtpx:hr>
          </gpxtpx:TrackPointExtension>
        </extensions>
      </trkpt>
      <trkpt lat="31.84120991367739" lon="117.11420648611819">
        <ele>47.0</ele>
        <time>2026-08-07T11:28:52Z</time>
        <extensions>
          <gpxtpx:TrackPointExtension>
            <gpxtpx:hr>144</gpxtpx:hr>
          </gpxtpx:TrackPointExtension>
        </extensions>
      </trkpt>
      <trkpt lat="31.841154941591373" lon="117.11425051396375">
        <ele>47.0</ele>
        <time>2026-08-07T11:28:56Z</time>
        <extensions>
          <gpxtpx:TrackPointExtension>
            <gpxtpx:hr>143</gpxtpx:hr>
          </gpxtpx:TrackPointExtension>
        </extensions>
      </trkpt>
      <trkpt lat="31.841086964466665" lon="117.11429154157034">
        <ele>47.20000076293945</ele>
        <time>2026-08-07T11:29:00Z</time>
        <extensions>
          <gpxtpx:TrackPointExtension>
            <gpxtpx:hr>143</gpxtpx:hr>
          </gpxtpx:TrackPointExtension>
        </extensions>
      </trkpt>
      <trkpt lat="31.841022990800774" lon="117.11433557042811">
        <ele>47.20000076293945</ele>
        <time>2026-08-07T11:29:04Z</time>
        <extensions>
          <gpxtpx:TrackPointExtension>
            <gpxtpx:hr>142</gpxtpx:hr>
          </gpxtpx:TrackPointExtension>
        </extensions>
      </trkpt>
      <trkpt lat="31.840964010254826" lon="117.11437059420795">
        <ele>47.20000076293945</ele>
        <time>2026-08-07T11:29:08Z</time>
        <extensions>
          <gpxtpx:TrackPointExtension>
            <gpxtpx:hr>141</gpxtpx:hr>
          </gpxtpx:TrackPointExtension>
        </extensions>
      </trkpt>
      <trkpt lat="31.840896026277342" lon="117.11440361784751">
        <ele>47.20000076293945</ele>
        <time>2026-08-07T11:29:12Z</time>
        <extensions>
          <gpxtpx:TrackPointExtension>
            <gpxtpx:hr>141</gpxtpx:hr>
          </gpxtpx:TrackPointExtension>
        </extensions>
      </trkpt>
      <trkpt lat="31.84083004360446" lon="117.11443764186811">
        <ele>47.20000076293945</ele>
        <time>2026-08-07T11:29:16Z</time>
        <extensions>
          <gpxtpx:TrackPointExtension>
            <gpxtpx:hr>139</gpxtpx:hr>
          </gpxtpx:TrackPointExtension>
        </extensions>
      </trkpt>
      <trkpt lat="31.840761057757128" lon="117.11446866464718">
        <ele>47.20000076293945</ele>
        <time>2026-08-07T11:29:20Z</time>
        <extensions>
          <gpxtpx:TrackPointExtension>
            <gpxtpx:hr>138</gpxtpx:hr>
          </gpxtpx:TrackPointExtension>
        </extensions>
      </trkpt>
      <trkpt lat="31.840684067771488" lon="117.11449668664577">
        <ele>47.20000076293945</ele>
        <time>2026-08-07T11:29:24Z</time>
        <extensions>
          <gpxtpx:TrackPointExtension>
            <gpxtpx:hr>137</gpxtpx:hr>
          </gpxtpx:TrackPointExtension>
        </extensions>
      </trkpt>
      <trkpt lat="31.840621066349197" lon="117.11450869892212">
        <ele>47.20000076293945</ele>
        <time>2026-08-07T11:29:28Z</time>
        <extensions>
          <gpxtpx:TrackPointExtension>
            <gpxtpx:hr>137</gpxtpx:hr>
          </gpxtpx:TrackPointExtension>
        </extensions>
      </trkpt>
      <trkpt lat="31.84054305765435" lon="117.1145157099886">
        <ele>47.400001525878906</ele>
        <time>2026-08-07T11:29:32Z</time>
        <extensions>
          <gpxtpx:TrackPointExtension>
            <gpxtpx:hr>136</gpxtpx:hr>
          </gpxtpx:TrackPointExtension>
        </extensions>
      </trkpt>
      <trkpt lat="31.840470039313754" lon="117.1145107142606">
        <ele>47.400001525878906</ele>
        <time>2026-08-07T11:29:36Z</time>
        <extensions>
          <gpxtpx:TrackPointExtension>
            <gpxtpx:hr>137</gpxtpx:hr>
          </gpxtpx:TrackPointExtension>
        </extensions>
      </trkpt>
      <trkpt lat="31.840405024269035" lon="117.1145077188299">
        <ele>47.20000076293945</ele>
        <time>2026-08-07T11:29:40Z</time>
        <extensions>
          <gpxtpx:TrackPointExtension>
            <gpxtpx:hr>138</gpxtpx:hr>
          </gpxtpx:TrackPointExtension>
        </extensions>
      </trkpt>
      <trkpt lat="31.840329012430406" lon="117.11451072759965">
        <ele>47.20000076293945</ele>
        <time>2026-08-07T11:29:44Z</time>
        <extensions>
          <gpxtpx:TrackPointExtension>
            <gpxtpx:hr>138</gpxtpx:hr>
          </gpxtpx:TrackPointExtension>
        </extensions>
      </trkpt>
      <trkpt lat="31.840253985770033" lon="117.11449672732525">
        <ele>47.20000076293945</ele>
        <time>2026-08-07T11:29:48Z</time>
        <extensions>
          <gpxtpx:TrackPointExtension>
            <gpxtpx:hr>138</gpxtpx:hr>
          </gpxtpx:TrackPointExtension>
        </extensions>
      </trkpt>
      <trkpt lat="31.84017797305359" lon="117.11449873556734">
        <ele>47.0</ele>
        <time>2026-08-07T11:29:52Z</time>
        <extensions>
          <gpxtpx:TrackPointExtension>
            <gpxtpx:hr>137</gpxtpx:hr>
          </gpxtpx:TrackPointExtension>
        </extensions>
      </trkpt>
      <trkpt lat="31.84009596008072" lon="117.11450174490345">
        <ele>47.0</ele>
        <time>2026-08-07T11:29:56Z</time>
        <extensions>
          <gpxtpx:TrackPointExtension>
            <gpxtpx:hr>137</gpxtpx:hr>
          </gpxtpx:TrackPointExtension>
        </extensions>
      </trkpt>
      <trkpt lat="31.840021942453543" lon="117.1144977497991">
        <ele>47.0</ele>
        <time>2026-08-07T11:30:00Z</time>
        <extensions>
          <gpxtpx:TrackPointExtension>
            <gpxtpx:hr>137</gpxtpx:hr>
          </gpxtpx:TrackPointExtension>
        </extensions>
      </trkpt>
      <trkpt lat="31.839948911781395" lon="117.11447874671606">
        <ele>47.0</ele>
        <time>2026-08-07T11:30:04Z</time>
        <extensions>
          <gpxtpx:TrackPointExtension>
            <gpxtpx:hr>137</gpxtpx:hr>
          </gpxtpx:TrackPointExtension>
        </extensions>
      </trkpt>
      <trkpt lat="31.83987089516664" lon="117.11447675304441">
        <ele>47.0</ele>
        <time>2026-08-07T11:30:08Z</time>
        <extensions>
          <gpxtpx:TrackPointExtension>
            <gpxtpx:hr>138</gpxtpx:hr>
          </gpxtpx:TrackPointExtension>
        </extensions>
      </trkpt>
      <trkpt lat="31.839787874957466" lon="117.11447175827064">
        <ele>46.79999923706055</ele>
        <time>2026-08-07T11:30:12Z</time>
        <extensions>
          <gpxtpx:TrackPointExtension>
            <gpxtpx:hr>139</gpxtpx:hr>
          </gpxtpx:TrackPointExtension>
        </extensions>
      </trkpt>
      <trkpt lat="31.83971287039026" lon="117.11448277114359">
        <ele>46.79999923706055</ele>
        <time>2026-08-07T11:30:16Z</time>
        <extensions>
          <gpxtpx:TrackPointExtension>
            <gpxtpx:hr>140</gpxtpx:hr>
          </gpxtpx:TrackPointExtension>
        </extensions>
      </trkpt>
      <trkpt lat="31.8396378578862" lon="117.1144847792897">
        <ele>46.79999923706055</ele>
        <time>2026-08-07T11:30:20Z</time>
        <extensions>
          <gpxtpx:TrackPointExtension>
            <gpxtpx:hr>140</gpxtpx:hr>
          </gpxtpx:TrackPointExtension>
        </extensions>
      </trkpt>
      <trkpt lat="31.839566845263622" lon="117.11448578653192">
        <ele>46.79999923706055</ele>
        <time>2026-08-07T11:30:24Z</time>
        <extensions>
          <gpxtpx:TrackPointExtension>
            <gpxtpx:hr>139</gpxtpx:hr>
          </gpxtpx:TrackPointExtension>
        </extensions>
      </trkpt>
      <trkpt lat="31.8394878231806" lon="117.1144777898017">
        <ele>46.79999923706055</ele>
        <time>2026-08-07T11:30:28Z</time>
        <extensions>
          <gpxtpx:TrackPointExtension>
            <gpxtpx:hr>138</gpxtpx:hr>
          </gpxtpx:TrackPointExtension>
        </extensions>
      </trkpt>
      <trkpt lat="31.83939881949811" lon="117.1144928061051">
        <ele>46.79999923706055</ele>
        <time>2026-08-07T11:30:32Z</time>
        <extensions>
          <gpxtpx:TrackPointExtension>
            <gpxtpx:hr>137</gpxtpx:hr>
          </gpxtpx:TrackPointExtension>
        </extensions>
      </trkpt>
      <trkpt lat="31.83932581710238" lon="117.11450581985149">
        <ele>46.79999923706055</ele>
        <time>2026-08-07T11:30:36Z</time>
        <extensions>
          <gpxtpx:TrackPointExtension>
            <gpxtpx:hr>136</gpxtpx:hr>
          </gpxtpx:TrackPointExtension>
        </extensions>
      </trkpt>
      <trkpt lat="31.839251808340205" lon="117.11451183001147">
        <ele>46.79999923706055</ele>
        <time>2026-08-07T11:30:40Z</time>
        <extensions>
          <gpxtpx:TrackPointExtension>
            <gpxtpx:hr>137</gpxtpx:hr>
          </gpxtpx:TrackPointExtension>
        </extensions>
      </trkpt>
      <trkpt lat="31.83917180905008" lon="117.11452984706757">
        <ele>46.79999923706055</ele>
        <time>2026-08-07T11:30:44Z</time>
        <extensions>
          <gpxtpx:TrackPointExtension>
            <gpxtpx:hr>136</gpxtpx:hr>
          </gpxtpx:TrackPointExtension>
        </extensions>
      </trkpt>
      <trkpt lat="31.83909480769074" lon="117.11454486226909">
        <ele>46.79999923706055</ele>
        <time>2026-08-07T11:30:48Z</time>
        <extensions>
          <gpxtpx:TrackPointExtension>
            <gpxtpx:hr>138</gpxtpx:hr>
          </gpxtpx:TrackPointExtension>
        </extensions>
      </trkpt>
      <trkpt lat="31.839025814945163" lon="117.11456788095515">
        <ele>47.0</ele>
        <time>2026-08-07T11:30:52Z</time>
        <extensions>
          <gpxtpx:TrackPointExtension>
            <gpxtpx:hr>137</gpxtpx:hr>
          </gpxtpx:TrackPointExtension>
        </extensions>
      </trkpt>
      <trkpt lat="31.838958808423694" lon="117.11457489099817">
        <ele>46.79999923706055</ele>
        <time>2026-08-07T11:30:56Z</time>
        <extensions>
          <gpxtpx:TrackPointExtension>
            <gpxtpx:hr>138</gpxtpx:hr>
          </gpxtpx:TrackPointExtension>
        </extensions>
      </trkpt>
      <trkpt lat="31.838887804691787" lon="117.11458590354096">
        <ele>47.0</ele>
        <time>2026-08-07T11:31:00Z</time>
        <extensions>
          <gpxtpx:TrackPointExtension>
            <gpxtpx:hr>137</gpxtpx:hr>
          </gpxtpx:TrackPointExtension>
        </extensions>
      </trkpt>
      <trkpt lat="31.838817818008604" lon="117.11461592607918">
        <ele>46.79999923706055</ele>
        <time>2026-08-07T11:31:04Z</time>
        <extensions>
          <gpxtpx:TrackPointExtension>
            <gpxtpx:hr>135</gpxtpx:hr>
          </gpxtpx:TrackPointExtension>
        </extensions>
      </trkpt>
      <trkpt lat="31.838744826350133" lon="117.11464094627785">
        <ele>46.79999923706055</ele>
        <time>2026-08-07T11:31:08Z</time>
        <extensions>
          <gpxtpx:TrackPointExtension>
            <gpxtpx:hr>136</gpxtpx:hr>
          </gpxtpx:TrackPointExtension>
        </extensions>
      </trkpt>
      <trkpt lat="31.83866682487981" lon="117.11465596164506">
        <ele>46.79999923706055</ele>
        <time>2026-08-07T11:31:12Z</time>
        <extensions>
          <gpxtpx:TrackPointExtension>
            <gpxtpx:hr>137</gpxtpx:hr>
          </gpxtpx:TrackPointExtension>
        </extensions>
      </trkpt>
      <trkpt lat="31.838584819994885" lon="117.11466797579979">
        <ele>46.79999923706055</ele>
        <time>2026-08-07T11:31:16Z</time>
        <extensions>
          <gpxtpx:TrackPointExtension>
            <gpxtpx:hr>135</gpxtpx:hr>
          </gpxtpx:TrackPointExtension>
        </extensions>
      </trkpt>
      <trkpt lat="31.83850381175052" lon="117.11467598773069">
        <ele>46.79999923706055</ele>
        <time>2026-08-07T11:31:20Z</time>
        <extensions>
          <gpxtpx:TrackPointExtension>
            <gpxtpx:hr>127</gpxtpx:hr>
          </gpxtpx:TrackPointExtension>
        </extensions>
      </trkpt>
      <trkpt lat="31.83842379124909" lon="117.11466999209654">
        <ele>46.79999923706055</ele>
        <time>2026-08-07T11:31:24Z</time>
        <extensions>
          <gpxtpx:TrackPointExtension>
            <gpxtpx:hr>128</gpxtpx:hr>
          </gpxtpx:TrackPointExtension>
        </extensions>
      </trkpt>
      <trkpt lat="31.838355756142022" lon="117.1146449852049">
        <ele>46.79999923706055</ele>
        <time>2026-08-07T11:31:28Z</time>
        <extensions>
          <gpxtpx:TrackPointExtension>
            <gpxtpx:hr>135</gpxtpx:hr>
          </gpxtpx:TrackPointExtension>
        </extensions>
      </trkpt>
      <trkpt lat="31.838284714280636" lon="117.11461297490533">
        <ele>46.79999923706055</ele>
        <time>2026-08-07T11:31:32Z</time>
        <extensions>
          <gpxtpx:TrackPointExtension>
            <gpxtpx:hr>137</gpxtpx:hr>
          </gpxtpx:TrackPointExtension>
        </extensions>
      </trkpt>
      <trkpt lat="31.838216673913347" lon="117.11458196489549">
        <ele>46.599998474121094</ele>
        <time>2026-08-07T11:31:36Z</time>
        <extensions>
          <gpxtpx:TrackPointExtension>
            <gpxtpx:hr>138</gpxtpx:hr>
          </gpxtpx:TrackPointExtension>
        </extensions>
      </trkpt>
      <trkpt lat="31.838152630801467" lon="117.11454695243518">
        <ele>46.599998474121094</ele>
        <time>2026-08-07T11:31:40Z</time>
        <extensions>
          <gpxtpx:TrackPointExtension>
            <gpxtpx:hr>138</gpxtpx:hr>
          </gpxtpx:TrackPointExtension>
        </extensions>
      </trkpt>
      <trkpt lat="31.838089587041967" lon="117.11451093940605">
        <ele>46.599998474121094</ele>
        <time>2026-08-07T11:31:44Z</time>
        <extensions>
          <gpxtpx:TrackPointExtension>
            <gpxtpx:hr>138</gpxtpx:hr>
          </gpxtpx:TrackPointExtension>
        </extensions>
      </trkpt>
      <trkpt lat="31.83803353230966" lon="117.11446091842244">
        <ele>46.599998474121094</ele>
        <time>2026-08-07T11:31:48Z</time>
        <extensions>
          <gpxtpx:TrackPointExtension>
            <gpxtpx:hr>138</gpxtpx:hr>
          </gpxtpx:TrackPointExtension>
        </extensions>
      </trkpt>
      <trkpt lat="31.837974476221717" lon="117.11440989730748">
        <ele>46.599998474121094</ele>
        <time>2026-08-07T11:31:52Z</time>
        <extensions>
          <gpxtpx:TrackPointExtension>
            <gpxtpx:hr>138</gpxtpx:hr>
          </gpxtpx:TrackPointExtension>
        </extensions>
      </trkpt>
      <trkpt lat="31.83791141244996" lon="117.11435087252256">
        <ele>46.79999923706055</ele>
        <time>2026-08-07T11:31:56Z</time>
        <extensions>
          <gpxtpx:TrackPointExtension>
            <gpxtpx:hr>137</gpxtpx:hr>
          </gpxtpx:TrackPointExtension>
        </extensions>
      </trkpt>
      <trkpt lat="31.83785635294704" lon="117.11429484868248">
        <ele>46.599998474121094</ele>
        <time>2026-08-07T11:32:00Z</time>
        <extensions>
          <gpxtpx:TrackPointExtension>
            <gpxtpx:hr>136</gpxtpx:hr>
          </gpxtpx:TrackPointExtension>
        </extensions>
      </trkpt>
      <trkpt lat="31.83782028579973" lon="117.11422581648841">
        <ele>46.599998474121094</ele>
        <time>2026-08-07T11:32:04Z</time>
        <extensions>
          <gpxtpx:TrackPointExtension>
            <gpxtpx:hr>137</gpxtpx:hr>
          </gpxtpx:TrackPointExtension>
        </extensions>
      </trkpt>
      <trkpt lat="31.837787209817986" lon="117.11414577859172">
        <ele>46.79999923706055</ele>
        <time>2026-08-07T11:32:08Z</time>
        <extensions>
          <gpxtpx:TrackPointExtension>
            <gpxtpx:hr>137</gpxtpx:hr>
          </gpxtpx:TrackPointExtension>
        </extensions>
      </trkpt>
      <trkpt lat="31.83774513323399" lon="117.11406674232961">
        <ele>46.79999923706055</ele>
        <time>2026-08-07T11:32:12Z</time>
        <extensions>
          <gpxtpx:TrackPointExtension>
            <gpxtpx:hr>138</gpxtpx:hr>
          </gpxtpx:TrackPointExtension>
        </extensions>
      </trkpt>
      <trkpt lat="31.837712061173704" lon="117.113990706998">
        <ele>46.79999923706055</ele>
        <time>2026-08-07T11:32:16Z</time>
        <extensions>
          <gpxtpx:TrackPointExtension>
            <gpxtpx:hr>138</gpxtpx:hr>
          </gpxtpx:TrackPointExtension>
        </extensions>
      </trkpt>
      <trkpt lat="31.837689999162844" lon="117.11392367538626">
        <ele>46.79999923706055</ele>
        <time>2026-08-07T11:32:20Z</time>
        <extensions>
          <gpxtpx:TrackPointExtension>
            <gpxtpx:hr>138</gpxtpx:hr>
          </gpxtpx:TrackPointExtension>
        </extensions>
      </trkpt>
      <trkpt lat="31.8376759190634" lon="117.11383363175675">
        <ele>46.79999923706055</ele>
        <time>2026-08-07T11:32:24Z</time>
        <extensions>
          <gpxtpx:TrackPointExtension>
            <gpxtpx:hr>138</gpxtpx:hr>
          </gpxtpx:TrackPointExtension>
        </extensions>
      </trkpt>
      <trkpt lat="31.837668838016178" lon="117.11374058633457">
        <ele>46.79999923706055</ele>
        <time>2026-08-07T11:32:28Z</time>
        <extensions>
          <gpxtpx:TrackPointExtension>
            <gpxtpx:hr>138</gpxtpx:hr>
          </gpxtpx:TrackPointExtension>
        </extensions>
      </trkpt>
      <trkpt lat="31.837659759462877" lon="117.11365054294473">
        <ele>46.599998474121094</ele>
        <time>2026-08-07T11:32:32Z</time>
        <extensions>
          <gpxtpx:TrackPointExtension>
            <gpxtpx:hr>139</gpxtpx:hr>
          </gpxtpx:TrackPointExtension>
        </extensions>
      </trkpt>
      <trkpt lat="31.83765068969699" lon="117.11357050476533">
        <ele>46.79999923706055</ele>
        <time>2026-08-07T11:32:36Z</time>
        <extensions>
          <gpxtpx:TrackPointExtension>
            <gpxtpx:hr>140</gpxtpx:hr>
          </gpxtpx:TrackPointExtension>
        </extensions>
      </trkpt>
      <trkpt lat="31.83764261950784" lon="117.11348946628637">
        <ele>46.599998474121094</ele>
        <time>2026-08-07T11:32:40Z</time>
        <extensions>
          <gpxtpx:TrackPointExtension>
            <gpxtpx:hr>141</gpxtpx:hr>
          </gpxtpx:TrackPointExtension>
        </extensions>
      </trkpt>
      <trkpt lat="31.837635547217896" lon="117.11340542656067">
        <ele>46.599998474121094</ele>
        <time>2026-08-07T11:32:44Z</time>
        <extensions>
          <gpxtpx:TrackPointExtension>
            <gpxtpx:hr>140</gpxtpx:hr>
          </gpxtpx:TrackPointExtension>
        </extensions>
      </trkpt>
      <trkpt lat="31.837616471237055" lon="117.1133193873264">
        <ele>46.599998474121094</ele>
        <time>2026-08-07T11:32:48Z</time>
        <extensions>
          <gpxtpx:TrackPointExtension>
            <gpxtpx:hr>139</gpxtpx:hr>
          </gpxtpx:TrackPointExtension>
        </extensions>
      </trkpt>
      <trkpt lat="31.837590395878244" lon="117.11323535001935">
        <ele>46.400001525878906</ele>
        <time>2026-08-07T11:32:52Z</time>
        <extensions>
          <gpxtpx:TrackPointExtension>
            <gpxtpx:hr>140</gpxtpx:hr>
          </gpxtpx:TrackPointExtension>
        </extensions>
      </trkpt>
      <trkpt lat="31.83757131960057" lon="117.11314831095406">
        <ele>46.400001525878906</ele>
        <time>2026-08-07T11:32:56Z</time>
        <extensions>
          <gpxtpx:TrackPointExtension>
            <gpxtpx:hr>139</gpxtpx:hr>
          </gpxtpx:TrackPointExtension>
        </extensions>
      </trkpt>
      <trkpt lat="31.837542249188363" lon="117.11307027734266">
        <ele>46.20000076293945</ele>
        <time>2026-08-07T11:33:00Z</time>
        <extensions>
          <gpxtpx:TrackPointExtension>
            <gpxtpx:hr>140</gpxtpx:hr>
          </gpxtpx:TrackPointExtension>
        </extensions>
      </trkpt>
      <trkpt lat="31.837503181251346" lon="117.11299724724837">
        <ele>46.0</ele>
        <time>2026-08-07T11:33:04Z</time>
        <extensions>
          <gpxtpx:TrackPointExtension>
            <gpxtpx:hr>139</gpxtpx:hr>
          </gpxtpx:TrackPointExtension>
        </extensions>
      </trkpt>
      <trkpt lat="31.837453115561072" lon="117.11292922071817">
        <ele>46.0</ele>
        <time>2026-08-07T11:33:08Z</time>
        <extensions>
          <gpxtpx:TrackPointExtension>
            <gpxtpx:hr>140</gpxtpx:hr>
          </gpxtpx:TrackPointExtension>
        </extensions>
      </trkpt>
      <trkpt lat="31.837407055738993" lon="117.11286719674413">
        <ele>46.0</ele>
        <time>2026-08-07T11:33:12Z</time>
        <extensions>
          <gpxtpx:TrackPointExtension>
            <gpxtpx:hr>141</gpxtpx:hr>
          </gpxtpx:TrackPointExtension>
        </extensions>
      </trkpt>
      <trkpt lat="31.837356993661803" lon="117.1128031724113">
        <ele>46.0</ele>
        <time>2026-08-07T11:33:16Z</time>
        <extensions>
          <gpxtpx:TrackPointExtension>
            <gpxtpx:hr>141</gpxtpx:hr>
          </gpxtpx:TrackPointExtension>
        </extensions>
      </trkpt>
      <trkpt lat="31.837302940809796" lon="117.11275115403828">
        <ele>46.0</ele>
        <time>2026-08-07T11:33:20Z</time>
        <extensions>
          <gpxtpx:TrackPointExtension>
            <gpxtpx:hr>141</gpxtpx:hr>
          </gpxtpx:TrackPointExtension>
        </extensions>
      </trkpt>
      <trkpt lat="31.837244890573405" lon="117.11270313795517">
        <ele>46.0</ele>
        <time>2026-08-07T11:33:24Z</time>
        <extensions>
          <gpxtpx:TrackPointExtension>
            <gpxtpx:hr>141</gpxtpx:hr>
          </gpxtpx:TrackPointExtension>
        </extensions>
      </trkpt>
      <trkpt lat="31.837187848771656" lon="117.11266512634285">
        <ele>45.79999923706055</ele>
        <time>2026-08-07T11:33:28Z</time>
        <extensions>
          <gpxtpx:TrackPointExtension>
            <gpxtpx:hr>139</gpxtpx:hr>
          </gpxtpx:TrackPointExtension>
        </extensions>
      </trkpt>
      <trkpt lat="31.83712880094593" lon="117.11262011186932">
        <ele>45.79999923706055</ele>
        <time>2026-08-07T11:33:32Z</time>
        <extensions>
          <gpxtpx:TrackPointExtension>
            <gpxtpx:hr>138</gpxtpx:hr>
          </gpxtpx:TrackPointExtension>
        </extensions>
      </trkpt>
      <trkpt lat="31.83706876439013" lon="117.1125891037814">
        <ele>45.79999923706055</ele>
        <time>2026-08-07T11:33:36Z</time>
        <extensions>
          <gpxtpx:TrackPointExtension>
            <gpxtpx:hr>138</gpxtpx:hr>
          </gpxtpx:TrackPointExtension>
        </extensions>
      </trkpt>
      <trkpt lat="31.837008735994754" lon="117.11256810015742">
        <ele>45.79999923706055</ele>
        <time>2026-08-07T11:33:40Z</time>
        <extensions>
          <gpxtpx:TrackPointExtension>
            <gpxtpx:hr>138</gpxtpx:hr>
          </gpxtpx:TrackPointExtension>
        </extensions>
      </trkpt>
      <trkpt lat="31.836949680230568" lon="117.11251308147372">
        <ele>45.79999923706055</ele>
        <time>2026-08-07T11:33:44Z</time>
        <extensions>
          <gpxtpx:TrackPointExtension>
            <gpxtpx:hr>138</gpxtpx:hr>
          </gpxtpx:TrackPointExtension>
        </extensions>
      </trkpt>
      <trkpt lat="31.836883621643093" lon="117.11245606271024">
        <ele>45.79999923706055</ele>
        <time>2026-08-07T11:33:48Z</time>
        <extensions>
          <gpxtpx:TrackPointExtension>
            <gpxtpx:hr>138</gpxtpx:hr>
          </gpxtpx:TrackPointExtension>
        </extensions>
      </trkpt>
      <trkpt lat="31.836830570468724" lon="117.11240504547048">
        <ele>45.599998474121094</ele>
        <time>2026-08-07T11:33:52Z</time>
        <extensions>
          <gpxtpx:TrackPointExtension>
            <gpxtpx:hr>138</gpxtpx:hr>
          </gpxtpx:TrackPointExtension>
        </extensions>
      </trkpt>
      <trkpt lat="31.8367835116766" lon="117.11234302301764">
        <ele>45.79999923706055</ele>
        <time>2026-08-07T11:33:56Z</time>
        <extensions>
          <gpxtpx:TrackPointExtension>
            <gpxtpx:hr>137</gpxtpx:hr>
          </gpxtpx:TrackPointExtension>
        </extensions>
      </trkpt>
      <trkpt lat="31.8367374532171" lon="117.11228100063961">
        <ele>46.0</ele>
        <time>2026-08-07T11:34:00Z</time>
        <extensions>
          <gpxtpx:TrackPointExtension>
            <gpxtpx:hr>136</gpxtpx:hr>
          </gpxtpx:TrackPointExtension>
        </extensions>
      </trkpt>
      <trkpt lat="31.836697391236676" lon="117.11221297530219">
        <ele>46.0</ele>
        <time>2026-08-07T11:34:04Z</time>
        <extensions>
          <gpxtpx:TrackPointExtension>
            <gpxtpx:hr>134</gpxtpx:hr>
          </gpxtpx:TrackPointExtension>
        </extensions>
      </trkpt>
      <trkpt lat="31.836672332257347" lon="117.1121449487499">
        <ele>46.20000076293945</ele>
        <time>2026-08-07T11:34:08Z</time>
        <extensions>
          <gpxtpx:TrackPointExtension>
            <gpxtpx:hr>134</gpxtpx:hr>
          </gpxtpx:TrackPointExtension>
        </extensions>
      </trkpt>
      <trkpt lat="31.836654267623803" lon="117.11206791795475">
        <ele>46.400001525878906</ele>
        <time>2026-08-07T11:34:12Z</time>
        <extensions>
          <gpxtpx:TrackPointExtension>
            <gpxtpx:hr>134</gpxtpx:hr>
          </gpxtpx:TrackPointExtension>
        </extensions>
      </trkpt>
      <trkpt lat="31.83664919696341" lon="117.11197988160828">
        <ele>46.599998474121094</ele>
        <time>2026-08-07T11:34:16Z</time>
        <extensions>
          <gpxtpx:TrackPointExtension>
            <gpxtpx:hr>133</gpxtpx:hr>
          </gpxtpx:TrackPointExtension>
        </extensions>
      </trkpt>
      <trkpt lat="31.83664813837225" lon="117.11190585100637">
        <ele>46.79999923706055</ele>
        <time>2026-08-07T11:34:20Z</time>
        <extensions>
          <gpxtpx:TrackPointExtension>
            <gpxtpx:hr>134</gpxtpx:hr>
          </gpxtpx:TrackPointExtension>
        </extensions>
      </trkpt>
      <trkpt lat="31.836645074113896" lon="117.11182481796806">
        <ele>47.0</ele>
        <time>2026-08-07T11:34:24Z</time>
        <extensions>
          <gpxtpx:TrackPointExtension>
            <gpxtpx:hr>135</gpxtpx:hr>
          </gpxtpx:TrackPointExtension>
        </extensions>
      </trkpt>
      <trkpt lat="31.836646016328377" lon="117.11175078768534">
        <ele>47.20000076293945</ele>
        <time>2026-08-07T11:34:28Z</time>
        <extensions>
          <gpxtpx:TrackPointExtension>
            <gpxtpx:hr>137</gpxtpx:hr>
          </gpxtpx:TrackPointExtension>
        </extensions>
      </trkpt>
      <trkpt lat="31.836644957591428" lon="117.11167575743188">
        <ele>47.400001525878906</ele>
        <time>2026-08-07T11:34:32Z</time>
        <extensions>
          <gpxtpx:TrackPointExtension>
            <gpxtpx:hr>139</gpxtpx:hr>
          </gpxtpx:TrackPointExtension>
        </extensions>
      </trkpt>
      <trkpt lat="31.836632900873944" lon="117.1116057304677">
        <ele>47.79999923706055</ele>
        <time>2026-08-07T11:34:36Z</time>
        <extensions>
          <gpxtpx:TrackPointExtension>
            <gpxtpx:hr>143</gpxtpx:hr>
          </gpxtpx:TrackPointExtension>
        </extensions>
      </trkpt>
      <trkpt lat="31.836627844885893" lon="117.11153470266245">
        <ele>48.0</ele>
        <time>2026-08-07T11:34:40Z</time>
        <extensions>
          <gpxtpx:TrackPointExtension>
            <gpxtpx:hr>143</gpxtpx:hr>
          </gpxtpx:TrackPointExtension>
        </extensions>
      </trkpt>
      <trkpt lat="31.836622784459895" lon="117.11145767272109">
        <ele>48.20000076293945</ele>
        <time>2026-08-07T11:34:44Z</time>
        <extensions>
          <gpxtpx:TrackPointExtension>
            <gpxtpx:hr>142</gpxtpx:hr>
          </gpxtpx:TrackPointExtension>
        </extensions>
      </trkpt>
      <trkpt lat="31.836613725807183" lon="117.11138364459194">
        <ele>48.400001525878906</ele>
        <time>2026-08-07T11:34:48Z</time>
        <extensions>
          <gpxtpx:TrackPointExtension>
            <gpxtpx:hr>142</gpxtpx:hr>
          </gpxtpx:TrackPointExtension>
        </extensions>
      </trkpt>
      <trkpt lat="31.836583672590493" lon="117.11132162333692">
        <ele>48.599998474121094</ele>
        <time>2026-08-07T11:34:52Z</time>
        <extensions>
          <gpxtpx:TrackPointExtension>
            <gpxtpx:hr>141</gpxtpx:hr>
          </gpxtpx:TrackPointExtension>
        </extensions>
      </trkpt>
      <trkpt lat="31.83655461283631" lon="117.1112505987006">
        <ele>48.79999923706055</ele>
        <time>2026-08-07T11:34:56Z</time>
        <extensions>
          <gpxtpx:TrackPointExtension>
            <gpxtpx:hr>142</gpxtpx:hr>
          </gpxtpx:TrackPointExtension>
        </extensions>
      </trkpt>
      <trkpt lat="31.83651255766939" lon="117.11118857894884">
        <ele>48.79999923706055</ele>
        <time>2026-08-07T11:35:00Z</time>
        <extensions>
          <gpxtpx:TrackPointExtension>
            <gpxtpx:hr>141</gpxtpx:hr>
          </gpxtpx:TrackPointExtension>
        </extensions>
      </trkpt>
      <trkpt lat="31.836472508336374" lon="117.1111335618303">
        <ele>49.0</ele>
        <time>2026-08-07T11:35:04Z</time>
        <extensions>
          <gpxtpx:TrackPointExtension>
            <gpxtpx:hr>142</gpxtpx:hr>
          </gpxtpx:TrackPointExtension>
        </extensions>
      </trkpt>
      <trkpt lat="31.836424456854257" lon="117.1110775452275">
        <ele>49.0</ele>
        <time>2026-08-07T11:35:08Z</time>
        <extensions>
          <gpxtpx:TrackPointExtension>
            <gpxtpx:hr>142</gpxtpx:hr>
          </gpxtpx:TrackPointExtension>
        </extensions>
      </trkpt>
      <trkpt lat="31.836371413608397" lon="117.11103353372692">
        <ele>49.20000076293945</ele>
        <time>2026-08-07T11:35:12Z</time>
        <extensions>
          <gpxtpx:TrackPointExtension>
            <gpxtpx:hr>142</gpxtpx:hr>
          </gpxtpx:TrackPointExtension>
        </extensions>
      </trkpt>
      <trkpt lat="31.83632936572961" lon="117.11098051792285">
        <ele>49.20000076293945</ele>
        <time>2026-08-07T11:35:16Z</time>
        <extensions>
          <gpxtpx:TrackPointExtension>
            <gpxtpx:hr>143</gpxtpx:hr>
          </gpxtpx:TrackPointExtension>
        </extensions>
      </trkpt>
      <trkpt lat="31.836285313826245" lon="117.11092250058641">
        <ele>49.400001525878906</ele>
        <time>2026-08-07T11:35:20Z</time>
        <extensions>
          <gpxtpx:TrackPointExtension>
            <gpxtpx:hr>142</gpxtpx:hr>
          </gpxtpx:TrackPointExtension>
        </extensions>
      </trkpt>
      <trkpt lat="31.836234262979353" lon="117.11086748516347">
        <ele>49.400001525878906</ele>
        <time>2026-08-07T11:35:24Z</time>
        <extensions>
          <gpxtpx:TrackPointExtension>
            <gpxtpx:hr>142</gpxtpx:hr>
          </gpxtpx:TrackPointExtension>
        </extensions>
      </trkpt>
      <trkpt lat="31.836182207580258" lon="117.11080646778501">
        <ele>49.400001525878906</ele>
        <time>2026-08-07T11:35:28Z</time>
        <extensions>
          <gpxtpx:TrackPointExtension>
            <gpxtpx:hr>142</gpxtpx:hr>
          </gpxtpx:TrackPointExtension>
        </extensions>
      </trkpt>
      <trkpt lat="31.8361231599392" lon="117.11075745557615">
        <ele>49.400001525878906</ele>
        <time>2026-08-07T11:35:32Z</time>
        <extensions>
          <gpxtpx:TrackPointExtension>
            <gpxtpx:hr>141</gpxtpx:hr>
          </gpxtpx:TrackPointExtension>
        </extensions>
      </trkpt>
      <trkpt lat="31.83607010906407" lon="117.11070244074972">
        <ele>49.400001525878906</ele>
        <time>2026-08-07T11:35:36Z</time>
        <extensions>
          <gpxtpx:TrackPointExtension>
            <gpxtpx:hr>141</gpxtpx:hr>
          </gpxtpx:TrackPointExtension>
        </extensions>
      </trkpt>
      <trkpt lat="31.836022054063474" lon="117.11064042308817">
        <ele>49.400001525878906</ele>
        <time>2026-08-07T11:35:40Z</time>
        <extensions>
          <gpxtpx:TrackPointExtension>
            <gpxtpx:hr>139</gpxtpx:hr>
          </gpxtpx:TrackPointExtension>
        </extensions>
      </trkpt>
      <trkpt lat="31.835970002885364" lon="117.11058440810224">
        <ele>49.400001525878906</ele>
        <time>2026-08-07T11:35:44Z</time>
        <extensions>
          <gpxtpx:TrackPointExtension>
            <gpxtpx:hr>138</gpxtpx:hr>
          </gpxtpx:TrackPointExtension>
        </extensions>
      </trkpt>
      <trkpt lat="31.83591795182781" lon="117.11052839325743">
        <ele>49.400001525878906</ele>
        <time>2026-08-07T11:35:48Z</time>
        <extensions>
          <gpxtpx:TrackPointExtension>
            <gpxtpx:hr>138</gpxtpx:hr>
          </gpxtpx:TrackPointExtension>
        </extensions>
      </trkpt>
      <trkpt lat="31.835866899611325" lon="117.110470377761">
        <ele>49.400001525878906</ele>
        <time>2026-08-07T11:35:52Z</time>
        <extensions>
          <gpxtpx:TrackPointExtension>
            <gpxtpx:hr>138</gpxtpx:hr>
          </gpxtpx:TrackPointExtension>
        </extensions>
      </trkpt>
      <trkpt lat="31.835808856453603" lon="117.11042636793299">
        <ele>49.599998474121094</ele>
        <time>2026-08-07T11:35:56Z</time>
        <extensions>
          <gpxtpx:TrackPointExtension>
            <gpxtpx:hr>138</gpxtpx:hr>
          </gpxtpx:TrackPointExtension>
        </extensions>
      </trkpt>
      <trkpt lat="31.835740809300106" lon="117.11037935810319">
        <ele>49.599998474121094</ele>
        <time>2026-08-07T11:36:00Z</time>
        <extensions>
          <gpxtpx:TrackPointExtension>
            <gpxtpx:hr>138</gpxtpx:hr>
          </gpxtpx:TrackPointExtension>
        </extensions>
      </trkpt>
      <trkpt lat="31.83567377116644" lon="117.11034435239569">
        <ele>49.599998474121094</ele>
        <time>2026-08-07T11:36:04Z</time>
        <extensions>
          <gpxtpx:TrackPointExtension>
            <gpxtpx:hr>138</gpxtpx:hr>
          </gpxtpx:TrackPointExtension>
        </extensions>
      </trkpt>
      <trkpt lat="31.83561574278" lon="117.11032034965453">
        <ele>49.599998474121094</ele>
        <time>2026-08-07T11:36:08Z</time>
        <extensions>
          <gpxtpx:TrackPointExtension>
            <gpxtpx:hr>139</gpxtpx:hr>
          </gpxtpx:TrackPointExtension>
        </extensions>
      </trkpt>
      <trkpt lat="31.835539713216843" lon="117.11029934966598">
        <ele>49.599998474121094</ele>
        <time>2026-08-07T11:36:12Z</time>
        <extensions>
          <gpxtpx:TrackPointExtension>
            <gpxtpx:hr>139</gpxtpx:hr>
          </gpxtpx:TrackPointExtension>
        </extensions>
      </trkpt>
      <trkpt lat="31.835466688596952" lon="117.11028435145671">
        <ele>49.599998474121094</ele>
        <time>2026-08-07T11:36:16Z</time>
        <extensions>
          <gpxtpx:TrackPointExtension>
            <gpxtpx:hr>139</gpxtpx:hr>
          </gpxtpx:TrackPointExtension>
        </extensions>
      </trkpt>
      <trkpt lat="31.835396660921937" lon="117.11026435127442">
        <ele>49.400001525878906</ele>
        <time>2026-08-07T11:36:20Z</time>
        <extensions>
          <gpxtpx:TrackPointExtension>
            <gpxtpx:hr>138</gpxtpx:hr>
          </gpxtpx:TrackPointExtension>
        </extensions>
      </trkpt>
      <trkpt lat="31.835320628512907" lon="117.11023934998403">
        <ele>49.400001525878906</ele>
        <time>2026-08-07T11:36:24Z</time>
        <extensions>
          <gpxtpx:TrackPointExtension>
            <gpxtpx:hr>136</gpxtpx:hr>
          </gpxtpx:TrackPointExtension>
        </extensions>
      </trkpt>
      <trkpt lat="31.83523561255448" lon="117.11023935802498">
        <ele>49.400001525878906</ele>
        <time>2026-08-07T11:36:28Z</time>
        <extensions>
          <gpxtpx:TrackPointExtension>
            <gpxtpx:hr>138</gpxtpx:hr>
          </gpxtpx:TrackPointExtension>
        </extensions>
      </trkpt>
      <trkpt lat="31.835161598664676" lon="117.11023936502531">
        <ele>49.400001525878906</ele>
        <time>2026-08-07T11:36:32Z</time>
        <extensions>
          <gpxtpx:TrackPointExtension>
            <gpxtpx:hr>138</gpxtpx:hr>
          </gpxtpx:TrackPointExtension>
        </extensions>
      </trkpt>
      <trkpt lat="31.835079582552005" lon="117.1102383724438">
        <ele>49.20000076293945</ele>
        <time>2026-08-07T11:36:36Z</time>
        <extensions>
          <gpxtpx:TrackPointExtension>
            <gpxtpx:hr>139</gpxtpx:hr>
          </gpxtpx:TrackPointExtension>
        </extensions>
      </trkpt>
      <trkpt lat="31.83499556751802" lon="117.11023938072869">
        <ele>49.0</ele>
        <time>2026-08-07T11:36:40Z</time>
        <extensions>
          <gpxtpx:TrackPointExtension>
            <gpxtpx:hr>140</gpxtpx:hr>
          </gpxtpx:TrackPointExtension>
        </extensions>
      </trkpt>
      <trkpt lat="31.834919559064627" lon="117.11024739062864">
        <ele>48.79999923706055</ele>
        <time>2026-08-07T11:36:44Z</time>
        <extensions>
          <gpxtpx:TrackPointExtension>
            <gpxtpx:hr>140</gpxtpx:hr>
          </gpxtpx:TrackPointExtension>
        </extensions>
      </trkpt>
      <trkpt lat="31.834845546639073" lon="117.11024939830696">
        <ele>48.599998474121094</ele>
        <time>2026-08-07T11:36:48Z</time>
        <extensions>
          <gpxtpx:TrackPointExtension>
            <gpxtpx:hr>140</gpxtpx:hr>
          </gpxtpx:TrackPointExtension>
        </extensions>
      </trkpt>
      <trkpt lat="31.834763538522097" lon="117.11025940945706">
        <ele>48.599998474121094</ele>
        <time>2026-08-07T11:36:52Z</time>
        <extensions>
          <gpxtpx:TrackPointExtension>
            <gpxtpx:hr>140</gpxtpx:hr>
          </gpxtpx:TrackPointExtension>
        </extensions>
      </trkpt>
      <trkpt lat="31.83468753226341" lon="117.11027042038407">
        <ele>48.20000076293945</ele>
        <time>2026-08-07T11:36:56Z</time>
        <extensions>
          <gpxtpx:TrackPointExtension>
            <gpxtpx:hr>140</gpxtpx:hr>
          </gpxtpx:TrackPointExtension>
        </extensions>
      </trkpt>
      <trkpt lat="31.834613537290622" lon="117.11029643624032">
        <ele>48.0</ele>
        <time>2026-08-07T11:37:00Z</time>
        <extensions>
          <gpxtpx:TrackPointExtension>
            <gpxtpx:hr>140</gpxtpx:hr>
          </gpxtpx:TrackPointExtension>
        </extensions>
      </trkpt>
      <trkpt lat="31.83453554305389" lon="117.11032445319029">
        <ele>47.79999923706055</ele>
        <time>2026-08-07T11:37:04Z</time>
        <extensions>
          <gpxtpx:TrackPointExtension>
            <gpxtpx:hr>138</gpxtpx:hr>
          </gpxtpx:TrackPointExtension>
        </extensions>
      </trkpt>
      <trkpt lat="31.834458543933657" lon="117.110345467676">
        <ele>47.400001525878906</ele>
        <time>2026-08-07T11:37:08Z</time>
        <extensions>
          <gpxtpx:TrackPointExtension>
            <gpxtpx:hr>137</gpxtpx:hr>
          </gpxtpx:TrackPointExtension>
        </extensions>
      </trkpt>
      <trkpt lat="31.834386543580475" lon="117.1103634806757">
        <ele>47.20000076293945</ele>
        <time>2026-08-07T11:37:12Z</time>
        <extensions>
          <gpxtpx:TrackPointExtension>
            <gpxtpx:hr>135</gpxtpx:hr>
          </gpxtpx:TrackPointExtension>
        </extensions>
      </trkpt>
      <trkpt lat="31.8343095459592" lon="117.11038649588875">
        <ele>46.79999923706055</ele>
        <time>2026-08-07T11:37:16Z</time>
        <extensions>
          <gpxtpx:TrackPointExtension>
            <gpxtpx:hr>136</gpxtpx:hr>
          </gpxtpx:TrackPointExtension>
        </extensions>
      </trkpt>
      <trkpt lat="31.834222542833306" lon="117.11040451034063">
        <ele>46.599998474121094</ele>
        <time>2026-08-07T11:37:20Z</time>
        <extensions>
          <gpxtpx:TrackPointExtension>
            <gpxtpx:hr>135</gpxtpx:hr>
          </gpxtpx:TrackPointExtension>
        </extensions>
      </trkpt>
      <trkpt lat="31.834146542514052" lon="117.11042352411343">
        <ele>46.400001525878906</ele>
        <time>2026-08-07T11:37:24Z</time>
        <extensions>
          <gpxtpx:TrackPointExtension>
            <gpxtpx:hr>134</gpxtpx:hr>
          </gpxtpx:TrackPointExtension>
        </extensions>
      </trkpt>
      <trkpt lat="31.834078546639454" lon="117.11044653853725">
        <ele>46.20000076293945</ele>
        <time>2026-08-07T11:37:28Z</time>
        <extensions>
          <gpxtpx:TrackPointExtension>
            <gpxtpx:hr>133</gpxtpx:hr>
          </gpxtpx:TrackPointExtension>
        </extensions>
      </trkpt>
      <trkpt lat="31.83400154323585" lon="117.11046155104563">
        <ele>46.0</ele>
        <time>2026-08-07T11:37:32Z</time>
        <extensions>
          <gpxtpx:TrackPointExtension>
            <gpxtpx:hr>132</gpxtpx:hr>
          </gpxtpx:TrackPointExtension>
        </extensions>
      </trkpt>
      <trkpt lat="31.833925555453874" lon="117.1104975708152">
        <ele>46.0</ele>
        <time>2026-08-07T11:37:36Z</time>
        <extensions>
          <gpxtpx:TrackPointExtension>
            <gpxtpx:hr>132</gpxtpx:hr>
          </gpxtpx:TrackPointExtension>
        </extensions>
      </trkpt>
      <trkpt lat="31.83384455795854" lon="117.11052158689665">
        <ele>45.79999923706055</ele>
        <time>2026-08-07T11:37:40Z</time>
        <extensions>
          <gpxtpx:TrackPointExtension>
            <gpxtpx:hr>132</gpxtpx:hr>
          </gpxtpx:TrackPointExtension>
        </extensions>
      </trkpt>
      <trkpt lat="31.833772554806277" lon="117.11053559863065">
        <ele>45.599998474121094</ele>
        <time>2026-08-07T11:37:44Z</time>
        <extensions>
          <gpxtpx:TrackPointExtension>
            <gpxtpx:hr>132</gpxtpx:hr>
          </gpxtpx:TrackPointExtension>
        </extensions>
      </trkpt>
      <trkpt lat="31.833702555722546" lon="117.11055461194786">
        <ele>45.599998474121094</ele>
        <time>2026-08-07T11:37:48Z</time>
        <extensions>
          <gpxtpx:TrackPointExtension>
            <gpxtpx:hr>132</gpxtpx:hr>
          </gpxtpx:TrackPointExtension>
        </extensions>
      </trkpt>
      <trkpt lat="31.833633564221042" lon="117.11058362872583">
        <ele>45.599998474121094</ele>
        <time>2026-08-07T11:37:52Z</time>
        <extensions>
          <gpxtpx:TrackPointExtension>
            <gpxtpx:hr>132</gpxtpx:hr>
          </gpxtpx:TrackPointExtension>
        </extensions>
      </trkpt>
      <trkpt lat="31.83354858011855" lon="117.11062665203572">
        <ele>45.79999923706055</ele>
        <time>2026-08-07T11:37:56Z</time>
        <extensions>
          <gpxtpx:TrackPointExtension>
            <gpxtpx:hr>132</gpxtpx:hr>
          </gpxtpx:TrackPointExtension>
        </extensions>
      </trkpt>
      <trkpt lat="31.833474580362825" lon="117.110645665809">
        <ele>45.79999923706055</ele>
        <time>2026-08-07T11:38:00Z</time>
        <extensions>
          <gpxtpx:TrackPointExtension>
            <gpxtpx:hr>132</gpxtpx:hr>
          </gpxtpx:TrackPointExtension>
        </extensions>
      </trkpt>
      <trkpt lat="31.833396592482412" lon="117.11068168606563">
        <ele>45.599998474121094</ele>
        <time>2026-08-07T11:38:04Z</time>
        <extensions>
          <gpxtpx:TrackPointExtension>
            <gpxtpx:hr>132</gpxtpx:hr>
          </gpxtpx:TrackPointExtension>
        </extensions>
      </trkpt>
      <trkpt lat="31.83333060615083" lon="117.11071670488525">
        <ele>45.599998474121094</ele>
        <time>2026-08-07T11:38:08Z</time>
        <extensions>
          <gpxtpx:TrackPointExtension>
            <gpxtpx:hr>132</gpxtpx:hr>
          </gpxtpx:TrackPointExtension>
        </extensions>
      </trkpt>
      <trkpt lat="31.83328163048636" lon="117.11076172577098">
        <ele>45.79999923706055</ele>
        <time>2026-08-07T11:38:12Z</time>
        <extensions>
          <gpxtpx:TrackPointExtension>
            <gpxtpx:hr>133</gpxtpx:hr>
          </gpxtpx:TrackPointExtension>
        </extensions>
      </trkpt>
      <trkpt lat="31.833241666287037" lon="117.11081975063418">
        <ele>45.79999923706055</ele>
        <time>2026-08-07T11:38:16Z</time>
        <extensions>
          <gpxtpx:TrackPointExtension>
            <gpxtpx:hr>134</gpxtpx:hr>
          </gpxtpx:TrackPointExtension>
        </extensions>
      </trkpt>
      <trkpt lat="31.83319170559606" lon="117.11088477916674">
        <ele>45.599998474121094</ele>
        <time>2026-08-07T11:38:20Z</time>
        <extensions>
          <gpxtpx:TrackPointExtension>
            <gpxtpx:hr>135</gpxtpx:hr>
          </gpxtpx:TrackPointExtension>
        </extensions>
      </trkpt>
      <trkpt lat="31.833164755372632" lon="117.11095780867916">
        <ele>45.599998474121094</ele>
        <time>2026-08-07T11:38:24Z</time>
        <extensions>
          <gpxtpx:TrackPointExtension>
            <gpxtpx:hr>136</gpxtpx:hr>
          </gpxtpx:TrackPointExtension>
        </extensions>
      </trkpt>
      <trkpt lat="31.833152807393493" lon="117.11102983663733">
        <ele>45.599998474121094</ele>
        <time>2026-08-07T11:38:28Z</time>
        <extensions>
          <gpxtpx:TrackPointExtension>
            <gpxtpx:hr>136</gpxtpx:hr>
          </gpxtpx:TrackPointExtension>
        </extensions>
      </trkpt>
      <trkpt lat="31.83313687023346" lon="117.11111687087158">
        <ele>45.599998474121094</ele>
        <time>2026-08-07T11:38:32Z</time>
        <extensions>
          <gpxtpx:TrackPointExtension>
            <gpxtpx:hr>136</gpxtpx:hr>
          </gpxtpx:TrackPointExtension>
        </extensions>
      </trkpt>
      <trkpt lat="31.8331319361719" lon="117.11120490478581">
        <ele>45.599998474121094</ele>
        <time>2026-08-07T11:38:36Z</time>
        <extensions>
          <gpxtpx:TrackPointExtension>
            <gpxtpx:hr>137</gpxtpx:hr>
          </gpxtpx:TrackPointExtension>
        </extensions>
      </trkpt>
      <trkpt lat="31.83312899895116" lon="117.1112879369278">
        <ele>45.599998474121094</ele>
        <time>2026-08-07T11:38:40Z</time>
        <extensions>
          <gpxtpx:TrackPointExtension>
            <gpxtpx:hr>138</gpxtpx:hr>
          </gpxtpx:TrackPointExtension>
        </extensions>
      </trkpt>
      <trkpt lat="31.83313306252731" lon="117.11136996832579">
        <ele>45.599998474121094</ele>
        <time>2026-08-07T11:38:44Z</time>
        <extensions>
          <gpxtpx:TrackPointExtension>
            <gpxtpx:hr>139</gpxtpx:hr>
          </gpxtpx:TrackPointExtension>
        </extensions>
      </trkpt>
      <trkpt lat="31.833143122850828" lon="117.11144599709884">
        <ele>45.400001525878906</ele>
        <time>2026-08-07T11:38:48Z</time>
        <extensions>
          <gpxtpx:TrackPointExtension>
            <gpxtpx:hr>139</gpxtpx:hr>
          </gpxtpx:TrackPointExtension>
        </extensions>
      </trkpt>
      <trkpt lat="31.8331481847794" lon="117.1115250277907">
        <ele>45.400001525878906</ele>
        <time>2026-08-07T11:38:52Z</time>
        <extensions>
          <gpxtpx:TrackPointExtension>
            <gpxtpx:hr>140</gpxtpx:hr>
          </gpxtpx:TrackPointExtension>
        </extensions>
      </trkpt>
      <trkpt lat="31.83315624129049" lon="117.11159605527986">
        <ele>45.400001525878906</ele>
        <time>2026-08-07T11:38:56Z</time>
        <extensions>
          <gpxtpx:TrackPointExtension>
            <gpxtpx:hr>141</gpxtpx:hr>
          </gpxtpx:TrackPointExtension>
        </extensions>
      </trkpt>
      <trkpt lat="31.833150311744824" lon="117.11168809278104">
        <ele>45.599998474121094</ele>
        <time>2026-08-07T11:39:00Z</time>
        <extensions>
          <gpxtpx:TrackPointExtension>
            <gpxtpx:hr>142</gpxtpx:hr>
          </gpxtpx:TrackPointExtension>
        </extensions>
      </trkpt>
      <trkpt lat="31.83315237617863" lon="117.11177012582789">
        <ele>45.400001525878906</ele>
        <time>2026-08-07T11:39:04Z</time>
        <extensions>
          <gpxtpx:TrackPointExtension>
            <gpxtpx:hr>141</gpxtpx:hr>
          </gpxtpx:TrackPointExtension>
        </extensions>
      </trkpt>
      <trkpt lat="31.833154437720964" lon="117.11184815753036">
        <ele>45.400001525878906</ele>
        <time>2026-08-07T11:39:08Z</time>
        <extensions>
          <gpxtpx:TrackPointExtension>
            <gpxtpx:hr>141</gpxtpx:hr>
          </gpxtpx:TrackPointExtension>
        </extensions>
      </trkpt>
      <trkpt lat="31.833153502085825" lon="117.11193019144288">
        <ele>45.400001525878906</ele>
        <time>2026-08-07T11:39:12Z</time>
        <extensions>
          <gpxtpx:TrackPointExtension>
            <gpxtpx:hr>141</gpxtpx:hr>
          </gpxtpx:TrackPointExtension>
        </extensions>
      </trkpt>
      <trkpt lat="31.83315356847191" lon="117.11201422639442">
        <ele>45.400001525878906</ele>
        <time>2026-08-07T11:39:16Z</time>
        <extensions>
          <gpxtpx:TrackPointExtension>
            <gpxtpx:hr>141</gpxtpx:hr>
          </gpxtpx:TrackPointExtension>
        </extensions>
      </trkpt>
      <trkpt lat="31.833153630351774" lon="117.11209225912897">
        <ele>45.400001525878906</ele>
        <time>2026-08-07T11:39:20Z</time>
        <extensions>
          <gpxtpx:TrackPointExtension>
            <gpxtpx:hr>141</gpxtpx:hr>
          </gpxtpx:TrackPointExtension>
        </extensions>
      </trkpt>
      <trkpt lat="31.83315269945254" lon="117.1121792960524">
        <ele>45.20000076293945</ele>
        <time>2026-08-07T11:39:24Z</time>
        <extensions>
          <gpxtpx:TrackPointExtension>
            <gpxtpx:hr>141</gpxtpx:hr>
          </gpxtpx:TrackPointExtension>
        </extensions>
      </trkpt>
      <trkpt lat="31.833150761438674" lon="117.11225732954468">
        <ele>45.20000076293945</ele>
        <time>2026-08-07T11:39:28Z</time>
        <extensions>
          <gpxtpx:TrackPointExtension>
            <gpxtpx:hr>141</gpxtpx:hr>
          </gpxtpx:TrackPointExtension>
        </extensions>
      </trkpt>
      <trkpt lat="31.83314881561463" lon="117.11232535898631">
        <ele>45.20000076293945</ele>
        <time>2026-08-07T11:39:32Z</time>
        <extensions>
          <gpxtpx:TrackPointExtension>
            <gpxtpx:hr>142</gpxtpx:hr>
          </gpxtpx:TrackPointExtension>
        </extensions>
      </trkpt>
      <trkpt lat="31.833145873806238" lon="117.11239839090027">
        <ele>45.20000076293945</ele>
        <time>2026-08-07T11:39:36Z</time>
        <extensions>
          <gpxtpx:TrackPointExtension>
            <gpxtpx:hr>143</gpxtpx:hr>
          </gpxtpx:TrackPointExtension>
        </extensions>
      </trkpt>
      <trkpt lat="31.833143942091297" lon="117.1124834282148">
        <ele>45.20000076293945</ele>
        <time>2026-08-07T11:39:40Z</time>
        <extensions>
          <gpxtpx:TrackPointExtension>
            <gpxtpx:hr>142</gpxtpx:hr>
          </gpxtpx:TrackPointExtension>
        </extensions>
      </trkpt>
      <trkpt lat="31.8331430083935" lon="117.11256546442564">
        <ele>45.20000076293945</ele>
        <time>2026-08-07T11:39:44Z</time>
        <extensions>
          <gpxtpx:TrackPointExtension>
            <gpxtpx:hr>142</gpxtpx:hr>
          </gpxtpx:TrackPointExtension>
        </extensions>
      </trkpt>
      <trkpt lat="31.83313407997712" lon="117.11265550525682">
        <ele>45.20000076293945</ele>
        <time>2026-08-07T11:39:48Z</time>
        <extensions>
          <gpxtpx:TrackPointExtension>
            <gpxtpx:hr>143</gpxtpx:hr>
          </gpxtpx:TrackPointExtension>
        </extensions>
      </trkpt>
      <trkpt lat="31.83313415271987" lon="117.11274454514218">
        <ele>45.20000076293945</ele>
        <time>2026-08-07T11:39:52Z</time>
        <extensions>
          <gpxtpx:TrackPointExtension>
            <gpxtpx:hr>142</gpxtpx:hr>
          </gpxtpx:TrackPointExtension>
        </extensions>
      </trkpt>
      <trkpt lat="31.833124222245992" lon="117.11283158541275">
        <ele>45.0</ele>
        <time>2026-08-07T11:39:56Z</time>
        <extensions>
          <gpxtpx:TrackPointExtension>
            <gpxtpx:hr>141</gpxtpx:hr>
          </gpxtpx:TrackPointExtension>
        </extensions>
      </trkpt>
      <trkpt lat="31.83312128427975" lon="117.11290762032044">
        <ele>45.0</ele>
        <time>2026-08-07T11:40:00Z</time>
        <extensions>
          <gpxtpx:TrackPointExtension>
            <gpxtpx:hr>141</gpxtpx:hr>
          </gpxtpx:TrackPointExtension>
        </extensions>
      </trkpt>
      <trkpt lat="31.833118343215617" lon="117.11297965363896">
        <ele>45.0</ele>
        <time>2026-08-07T11:40:04Z</time>
        <extensions>
          <gpxtpx:TrackPointExtension>
            <gpxtpx:hr>140</gpxtpx:hr>
          </gpxtpx:TrackPointExtension>
        </extensions>
      </trkpt>
      <trkpt lat="31.833118407884406" lon="117.11305768968238">
        <ele>45.0</ele>
        <time>2026-08-07T11:40:08Z</time>
        <extensions>
          <gpxtpx:TrackPointExtension>
            <gpxtpx:hr>140</gpxtpx:hr>
          </gpxtpx:TrackPointExtension>
        </extensions>
      </trkpt>
      <trkpt lat="31.83312048231963" lon="117.11314673094422">
        <ele>45.0</ele>
        <time>2026-08-07T11:40:12Z</time>
        <extensions>
          <gpxtpx:TrackPointExtension>
            <gpxtpx:hr>139</gpxtpx:hr>
          </gpxtpx:TrackPointExtension>
        </extensions>
      </trkpt>
      <trkpt lat="31.833112549322674" lon="117.11322877019754">
        <ele>45.0</ele>
        <time>2026-08-07T11:40:16Z</time>
        <extensions>
          <gpxtpx:TrackPointExtension>
            <gpxtpx:hr>140</gpxtpx:hr>
          </gpxtpx:TrackPointExtension>
        </extensions>
      </trkpt>
      <trkpt lat="31.83311061517226" lon="117.11330780775211">
        <ele>45.0</ele>
        <time>2026-08-07T11:40:20Z</time>
        <extensions>
          <gpxtpx:TrackPointExtension>
            <gpxtpx:hr>139</gpxtpx:hr>
          </gpxtpx:TrackPointExtension>
        </extensions>
      </trkpt>
      <trkpt lat="31.833109686493582" lon="117.11339284835341">
        <ele>45.0</ele>
        <time>2026-08-07T11:40:24Z</time>
        <extensions>
          <gpxtpx:TrackPointExtension>
            <gpxtpx:hr>137</gpxtpx:hr>
          </gpxtpx:TrackPointExtension>
        </extensions>
      </trkpt>
      <trkpt lat="31.833106751786044" lon="117.1134708860845">
        <ele>45.0</ele>
        <time>2026-08-07T11:40:28Z</time>
        <extensions>
          <gpxtpx:TrackPointExtension>
            <gpxtpx:hr>136</gpxtpx:hr>
          </gpxtpx:TrackPointExtension>
        </extensions>
      </trkpt>
      <trkpt lat="31.833093816285093" lon="117.11354992551088">
        <ele>45.0</ele>
        <time>2026-08-07T11:40:32Z</time>
        <extensions>
          <gpxtpx:TrackPointExtension>
            <gpxtpx:hr>136</gpxtpx:hr>
          </gpxtpx:TrackPointExtension>
        </extensions>
      </trkpt>
      <trkpt lat="31.833094885325963" lon="117.11363096486139">
        <ele>45.0</ele>
        <time>2026-08-07T11:40:36Z</time>
        <extensions>
          <gpxtpx:TrackPointExtension>
            <gpxtpx:hr>135</gpxtpx:hr>
          </gpxtpx:TrackPointExtension>
        </extensions>
      </trkpt>
      <trkpt lat="31.83309495442005" lon="117.11371200459094">
        <ele>44.79999923706055</ele>
        <time>2026-08-07T11:40:40Z</time>
        <extensions>
          <gpxtpx:TrackPointExtension>
            <gpxtpx:hr>135</gpxtpx:hr>
          </gpxtpx:TrackPointExtension>
        </extensions>
      </trkpt>
      <trkpt lat="31.833092029197182" lon="117.11380004835968">
        <ele>44.79999923706055</ele>
        <time>2026-08-07T11:40:44Z</time>
        <extensions>
          <gpxtpx:TrackPointExtension>
            <gpxtpx:hr>135</gpxtpx:hr>
          </gpxtpx:TrackPointExtension>
        </extensions>
      </trkpt>
      <trkpt lat="31.833092091906472" lon="117.11387308468667">
        <ele>45.0</ele>
        <time>2026-08-07T11:40:48Z</time>
        <extensions>
          <gpxtpx:TrackPointExtension>
            <gpxtpx:hr>135</gpxtpx:hr>
          </gpxtpx:TrackPointExtension>
        </extensions>
      </trkpt>
      <trkpt lat="31.83308616318643" lon="117.11395712734007">
        <ele>44.79999923706055</ele>
        <time>2026-08-07T11:40:52Z</time>
        <extensions>
          <gpxtpx:TrackPointExtension>
            <gpxtpx:hr>135</gpxtpx:hr>
          </gpxtpx:TrackPointExtension>
        </extensions>
      </trkpt>
      <trkpt lat="31.8330892320693" lon="117.11403616691511">
        <ele>45.0</ele>
        <time>2026-08-07T11:40:56Z</time>
        <extensions>
          <gpxtpx:TrackPointExtension>
            <gpxtpx:hr>136</gpxtpx:hr>
          </gpxtpx:TrackPointExtension>
        </extensions>
      </trkpt>
      <trkpt lat="31.833089300619555" lon="117.11411520704303">
        <ele>44.79999923706055</ele>
        <time>2026-08-07T11:41:00Z</time>
        <extensions>
          <gpxtpx:TrackPointExtension>
            <gpxtpx:hr>135</gpxtpx:hr>
          </gpxtpx:TrackPointExtension>
        </extensions>
      </trkpt>
      <trkpt lat="31.83309337450277" lon="117.11419924962732">
        <ele>45.0</ele>
        <time>2026-08-07T11:41:04Z</time>
        <extensions>
          <gpxtpx:TrackPointExtension>
            <gpxtpx:hr>135</gpxtpx:hr>
          </gpxtpx:TrackPointExtension>
        </extensions>
      </trkpt>
      <trkpt lat="31.833104447321517" lon="117.11428029030279">
        <ele>45.0</ele>
        <time>2026-08-07T11:41:08Z</time>
        <extensions>
          <gpxtpx:TrackPointExtension>
            <gpxtpx:hr>137</gpxtpx:hr>
          </gpxtpx:TrackPointExtension>
        </extensions>
      </trkpt>
      <trkpt lat="31.833107522398713" lon="117.11436533409817">
        <ele>45.0</ele>
        <time>2026-08-07T11:41:12Z</time>
        <extensions>
          <gpxtpx:TrackPointExtension>
            <gpxtpx:hr>139</gpxtpx:hr>
          </gpxtpx:TrackPointExtension>
        </extensions>
      </trkpt>
      <trkpt lat="31.83311060038131" lon="117.11445337977615">
        <ele>44.79999923706055</ele>
        <time>2026-08-07T11:41:16Z</time>
        <extensions>
          <gpxtpx:TrackPointExtension>
            <gpxtpx:hr>140</gpxtpx:hr>
          </gpxtpx:TrackPointExtension>
        </extensions>
      </trkpt>
      <trkpt lat="31.8331116720796" lon="117.1145344222808">
        <ele>44.79999923706055</ele>
        <time>2026-08-07T11:41:20Z</time>
        <extensions>
          <gpxtpx:TrackPointExtension>
            <gpxtpx:hr>138</gpxtpx:hr>
          </gpxtpx:TrackPointExtension>
        </extensions>
      </trkpt>
      <trkpt lat="31.833106745557732" lon="117.11461846722754">
        <ele>44.79999923706055</ele>
        <time>2026-08-07T11:41:24Z</time>
        <extensions>
          <gpxtpx:TrackPointExtension>
            <gpxtpx:hr>136</gpxtpx:hr>
          </gpxtpx:TrackPointExtension>
        </extensions>
      </trkpt>
      <trkpt lat="31.833095821733245" lon="117.1147065151834">
        <ele>44.79999923706055</ele>
        <time>2026-08-07T11:41:28Z</time>
        <extensions>
          <gpxtpx:TrackPointExtension>
            <gpxtpx:hr>135</gpxtpx:hr>
          </gpxtpx:TrackPointExtension>
        </extensions>
      </trkpt>
      <trkpt lat="31.833093893610865" lon="117.11478755884873">
        <ele>44.79999923706055</ele>
        <time>2026-08-07T11:41:32Z</time>
        <extensions>
          <gpxtpx:TrackPointExtension>
            <gpxtpx:hr>135</gpxtpx:hr>
          </gpxtpx:TrackPointExtension>
        </extensions>
      </trkpt>
      <trkpt lat="31.833086968377838" lon="117.11487260543512">
        <ele>44.79999923706055</ele>
        <time>2026-08-07T11:41:36Z</time>
        <extensions>
          <gpxtpx:TrackPointExtension>
            <gpxtpx:hr>134</gpxtpx:hr>
          </gpxtpx:TrackPointExtension>
        </extensions>
      </trkpt>
      <trkpt lat="31.833083039466477" lon="117.11495264931784">
        <ele>44.79999923706055</ele>
        <time>2026-08-07T11:41:40Z</time>
        <extensions>
          <gpxtpx:TrackPointExtension>
            <gpxtpx:hr>132</gpxtpx:hr>
          </gpxtpx:TrackPointExtension>
        </extensions>
      </trkpt>
      <trkpt lat="31.833075110941213" lon="117.11503369440044">
        <ele>44.79999923706055</ele>
        <time>2026-08-07T11:41:44Z</time>
        <extensions>
          <gpxtpx:TrackPointExtension>
            <gpxtpx:hr>132</gpxtpx:hr>
          </gpxtpx:TrackPointExtension>
        </extensions>
      </trkpt>
      <trkpt lat="31.833074177620976" lon="117.11510773523443">
        <ele>44.79999923706055</ele>
        <time>2026-08-07T11:41:48Z</time>
        <extensions>
          <gpxtpx:TrackPointExtension>
            <gpxtpx:hr>125</gpxtpx:hr>
          </gpxtpx:TrackPointExtension>
        </extensions>
      </trkpt>
      <trkpt lat="31.83306425008048" lon="117.11518978159573">
        <ele>44.79999923706055</ele>
        <time>2026-08-07T11:41:52Z</time>
        <extensions>
          <gpxtpx:TrackPointExtension>
            <gpxtpx:hr>129</gpxtpx:hr>
          </gpxtpx:TrackPointExtension>
        </extensions>
      </trkpt>
      <trkpt lat="31.833060319345687" lon="117.11526682488031">
        <ele>44.79999923706055</ele>
        <time>2026-08-07T11:41:56Z</time>
        <extensions>
          <gpxtpx:TrackPointExtension>
            <gpxtpx:hr>134</gpxtpx:hr>
          </gpxtpx:TrackPointExtension>
        </extensions>
      </trkpt>
      <trkpt lat="31.83305939669007" lon="117.115351872631">
        <ele>45.0</ele>
        <time>2026-08-07T11:42:00Z</time>
        <extensions>
          <gpxtpx:TrackPointExtension>
            <gpxtpx:hr>134</gpxtpx:hr>
          </gpxtpx:TrackPointExtension>
        </extensions>
      </trkpt>
      <trkpt lat="31.833057480523433" lon="117.11544392474583">
        <ele>45.0</ele>
        <time>2026-08-07T11:42:04Z</time>
        <extensions>
          <gpxtpx:TrackPointExtension>
            <gpxtpx:hr>134</gpxtpx:hr>
          </gpxtpx:TrackPointExtension>
        </extensions>
      </trkpt>
      <trkpt lat="31.833056555644635" lon="117.1155259714239">
        <ele>45.0</ele>
        <time>2026-08-07T11:42:08Z</time>
        <extensions>
          <gpxtpx:TrackPointExtension>
            <gpxtpx:hr>134</gpxtpx:hr>
          </gpxtpx:TrackPointExtension>
        </extensions>
      </trkpt>
      <trkpt lat="31.83305263229146" lon="117.11561001981656">
        <ele>45.0</ele>
        <time>2026-08-07T11:42:12Z</time>
        <extensions>
          <gpxtpx:TrackPointExtension>
            <gpxtpx:hr>135</gpxtpx:hr>
          </gpxtpx:TrackPointExtension>
        </extensions>
      </trkpt>
      <trkpt lat="31.833047711780342" lon="117.1156970703326">
        <ele>45.20000076293945</ele>
        <time>2026-08-07T11:42:16Z</time>
        <extensions>
          <gpxtpx:TrackPointExtension>
            <gpxtpx:hr>135</gpxtpx:hr>
          </gpxtpx:TrackPointExtension>
        </extensions>
      </trkpt>
      <trkpt lat="31.83303778689008" lon="117.11578011931815">
        <ele>45.0</ele>
        <time>2026-08-07T11:42:20Z</time>
        <extensions>
          <gpxtpx:TrackPointExtension>
            <gpxtpx:hr>134</gpxtpx:hr>
          </gpxtpx:TrackPointExtension>
        </extensions>
      </trkpt>
      <trkpt lat="31.833032856654523" lon="117.11585616403377">
        <ele>45.0</ele>
        <time>2026-08-07T11:42:24Z</time>
        <extensions>
          <gpxtpx:TrackPointExtension>
            <gpxtpx:hr>134</gpxtpx:hr>
          </gpxtpx:TrackPointExtension>
        </extensions>
      </trkpt>
      <trkpt lat="31.833030932789068" lon="117.11593821223107">
        <ele>44.79999923706055</ele>
        <time>2026-08-07T11:42:28Z</time>
        <extensions>
          <gpxtpx:TrackPointExtension>
            <gpxtpx:hr>135</gpxtpx:hr>
          </gpxtpx:TrackPointExtension>
        </extensions>
      </trkpt>
      <trkpt lat="31.833031004848007" lon="117.11601525756916">
        <ele>44.79999923706055</ele>
        <time>2026-08-07T11:42:32Z</time>
        <extensions>
          <gpxtpx:TrackPointExtension>
            <gpxtpx:hr>138</gpxtpx:hr>
          </gpxtpx:TrackPointExtension>
        </extensions>
      </trkpt>
      <trkpt lat="31.833031085577158" lon="117.11610130850073">
        <ele>44.79999923706055</ele>
        <time>2026-08-07T11:42:36Z</time>
        <extensions>
          <gpxtpx:TrackPointExtension>
            <gpxtpx:hr>139</gpxtpx:hr>
          </gpxtpx:TrackPointExtension>
        </extensions>
      </trkpt>
      <trkpt lat="31.833037161083997" lon="117.11618035499258">
        <ele>44.79999923706055</ele>
        <time>2026-08-07T11:42:40Z</time>
        <extensions>
          <gpxtpx:TrackPointExtension>
            <gpxtpx:hr>139</gpxtpx:hr>
          </gpxtpx:TrackPointExtension>
        </extensions>
      </trkpt>
      <trkpt lat="31.833040229631894" lon="117.116252397826">
        <ele>44.79999923706055</ele>
        <time>2026-08-07T11:42:44Z</time>
        <extensions>
          <gpxtpx:TrackPointExtension>
            <gpxtpx:hr>140</gpxtpx:hr>
          </gpxtpx:TrackPointExtension>
        </extensions>
      </trkpt>
      <trkpt lat="31.83303530256013" lon="117.11633044525378">
        <ele>44.79999923706055</ele>
        <time>2026-08-07T11:42:48Z</time>
        <extensions>
          <gpxtpx:TrackPointExtension>
            <gpxtpx:hr>139</gpxtpx:hr>
          </gpxtpx:TrackPointExtension>
        </extensions>
      </trkpt>
      <trkpt lat="31.833029387882576" lon="117.11642150092328">
        <ele>44.79999923706055</ele>
        <time>2026-08-07T11:42:52Z</time>
        <extensions>
          <gpxtpx:TrackPointExtension>
            <gpxtpx:hr>136</gpxtpx:hr>
          </gpxtpx:TrackPointExtension>
        </extensions>
      </trkpt>
      <trkpt lat="31.833023462996493" lon="117.11650155021756">
        <ele>44.79999923706055</ele>
        <time>2026-08-07T11:42:56Z</time>
        <extensions>
          <gpxtpx:TrackPointExtension>
            <gpxtpx:hr>132</gpxtpx:hr>
          </gpxtpx:TrackPointExtension>
        </extensions>
      </trkpt>
      <trkpt lat="31.83301153051761" lon="117.11657459604845">
        <ele>44.79999923706055</ele>
        <time>2026-08-07T11:43:00Z</time>
        <extensions>
          <gpxtpx:TrackPointExtension>
            <gpxtpx:hr>131</gpxtpx:hr>
          </gpxtpx:TrackPointExtension>
        </extensions>
      </trkpt>
      <trkpt lat="31.833016604273098" lon="117.11665064234437">
        <ele>44.79999923706055</ele>
        <time>2026-08-07T11:43:04Z</time>
        <extensions>
          <gpxtpx:TrackPointExtension>
            <gpxtpx:hr>133</gpxtpx:hr>
          </gpxtpx:TrackPointExtension>
        </extensions>
      </trkpt>
      <trkpt lat="31.833022682266353" lon="117.11673069126678">
        <ele>44.79999923706055</ele>
        <time>2026-08-07T11:43:08Z</time>
        <extensions>
          <gpxtpx:TrackPointExtension>
            <gpxtpx:hr>135</gpxtpx:hr>
          </gpxtpx:TrackPointExtension>
        </extensions>
      </trkpt>
      <trkpt lat="31.83301776229368" lon="117.11681474399009">
        <ele>44.79999923706055</ele>
        <time>2026-08-07T11:43:12Z</time>
        <extensions>
          <gpxtpx:TrackPointExtension>
            <gpxtpx:hr>136</gpxtpx:hr>
          </gpxtpx:TrackPointExtension>
        </extensions>
      </trkpt>
      <trkpt lat="31.833018842717834" lon="117.11689779581161">
        <ele>44.599998474121094</ele>
        <time>2026-08-07T11:43:16Z</time>
        <extensions>
          <gpxtpx:TrackPointExtension>
            <gpxtpx:hr>137</gpxtpx:hr>
          </gpxtpx:TrackPointExtension>
        </extensions>
      </trkpt>
      <trkpt lat="31.833010918791597" lon="117.11697784687796">
        <ele>44.599998474121094</ele>
        <time>2026-08-07T11:43:20Z</time>
        <extensions>
          <gpxtpx:TrackPointExtension>
            <gpxtpx:hr>136</gpxtpx:hr>
          </gpxtpx:TrackPointExtension>
        </extensions>
      </trkpt>
      <trkpt lat="31.833026002297377" lon="117.11706089793606">
        <ele>44.79999923706055</ele>
        <time>2026-08-07T11:43:24Z</time>
        <extensions>
          <gpxtpx:TrackPointExtension>
            <gpxtpx:hr>136</gpxtpx:hr>
          </gpxtpx:TrackPointExtension>
        </extensions>
      </trkpt>
      <trkpt lat="31.833053074609385" lon="117.1171299392248">
        <ele>45.0</ele>
        <time>2026-08-07T11:43:28Z</time>
        <extensions>
          <gpxtpx:TrackPointExtension>
            <gpxtpx:hr>135</gpxtpx:hr>
          </gpxtpx:TrackPointExtension>
        </extensions>
      </trkpt>
      <trkpt lat="31.833101143174943" lon="117.11719097360846">
        <ele>45.0</ele>
        <time>2026-08-07T11:43:32Z</time>
        <extensions>
          <gpxtpx:TrackPointExtension>
            <gpxtpx:hr>133</gpxtpx:hr>
          </gpxtpx:TrackPointExtension>
        </extensions>
      </trkpt>
      <trkpt lat="31.833149221677726" lon="117.11726201456626">
        <ele>45.20000076293945</ele>
        <time>2026-08-07T11:43:36Z</time>
        <extensions>
          <gpxtpx:TrackPointExtension>
            <gpxtpx:hr>134</gpxtpx:hr>
          </gpxtpx:TrackPointExtension>
        </extensions>
      </trkpt>
      <trkpt lat="31.83320029894983" lon="117.11733105415797">
        <ele>45.20000076293945</ele>
        <time>2026-08-07T11:43:40Z</time>
        <extensions>
          <gpxtpx:TrackPointExtension>
            <gpxtpx:hr>134</gpxtpx:hr>
          </gpxtpx:TrackPointExtension>
        </extensions>
      </trkpt>
      <trkpt lat="31.83324836695968" lon="117.11739108839961">
        <ele>45.400001525878906</ele>
        <time>2026-08-07T11:43:44Z</time>
        <extensions>
          <gpxtpx:TrackPointExtension>
            <gpxtpx:hr>134</gpxtpx:hr>
          </gpxtpx:TrackPointExtension>
        </extensions>
      </trkpt>
      <trkpt lat="31.833294430773144" lon="117.11744712037869">
        <ele>45.400001525878906</ele>
        <time>2026-08-07T11:43:48Z</time>
        <extensions>
          <gpxtpx:TrackPointExtension>
            <gpxtpx:hr>136</gpxtpx:hr>
          </gpxtpx:TrackPointExtension>
        </extensions>
      </trkpt>
      <trkpt lat="31.8333375040301" lon="117.11751315929429">
        <ele>45.599998474121094</ele>
        <time>2026-08-07T11:43:52Z</time>
        <extensions>
          <gpxtpx:TrackPointExtension>
            <gpxtpx:hr>137</gpxtpx:hr>
          </gpxtpx:TrackPointExtension>
        </extensions>
      </trkpt>
      <trkpt lat="31.833378576073677" lon="117.11757819792267">
        <ele>45.599998474121094</ele>
        <time>2026-08-07T11:43:56Z</time>
        <extensions>
          <gpxtpx:TrackPointExtension>
            <gpxtpx:hr>136</gpxtpx:hr>
          </gpxtpx:TrackPointExtension>
        </extensions>
      </trkpt>
      <trkpt lat="31.83341065155483" lon="117.11764824086566">
        <ele>45.599998474121094</ele>
        <time>2026-08-07T11:44:00Z</time>
        <extensions>
          <gpxtpx:TrackPointExtension>
            <gpxtpx:hr>136</gpxtpx:hr>
          </gpxtpx:TrackPointExtension>
        </extensions>
      </trkpt>
      <trkpt lat="31.83344572676903" lon="117.11771728306486">
        <ele>45.599998474121094</ele>
        <time>2026-08-07T11:44:04Z</time>
        <extensions>
          <gpxtpx:TrackPointExtension>
            <gpxtpx:hr>135</gpxtpx:hr>
          </gpxtpx:TrackPointExtension>
        </extensions>
      </trkpt>
      <trkpt lat="31.83348380670414" lon="117.11779032783085">
        <ele>45.599998474121094</ele>
        <time>2026-08-07T11:44:08Z</time>
        <extensions>
          <gpxtpx:TrackPointExtension>
            <gpxtpx:hr>135</gpxtpx:hr>
          </gpxtpx:TrackPointExtension>
        </extensions>
      </trkpt>
      <trkpt lat="31.833525882562842" lon="117.11785836910244">
        <ele>45.599998474121094</ele>
        <time>2026-08-07T11:44:12Z</time>
        <extensions>
          <gpxtpx:TrackPointExtension>
            <gpxtpx:hr>136</gpxtpx:hr>
          </gpxtpx:TrackPointExtension>
        </extensions>
      </trkpt>
      <trkpt lat="31.83356895977209" lon="117.11792741113797">
        <ele>45.599998474121094</ele>
        <time>2026-08-07T11:44:16Z</time>
        <extensions>
          <gpxtpx:TrackPointExtension>
            <gpxtpx:hr>136</gpxtpx:hr>
          </gpxtpx:TrackPointExtension>
        </extensions>
      </trkpt>
      <trkpt lat="31.83362202794791" lon="117.11798544502878">
        <ele>45.599998474121094</ele>
        <time>2026-08-07T11:44:20Z</time>
        <extensions>
          <gpxtpx:TrackPointExtension>
            <gpxtpx:hr>136</gpxtpx:hr>
          </gpxtpx:TrackPointExtension>
        </extensions>
      </trkpt>
      <trkpt lat="31.83368009818262" lon="117.11804447925829">
        <ele>45.79999923706055</ele>
        <time>2026-08-07T11:44:24Z</time>
        <extensions>
          <gpxtpx:TrackPointExtension>
            <gpxtpx:hr>137</gpxtpx:hr>
          </gpxtpx:TrackPointExtension>
        </extensions>
      </trkpt>
      <trkpt lat="31.833724170972573" lon="117.11810851833765">
        <ele>45.79999923706055</ele>
        <time>2026-08-07T11:44:28Z</time>
        <extensions>
          <gpxtpx:TrackPointExtension>
            <gpxtpx:hr>136</gpxtpx:hr>
          </gpxtpx:TrackPointExtension>
        </extensions>
      </trkpt>
      <trkpt lat="31.833758238999007" lon="117.11816955649091">
        <ele>46.0</ele>
        <time>2026-08-07T11:44:32Z</time>
        <extensions>
          <gpxtpx:TrackPointExtension>
            <gpxtpx:hr>135</gpxtpx:hr>
          </gpxtpx:TrackPointExtension>
        </extensions>
      </trkpt>
      <trkpt lat="31.83381029834951" lon="117.11821858491375">
        <ele>46.0</ele>
        <time>2026-08-07T11:44:36Z</time>
        <extensions>
          <gpxtpx:TrackPointExtension>
            <gpxtpx:hr>136</gpxtpx:hr>
          </gpxtpx:TrackPointExtension>
        </extensions>
      </trkpt>
      <trkpt lat="31.833851370963202" lon="117.11828262472977">
        <ele>46.0</ele>
        <time>2026-08-07T11:44:40Z</time>
        <extensions>
          <gpxtpx:TrackPointExtension>
            <gpxtpx:hr>137</gpxtpx:hr>
          </gpxtpx:TrackPointExtension>
        </extensions>
      </trkpt>
      <trkpt lat="31.833887447874297" lon="117.11835166861843">
        <ele>46.20000076293945</ele>
        <time>2026-08-07T11:44:44Z</time>
        <extensions>
          <gpxtpx:TrackPointExtension>
            <gpxtpx:hr>138</gpxtpx:hr>
          </gpxtpx:TrackPointExtension>
        </extensions>
      </trkpt>
      <trkpt lat="31.83393451986123" lon="117.11841370683385">
        <ele>46.20000076293945</ele>
        <time>2026-08-07T11:44:48Z</time>
        <extensions>
          <gpxtpx:TrackPointExtension>
            <gpxtpx:hr>139</gpxtpx:hr>
          </gpxtpx:TrackPointExtension>
        </extensions>
      </trkpt>
      <trkpt lat="31.83397858630729" lon="117.1184707420301">
        <ele>46.400001525878906</ele>
        <time>2026-08-07T11:44:52Z</time>
        <extensions>
          <gpxtpx:TrackPointExtension>
            <gpxtpx:hr>139</gpxtpx:hr>
          </gpxtpx:TrackPointExtension>
        </extensions>
      </trkpt>
      <trkpt lat="31.834024659385605" lon="117.11853378133308">
        <ele>46.400001525878906</ele>
        <time>2026-08-07T11:44:56Z</time>
        <extensions>
          <gpxtpx:TrackPointExtension>
            <gpxtpx:hr>141</gpxtpx:hr>
          </gpxtpx:TrackPointExtension>
        </extensions>
      </trkpt>
      <trkpt lat="31.83407472410981" lon="117.11858781414955">
        <ele>46.599998474121094</ele>
        <time>2026-08-07T11:45:00Z</time>
        <extensions>
          <gpxtpx:TrackPointExtension>
            <gpxtpx:hr>142</gpxtpx:hr>
          </gpxtpx:TrackPointExtension>
        </extensions>
      </trkpt>
      <trkpt lat="31.834127793608804" lon="117.11864584959469">
        <ele>46.599998474121094</ele>
        <time>2026-08-07T11:45:04Z</time>
        <extensions>
          <gpxtpx:TrackPointExtension>
            <gpxtpx:hr>142</gpxtpx:hr>
          </gpxtpx:TrackPointExtension>
        </extensions>
      </trkpt>
      <trkpt lat="31.834186851985248" lon="117.11869187619872">
        <ele>46.79999923706055</ele>
        <time>2026-08-07T11:45:08Z</time>
        <extensions>
          <gpxtpx:TrackPointExtension>
            <gpxtpx:hr>143</gpxtpx:hr>
          </gpxtpx:TrackPointExtension>
        </extensions>
      </trkpt>
      <trkpt lat="31.83423991343879" lon="117.11874190626547">
        <ele>46.79999923706055</ele>
        <time>2026-08-07T11:45:12Z</time>
        <extensions>
          <gpxtpx:TrackPointExtension>
            <gpxtpx:hr>142</gpxtpx:hr>
          </gpxtpx:TrackPointExtension>
        </extensions>
      </trkpt>
      <trkpt lat="31.83428697282254" lon="117.1187909362958">
        <ele>46.79999923706055</ele>
        <time>2026-08-07T11:45:16Z</time>
        <extensions>
          <gpxtpx:TrackPointExtension>
            <gpxtpx:hr>141</gpxtpx:hr>
          </gpxtpx:TrackPointExtension>
        </extensions>
      </trkpt>
      <trkpt lat="31.834339025981404" lon="117.1188329610054">
        <ele>47.0</ele>
        <time>2026-08-07T11:45:20Z</time>
        <extensions>
          <gpxtpx:TrackPointExtension>
            <gpxtpx:hr>140</gpxtpx:hr>
          </gpxtpx:TrackPointExtension>
        </extensions>
      </trkpt>
      <trkpt lat="31.834385091550228" lon="117.11888799555986">
        <ele>47.20000076293945</ele>
        <time>2026-08-07T11:45:24Z</time>
        <extensions>
          <gpxtpx:TrackPointExtension>
            <gpxtpx:hr>140</gpxtpx:hr>
          </gpxtpx:TrackPointExtension>
        </extensions>
      </trkpt>
      <trkpt lat="31.834446140308117" lon="117.1189240153223">
        <ele>47.20000076293945</ele>
        <time>2026-08-07T11:45:28Z</time>
        <extensions>
          <gpxtpx:TrackPointExtension>
            <gpxtpx:hr>140</gpxtpx:hr>
          </gpxtpx:TrackPointExtension>
        </extensions>
      </trkpt>
      <trkpt lat="31.83451519684465" lon="117.11896603864923">
        <ele>47.20000076293945</ele>
        <time>2026-08-07T11:45:32Z</time>
        <extensions>
          <gpxtpx:TrackPointExtension>
            <gpxtpx:hr>141</gpxtpx:hr>
          </gpxtpx:TrackPointExtension>
        </extensions>
      </trkpt>
      <trkpt lat="31.83457226472603" lon="117.11902107245768">
        <ele>47.400001525878906</ele>
        <time>2026-08-07T11:45:36Z</time>
        <extensions>
          <gpxtpx:TrackPointExtension>
            <gpxtpx:hr>142</gpxtpx:hr>
          </gpxtpx:TrackPointExtension>
        </extensions>
      </trkpt>
      <trkpt lat="31.83463533487846" lon="117.11907710653625">
        <ele>47.400001525878906</ele>
        <time>2026-08-07T11:45:40Z</time>
        <extensions>
          <gpxtpx:TrackPointExtension>
            <gpxtpx:hr>142</gpxtpx:hr>
          </gpxtpx:TrackPointExtension>
        </extensions>
      </trkpt>
      <trkpt lat="31.834682401095943" lon="117.11913214153522">
        <ele>47.400001525878906</ele>
        <time>2026-08-07T11:45:44Z</time>
        <extensions>
          <gpxtpx:TrackPointExtension>
            <gpxtpx:hr>143</gpxtpx:hr>
          </gpxtpx:TrackPointExtension>
        </extensions>
      </trkpt>
      <trkpt lat="31.83472046363679" lon="117.11918517606561">
        <ele>47.599998474121094</ele>
        <time>2026-08-07T11:45:48Z</time>
        <extensions>
          <gpxtpx:TrackPointExtension>
            <gpxtpx:hr>143</gpxtpx:hr>
          </gpxtpx:TrackPointExtension>
        </extensions>
      </trkpt>
      <trkpt lat="31.834757528182354" lon="117.11924021224806">
        <ele>47.599998474121094</ele>
        <time>2026-08-07T11:45:52Z</time>
        <extensions>
          <gpxtpx:TrackPointExtension>
            <gpxtpx:hr>144</gpxtpx:hr>
          </gpxtpx:TrackPointExtension>
        </extensions>
      </trkpt>
      <trkpt lat="31.834806590879218" lon="117.11929124451812">
        <ele>47.599998474121094</ele>
        <time>2026-08-07T11:45:56Z</time>
        <extensions>
          <gpxtpx:TrackPointExtension>
            <gpxtpx:hr>144</gpxtpx:hr>
          </gpxtpx:TrackPointExtension>
        </extensions>
      </trkpt>
      <trkpt lat="31.834866647313746" lon="117.11933427004011">
        <ele>47.599998474121094</ele>
        <time>2026-08-07T11:46:00Z</time>
        <extensions>
          <gpxtpx:TrackPointExtension>
            <gpxtpx:hr>144</gpxtpx:hr>
          </gpxtpx:TrackPointExtension>
        </extensions>
      </trkpt>
      <trkpt lat="31.83493670042318" lon="117.1193722910507">
        <ele>47.400001525878906</ele>
        <time>2026-08-07T11:46:04Z</time>
        <extensions>
          <gpxtpx:TrackPointExtension>
            <gpxtpx:hr>144</gpxtpx:hr>
          </gpxtpx:TrackPointExtension>
        </extensions>
      </trkpt>
      <trkpt lat="31.83501072904526" lon="117.11938629424742">
        <ele>47.400001525878906</ele>
        <time>2026-08-07T11:46:08Z</time>
        <extensions>
          <gpxtpx:TrackPointExtension>
            <gpxtpx:hr>144</gpxtpx:hr>
          </gpxtpx:TrackPointExtension>
        </extensions>
      </trkpt>
      <trkpt lat="31.835077745827693" lon="117.11939029082617">
        <ele>47.400001525878906</ele>
        <time>2026-08-07T11:46:12Z</time>
        <extensions>
          <gpxtpx:TrackPointExtension>
            <gpxtpx:hr>144</gpxtpx:hr>
          </gpxtpx:TrackPointExtension>
        </extensions>
      </trkpt>
      <trkpt lat="31.835154769758134" lon="117.11939929010416">
        <ele>47.400001525878906</ele>
        <time>2026-08-07T11:46:16Z</time>
        <extensions>
          <gpxtpx:TrackPointExtension>
            <gpxtpx:hr>144</gpxtpx:hr>
          </gpxtpx:TrackPointExtension>
        </extensions>
      </trkpt>
      <trkpt lat="31.835230796669304" lon="117.11941129166793">
        <ele>47.400001525878906</ele>
        <time>2026-08-07T11:46:20Z</time>
        <extensions>
          <gpxtpx:TrackPointExtension>
            <gpxtpx:hr>144</gpxtpx:hr>
          </gpxtpx:TrackPointExtension>
        </extensions>
      </trkpt>
      <trkpt lat="31.835303805102974" lon="117.11940628111881">
        <ele>47.400001525878906</ele>
        <time>2026-08-07T11:46:24Z</time>
        <extensions>
          <gpxtpx:TrackPointExtension>
            <gpxtpx:hr>140</gpxtpx:hr>
          </gpxtpx:TrackPointExtension>
        </extensions>
      </trkpt>
      <trkpt lat="31.835387827200208" lon="117.11941227755207">
        <ele>47.20000076293945</ele>
        <time>2026-08-07T11:46:28Z</time>
        <extensions>
          <gpxtpx:TrackPointExtension>
            <gpxtpx:hr>141</gpxtpx:hr>
          </gpxtpx:TrackPointExtension>
        </extensions>
      </trkpt>
      <trkpt lat="31.835455847351692" lon="117.11941927622935">
        <ele>47.20000076293945</ele>
        <time>2026-08-07T11:46:32Z</time>
        <extensions>
          <gpxtpx:TrackPointExtension>
            <gpxtpx:hr>142</gpxtpx:hr>
          </gpxtpx:TrackPointExtension>
        </extensions>
      </trkpt>
      <trkpt lat="31.835524885629212" lon="117.1194432872299">
        <ele>47.400001525878906</ele>
        <time>2026-08-07T11:46:36Z</time>
        <extensions>
          <gpxtpx:TrackPointExtension>
            <gpxtpx:hr>142</gpxtpx:hr>
          </gpxtpx:TrackPointExtension>
        </extensions>
      </trkpt>
      <trkpt lat="31.835593926040907" lon="117.11946929971677">
        <ele>47.20000076293945</ele>
        <time>2026-08-07T11:46:40Z</time>
        <extensions>
          <gpxtpx:TrackPointExtension>
            <gpxtpx:hr>141</gpxtpx:hr>
          </gpxtpx:TrackPointExtension>
        </extensions>
      </trkpt>
      <trkpt lat="31.83564699836871" lon="117.11952833794619">
        <ele>47.20000076293945</ele>
        <time>2026-08-07T11:46:44Z</time>
        <extensions>
          <gpxtpx:TrackPointExtension>
            <gpxtpx:hr>141</gpxtpx:hr>
          </gpxtpx:TrackPointExtension>
        </extensions>
      </trkpt>
      <trkpt lat="31.835689087833114" lon="117.11960539061634">
        <ele>47.0</ele>
        <time>2026-08-07T11:46:48Z</time>
        <extensions>
          <gpxtpx:TrackPointExtension>
            <gpxtpx:hr>139</gpxtpx:hr>
          </gpxtpx:TrackPointExtension>
        </extensions>
      </trkpt>
      <trkpt lat="31.83571617148748" lon="117.11967944272023">
        <ele>47.0</ele>
        <time>2026-08-07T11:46:52Z</time>
        <extensions>
          <gpxtpx:TrackPointExtension>
            <gpxtpx:hr>138</gpxtpx:hr>
          </gpxtpx:TrackPointExtension>
        </extensions>
      </trkpt>
      <trkpt lat="31.835722258837198" lon="117.11976050222935">
        <ele>47.20000076293945</ele>
        <time>2026-08-07T11:46:56Z</time>
        <extensions>
          <gpxtpx:TrackPointExtension>
            <gpxtpx:hr>138</gpxtpx:hr>
          </gpxtpx:TrackPointExtension>
        </extensions>
      </trkpt>
      <trkpt lat="31.835735346653244" lon="117.11984056059036">
        <ele>47.20000076293945</ele>
        <time>2026-08-07T11:47:00Z</time>
        <extensions>
          <gpxtpx:TrackPointExtension>
            <gpxtpx:hr>138</gpxtpx:hr>
          </gpxtpx:TrackPointExtension>
        </extensions>
      </trkpt>
      <trkpt lat="31.83576143712668" lon="117.1199206179757">
        <ele>47.20000076293945</ele>
        <time>2026-08-07T11:47:04Z</time>
        <extensions>
          <gpxtpx:TrackPointExtension>
            <gpxtpx:hr>138</gpxtpx:hr>
          </gpxtpx:TrackPointExtension>
        </extensions>
      </trkpt>
      <trkpt lat="31.835769530872497" lon="117.1200066818337">
        <ele>47.20000076293945</ele>
        <time>2026-08-07T11:47:08Z</time>
        <extensions>
          <gpxtpx:TrackPointExtension>
            <gpxtpx:hr>138</gpxtpx:hr>
          </gpxtpx:TrackPointExtension>
        </extensions>
      </trkpt>
      <trkpt lat="31.835780622197667" lon="117.12008974343112">
        <ele>47.400001525878906</ele>
        <time>2026-08-07T11:47:12Z</time>
        <extensions>
          <gpxtpx:TrackPointExtension>
            <gpxtpx:hr>136</gpxtpx:hr>
          </gpxtpx:TrackPointExtension>
        </extensions>
      </trkpt>
      <trkpt lat="31.835796707135813" lon="117.1201657995115">
        <ele>47.599998474121094</ele>
        <time>2026-08-07T11:47:16Z</time>
        <extensions>
          <gpxtpx:TrackPointExtension>
            <gpxtpx:hr>135</gpxtpx:hr>
          </gpxtpx:TrackPointExtension>
        </extensions>
      </trkpt>
      <trkpt lat="31.835793786529287" lon="117.12023985609146">
        <ele>47.79999923706055</ele>
        <time>2026-08-07T11:47:20Z</time>
        <extensions>
          <gpxtpx:TrackPointExtension>
            <gpxtpx:hr>135</gpxtpx:hr>
          </gpxtpx:TrackPointExtension>
        </extensions>
      </trkpt>
      <trkpt lat="31.835799874301916" lon="117.12031991662742">
        <ele>48.0</ele>
        <time>2026-08-07T11:47:24Z</time>
        <extensions>
          <gpxtpx:TrackPointExtension>
            <gpxtpx:hr>135</gpxtpx:hr>
          </gpxtpx:TrackPointExtension>
        </extensions>
      </trkpt>
      <trkpt lat="31.835802961721953" lon="117.1203999776986">
        <ele>48.20000076293945</ele>
        <time>2026-08-07T11:47:28Z</time>
        <extensions>
          <gpxtpx:TrackPointExtension>
            <gpxtpx:hr>137</gpxtpx:hr>
          </gpxtpx:TrackPointExtension>
        </extensions>
      </trkpt>
      <trkpt lat="31.83581205701997" lon="117.12048604308426">
        <ele>48.20000076293945</ele>
        <time>2026-08-07T11:47:32Z</time>
        <extensions>
          <gpxtpx:TrackPointExtension>
            <gpxtpx:hr>136</gpxtpx:hr>
          </gpxtpx:TrackPointExtension>
        </extensions>
      </trkpt>
      <trkpt lat="31.83582815387809" lon="117.12057210809796">
        <ele>48.400001525878906</ele>
        <time>2026-08-07T11:47:36Z</time>
        <extensions>
          <gpxtpx:TrackPointExtension>
            <gpxtpx:hr>137</gpxtpx:hr>
          </gpxtpx:TrackPointExtension>
        </extensions>
      </trkpt>
      <trkpt lat="31.83582924815892" lon="117.12065817481938">
        <ele>48.599998474121094</ele>
        <time>2026-08-07T11:47:40Z</time>
        <extensions>
          <gpxtpx:TrackPointExtension>
            <gpxtpx:hr>137</gpxtpx:hr>
          </gpxtpx:TrackPointExtension>
        </extensions>
      </trkpt>
      <trkpt lat="31.835827343216973" lon="117.12074524289551">
        <ele>48.599998474121094</ele>
        <time>2026-08-07T11:47:44Z</time>
        <extensions>
          <gpxtpx:TrackPointExtension>
            <gpxtpx:hr>136</gpxtpx:hr>
          </gpxtpx:TrackPointExtension>
        </extensions>
      </trkpt>
      <trkpt lat="31.835833442230253" lon="117.12083431208151">
        <ele>48.79999923706055</ele>
        <time>2026-08-07T11:47:48Z</time>
        <extensions>
          <gpxtpx:TrackPointExtension>
            <gpxtpx:hr>137</gpxtpx:hr>
          </gpxtpx:TrackPointExtension>
        </extensions>
      </trkpt>
      <trkpt lat="31.835840535066456" lon="117.12091737674866">
        <ele>48.79999923706055</ele>
        <time>2026-08-07T11:47:52Z</time>
        <extensions>
          <gpxtpx:TrackPointExtension>
            <gpxtpx:hr>139</gpxtpx:hr>
          </gpxtpx:TrackPointExtension>
        </extensions>
      </trkpt>
      <trkpt lat="31.835838623115514" lon="117.12099744015916">
        <ele>48.79999923706055</ele>
        <time>2026-08-07T11:47:56Z</time>
        <extensions>
          <gpxtpx:TrackPointExtension>
            <gpxtpx:hr>139</gpxtpx:hr>
          </gpxtpx:TrackPointExtension>
        </extensions>
      </trkpt>
      <trkpt lat="31.835849700509915" lon="117.12106549305292">
        <ele>48.79999923706055</ele>
        <time>2026-08-07T11:48:00Z</time>
        <extensions>
          <gpxtpx:TrackPointExtension>
            <gpxtpx:hr>138</gpxtpx:hr>
          </gpxtpx:TrackPointExtension>
        </extensions>
      </trkpt>
      <trkpt lat="31.835849785987413" lon="117.12114255434166">
        <ele>49.0</ele>
        <time>2026-08-07T11:48:04Z</time>
        <extensions>
          <gpxtpx:TrackPointExtension>
            <gpxtpx:hr>138</gpxtpx:hr>
          </gpxtpx:TrackPointExtension>
        </extensions>
      </trkpt>
      <trkpt lat="31.83586787170183" lon="117.12121661175729">
        <ele>49.0</ele>
        <time>2026-08-07T11:48:08Z</time>
        <extensions>
          <gpxtpx:TrackPointExtension>
            <gpxtpx:hr>137</gpxtpx:hr>
          </gpxtpx:TrackPointExtension>
        </extensions>
      </trkpt>
      <trkpt lat="31.83588396726531" lon="117.12129967680423">
        <ele>49.0</ele>
        <time>2026-08-07T11:48:12Z</time>
        <extensions>
          <gpxtpx:TrackPointExtension>
            <gpxtpx:hr>137</gpxtpx:hr>
          </gpxtpx:TrackPointExtension>
        </extensions>
      </trkpt>
      <trkpt lat="31.83590806455751" lon="117.12138274136119">
        <ele>49.20000076293945</ele>
        <time>2026-08-07T11:48:16Z</time>
        <extensions>
          <gpxtpx:TrackPointExtension>
            <gpxtpx:hr>137</gpxtpx:hr>
          </gpxtpx:TrackPointExtension>
        </extensions>
      </trkpt>
      <trkpt lat="31.835945143209756" lon="117.12144678957318">
        <ele>49.599998474121094</ele>
        <time>2026-08-07T11:48:20Z</time>
        <extensions>
          <gpxtpx:TrackPointExtension>
            <gpxtpx:hr>136</gpxtpx:hr>
          </gpxtpx:TrackPointExtension>
        </extensions>
      </trkpt>
      <trkpt lat="31.8359872128278" lon="117.12150183016698">
        <ele>49.400001525878906</ele>
        <time>2026-08-07T11:48:24Z</time>
        <extensions>
          <gpxtpx:TrackPointExtension>
            <gpxtpx:hr>133</gpxtpx:hr>
          </gpxtpx:TrackPointExtension>
        </extensions>
      </trkpt>
      <trkpt lat="31.836029298295074" lon="117.12157088226931">
        <ele>49.20000076293945</ele>
        <time>2026-08-07T11:48:28Z</time>
        <extensions>
          <gpxtpx:TrackPointExtension>
            <gpxtpx:hr>136</gpxtpx:hr>
          </gpxtpx:TrackPointExtension>
        </extensions>
      </trkpt>
      <trkpt lat="31.836083376029638" lon="117.12163092607223">
        <ele>49.0</ele>
        <time>2026-08-07T11:48:32Z</time>
        <extensions>
          <gpxtpx:TrackPointExtension>
            <gpxtpx:hr>139</gpxtpx:hr>
          </gpxtpx:TrackPointExtension>
        </extensions>
      </trkpt>
      <trkpt lat="31.836146451059992" lon="117.1216869658886">
        <ele>48.79999923706055</ele>
        <time>2026-08-07T11:48:36Z</time>
        <extensions>
          <gpxtpx:TrackPointExtension>
            <gpxtpx:hr>139</gpxtpx:hr>
          </gpxtpx:TrackPointExtension>
        </extensions>
      </trkpt>
      <trkpt lat="31.836203521672" lon="117.12174000393108">
        <ele>48.79999923706055</ele>
        <time>2026-08-07T11:48:40Z</time>
        <extensions>
          <gpxtpx:TrackPointExtension>
            <gpxtpx:hr>140</gpxtpx:hr>
          </gpxtpx:TrackPointExtension>
        </extensions>
      </trkpt>
      <trkpt lat="31.836263575958785" lon="117.12177802946442">
        <ele>48.599998474121094</ele>
        <time>2026-08-07T11:48:44Z</time>
        <extensions>
          <gpxtpx:TrackPointExtension>
            <gpxtpx:hr>139</gpxtpx:hr>
          </gpxtpx:TrackPointExtension>
        </extensions>
      </trkpt>
      <trkpt lat="31.836326641058843" lon="117.1218250621816">
        <ele>48.400001525878906</ele>
        <time>2026-08-07T11:48:48Z</time>
        <extensions>
          <gpxtpx:TrackPointExtension>
            <gpxtpx:hr>138</gpxtpx:hr>
          </gpxtpx:TrackPointExtension>
        </extensions>
      </trkpt>
      <trkpt lat="31.836388704908988" lon="117.12187109425247">
        <ele>48.20000076293945</ele>
        <time>2026-08-07T11:48:52Z</time>
        <extensions>
          <gpxtpx:TrackPointExtension>
            <gpxtpx:hr>135</gpxtpx:hr>
          </gpxtpx:TrackPointExtension>
        </extensions>
      </trkpt>
      <trkpt lat="31.83645475026886" lon="117.1219001119683">
        <ele>47.79999923706055</ele>
        <time>2026-08-07T11:48:56Z</time>
        <extensions>
          <gpxtpx:TrackPointExtension>
            <gpxtpx:hr>135</gpxtpx:hr>
          </gpxtpx:TrackPointExtension>
        </extensions>
      </trkpt>
      <trkpt lat="31.83652080702775" lon="117.12193913799543">
        <ele>47.79999923706055</ele>
        <time>2026-08-07T11:49:00Z</time>
        <extensions>
          <gpxtpx:TrackPointExtension>
            <gpxtpx:hr>135</gpxtpx:hr>
          </gpxtpx:TrackPointExtension>
        </extensions>
      </trkpt>
      <trkpt lat="31.836594876731095" lon="117.12198817162225">
        <ele>47.79999923706055</ele>
        <time>2026-08-07T11:49:04Z</time>
        <extensions>
          <gpxtpx:TrackPointExtension>
            <gpxtpx:hr>136</gpxtpx:hr>
          </gpxtpx:TrackPointExtension>
        </extensions>
      </trkpt>
      <trkpt lat="31.836652938937494" lon="117.12203320352643">
        <ele>47.400001525878906</ele>
        <time>2026-08-07T11:49:08Z</time>
        <extensions>
          <gpxtpx:TrackPointExtension>
            <gpxtpx:hr>136</gpxtpx:hr>
          </gpxtpx:TrackPointExtension>
        </extensions>
      </trkpt>
      <trkpt lat="31.83670799151359" lon="117.12207022912547">
        <ele>47.20000076293945</ele>
        <time>2026-08-07T11:49:12Z</time>
        <extensions>
          <gpxtpx:TrackPointExtension>
            <gpxtpx:hr>135</gpxtpx:hr>
          </gpxtpx:TrackPointExtension>
        </extensions>
      </trkpt>
      <trkpt lat="31.836781041817826" lon="117.1221022489029">
        <ele>47.0</ele>
        <time>2026-08-07T11:49:16Z</time>
        <extensions>
          <gpxtpx:TrackPointExtension>
            <gpxtpx:hr>136</gpxtpx:hr>
          </gpxtpx:TrackPointExtension>
        </extensions>
      </trkpt>
      <trkpt lat="31.836858095199254" lon="117.1221362700124">
        <ele>47.20000076293945</ele>
        <time>2026-08-07T11:49:20Z</time>
        <extensions>
          <gpxtpx:TrackPointExtension>
            <gpxtpx:hr>136</gpxtpx:hr>
          </gpxtpx:TrackPointExtension>
        </extensions>
      </trkpt>
      <trkpt lat="31.83691614160283" lon="117.12216729045166">
        <ele>47.20000076293945</ele>
        <time>2026-08-07T11:49:24Z</time>
        <extensions>
          <gpxtpx:TrackPointExtension>
            <gpxtpx:hr>136</gpxtpx:hr>
          </gpxtpx:TrackPointExtension>
        </extensions>
      </trkpt>
      <trkpt lat="31.836969203134426" lon="117.12221232313578">
        <ele>47.20000076293945</ele>
        <time>2026-08-07T11:49:28Z</time>
        <extensions>
          <gpxtpx:TrackPointExtension>
            <gpxtpx:hr>137</gpxtpx:hr>
          </gpxtpx:TrackPointExtension>
        </extensions>
      </trkpt>
      <trkpt lat="31.837031266430987" lon="117.12225735504612">
        <ele>47.20000076293945</ele>
        <time>2026-08-07T11:49:32Z</time>
        <extensions>
          <gpxtpx:TrackPointExtension>
            <gpxtpx:hr>135</gpxtpx:hr>
          </gpxtpx:TrackPointExtension>
        </extensions>
      </trkpt>
      <trkpt lat="31.837087327513093" lon="117.1223013867588">
        <ele>47.20000076293945</ele>
        <time>2026-08-07T11:49:36Z</time>
        <extensions>
          <gpxtpx:TrackPointExtension>
            <gpxtpx:hr>135</gpxtpx:hr>
          </gpxtpx:TrackPointExtension>
        </extensions>
      </trkpt>
      <trkpt lat="31.837140388092386" lon="117.1223454188287">
        <ele>47.400001525878906</ele>
        <time>2026-08-07T11:49:40Z</time>
        <extensions>
          <gpxtpx:TrackPointExtension>
            <gpxtpx:hr>135</gpxtpx:hr>
          </gpxtpx:TrackPointExtension>
        </extensions>
      </trkpt>
      <trkpt lat="31.83719644124176" lon="117.12238244477268">
        <ele>47.400001525878906</ele>
        <time>2026-08-07T11:49:44Z</time>
        <extensions>
          <gpxtpx:TrackPointExtension>
            <gpxtpx:hr>139</gpxtpx:hr>
          </gpxtpx:TrackPointExtension>
        </extensions>
      </trkpt>
      <trkpt lat="31.83724749810235" lon="117.1224234746272">
        <ele>47.599998474121094</ele>
        <time>2026-08-07T11:49:48Z</time>
        <extensions>
          <gpxtpx:TrackPointExtension>
            <gpxtpx:hr>140</gpxtpx:hr>
          </gpxtpx:TrackPointExtension>
        </extensions>
      </trkpt>
      <trkpt lat="31.837307556718" lon="117.12246450369459">
        <ele>47.599998474121094</ele>
        <time>2026-08-07T11:49:52Z</time>
        <extensions>
          <gpxtpx:TrackPointExtension>
            <gpxtpx:hr>141</gpxtpx:hr>
          </gpxtpx:TrackPointExtension>
        </extensions>
      </trkpt>
      <trkpt lat="31.837364614822416" lon="117.12250553310929">
        <ele>47.79999923706055</ele>
        <time>2026-08-07T11:49:56Z</time>
        <extensions>
          <gpxtpx:TrackPointExtension>
            <gpxtpx:hr>141</gpxtpx:hr>
          </gpxtpx:TrackPointExtension>
        </extensions>
      </trkpt>
      <trkpt lat="31.837423676829722" lon="117.12254956495235">
        <ele>47.599998474121094</ele>
        <time>2026-08-07T11:50:00Z</time>
        <extensions>
          <gpxtpx:TrackPointExtension>
            <gpxtpx:hr>141</gpxtpx:hr>
          </gpxtpx:TrackPointExtension>
        </extensions>
      </trkpt>
      <trkpt lat="31.837480729259592" lon="117.12258559023516">
        <ele>47.79999923706055</ele>
        <time>2026-08-07T11:50:04Z</time>
        <extensions>
          <gpxtpx:TrackPointExtension>
            <gpxtpx:hr>140</gpxtpx:hr>
          </gpxtpx:TrackPointExtension>
        </extensions>
      </trkpt>
      <trkpt lat="31.837537787527292" lon="117.12262661983763">
        <ele>47.79999923706055</ele>
        <time>2026-08-07T11:50:08Z</time>
        <extensions>
          <gpxtpx:TrackPointExtension>
            <gpxtpx:hr>139</gpxtpx:hr>
          </gpxtpx:TrackPointExtension>
        </extensions>
      </trkpt>
      <trkpt lat="31.837593841020002" lon="117.12266364617537">
        <ele>48.0</ele>
        <time>2026-08-07T11:50:12Z</time>
        <extensions>
          <gpxtpx:TrackPointExtension>
            <gpxtpx:hr>138</gpxtpx:hr>
          </gpxtpx:TrackPointExtension>
        </extensions>
      </trkpt>
      <trkpt lat="31.837665881327098" lon="117.12268665905766">
        <ele>48.20000076293945</ele>
        <time>2026-08-07T11:50:16Z</time>
        <extensions>
          <gpxtpx:TrackPointExtension>
            <gpxtpx:hr>138</gpxtpx:hr>
          </gpxtpx:TrackPointExtension>
        </extensions>
      </trkpt>
      <trkpt lat="31.83773891719662" lon="117.1227056684363">
        <ele>48.20000076293945</ele>
        <time>2026-08-07T11:50:20Z</time>
        <extensions>
          <gpxtpx:TrackPointExtension>
            <gpxtpx:hr>138</gpxtpx:hr>
          </gpxtpx:TrackPointExtension>
        </extensions>
      </trkpt>
      <trkpt lat="31.83780394459484" lon="117.122718673438">
        <ele>48.599998474121094</ele>
        <time>2026-08-07T11:50:24Z</time>
        <extensions>
          <gpxtpx:TrackPointExtension>
            <gpxtpx:hr>139</gpxtpx:hr>
          </gpxtpx:TrackPointExtension>
        </extensions>
      </trkpt>
      <trkpt lat="31.83787596751389" lon="117.12272667349383">
        <ele>48.79999923706055</ele>
        <time>2026-08-07T11:50:28Z</time>
        <extensions>
          <gpxtpx:TrackPointExtension>
            <gpxtpx:hr>139</gpxtpx:hr>
          </gpxtpx:TrackPointExtension>
        </extensions>
      </trkpt>
      <trkpt lat="31.837946004011282" lon="117.12274668404346">
        <ele>48.79999923706055</ele>
        <time>2026-08-07T11:50:32Z</time>
        <extensions>
          <gpxtpx:TrackPointExtension>
            <gpxtpx:hr>140</gpxtpx:hr>
          </gpxtpx:TrackPointExtension>
        </extensions>
      </trkpt>
      <trkpt lat="31.83802002964812" lon="117.12275668563684">
        <ele>48.79999923706055</ele>
        <time>2026-08-07T11:50:36Z</time>
        <extensions>
          <gpxtpx:TrackPointExtension>
            <gpxtpx:hr>138</gpxtpx:hr>
          </gpxtpx:TrackPointExtension>
        </extensions>
      </trkpt>
      <trkpt lat="31.83808305902628" lon="117.12277169257193">
        <ele>48.79999923706055</ele>
        <time>2026-08-07T11:50:40Z</time>
        <extensions>
          <gpxtpx:TrackPointExtension>
            <gpxtpx:hr>137</gpxtpx:hr>
          </gpxtpx:TrackPointExtension>
        </extensions>
      </trkpt>
      <trkpt lat="31.83815707303886" lon="117.12277168557587">
        <ele>48.599998474121094</ele>
        <time>2026-08-07T11:50:44Z</time>
        <extensions>
          <gpxtpx:TrackPointExtension>
            <gpxtpx:hr>136</gpxtpx:hr>
          </gpxtpx:TrackPointExtension>
        </extensions>
      </trkpt>
      <trkpt lat="31.83822609308984" lon="117.12277768421137">
        <ele>48.400001525878906</ele>
        <time>2026-08-07T11:50:48Z</time>
        <extensions>
          <gpxtpx:TrackPointExtension>
            <gpxtpx:hr>135</gpxtpx:hr>
          </gpxtpx:TrackPointExtension>
        </extensions>
      </trkpt>
      <trkpt lat="31.838303110004546" lon="117.12277967865158">
        <ele>48.20000076293945</ele>
        <time>2026-08-07T11:50:52Z</time>
        <extensions>
          <gpxtpx:TrackPointExtension>
            <gpxtpx:hr>136</gpxtpx:hr>
          </gpxtpx:TrackPointExtension>
        </extensions>
      </trkpt>
      <trkpt lat="31.838369134150845" lon="117.12278968101367">
        <ele>48.0</ele>
        <time>2026-08-07T11:50:56Z</time>
        <extensions>
          <gpxtpx:TrackPointExtension>
            <gpxtpx:hr>136</gpxtpx:hr>
          </gpxtpx:TrackPointExtension>
        </extensions>
      </trkpt>
      <trkpt lat="31.838437140053554" lon="117.12278366942324">
        <ele>47.79999923706055</ele>
        <time>2026-08-07T11:51:00Z</time>
        <extensions>
          <gpxtpx:TrackPointExtension>
            <gpxtpx:hr>136</gpxtpx:hr>
          </gpxtpx:TrackPointExtension>
        </extensions>
      </trkpt>
      <trkpt lat="31.838512153106617" lon="117.12278266147241">
        <ele>47.599998474121094</ele>
        <time>2026-08-07T11:51:04Z</time>
        <extensions>
          <gpxtpx:TrackPointExtension>
            <gpxtpx:hr>135</gpxtpx:hr>
          </gpxtpx:TrackPointExtension>
        </extensions>
      </trkpt>
      <trkpt lat="31.838578149327596" lon="117.1227686431947">
        <ele>47.20000076293945</ele>
        <time>2026-08-07T11:51:08Z</time>
        <extensions>
          <gpxtpx:TrackPointExtension>
            <gpxtpx:hr>135</gpxtpx:hr>
          </gpxtpx:TrackPointExtension>
        </extensions>
      </trkpt>
      <trkpt lat="31.838645141094773" lon="117.12275062139388">
        <ele>47.0</ele>
        <time>2026-08-07T11:51:12Z</time>
        <extensions>
          <gpxtpx:TrackPointExtension>
            <gpxtpx:hr>133</gpxtpx:hr>
          </gpxtpx:TrackPointExtension>
        </extensions>
      </trkpt>
      <trkpt lat="31.838718128201325" lon="117.12272759474729">
        <ele>46.599998474121094</ele>
        <time>2026-08-07T11:51:16Z</time>
        <extensions>
          <gpxtpx:TrackPointExtension>
            <gpxtpx:hr>132</gpxtpx:hr>
          </gpxtpx:TrackPointExtension>
        </extensions>
      </trkpt>
      <trkpt lat="31.83879211203301" lon="117.12270156545468">
        <ele>46.20000076293945</ele>
        <time>2026-08-07T11:51:20Z</time>
        <extensions>
          <gpxtpx:TrackPointExtension>
            <gpxtpx:hr>132</gpxtpx:hr>
          </gpxtpx:TrackPointExtension>
        </extensions>
      </trkpt>
      <trkpt lat="31.838857096502448" lon="117.12267753875068">
        <ele>46.0</ele>
        <time>2026-08-07T11:51:24Z</time>
        <extensions>
          <gpxtpx:TrackPointExtension>
            <gpxtpx:hr>132</gpxtpx:hr>
          </gpxtpx:TrackPointExtension>
        </extensions>
      </trkpt>
      <trkpt lat="31.838929090441326" lon="117.12266051739424">
        <ele>45.79999923706055</ele>
        <time>2026-08-07T11:51:28Z</time>
        <extensions>
          <gpxtpx:TrackPointExtension>
            <gpxtpx:hr>131</gpxtpx:hr>
          </gpxtpx:TrackPointExtension>
        </extensions>
      </trkpt>
      <trkpt lat="31.83899207456731" lon="117.12263649091636">
        <ele>45.400001525878906</ele>
        <time>2026-08-07T11:51:32Z</time>
        <extensions>
          <gpxtpx:TrackPointExtension>
            <gpxtpx:hr>131</gpxtpx:hr>
          </gpxtpx:TrackPointExtension>
        </extensions>
      </trkpt>
      <trkpt lat="31.839068047281568" lon="117.1226004529894">
        <ele>45.20000076293945</ele>
        <time>2026-08-07T11:51:36Z</time>
        <extensions>
          <gpxtpx:TrackPointExtension>
            <gpxtpx:hr>130</gpxtpx:hr>
          </gpxtpx:TrackPointExtension>
        </extensions>
      </trkpt>
      <trkpt lat="31.83913300638179" lon="117.12255440763437">
        <ele>45.0</ele>
        <time>2026-08-07T11:51:40Z</time>
        <extensions>
          <gpxtpx:TrackPointExtension>
            <gpxtpx:hr>130</gpxtpx:hr>
          </gpxtpx:TrackPointExtension>
        </extensions>
      </trkpt>
      <trkpt lat="31.8391969699831" lon="117.12251236585321">
        <ele>45.0</ele>
        <time>2026-08-07T11:51:44Z</time>
        <extensions>
          <gpxtpx:TrackPointExtension>
            <gpxtpx:hr>130</gpxtpx:hr>
          </gpxtpx:TrackPointExtension>
        </extensions>
      </trkpt>
      <trkpt lat="31.839258939033627" lon="117.12247532857002">
        <ele>44.599998474121094</ele>
        <time>2026-08-07T11:51:48Z</time>
        <extensions>
          <gpxtpx:TrackPointExtension>
            <gpxtpx:hr>131</gpxtpx:hr>
          </gpxtpx:TrackPointExtension>
        </extensions>
      </trkpt>
      <trkpt lat="31.839319903327844" lon="117.122434288045">
        <ele>44.400001525878906</ele>
        <time>2026-08-07T11:51:52Z</time>
        <extensions>
          <gpxtpx:TrackPointExtension>
            <gpxtpx:hr>135</gpxtpx:hr>
          </gpxtpx:TrackPointExtension>
        </extensions>
      </trkpt>
      <trkpt lat="31.839382868057854" lon="117.12239324739453">
        <ele>44.400001525878906</ele>
        <time>2026-08-07T11:51:56Z</time>
        <extensions>
          <gpxtpx:TrackPointExtension>
            <gpxtpx:hr>135</gpxtpx:hr>
          </gpxtpx:TrackPointExtension>
        </extensions>
      </trkpt>
      <trkpt lat="31.839443814062342" lon="117.12233619349996">
        <ele>44.400001525878906</ele>
        <time>2026-08-07T11:52:00Z</time>
        <extensions>
          <gpxtpx:TrackPointExtension>
            <gpxtpx:hr>136</gpxtpx:hr>
          </gpxtpx:TrackPointExtension>
        </extensions>
      </trkpt>
      <trkpt lat="31.839488761722567" lon="117.12228314460617">
        <ele>44.0</ele>
        <time>2026-08-07T11:52:04Z</time>
        <extensions>
          <gpxtpx:TrackPointExtension>
            <gpxtpx:hr>136</gpxtpx:hr>
          </gpxtpx:TrackPointExtension>
        </extensions>
      </trkpt>
      <trkpt lat="31.839540711951226" lon="117.12223109599647">
        <ele>44.0</ele>
        <time>2026-08-07T11:52:08Z</time>
        <extensions>
          <gpxtpx:TrackPointExtension>
            <gpxtpx:hr>136</gpxtpx:hr>
          </gpxtpx:TrackPointExtension>
        </extensions>
      </trkpt>
      <trkpt lat="31.839587662461685" lon="117.12218004879962">
        <ele>44.0</ele>
        <time>2026-08-07T11:52:12Z</time>
        <extensions>
          <gpxtpx:TrackPointExtension>
            <gpxtpx:hr>137</gpxtpx:hr>
          </gpxtpx:TrackPointExtension>
        </extensions>
      </trkpt>
      <trkpt lat="31.839634609627147" lon="117.1221259991958">
        <ele>44.20000076293945</ele>
        <time>2026-08-07T11:52:16Z</time>
        <extensions>
          <gpxtpx:TrackPointExtension>
            <gpxtpx:hr>137</gpxtpx:hr>
          </gpxtpx:TrackPointExtension>
        </extensions>
      </trkpt>
      <trkpt lat="31.839678554033824" lon="117.1220699483204">
        <ele>44.0</ele>
        <time>2026-08-07T11:52:20Z</time>
        <extensions>
          <gpxtpx:TrackPointExtension>
            <gpxtpx:hr>138</gpxtpx:hr>
          </gpxtpx:TrackPointExtension>
        </extensions>
      </trkpt>
      <trkpt lat="31.839722490566317" lon="117.12200689174855">
        <ele>44.0</ele>
        <time>2026-08-07T11:52:24Z</time>
        <extensions>
          <gpxtpx:TrackPointExtension>
            <gpxtpx:hr>138</gpxtpx:hr>
          </gpxtpx:TrackPointExtension>
        </extensions>
      </trkpt>
      <trkpt lat="31.83977243405577" lon="117.12194883890298">
        <ele>44.0</ele>
        <time>2026-08-07T11:52:28Z</time>
        <extensions>
          <gpxtpx:TrackPointExtension>
            <gpxtpx:hr>139</gpxtpx:hr>
          </gpxtpx:TrackPointExtension>
        </extensions>
      </trkpt>
      <trkpt lat="31.83981037537084" lon="117.12189078732064">
        <ele>44.0</ele>
        <time>2026-08-07T11:52:32Z</time>
        <extensions>
          <gpxtpx:TrackPointExtension>
            <gpxtpx:hr>141</gpxtpx:hr>
          </gpxtpx:TrackPointExtension>
        </extensions>
      </trkpt>
      <trkpt lat="31.8398603145445" lon="117.12182873143634">
        <ele>43.79999923706055</ele>
        <time>2026-08-07T11:52:36Z</time>
        <extensions>
          <gpxtpx:TrackPointExtension>
            <gpxtpx:hr>142</gpxtpx:hr>
          </gpxtpx:TrackPointExtension>
        </extensions>
      </trkpt>
      <trkpt lat="31.8399062610036" lon="117.1217736818292">
        <ele>43.79999923706055</ele>
        <time>2026-08-07T11:52:40Z</time>
        <extensions>
          <gpxtpx:TrackPointExtension>
            <gpxtpx:hr>143</gpxtpx:hr>
          </gpxtpx:TrackPointExtension>
        </extensions>
      </trkpt>
      <trkpt lat="31.839953212272118" lon="117.12172263552257">
        <ele>43.79999923706055</ele>
        <time>2026-08-07T11:52:44Z</time>
        <extensions>
          <gpxtpx:TrackPointExtension>
            <gpxtpx:hr>142</gpxtpx:hr>
          </gpxtpx:TrackPointExtension>
        </extensions>
      </trkpt>
      <trkpt lat="31.839999161178405" lon="117.12166958777459">
        <ele>43.79999923706055</ele>
        <time>2026-08-07T11:52:48Z</time>
        <extensions>
          <gpxtpx:TrackPointExtension>
            <gpxtpx:hr>142</gpxtpx:hr>
          </gpxtpx:TrackPointExtension>
        </extensions>
      </trkpt>
      <trkpt lat="31.84004911206513" lon="117.12161754057203">
        <ele>43.79999923706055</ele>
        <time>2026-08-07T11:52:52Z</time>
        <extensions>
          <gpxtpx:TrackPointExtension>
            <gpxtpx:hr>141</gpxtpx:hr>
          </gpxtpx:TrackPointExtension>
        </extensions>
      </trkpt>
      <trkpt lat="31.840092066207863" lon="117.1215694973909">
        <ele>43.79999923706055</ele>
        <time>2026-08-07T11:52:56Z</time>
        <extensions>
          <gpxtpx:TrackPointExtension>
            <gpxtpx:hr>141</gpxtpx:hr>
          </gpxtpx:TrackPointExtension>
        </extensions>
      </trkpt>
      <trkpt lat="31.84015703585551" lon="117.12153146034129">
        <ele>43.599998474121094</ele>
        <time>2026-08-07T11:53:00Z</time>
        <extensions>
          <gpxtpx:TrackPointExtension>
            <gpxtpx:hr>140</gpxtpx:hr>
          </gpxtpx:TrackPointExtension>
        </extensions>
      </trkpt>
      <trkpt lat="31.84022301584888" lon="117.1215024305537">
        <ele>43.79999923706055</ele>
        <time>2026-08-07T11:53:04Z</time>
        <extensions>
          <gpxtpx:TrackPointExtension>
            <gpxtpx:hr>139</gpxtpx:hr>
          </gpxtpx:TrackPointExtension>
        </extensions>
      </trkpt>
      <trkpt lat="31.840295016095887" lon="117.12149041401145">
        <ele>43.79999923706055</ele>
        <time>2026-08-07T11:53:08Z</time>
        <extensions>
          <gpxtpx:TrackPointExtension>
            <gpxtpx:hr>140</gpxtpx:hr>
          </gpxtpx:TrackPointExtension>
        </extensions>
      </trkpt>
      <trkpt lat="31.840355027532414" lon="117.12149040833786">
        <ele>44.0</ele>
        <time>2026-08-07T11:53:12Z</time>
        <extensions>
          <gpxtpx:TrackPointExtension>
            <gpxtpx:hr>138</gpxtpx:hr>
          </gpxtpx:TrackPointExtension>
        </extensions>
      </trkpt>
      <trkpt lat="31.840424056407233" lon="117.12150441317011">
        <ele>44.20000076293945</ele>
        <time>2026-08-07T11:53:16Z</time>
        <extensions>
          <gpxtpx:TrackPointExtension>
            <gpxtpx:hr>136</gpxtpx:hr>
          </gpxtpx:TrackPointExtension>
        </extensions>
      </trkpt>
      <trkpt lat="31.84048807759679" lon="117.1215124136113">
        <ele>44.599998474121094</ele>
        <time>2026-08-07T11:53:20Z</time>
        <extensions>
          <gpxtpx:TrackPointExtension>
            <gpxtpx:hr>135</gpxtpx:hr>
          </gpxtpx:TrackPointExtension>
        </extensions>
      </trkpt>
      <trkpt lat="31.84055609618294" lon="117.1215174112406">
        <ele>44.79999923706055</ele>
        <time>2026-08-07T11:53:24Z</time>
        <extensions>
          <gpxtpx:TrackPointExtension>
            <gpxtpx:hr>135</gpxtpx:hr>
          </gpxtpx:TrackPointExtension>
        </extensions>
      </trkpt>
      <trkpt lat="31.8406140971363" lon="117.12150839844986">
        <ele>45.20000076293945</ele>
        <time>2026-08-07T11:53:28Z</time>
        <extensions>
          <gpxtpx:TrackPointExtension>
            <gpxtpx:hr>135</gpxtpx:hr>
          </gpxtpx:TrackPointExtension>
        </extensions>
      </trkpt>
      <trkpt lat="31.84068112901889" lon="117.1215254059176">
        <ele>45.599998474121094</ele>
        <time>2026-08-07T11:53:32Z</time>
        <extensions>
          <gpxtpx:TrackPointExtension>
            <gpxtpx:hr>135</gpxtpx:hr>
          </gpxtpx:TrackPointExtension>
        </extensions>
      </trkpt>
      <trkpt lat="31.84074913188242" lon="117.12151639217844">
        <ele>45.79999923706055</ele>
        <time>2026-08-07T11:53:36Z</time>
        <extensions>
          <gpxtpx:TrackPointExtension>
            <gpxtpx:hr>136</gpxtpx:hr>
          </gpxtpx:TrackPointExtension>
        </extensions>
      </trkpt>
      <trkpt lat="31.840823137019708" lon="117.1215083786866">
        <ele>45.599998474121094</ele>
        <time>2026-08-07T11:53:40Z</time>
        <extensions>
          <gpxtpx:TrackPointExtension>
            <gpxtpx:hr>136</gpxtpx:hr>
          </gpxtpx:TrackPointExtension>
        </extensions>
      </trkpt>
      <trkpt lat="31.840893130170283" lon="117.12149035746414">
        <ele>45.599998474121094</ele>
        <time>2026-08-07T11:53:44Z</time>
        <extensions>
          <gpxtpx:TrackPointExtension>
            <gpxtpx:hr>138</gpxtpx:hr>
          </gpxtpx:TrackPointExtension>
        </extensions>
      </trkpt>
      <trkpt lat="31.8409611274407" lon="117.12147633968456">
        <ele>44.79999923706055</ele>
        <time>2026-08-07T11:53:48Z</time>
        <extensions>
          <gpxtpx:TrackPointExtension>
            <gpxtpx:hr>140</gpxtpx:hr>
          </gpxtpx:TrackPointExtension>
        </extensions>
      </trkpt>
      <trkpt lat="31.841037120639786" lon="117.12145731710714">
        <ele>44.0</ele>
        <time>2026-08-07T11:53:52Z</time>
        <extensions>
          <gpxtpx:TrackPointExtension>
            <gpxtpx:hr>140</gpxtpx:hr>
          </gpxtpx:TrackPointExtension>
        </extensions>
      </trkpt>
      <trkpt lat="31.841121096330482" lon="117.12142128004078">
        <ele>43.400001525878906</ele>
        <time>2026-08-07T11:53:56Z</time>
        <extensions>
          <gpxtpx:TrackPointExtension>
            <gpxtpx:hr>140</gpxtpx:hr>
          </gpxtpx:TrackPointExtension>
        </extensions>
      </trkpt>
      <trkpt lat="31.841193076490036" lon="117.12139124900114">
        <ele>43.20000076293945</ele>
        <time>2026-08-07T11:54:00Z</time>
        <extensions>
          <gpxtpx:TrackPointExtension>
            <gpxtpx:hr>139</gpxtpx:hr>
          </gpxtpx:TrackPointExtension>
        </extensions>
      </trkpt>
      <trkpt lat="31.84125806205515" lon="117.12136722349464">
        <ele>43.0</ele>
        <time>2026-08-07T11:54:04Z</time>
        <extensions>
          <gpxtpx:TrackPointExtension>
            <gpxtpx:hr>139</gpxtpx:hr>
          </gpxtpx:TrackPointExtension>
        </extensions>
      </trkpt>
      <trkpt lat="31.841326034802556" lon="117.12133118806618">
        <ele>43.0</ele>
        <time>2026-08-07T11:54:08Z</time>
        <extensions>
          <gpxtpx:TrackPointExtension>
            <gpxtpx:hr>139</gpxtpx:hr>
          </gpxtpx:TrackPointExtension>
        </extensions>
      </trkpt>
      <trkpt lat="31.841390021344786" lon="117.12130816351369">
        <ele>43.0</ele>
        <time>2026-08-07T11:54:12Z</time>
        <extensions>
          <gpxtpx:TrackPointExtension>
            <gpxtpx:hr>139</gpxtpx:hr>
          </gpxtpx:TrackPointExtension>
        </extensions>
      </trkpt>
      <trkpt lat="31.8414490125307" lon="117.12129014347006">
        <ele>43.0</ele>
        <time>2026-08-07T11:54:16Z</time>
        <extensions>
          <gpxtpx:TrackPointExtension>
            <gpxtpx:hr>138</gpxtpx:hr>
          </gpxtpx:TrackPointExtension>
        </extensions>
      </trkpt>
      <trkpt lat="31.841514012686563" lon="117.12127912849017">
        <ele>43.0</ele>
        <time>2026-08-07T11:54:20Z</time>
        <extensions>
          <gpxtpx:TrackPointExtension>
            <gpxtpx:hr>137</gpxtpx:hr>
          </gpxtpx:TrackPointExtension>
        </extensions>
      </trkpt>
      <trkpt lat="31.84157898051442" lon="117.12123909026238">
        <ele>43.0</ele>
        <time>2026-08-07T11:54:24Z</time>
        <extensions>
          <gpxtpx:TrackPointExtension>
            <gpxtpx:hr>138</gpxtpx:hr>
          </gpxtpx:TrackPointExtension>
        </extensions>
      </trkpt>
      <trkpt lat="31.84163795281503" lon="117.12120405666286">
        <ele>43.0</ele>
        <time>2026-08-07T11:54:28Z</time>
        <extensions>
          <gpxtpx:TrackPointExtension>
            <gpxtpx:hr>137</gpxtpx:hr>
          </gpxtpx:TrackPointExtension>
        </extensions>
      </trkpt>
      <trkpt lat="31.841709926533195" lon="117.12116802108285">
        <ele>43.0</ele>
        <time>2026-08-07T11:54:32Z</time>
        <extensions>
          <gpxtpx:TrackPointExtension>
            <gpxtpx:hr>138</gpxtpx:hr>
          </gpxtpx:TrackPointExtension>
        </extensions>
      </trkpt>
      <trkpt lat="31.841779898802614" lon="117.12113098494504">
        <ele>43.0</ele>
        <time>2026-08-07T11:54:36Z</time>
        <extensions>
          <gpxtpx:TrackPointExtension>
            <gpxtpx:hr>138</gpxtpx:hr>
          </gpxtpx:TrackPointExtension>
        </extensions>
      </trkpt>
      <trkpt lat="31.841844883481798" lon="117.1211059588835">
        <ele>42.79999923706055</ele>
        <time>2026-08-07T11:54:40Z</time>
        <extensions>
          <gpxtpx:TrackPointExtension>
            <gpxtpx:hr>138</gpxtpx:hr>
          </gpxtpx:TrackPointExtension>
        </extensions>
      </trkpt>
      <trkpt lat="31.84190786336356" lon="117.1210769298551">
        <ele>42.79999923706055</ele>
        <time>2026-08-07T11:54:44Z</time>
        <extensions>
          <gpxtpx:TrackPointExtension>
            <gpxtpx:hr>138</gpxtpx:hr>
          </gpxtpx:TrackPointExtension>
        </extensions>
      </trkpt>
      <trkpt lat="31.84197685772587" lon="117.12105990982087">
        <ele>42.599998474121094</ele>
        <time>2026-08-07T11:54:48Z</time>
        <extensions>
          <gpxtpx:TrackPointExtension>
            <gpxtpx:hr>138</gpxtpx:hr>
          </gpxtpx:TrackPointExtension>
        </extensions>
      </trkpt>
      <trkpt lat="31.842048840487664" lon="117.12103188078625">
        <ele>42.599998474121094</ele>
        <time>2026-08-07T11:54:52Z</time>
        <extensions>
          <gpxtpx:TrackPointExtension>
            <gpxtpx:hr>138</gpxtpx:hr>
          </gpxtpx:TrackPointExtension>
        </extensions>
      </trkpt>
      <trkpt lat="31.842115836711606" lon="117.121016862556">
        <ele>42.79999923706055</ele>
        <time>2026-08-07T11:54:56Z</time>
        <extensions>
          <gpxtpx:TrackPointExtension>
            <gpxtpx:hr>138</gpxtpx:hr>
          </gpxtpx:TrackPointExtension>
        </extensions>
      </trkpt>
      <trkpt lat="31.84217181645195" lon="117.12098883508118">
        <ele>42.79999923706055</ele>
        <time>2026-08-07T11:55:00Z</time>
        <extensions>
          <gpxtpx:TrackPointExtension>
            <gpxtpx:hr>139</gpxtpx:hr>
          </gpxtpx:TrackPointExtension>
        </extensions>
      </trkpt>
      <trkpt lat="31.842231812465684" lon="117.12097481832893">
        <ele>42.79999923706055</ele>
        <time>2026-08-07T11:55:04Z</time>
        <extensions>
          <gpxtpx:TrackPointExtension>
            <gpxtpx:hr>139</gpxtpx:hr>
          </gpxtpx:TrackPointExtension>
        </extensions>
      </trkpt>
      <trkpt lat="31.84230279622871" lon="117.12094779027113">
        <ele>43.0</ele>
        <time>2026-08-07T11:55:08Z</time>
        <extensions>
          <gpxtpx:TrackPointExtension>
            <gpxtpx:hr>139</gpxtpx:hr>
          </gpxtpx:TrackPointExtension>
        </extensions>
      </trkpt>
      <trkpt lat="31.842387800373253" lon="117.12093677354528">
        <ele>42.79999923706055</ele>
        <time>2026-08-07T11:55:12Z</time>
        <extensions>
          <gpxtpx:TrackPointExtension>
            <gpxtpx:hr>139</gpxtpx:hr>
          </gpxtpx:TrackPointExtension>
        </extensions>
      </trkpt>
      <trkpt lat="31.84245684233816" lon="117.120962787561">
        <ele>43.0</ele>
        <time>2026-08-07T11:55:16Z</time>
        <extensions>
          <gpxtpx:TrackPointExtension>
            <gpxtpx:hr>140</gpxtpx:hr>
          </gpxtpx:TrackPointExtension>
        </extensions>
      </trkpt>
      <trkpt lat="31.84252789135018" lon="117.12099480616394">
        <ele>43.400001525878906</ele>
        <time>2026-08-07T11:55:20Z</time>
        <extensions>
          <gpxtpx:TrackPointExtension>
            <gpxtpx:hr>139</gpxtpx:hr>
          </gpxtpx:TrackPointExtension>
        </extensions>
      </trkpt>
      <trkpt lat="31.842606889912624" lon="117.1209797868202">
        <ele>43.599998474121094</ele>
        <time>2026-08-07T11:55:24Z</time>
        <extensions>
          <gpxtpx:TrackPointExtension>
            <gpxtpx:hr>140</gpxtpx:hr>
          </gpxtpx:TrackPointExtension>
        </extensions>
      </trkpt>
      <trkpt lat="31.842665858123222" lon="117.12094075041271">
        <ele>43.400001525878906</ele>
        <time>2026-08-07T11:55:28Z</time>
        <extensions>
          <gpxtpx:TrackPointExtension>
            <gpxtpx:hr>139</gpxtpx:hr>
          </gpxtpx:TrackPointExtension>
        </extensions>
      </trkpt>
      <trkpt lat="31.842722814968138" lon="117.12089170637363">
        <ele>43.0</ele>
        <time>2026-08-07T11:55:32Z</time>
        <extensions>
          <gpxtpx:TrackPointExtension>
            <gpxtpx:hr>138</gpxtpx:hr>
          </gpxtpx:TrackPointExtension>
        </extensions>
      </trkpt>
      <trkpt lat="31.842776768012918" lon="117.1208396603542">
        <ele>42.599998474121094</ele>
        <time>2026-08-07T11:55:36Z</time>
        <extensions>
          <gpxtpx:TrackPointExtension>
            <gpxtpx:hr>138</gpxtpx:hr>
          </gpxtpx:TrackPointExtension>
        </extensions>
      </trkpt>
      <trkpt lat="31.84282871526541" lon="117.12078261071105">
        <ele>42.400001525878906</ele>
        <time>2026-08-07T11:55:40Z</time>
        <extensions>
          <gpxtpx:TrackPointExtension>
            <gpxtpx:hr>138</gpxtpx:hr>
          </gpxtpx:TrackPointExtension>
        </extensions>
      </trkpt>
      <trkpt lat="31.842879664629436" lon="117.12072756285187">
        <ele>42.400001525878906</ele>
        <time>2026-08-07T11:55:44Z</time>
        <extensions>
          <gpxtpx:TrackPointExtension>
            <gpxtpx:hr>138</gpxtpx:hr>
          </gpxtpx:TrackPointExtension>
        </extensions>
      </trkpt>
      <trkpt lat="31.84292561203789" lon="117.12067151480437">
        <ele>42.599998474121094</ele>
        <time>2026-08-07T11:55:48Z</time>
        <extensions>
          <gpxtpx:TrackPointExtension>
            <gpxtpx:hr>139</gpxtpx:hr>
          </gpxtpx:TrackPointExtension>
        </extensions>
      </trkpt>
      <trkpt lat="31.84297656269929" lon="117.1206174679606">
        <ele>42.79999923706055</ele>
        <time>2026-08-07T11:55:52Z</time>
        <extensions>
          <gpxtpx:TrackPointExtension>
            <gpxtpx:hr>140</gpxtpx:hr>
          </gpxtpx:TrackPointExtension>
        </extensions>
      </trkpt>
      <trkpt lat="31.84302951274984" lon="117.12056242026672">
        <ele>43.0</ele>
        <time>2026-08-07T11:55:56Z</time>
        <extensions>
          <gpxtpx:TrackPointExtension>
            <gpxtpx:hr>140</gpxtpx:hr>
          </gpxtpx:TrackPointExtension>
        </extensions>
      </trkpt>
      <trkpt lat="31.843085475476244" lon="117.1205183809106">
        <ele>43.20000076293945</ele>
        <time>2026-08-07T11:56:00Z</time>
        <extensions>
          <gpxtpx:TrackPointExtension>
            <gpxtpx:hr>140</gpxtpx:hr>
          </gpxtpx:TrackPointExtension>
        </extensions>
      </trkpt>
      <trkpt lat="31.843128435769867" lon="117.12047434285977">
        <ele>43.400001525878906</ele>
        <time>2026-08-07T11:56:04Z</time>
        <extensions>
          <gpxtpx:TrackPointExtension>
            <gpxtpx:hr>139</gpxtpx:hr>
          </gpxtpx:TrackPointExtension>
        </extensions>
      </trkpt>
      <trkpt lat="31.843166370151273" lon="117.12040728766323">
        <ele>43.599998474121094</ele>
        <time>2026-08-07T11:56:08Z</time>
        <extensions>
          <gpxtpx:TrackPointExtension>
            <gpxtpx:hr>139</gpxtpx:hr>
          </gpxtpx:TrackPointExtension>
        </extensions>
      </trkpt>
      <trkpt lat="31.843197303336122" lon="117.12034023330489">
        <ele>43.79999923706055</ele>
        <time>2026-08-07T11:56:12Z</time>
        <extensions>
          <gpxtpx:TrackPointExtension>
            <gpxtpx:hr>139</gpxtpx:hr>
          </gpxtpx:TrackPointExtension>
        </extensions>
      </trkpt>
      <trkpt lat="31.843227237560434" lon="117.12027417998111">
        <ele>44.0</ele>
        <time>2026-08-07T11:56:16Z</time>
        <extensions>
          <gpxtpx:TrackPointExtension>
            <gpxtpx:hr>140</gpxtpx:hr>
          </gpxtpx:TrackPointExtension>
        </extensions>
      </trkpt>
      <trkpt lat="31.843270174428525" lon="117.12020812559909">
        <ele>44.20000076293945</ele>
        <time>2026-08-07T11:56:20Z</time>
        <extensions>
          <gpxtpx:TrackPointExtension>
            <gpxtpx:hr>142</gpxtpx:hr>
          </gpxtpx:TrackPointExtension>
        </extensions>
      </trkpt>
      <trkpt lat="31.84329309465672" lon="117.12013006418164">
        <ele>44.400001525878906</ele>
        <time>2026-08-07T11:56:24Z</time>
        <extensions>
          <gpxtpx:TrackPointExtension>
            <gpxtpx:hr>144</gpxtpx:hr>
          </gpxtpx:TrackPointExtension>
        </extensions>
      </trkpt>
      <trkpt lat="31.843315019197004" lon="117.1200560061185">
        <ele>44.599998474121094</ele>
        <time>2026-08-07T11:56:28Z</time>
        <extensions>
          <gpxtpx:TrackPointExtension>
            <gpxtpx:hr>145</gpxtpx:hr>
          </gpxtpx:TrackPointExtension>
        </extensions>
      </trkpt>
      <trkpt lat="31.843356950984944" lon="117.11998494863649">
        <ele>44.79999923706055</ele>
        <time>2026-08-07T11:56:32Z</time>
        <extensions>
          <gpxtpx:TrackPointExtension>
            <gpxtpx:hr>145</gpxtpx:hr>
          </gpxtpx:TrackPointExtension>
        </extensions>
      </trkpt>
      <trkpt lat="31.843390881402826" lon="117.1199138921103">
        <ele>45.20000076293945</ele>
        <time>2026-08-07T11:56:36Z</time>
        <extensions>
          <gpxtpx:TrackPointExtension>
            <gpxtpx:hr>146</gpxtpx:hr>
          </gpxtpx:TrackPointExtension>
        </extensions>
      </trkpt>
      <trkpt lat="31.843421808206486" lon="117.11983983382758">
        <ele>45.400001525878906</ele>
        <time>2026-08-07T11:56:40Z</time>
        <extensions>
          <gpxtpx:TrackPointExtension>
            <gpxtpx:hr>147</gpxtpx:hr>
          </gpxtpx:TrackPointExtension>
        </extensions>
      </trkpt>
      <trkpt lat="31.84344973781423" lon="117.11976877827642">
        <ele>45.400001525878906</ele>
        <time>2026-08-07T11:56:44Z</time>
        <extensions>
          <gpxtpx:TrackPointExtension>
            <gpxtpx:hr>148</gpxtpx:hr>
          </gpxtpx:TrackPointExtension>
        </extensions>
      </trkpt>
      <trkpt lat="31.843461663449027" lon="117.11969672369769">
        <ele>45.599998474121094</ele>
        <time>2026-08-07T11:56:48Z</time>
        <extensions>
          <gpxtpx:TrackPointExtension>
            <gpxtpx:hr>149</gpxtpx:hr>
          </gpxtpx:TrackPointExtension>
        </extensions>
      </trkpt>
      <trkpt lat="31.843460583572572" lon="117.11962166834059">
        <ele>45.79999923706055</ele>
        <time>2026-08-07T11:56:52Z</time>
        <extensions>
          <gpxtpx:TrackPointExtension>
            <gpxtpx:hr>148</gpxtpx:hr>
          </gpxtpx:TrackPointExtension>
        </extensions>
      </trkpt>
      <trkpt lat="31.843476509271763" lon="117.11954861306901">
        <ele>46.0</ele>
        <time>2026-08-07T11:56:56Z</time>
        <extensions>
          <gpxtpx:TrackPointExtension>
            <gpxtpx:hr>147</gpxtpx:hr>
          </gpxtpx:TrackPointExtension>
        </extensions>
      </trkpt>
      <trkpt lat="31.84349742977407" lon="117.119469553145">
        <ele>46.20000076293945</ele>
        <time>2026-08-07T11:57:00Z</time>
        <extensions>
          <gpxtpx:TrackPointExtension>
            <gpxtpx:hr>147</gpxtpx:hr>
          </gpxtpx:TrackPointExtension>
        </extensions>
      </trkpt>
      <trkpt lat="31.843505342717897" lon="117.11938549105648">
        <ele>46.400001525878906</ele>
        <time>2026-08-07T11:57:04Z</time>
        <extensions>
          <gpxtpx:TrackPointExtension>
            <gpxtpx:hr>146</gpxtpx:hr>
          </gpxtpx:TrackPointExtension>
        </extensions>
      </trkpt>
      <trkpt lat="31.843508249684707" lon="117.11929642609743">
        <ele>46.400001525878906</ele>
        <time>2026-08-07T11:57:08Z</time>
        <extensions>
          <gpxtpx:TrackPointExtension>
            <gpxtpx:hr>145</gpxtpx:hr>
          </gpxtpx:TrackPointExtension>
        </extensions>
      </trkpt>
      <trkpt lat="31.843523177035596" lon="117.11922437258865">
        <ele>46.400001525878906</ele>
        <time>2026-08-07T11:57:12Z</time>
        <extensions>
          <gpxtpx:TrackPointExtension>
            <gpxtpx:hr>144</gpxtpx:hr>
          </gpxtpx:TrackPointExtension>
        </extensions>
      </trkpt>
      <trkpt lat="31.843533107781184" lon="117.11915632263711">
        <ele>46.400001525878906</ele>
        <time>2026-08-07T11:57:16Z</time>
        <extensions>
          <gpxtpx:TrackPointExtension>
            <gpxtpx:hr>142</gpxtpx:hr>
          </gpxtpx:TrackPointExtension>
        </extensions>
      </trkpt>
      <trkpt lat="31.843538032504497" lon="117.11908326976129">
        <ele>46.400001525878906</ele>
        <time>2026-08-07T11:57:20Z</time>
        <extensions>
          <gpxtpx:TrackPointExtension>
            <gpxtpx:hr>140</gpxtpx:hr>
          </gpxtpx:TrackPointExtension>
        </extensions>
      </trkpt>
      <trkpt lat="31.843539947465676" lon="117.11900121096343">
        <ele>46.400001525878906</ele>
        <time>2026-08-07T11:57:24Z</time>
        <extensions>
          <gpxtpx:TrackPointExtension>
            <gpxtpx:hr>138</gpxtpx:hr>
          </gpxtpx:TrackPointExtension>
        </extensions>
      </trkpt>
      <trkpt lat="31.843547860695736" lon="117.11891614973881">
        <ele>46.400001525878906</ele>
        <time>2026-08-07T11:57:28Z</time>
        <extensions>
          <gpxtpx:TrackPointExtension>
            <gpxtpx:hr>136</gpxtpx:hr>
          </gpxtpx:TrackPointExtension>
        </extensions>
      </trkpt>
      <trkpt lat="31.84354976887752" lon="117.11882708654748">
        <ele>46.20000076293945</ele>
        <time>2026-08-07T11:57:32Z</time>
        <extensions>
          <gpxtpx:TrackPointExtension>
            <gpxtpx:hr>135</gpxtpx:hr>
          </gpxtpx:TrackPointExtension>
        </extensions>
      </trkpt>
      <trkpt lat="31.843559688151423" lon="117.11874702924258">
        <ele>46.0</ele>
        <time>2026-08-07T11:57:36Z</time>
        <extensions>
          <gpxtpx:TrackPointExtension>
            <gpxtpx:hr>134</gpxtpx:hr>
          </gpxtpx:TrackPointExtension>
        </extensions>
      </trkpt>
      <trkpt lat="31.843571604940223" lon="117.11866396990771">
        <ele>45.79999923706055</ele>
        <time>2026-08-07T11:57:40Z</time>
        <extensions>
          <gpxtpx:TrackPointExtension>
            <gpxtpx:hr>133</gpxtpx:hr>
          </gpxtpx:TrackPointExtension>
        </extensions>
      </trkpt>
      <trkpt lat="31.843600531391772" lon="117.11858691342063">
        <ele>45.599998474121094</ele>
        <time>2026-08-07T11:57:44Z</time>
        <extensions>
          <gpxtpx:TrackPointExtension>
            <gpxtpx:hr>133</gpxtpx:hr>
          </gpxtpx:TrackPointExtension>
        </extensions>
      </trkpt>
      <trkpt lat="31.843635473535482" lon="117.11852386631575">
        <ele>45.599998474121094</ele>
        <time>2026-08-07T11:57:48Z</time>
        <extensions>
          <gpxtpx:TrackPointExtension>
            <gpxtpx:hr>132</gpxtpx:hr>
          </gpxtpx:TrackPointExtension>
        </extensions>
      </trkpt>
      <trkpt lat="31.843657407181126" lon="117.11845481645393">
        <ele>45.599998474121094</ele>
        <time>2026-08-07T11:57:52Z</time>
        <extensions>
          <gpxtpx:TrackPointExtension>
            <gpxtpx:hr>131</gpxtpx:hr>
          </gpxtpx:TrackPointExtension>
        </extensions>
      </trkpt>
      <trkpt lat="31.84370033993438" lon="117.1183807613575">
        <ele>45.400001525878906</ele>
        <time>2026-08-07T11:57:56Z</time>
        <extensions>
          <gpxtpx:TrackPointExtension>
            <gpxtpx:hr>130</gpxtpx:hr>
          </gpxtpx:TrackPointExtension>
        </extensions>
      </trkpt>
      <trkpt lat="31.843749286234566" lon="117.11831871413933">
        <ele>45.0</ele>
        <time>2026-08-07T11:58:00Z</time>
        <extensions>
          <gpxtpx:TrackPointExtension>
            <gpxtpx:hr>130</gpxtpx:hr>
          </gpxtpx:TrackPointExtension>
        </extensions>
      </trkpt>
      <trkpt lat="31.84379724059659" lon="117.11826467263738">
        <ele>44.79999923706055</ele>
        <time>2026-08-07T11:58:04Z</time>
        <extensions>
          <gpxtpx:TrackPointExtension>
            <gpxtpx:hr>130</gpxtpx:hr>
          </gpxtpx:TrackPointExtension>
        </extensions>
      </trkpt>
      <trkpt lat="31.843857196356907" lon="117.11820962943753">
        <ele>44.400001525878906</ele>
        <time>2026-08-07T11:58:08Z</time>
        <extensions>
          <gpxtpx:TrackPointExtension>
            <gpxtpx:hr>131</gpxtpx:hr>
          </gpxtpx:TrackPointExtension>
        </extensions>
      </trkpt>
      <trkpt lat="31.843914164798555" lon="117.11816759547352">
        <ele>44.20000076293945</ele>
        <time>2026-08-07T11:58:12Z</time>
        <extensions>
          <gpxtpx:TrackPointExtension>
            <gpxtpx:hr>130</gpxtpx:hr>
          </gpxtpx:TrackPointExtension>
        </extensions>
      </trkpt>
      <trkpt lat="31.843971128249745" lon="117.11812055819314">
        <ele>44.0</ele>
        <time>2026-08-07T11:58:16Z</time>
        <extensions>
          <gpxtpx:TrackPointExtension>
            <gpxtpx:hr>130</gpxtpx:hr>
          </gpxtpx:TrackPointExtension>
        </extensions>
      </trkpt>
      <trkpt lat="31.8440381037951" lon="117.11808352681474">
        <ele>43.79999923706055</ele>
        <time>2026-08-07T11:58:20Z</time>
        <extensions>
          <gpxtpx:TrackPointExtension>
            <gpxtpx:hr>131</gpxtpx:hr>
          </gpxtpx:TrackPointExtension>
        </extensions>
      </trkpt>
      <trkpt lat="31.844109089233196" lon="117.11805550118588">
        <ele>43.400001525878906</ele>
        <time>2026-08-07T11:58:24Z</time>
        <extensions>
          <gpxtpx:TrackPointExtension>
            <gpxtpx:hr>132</gpxtpx:hr>
          </gpxtpx:TrackPointExtension>
        </extensions>
      </trkpt>
      <trkpt lat="31.844173073351676" lon="117.11802747625111">
        <ele>43.20000076293945</ele>
        <time>2026-08-07T11:58:28Z</time>
        <extensions>
          <gpxtpx:TrackPointExtension>
            <gpxtpx:hr>133</gpxtpx:hr>
          </gpxtpx:TrackPointExtension>
        </extensions>
      </trkpt>
      <trkpt lat="31.844239052853847" lon="117.1179944477966">
        <ele>43.0</ele>
        <time>2026-08-07T11:58:32Z</time>
        <extensions>
          <gpxtpx:TrackPointExtension>
            <gpxtpx:hr>133</gpxtpx:hr>
          </gpxtpx:TrackPointExtension>
        </extensions>
      </trkpt>
      <trkpt lat="31.844311027523435" lon="117.11795541479337">
        <ele>43.0</ele>
        <time>2026-08-07T11:58:36Z</time>
        <extensions>
          <gpxtpx:TrackPointExtension>
            <gpxtpx:hr>134</gpxtpx:hr>
          </gpxtpx:TrackPointExtension>
        </extensions>
      </trkpt>
      <trkpt lat="31.844377006108534" lon="117.11792138576627">
        <ele>42.400001525878906</ele>
        <time>2026-08-07T11:58:40Z</time>
        <extensions>
          <gpxtpx:TrackPointExtension>
            <gpxtpx:hr>132</gpxtpx:hr>
          </gpxtpx:TrackPointExtension>
        </extensions>
      </trkpt>
      <trkpt lat="31.844445985314437" lon="117.11788735650252">
        <ele>42.599998474121094</ele>
        <time>2026-08-07T11:58:44Z</time>
        <extensions>
          <gpxtpx:TrackPointExtension>
            <gpxtpx:hr>133</gpxtpx:hr>
          </gpxtpx:TrackPointExtension>
        </extensions>
      </trkpt>
      <trkpt lat="31.8445049666387" lon="117.11785733089881">
        <ele>42.400001525878906</ele>
        <time>2026-08-07T11:58:48Z</time>
        <extensions>
          <gpxtpx:TrackPointExtension>
            <gpxtpx:hr>133</gpxtpx:hr>
          </gpxtpx:TrackPointExtension>
        </extensions>
      </trkpt>
      <trkpt lat="31.844566948574716" lon="117.11782730504807">
        <ele>42.20000076293945</ele>
        <time>2026-08-07T11:58:52Z</time>
        <extensions>
          <gpxtpx:TrackPointExtension>
            <gpxtpx:hr>134</gpxtpx:hr>
          </gpxtpx:TrackPointExtension>
        </extensions>
      </trkpt>
      <trkpt lat="31.844623918588066" lon="117.11778627240176">
        <ele>42.20000076293945</ele>
        <time>2026-08-07T11:58:56Z</time>
        <extensions>
          <gpxtpx:TrackPointExtension>
            <gpxtpx:hr>135</gpxtpx:hr>
          </gpxtpx:TrackPointExtension>
        </extensions>
      </trkpt>
      <trkpt lat="31.84468889818688" lon="117.11775324436641">
        <ele>42.20000076293945</ele>
        <time>2026-08-07T11:59:00Z</time>
        <extensions>
          <gpxtpx:TrackPointExtension>
            <gpxtpx:hr>135</gpxtpx:hr>
          </gpxtpx:TrackPointExtension>
        </extensions>
      </trkpt>
      <trkpt lat="31.844746863519916" lon="117.11770720844574">
        <ele>42.0</ele>
        <time>2026-08-07T11:59:04Z</time>
        <extensions>
          <gpxtpx:TrackPointExtension>
            <gpxtpx:hr>136</gpxtpx:hr>
          </gpxtpx:TrackPointExtension>
        </extensions>
      </trkpt>
      <trkpt lat="31.844800808269017" lon="117.1176411598228">
        <ele>41.79999923706055</ele>
        <time>2026-08-07T11:59:08Z</time>
        <extensions>
          <gpxtpx:TrackPointExtension>
            <gpxtpx:hr>136</gpxtpx:hr>
          </gpxtpx:TrackPointExtension>
        </extensions>
      </trkpt>
      <trkpt lat="31.844833730278594" lon="117.11755610092271">
        <ele>41.79999923706055</ele>
        <time>2026-08-07T11:59:12Z</time>
        <extensions>
          <gpxtpx:TrackPointExtension>
            <gpxtpx:hr>137</gpxtpx:hr>
          </gpxtpx:TrackPointExtension>
        </extensions>
      </trkpt>
      <trkpt lat="31.844850656365875" lon="117.11747804839074">
        <ele>41.599998474121094</ele>
        <time>2026-08-07T11:59:16Z</time>
        <extensions>
          <gpxtpx:TrackPointExtension>
            <gpxtpx:hr>136</gpxtpx:hr>
          </gpxtpx:TrackPointExtension>
        </extensions>
      </trkpt>
      <trkpt lat="31.844847574858942" lon="117.11739599540897">
        <ele>41.599998474121094</ele>
        <time>2026-08-07T11:59:20Z</time>
        <extensions>
          <gpxtpx:TrackPointExtension>
            <gpxtpx:hr>135</gpxtpx:hr>
          </gpxtpx:TrackPointExtension>
        </extensions>
      </trkpt>
      <trkpt lat="31.84484650085059" lon="117.11732094702734">
        <ele>41.400001525878906</ele>
        <time>2026-08-07T11:59:24Z</time>
        <extensions>
          <gpxtpx:TrackPointExtension>
            <gpxtpx:hr>134</gpxtpx:hr>
          </gpxtpx:TrackPointExtension>
        </extensions>
      </trkpt>
      <trkpt lat="31.844846423309452" lon="117.11724189621631">
        <ele>41.400001525878906</ele>
        <time>2026-08-07T11:59:28Z</time>
        <extensions>
          <gpxtpx:TrackPointExtension>
            <gpxtpx:hr>133</gpxtpx:hr>
          </gpxtpx:TrackPointExtension>
        </extensions>
      </trkpt>
      <trkpt lat="31.844830335076853" lon="117.11715484207139">
        <ele>41.400001525878906</ele>
        <time>2026-08-07T11:59:32Z</time>
        <extensions>
          <gpxtpx:TrackPointExtension>
            <gpxtpx:hr>133</gpxtpx:hr>
          </gpxtpx:TrackPointExtension>
        </extensions>
      </trkpt>
      <trkpt lat="31.844809254910412" lon="117.11707679442306">
        <ele>41.20000076293945</ele>
        <time>2026-08-07T11:59:36Z</time>
        <extensions>
          <gpxtpx:TrackPointExtension>
            <gpxtpx:hr>134</gpxtpx:hr>
          </gpxtpx:TrackPointExtension>
        </extensions>
      </trkpt>
      <trkpt lat="31.84480717085213" lon="117.116990740178">
        <ele>41.20000076293945</ele>
        <time>2026-08-07T11:59:40Z</time>
        <extensions>
          <gpxtpx:TrackPointExtension>
            <gpxtpx:hr>134</gpxtpx:hr>
          </gpxtpx:TrackPointExtension>
        </extensions>
      </trkpt>
      <trkpt lat="31.844805086083134" lon="117.11690368561155">
        <ele>41.0</ele>
        <time>2026-08-07T11:59:44Z</time>
        <extensions>
          <gpxtpx:TrackPointExtension>
            <gpxtpx:hr>135</gpxtpx:hr>
          </gpxtpx:TrackPointExtension>
        </extensions>
      </trkpt>
      <trkpt lat="31.844797001385018" lon="117.11681763255046">
        <ele>41.0</ele>
        <time>2026-08-07T11:59:48Z</time>
        <extensions>
          <gpxtpx:TrackPointExtension>
            <gpxtpx:hr>135</gpxtpx:hr>
          </gpxtpx:TrackPointExtension>
        </extensions>
      </trkpt>
      <trkpt lat="31.844784918097808" lon="117.11673358141572">
        <ele>41.0</ele>
        <time>2026-08-07T11:59:52Z</time>
        <extensions>
          <gpxtpx:TrackPointExtension>
            <gpxtpx:hr>135</gpxtpx:hr>
          </gpxtpx:TrackPointExtension>
        </extensions>
      </trkpt>
      <trkpt lat="31.84477783890161" lon="117.11665253195241">
        <ele>40.79999923706055</ele>
        <time>2026-08-07T11:59:56Z</time>
        <extensions>
          <gpxtpx:TrackPointExtension>
            <gpxtpx:hr>136</gpxtpx:hr>
          </gpxtpx:TrackPointExtension>
        </extensions>
      </trkpt>
      <trkpt lat="31.844771762041923" lon="117.11657348389508">
        <ele>40.79999923706055</ele>
        <time>2026-08-07T12:00:00Z</time>
        <extensions>
          <gpxtpx:TrackPointExtension>
            <gpxtpx:hr>136</gpxtpx:hr>
          </gpxtpx:TrackPointExtension>
        </extensions>
      </trkpt>
      <trkpt lat="31.844759680426545" lon="117.11649043422342">
        <ele>40.79999923706055</ele>
        <time>2026-08-07T12:00:04Z</time>
        <extensions>
          <gpxtpx:TrackPointExtension>
            <gpxtpx:hr>135</gpxtpx:hr>
          </gpxtpx:TrackPointExtension>
        </extensions>
      </trkpt>
      <trkpt lat="31.84473958990142" lon="117.11639938074174">
        <ele>40.79999923706055</ele>
        <time>2026-08-07T12:00:08Z</time>
        <extensions>
          <gpxtpx:TrackPointExtension>
            <gpxtpx:hr>135</gpxtpx:hr>
          </gpxtpx:TrackPointExtension>
        </extensions>
      </trkpt>
      <trkpt lat="31.844726514288105" lon="117.11632233538693">
        <ele>40.79999923706055</ele>
        <time>2026-08-07T12:00:12Z</time>
        <extensions>
          <gpxtpx:TrackPointExtension>
            <gpxtpx:hr>135</gpxtpx:hr>
          </gpxtpx:TrackPointExtension>
        </extensions>
      </trkpt>
      <trkpt lat="31.844719440987177" lon="117.11624629031245">
        <ele>40.79999923706055</ele>
        <time>2026-08-07T12:00:16Z</time>
        <extensions>
          <gpxtpx:TrackPointExtension>
            <gpxtpx:hr>135</gpxtpx:hr>
          </gpxtpx:TrackPointExtension>
        </extensions>
      </trkpt>
      <trkpt lat="31.844720365663697" lon="117.11616624233504">
        <ele>41.0</ele>
        <time>2026-08-07T12:00:20Z</time>
        <extensions>
          <gpxtpx:TrackPointExtension>
            <gpxtpx:hr>135</gpxtpx:hr>
          </gpxtpx:TrackPointExtension>
        </extensions>
      </trkpt>
      <trkpt lat="31.844709290128854" lon="117.11608819694817">
        <ele>41.0</ele>
        <time>2026-08-07T12:00:24Z</time>
        <extensions>
          <gpxtpx:TrackPointExtension>
            <gpxtpx:hr>135</gpxtpx:hr>
          </gpxtpx:TrackPointExtension>
        </extensions>
      </trkpt>
      <trkpt lat="31.844692213650664" lon="117.11601015238415">
        <ele>41.20000076293945</ele>
        <time>2026-08-07T12:00:28Z</time>
        <extensions>
          <gpxtpx:TrackPointExtension>
            <gpxtpx:hr>136</gpxtpx:hr>
          </gpxtpx:TrackPointExtension>
        </extensions>
      </trkpt>
      <trkpt lat="31.84467313513315" lon="117.11593010709082">
        <ele>41.400001525878906</ele>
        <time>2026-08-07T12:00:32Z</time>
        <extensions>
          <gpxtpx:TrackPointExtension>
            <gpxtpx:hr>137</gpxtpx:hr>
          </gpxtpx:TrackPointExtension>
        </extensions>
      </trkpt>
      <trkpt lat="31.84465106185217" lon="117.11585606585265">
        <ele>41.400001525878906</ele>
        <time>2026-08-07T12:00:36Z</time>
        <extensions>
          <gpxtpx:TrackPointExtension>
            <gpxtpx:hr>137</gpxtpx:hr>
          </gpxtpx:TrackPointExtension>
        </extensions>
      </trkpt>
      <trkpt lat="31.844624987993445" lon="117.11578202522337">
        <ele>41.599998474121094</ele>
        <time>2026-08-07T12:00:40Z</time>
        <extensions>
          <gpxtpx:TrackPointExtension>
            <gpxtpx:hr>137</gpxtpx:hr>
          </gpxtpx:TrackPointExtension>
        </extensions>
      </trkpt>
      <trkpt lat="31.84459192409702" lon="117.11571999242142">
        <ele>41.599998474121094</ele>
        <time>2026-08-07T12:00:44Z</time>
        <extensions>
          <gpxtpx:TrackPointExtension>
            <gpxtpx:hr>138</gpxtpx:hr>
          </gpxtpx:TrackPointExtension>
        </extensions>
      </trkpt>
      <trkpt lat="31.844543871315672" lon="117.11567296983797">
        <ele>41.599998474121094</ele>
        <time>2026-08-07T12:00:48Z</time>
        <extensions>
          <gpxtpx:TrackPointExtension>
            <gpxtpx:hr>138</gpxtpx:hr>
          </gpxtpx:TrackPointExtension>
        </extensions>
      </trkpt>
      <trkpt lat="31.844477828072822" lon="117.115639957093">
        <ele>41.599998474121094</ele>
        <time>2026-08-07T12:00:52Z</time>
        <extensions>
          <gpxtpx:TrackPointExtension>
            <gpxtpx:hr>138</gpxtpx:hr>
          </gpxtpx:TrackPointExtension>
        </extensions>
      </trkpt>
      <trkpt lat="31.844406795905403" lon="117.11561995232415">
        <ele>41.79999923706055</ele>
        <time>2026-08-07T12:00:56Z</time>
        <extensions>
          <gpxtpx:TrackPointExtension>
            <gpxtpx:hr>138</gpxtpx:hr>
          </gpxtpx:TrackPointExtension>
        </extensions>
      </trkpt>
      <trkpt lat="31.8443427660274" lon="117.11560094748295">
        <ele>42.0</ele>
        <time>2026-08-07T12:01:00Z</time>
        <extensions>
          <gpxtpx:TrackPointExtension>
            <gpxtpx:hr>139</gpxtpx:hr>
          </gpxtpx:TrackPointExtension>
        </extensions>
      </trkpt>
      <trkpt lat="31.8442827341703" lon="117.11557894056189">
        <ele>42.0</ele>
        <time>2026-08-07T12:01:04Z</time>
        <extensions>
          <gpxtpx:TrackPointExtension>
            <gpxtpx:hr>139</gpxtpx:hr>
          </gpxtpx:TrackPointExtension>
        </extensions>
      </trkpt>
      <trkpt lat="31.844227722644582" lon="117.11557794519341">
        <ele>42.0</ele>
        <time>2026-08-07T12:01:08Z</time>
        <extensions>
          <gpxtpx:TrackPointExtension>
            <gpxtpx:hr>139</gpxtpx:hr>
          </gpxtpx:TrackPointExtension>
        </extensions>
      </trkpt>
      <trkpt lat="31.8441696957999" lon="117.11556094096096">
        <ele>42.20000076293945</ele>
        <time>2026-08-07T12:01:12Z</time>
        <extensions>
          <gpxtpx:TrackPointExtension>
            <gpxtpx:hr>139</gpxtpx:hr>
          </gpxtpx:TrackPointExtension>
        </extensions>
      </trkpt>
      <trkpt lat="31.84410766083351" lon="117.11553593255505">
        <ele>42.20000076293945</ele>
        <time>2026-08-07T12:01:16Z</time>
        <extensions>
          <gpxtpx:TrackPointExtension>
            <gpxtpx:hr>140</gpxtpx:hr>
          </gpxtpx:TrackPointExtension>
        </extensions>
      </trkpt>
      <trkpt lat="31.84404762076147" lon="117.11550492057135">
        <ele>42.400001525878906</ele>
        <time>2026-08-07T12:01:20Z</time>
        <extensions>
          <gpxtpx:TrackPointExtension>
            <gpxtpx:hr>140</gpxtpx:hr>
          </gpxtpx:TrackPointExtension>
        </extensions>
      </trkpt>
      <trkpt lat="31.843994582074206" lon="117.11547390796602">
        <ele>42.400001525878906</ele>
        <time>2026-08-07T12:01:24Z</time>
        <extensions>
          <gpxtpx:TrackPointExtension>
            <gpxtpx:hr>140</gpxtpx:hr>
          </gpxtpx:TrackPointExtension>
        </extensions>
      </trkpt>
      <trkpt lat="31.843940535895907" lon="117.11543489096601">
        <ele>42.400001525878906</ele>
        <time>2026-08-07T12:01:28Z</time>
        <extensions>
          <gpxtpx:TrackPointExtension>
            <gpxtpx:hr>140</gpxtpx:hr>
          </gpxtpx:TrackPointExtension>
        </extensions>
      </trkpt>
      <trkpt lat="31.84388748173032" lon="117.11538686885768">
        <ele>42.400001525878906</ele>
        <time>2026-08-07T12:01:32Z</time>
        <extensions>
          <gpxtpx:TrackPointExtension>
            <gpxtpx:hr>139</gpxtpx:hr>
          </gpxtpx:TrackPointExtension>
        </extensions>
      </trkpt>
      <trkpt lat="31.84383242452385" lon="117.11533584535036">
        <ele>42.599998474121094</ele>
        <time>2026-08-07T12:01:36Z</time>
        <extensions>
          <gpxtpx:TrackPointExtension>
            <gpxtpx:hr>139</gpxtpx:hr>
          </gpxtpx:TrackPointExtension>
        </extensions>
      </trkpt>
      <trkpt lat="31.84378737480558" lon="117.11529082436623">
        <ele>42.599998474121094</ele>
        <time>2026-08-07T12:01:40Z</time>
        <extensions>
          <gpxtpx:TrackPointExtension>
            <gpxtpx:hr>138</gpxtpx:hr>
          </gpxtpx:TrackPointExtension>
        </extensions>
      </trkpt>
      <trkpt lat="31.84372731863377" lon="117.11524180265528">
        <ele>42.599998474121094</ele>
        <time>2026-08-07T12:01:44Z</time>
        <extensions>
          <gpxtpx:TrackPointExtension>
            <gpxtpx:hr>137</gpxtpx:hr>
          </gpxtpx:TrackPointExtension>
        </extensions>
      </trkpt>
      <trkpt lat="31.84368126796861" lon="117.11519578138929">
        <ele>42.599998474121094</ele>
        <time>2026-08-07T12:01:48Z</time>
        <extensions>
          <gpxtpx:TrackPointExtension>
            <gpxtpx:hr>136</gpxtpx:hr>
          </gpxtpx:TrackPointExtension>
        </extensions>
      </trkpt>
      <trkpt lat="31.84363521012982" lon="117.11514175578263">
        <ele>42.599998474121094</ele>
        <time>2026-08-07T12:01:52Z</time>
        <extensions>
          <gpxtpx:TrackPointExtension>
            <gpxtpx:hr>135</gpxtpx:hr>
          </gpxtpx:TrackPointExtension>
        </extensions>
      </trkpt>
      <trkpt lat="31.84358714839504" lon="117.11508372828408">
        <ele>42.599998474121094</ele>
        <time>2026-08-07T12:01:56Z</time>
        <extensions>
          <gpxtpx:TrackPointExtension>
            <gpxtpx:hr>134</gpxtpx:hr>
          </gpxtpx:TrackPointExtension>
        </extensions>
      </trkpt>
      <trkpt lat="31.843533091040282" lon="117.11503170478932">
        <ele>42.79999923706055</ele>
        <time>2026-08-07T12:02:00Z</time>
        <extensions>
          <gpxtpx:TrackPointExtension>
            <gpxtpx:hr>135</gpxtpx:hr>
          </gpxtpx:TrackPointExtension>
        </extensions>
      </trkpt>
      <trkpt lat="31.843488034615095" lon="117.11497868001142">
        <ele>42.599998474121094</ele>
        <time>2026-08-07T12:02:04Z</time>
        <extensions>
          <gpxtpx:TrackPointExtension>
            <gpxtpx:hr>134</gpxtpx:hr>
          </gpxtpx:TrackPointExtension>
        </extensions>
      </trkpt>
      <trkpt lat="31.843438975725586" lon="117.11492365464281">
        <ele>42.599998474121094</ele>
        <time>2026-08-07T12:02:08Z</time>
        <extensions>
          <gpxtpx:TrackPointExtension>
            <gpxtpx:hr>132</gpxtpx:hr>
          </gpxtpx:TrackPointExtension>
        </extensions>
      </trkpt>
      <trkpt lat="31.843400920854425" lon="117.11487062944654">
        <ele>42.599998474121094</ele>
        <time>2026-08-07T12:02:12Z</time>
        <extensions>
          <gpxtpx:TrackPointExtension>
            <gpxtpx:hr>125</gpxtpx:hr>
          </gpxtpx:TrackPointExtension>
        </extensions>
      </trkpt>
      <trkpt lat="31.843366863276323" lon="117.11481360183261">
        <ele>42.599998474121094</ele>
        <time>2026-08-07T12:02:16Z</time>
        <extensions>
          <gpxtpx:TrackPointExtension>
            <gpxtpx:hr>124</gpxtpx:hr>
          </gpxtpx:TrackPointExtension>
        </extensions>
      </trkpt>
      <trkpt lat="31.843334797278555" lon="117.11474656879788">
        <ele>42.599998474121094</ele>
        <time>2026-08-07T12:02:20Z</time>
        <extensions>
          <gpxtpx:TrackPointExtension>
            <gpxtpx:hr>128</gpxtpx:hr>
          </gpxtpx:TrackPointExtension>
        </extensions>
      </trkpt>
      <trkpt lat="31.843296735627344" lon="117.1146855397271">
        <ele>42.599998474121094</ele>
        <time>2026-08-07T12:02:24Z</time>
        <extensions>
          <gpxtpx:TrackPointExtension>
            <gpxtpx:hr>131</gpxtpx:hr>
          </gpxtpx:TrackPointExtension>
        </extensions>
      </trkpt>
      <trkpt lat="31.843262667780344" lon="117.11461650618561">
        <ele>42.599998474121094</ele>
        <time>2026-08-07T12:02:28Z</time>
        <extensions>
          <gpxtpx:TrackPointExtension>
            <gpxtpx:hr>133</gpxtpx:hr>
          </gpxtpx:TrackPointExtension>
        </extensions>
      </trkpt>
      <trkpt lat="31.84322860276023" lon="117.11455047443299">
        <ele>42.599998474121094</ele>
        <time>2026-08-07T12:02:32Z</time>
        <extensions>
          <gpxtpx:TrackPointExtension>
            <gpxtpx:hr>133</gpxtpx:hr>
          </gpxtpx:TrackPointExtension>
        </extensions>
      </trkpt>
      <trkpt lat="31.843203536098017" lon="117.11448043991341">
        <ele>42.599998474121094</ele>
        <time>2026-08-07T12:02:36Z</time>
        <extensions>
          <gpxtpx:TrackPointExtension>
            <gpxtpx:hr>133</gpxtpx:hr>
          </gpxtpx:TrackPointExtension>
        </extensions>
      </trkpt>
      <trkpt lat="31.843170453122884" lon="117.11439339748584">
        <ele>42.79999923706055</ele>
        <time>2026-08-07T12:02:40Z</time>
        <extensions>
          <gpxtpx:TrackPointExtension>
            <gpxtpx:hr>134</gpxtpx:hr>
          </gpxtpx:TrackPointExtension>
        </extensions>
      </trkpt>
      <trkpt lat="31.843141379077228" lon="117.11431535966811">
        <ele>42.599998474121094</ele>
        <time>2026-08-07T12:02:44Z</time>
        <extensions>
          <gpxtpx:TrackPointExtension>
            <gpxtpx:hr>133</gpxtpx:hr>
          </gpxtpx:TrackPointExtension>
        </extensions>
      </trkpt>
      <trkpt lat="31.843121312224152" lon="117.11424332435104">
        <ele>42.79999923706055</ele>
        <time>2026-08-07T12:02:48Z</time>
        <extensions>
          <gpxtpx:TrackPointExtension>
            <gpxtpx:hr>133</gpxtpx:hr>
          </gpxtpx:TrackPointExtension>
        </extensions>
      </trkpt>
      <trkpt lat="31.843099251274197" lon="117.1141782930323">
        <ele>42.599998474121094</ele>
        <time>2026-08-07T12:02:52Z</time>
        <extensions>
          <gpxtpx:TrackPointExtension>
            <gpxtpx:hr>134</gpxtpx:hr>
          </gpxtpx:TrackPointExtension>
        </extensions>
      </trkpt>
      <trkpt lat="31.843079183041496" lon="117.1141042571211">
        <ele>42.599998474121094</ele>
        <time>2026-08-07T12:02:56Z</time>
        <extensions>
          <gpxtpx:TrackPointExtension>
            <gpxtpx:hr>134</gpxtpx:hr>
          </gpxtpx:TrackPointExtension>
        </extensions>
      </trkpt>
      <trkpt lat="31.843057112891394" lon="117.11402822062304">
        <ele>42.599998474121094</ele>
        <time>2026-08-07T12:03:00Z</time>
        <extensions>
          <gpxtpx:TrackPointExtension>
            <gpxtpx:hr>134</gpxtpx:hr>
          </gpxtpx:TrackPointExtension>
        </extensions>
      </trkpt>
      <trkpt lat="31.843020040932817" lon="117.11395318629611">
        <ele>42.599998474121094</ele>
        <time>2026-08-07T12:03:04Z</time>
        <extensions>
          <gpxtpx:TrackPointExtension>
            <gpxtpx:hr>134</gpxtpx:hr>
          </gpxtpx:TrackPointExtension>
        </extensions>
      </trkpt>
      <trkpt lat="31.842983975396585" lon="117.11388515561511">
        <ele>42.79999923706055</ele>
        <time>2026-08-07T12:03:08Z</time>
        <extensions>
          <gpxtpx:TrackPointExtension>
            <gpxtpx:hr>134</gpxtpx:hr>
          </gpxtpx:TrackPointExtension>
        </extensions>
      </trkpt>
      <trkpt lat="31.842942909069006" lon="117.11381712560701">
        <ele>42.79999923706055</ele>
        <time>2026-08-07T12:03:12Z</time>
        <extensions>
          <gpxtpx:TrackPointExtension>
            <gpxtpx:hr>134</gpxtpx:hr>
          </gpxtpx:TrackPointExtension>
        </extensions>
      </trkpt>
      <trkpt lat="31.842891847838413" lon="117.11375710069794">
        <ele>42.79999923706055</ele>
        <time>2026-08-07T12:03:16Z</time>
        <extensions>
          <gpxtpx:TrackPointExtension>
            <gpxtpx:hr>134</gpxtpx:hr>
          </gpxtpx:TrackPointExtension>
        </extensions>
      </trkpt>
      <trkpt lat="31.842844794341584" lon="117.11370507950106">
        <ele>42.79999923706055</ele>
        <time>2026-08-07T12:03:20Z</time>
        <extensions>
          <gpxtpx:TrackPointExtension>
            <gpxtpx:hr>134</gpxtpx:hr>
          </gpxtpx:TrackPointExtension>
        </extensions>
      </trkpt>
      <trkpt lat="31.842798730059002" lon="117.11364005196334">
        <ele>43.0</ele>
        <time>2026-08-07T12:03:24Z</time>
        <extensions>
          <gpxtpx:TrackPointExtension>
            <gpxtpx:hr>133</gpxtpx:hr>
          </gpxtpx:TrackPointExtension>
        </extensions>
      </trkpt>
      <trkpt lat="31.842735682216908" lon="117.1135980374157">
        <ele>43.0</ele>
        <time>2026-08-07T12:03:28Z</time>
        <extensions>
          <gpxtpx:TrackPointExtension>
            <gpxtpx:hr>132</gpxtpx:hr>
          </gpxtpx:TrackPointExtension>
        </extensions>
      </trkpt>
      <trkpt lat="31.84267264547923" lon="117.11356902926056">
        <ele>43.0</ele>
        <time>2026-08-07T12:03:32Z</time>
        <extensions>
          <gpxtpx:TrackPointExtension>
            <gpxtpx:hr>133</gpxtpx:hr>
          </gpxtpx:TrackPointExtension>
        </extensions>
      </trkpt>
      <trkpt lat="31.842614613127207" lon="117.11354402260865">
        <ele>43.20000076293945</ele>
        <time>2026-08-07T12:03:36Z</time>
        <extensions>
          <gpxtpx:TrackPointExtension>
            <gpxtpx:hr>134</gpxtpx:hr>
          </gpxtpx:TrackPointExtension>
        </extensions>
      </trkpt>
      <trkpt lat="31.842567571896495" lon="117.11350600865534">
        <ele>43.20000076293945</ele>
        <time>2026-08-07T12:03:40Z</time>
        <extensions>
          <gpxtpx:TrackPointExtension>
            <gpxtpx:hr>135</gpxtpx:hr>
          </gpxtpx:TrackPointExtension>
        </extensions>
      </trkpt>
      <trkpt lat="31.842506540722166" lon="117.11348300332037">
        <ele>43.20000076293945</ele>
        <time>2026-08-07T12:03:44Z</time>
        <extensions>
          <gpxtpx:TrackPointExtension>
            <gpxtpx:hr>137</gpxtpx:hr>
          </gpxtpx:TrackPointExtension>
        </extensions>
      </trkpt>
      <trkpt lat="31.842435516106136" lon="117.11347000377063">
        <ele>43.400001525878906</ele>
        <time>2026-08-07T12:03:48Z</time>
        <extensions>
          <gpxtpx:TrackPointExtension>
            <gpxtpx:hr>136</gpxtpx:hr>
          </gpxtpx:TrackPointExtension>
        </extensions>
      </trkpt>
      <trkpt lat="31.84236348792683" lon="117.11345300239815">
        <ele>43.599998474121094</ele>
        <time>2026-08-07T12:03:52Z</time>
        <extensions>
          <gpxtpx:TrackPointExtension>
            <gpxtpx:hr>137</gpxtpx:hr>
          </gpxtpx:TrackPointExtension>
        </extensions>
      </trkpt>
      <trkpt lat="31.842291459760975" lon="117.1134360010382">
        <ele>43.599998474121094</ele>
        <time>2026-08-07T12:03:56Z</time>
        <extensions>
          <gpxtpx:TrackPointExtension>
            <gpxtpx:hr>135</gpxtpx:hr>
          </gpxtpx:TrackPointExtension>
        </extensions>
      </trkpt>
      <trkpt lat="31.842228441773617" lon="117.11342900363756">
        <ele>43.79999923706055</ele>
        <time>2026-08-07T12:04:00Z</time>
        <extensions>
          <gpxtpx:TrackPointExtension>
            <gpxtpx:hr>134</gpxtpx:hr>
          </gpxtpx:TrackPointExtension>
        </extensions>
      </trkpt>
      <trkpt lat="31.842163431003687" lon="117.11343101074768">
        <ele>44.0</ele>
        <time>2026-08-07T12:04:04Z</time>
        <extensions>
          <gpxtpx:TrackPointExtension>
            <gpxtpx:hr>134</gpxtpx:hr>
          </gpxtpx:TrackPointExtension>
        </extensions>
      </trkpt>
      <trkpt lat="31.842101427566817" lon="117.11344102141726">
        <ele>44.0</ele>
        <time>2026-08-07T12:04:08Z</time>
        <extensions>
          <gpxtpx:TrackPointExtension>
            <gpxtpx:hr>132</gpxtpx:hr>
          </gpxtpx:TrackPointExtension>
        </extensions>
      </trkpt>
      <trkpt lat="31.842035425059457" lon="117.1134530334317">
        <ele>44.20000076293945</ele>
        <time>2026-08-07T12:04:12Z</time>
        <extensions>
          <gpxtpx:TrackPointExtension>
            <gpxtpx:hr>132</gpxtpx:hr>
          </gpxtpx:TrackPointExtension>
        </extensions>
      </trkpt>
      <trkpt lat="31.841969421714325" lon="117.1134640449708">
        <ele>44.20000076293945</ele>
        <time>2026-08-07T12:04:16Z</time>
        <extensions>
          <gpxtpx:TrackPointExtension>
            <gpxtpx:hr>135</gpxtpx:hr>
          </gpxtpx:TrackPointExtension>
        </extensions>
      </trkpt>
      <trkpt lat="31.841901424761065" lon="117.11348306056207">
        <ele>44.20000076293945</ele>
        <time>2026-08-07T12:04:20Z</time>
        <extensions>
          <gpxtpx:TrackPointExtension>
            <gpxtpx:hr>138</gpxtpx:hr>
          </gpxtpx:TrackPointExtension>
        </extensions>
      </trkpt>
      <trkpt lat="31.841838438098442" lon="117.11351308101396">
        <ele>44.20000076293945</ele>
        <time>2026-08-07T12:04:24Z</time>
        <extensions>
          <gpxtpx:TrackPointExtension>
            <gpxtpx:hr>139</gpxtpx:hr>
          </gpxtpx:TrackPointExtension>
        </extensions>
      </trkpt>
      <trkpt lat="31.841796447009553" lon="117.11353309467023">
        <ele>44.20000076293945</ele>
        <time>2026-08-07T12:04:28Z</time>
        <extensions>
          <gpxtpx:TrackPointExtension>
            <gpxtpx:hr>141</gpxtpx:hr>
          </gpxtpx:TrackPointExtension>
        </extensions>
      </trkpt>
      <trkpt lat="31.841752477632284" lon="117.11357912116891">
        <ele>44.20000076293945</ele>
        <time>2026-08-07T12:04:32Z</time>
        <extensions>
          <gpxtpx:TrackPointExtension>
            <gpxtpx:hr>139</gpxtpx:hr>
          </gpxtpx:TrackPointExtension>
        </extensions>
      </trkpt>
      <trkpt lat="31.841703517595224" lon="117.11363715409819">
        <ele>44.20000076293945</ele>
        <time>2026-08-07T12:04:36Z</time>
        <extensions>
          <gpxtpx:TrackPointExtension>
            <gpxtpx:hr>137</gpxtpx:hr>
          </gpxtpx:TrackPointExtension>
        </extensions>
      </trkpt>
      <trkpt lat="31.841650565457744" lon="117.11370519246975">
        <ele>43.79999923706055</ele>
        <time>2026-08-07T12:04:40Z</time>
        <extensions>
          <gpxtpx:TrackPointExtension>
            <gpxtpx:hr>135</gpxtpx:hr>
          </gpxtpx:TrackPointExtension>
        </extensions>
      </trkpt>
      <trkpt lat="31.841599601026196" lon="117.11375822343275">
        <ele>43.599998474121094</ele>
        <time>2026-08-07T12:04:44Z</time>
        <extensions>
          <gpxtpx:TrackPointExtension>
            <gpxtpx:hr>133</gpxtpx:hr>
          </gpxtpx:TrackPointExtension>
        </extensions>
      </trkpt>
      <trkpt lat="31.8415626428097" lon="117.11381525517955">
        <ele>43.599998474121094</ele>
        <time>2026-08-07T12:04:48Z</time>
        <extensions>
          <gpxtpx:TrackPointExtension>
            <gpxtpx:hr>132</gpxtpx:hr>
          </gpxtpx:TrackPointExtension>
        </extensions>
      </trkpt>
      <trkpt lat="31.84152169255254" lon="117.11388229243991">
        <ele>43.400001525878906</ele>
        <time>2026-08-07T12:04:52Z</time>
        <extensions>
          <gpxtpx:TrackPointExtension>
            <gpxtpx:hr>133</gpxtpx:hr>
          </gpxtpx:TrackPointExtension>
        </extensions>
      </trkpt>
      <trkpt lat="31.8414677313436" lon="117.11393932610062">
        <ele>43.400001525878906</ele>
        <time>2026-08-07T12:04:56Z</time>
        <extensions>
          <gpxtpx:TrackPointExtension>
            <gpxtpx:hr>134</gpxtpx:hr>
          </gpxtpx:TrackPointExtension>
        </extensions>
      </trkpt>
      <trkpt lat="31.84142777552654" lon="117.11399936009107">
        <ele>43.20000076293945</ele>
        <time>2026-08-07T12:05:00Z</time>
        <extensions>
          <gpxtpx:TrackPointExtension>
            <gpxtpx:hr>136</gpxtpx:hr>
          </gpxtpx:TrackPointExtension>
        </extensions>
      </trkpt>
      <trkpt lat="31.84137181764903" lon="117.11406039625791">
        <ele>43.20000076293945</ele>
        <time>2026-08-07T12:05:04Z</time>
        <extensions>
          <gpxtpx:TrackPointExtension>
            <gpxtpx:hr>136</gpxtpx:hr>
          </gpxtpx:TrackPointExtension>
        </extensions>
      </trkpt>
      <trkpt lat="31.84131985893441" lon="117.11411943118681">
        <ele>43.0</ele>
        <time>2026-08-07T12:05:08Z</time>
        <extensions>
          <gpxtpx:TrackPointExtension>
            <gpxtpx:hr>135</gpxtpx:hr>
          </gpxtpx:TrackPointExtension>
        </extensions>
      </trkpt>
      <trkpt lat="31.84126087810472" lon="117.11415445464168">
        <ele>43.0</ele>
        <time>2026-08-07T12:05:12Z</time>
        <extensions>
          <gpxtpx:TrackPointExtension>
            <gpxtpx:hr>135</gpxtpx:hr>
          </gpxtpx:TrackPointExtension>
        </extensions>
      </trkpt>
      <trkpt lat="31.841200911084893" lon="117.11420548645603">
        <ele>42.79999923706055</ele>
        <time>2026-08-07T12:05:16Z</time>
        <extensions>
          <gpxtpx:TrackPointExtension>
            <gpxtpx:hr>135</gpxtpx:hr>
          </gpxtpx:TrackPointExtension>
        </extensions>
      </trkpt>
      <trkpt lat="31.841135945829052" lon="117.1142595204029">
        <ele>43.0</ele>
        <time>2026-08-07T12:05:20Z</time>
        <extensions>
          <gpxtpx:TrackPointExtension>
            <gpxtpx:hr>136</gpxtpx:hr>
          </gpxtpx:TrackPointExtension>
        </extensions>
      </trkpt>
      <trkpt lat="31.84106796871843" lon="117.11430054802534">
        <ele>43.0</ele>
        <time>2026-08-07T12:05:24Z</time>
        <extensions>
          <gpxtpx:TrackPointExtension>
            <gpxtpx:hr>135</gpxtpx:hr>
          </gpxtpx:TrackPointExtension>
        </extensions>
      </trkpt>
      <trkpt lat="31.841003988048833" lon="117.11433657274483">
        <ele>43.0</ele>
        <time>2026-08-07T12:05:28Z</time>
        <extensions>
          <gpxtpx:TrackPointExtension>
            <gpxtpx:hr>136</gpxtpx:hr>
          </gpxtpx:TrackPointExtension>
        </extensions>
      </trkpt>
      <trkpt lat="31.84094700525149" lon="117.11436859477494">
        <ele>42.79999923706055</ele>
        <time>2026-08-07T12:05:32Z</time>
        <extensions>
          <gpxtpx:TrackPointExtension>
            <gpxtpx:hr>135</gpxtpx:hr>
          </gpxtpx:TrackPointExtension>
        </extensions>
      </trkpt>
      <trkpt lat="31.84089103148087" lon="117.11441062197638">
        <ele>42.79999923706055</ele>
        <time>2026-08-07T12:05:36Z</time>
        <extensions>
          <gpxtpx:TrackPointExtension>
            <gpxtpx:hr>135</gpxtpx:hr>
          </gpxtpx:TrackPointExtension>
        </extensions>
      </trkpt>
      <trkpt lat="31.840823049316096" lon="117.11444564672028">
        <ele>42.79999923706055</ele>
        <time>2026-08-07T12:05:40Z</time>
        <extensions>
          <gpxtpx:TrackPointExtension>
            <gpxtpx:hr>135</gpxtpx:hr>
          </gpxtpx:TrackPointExtension>
        </extensions>
      </trkpt>
      <trkpt lat="31.84075605680281" lon="117.1144686651202">
        <ele>42.79999923706055</ele>
        <time>2026-08-07T12:05:44Z</time>
        <extensions>
          <gpxtpx:TrackPointExtension>
            <gpxtpx:hr>137</gpxtpx:hr>
          </gpxtpx:TrackPointExtension>
        </extensions>
      </trkpt>
      <trkpt lat="31.840685067962312" lon="117.11449668655116">
        <ele>42.79999923706055</ele>
        <time>2026-08-07T12:05:48Z</time>
        <extensions>
          <gpxtpx:TrackPointExtension>
            <gpxtpx:hr>138</gpxtpx:hr>
          </gpxtpx:TrackPointExtension>
        </extensions>
      </trkpt>
      <trkpt lat="31.84062106723263" lon="117.11450969944877">
        <ele>42.79999923706055</ele>
        <time>2026-08-07T12:05:52Z</time>
        <extensions>
          <gpxtpx:TrackPointExtension>
            <gpxtpx:hr>138</gpxtpx:hr>
          </gpxtpx:TrackPointExtension>
        </extensions>
      </trkpt>
      <trkpt lat="31.840552054953175" lon="117.11451070650311">
        <ele>42.79999923706055</ele>
        <time>2026-08-07T12:05:56Z</time>
        <extensions>
          <gpxtpx:TrackPointExtension>
            <gpxtpx:hr>138</gpxtpx:hr>
          </gpxtpx:TrackPointExtension>
        </extensions>
      </trkpt>
      <trkpt lat="31.8404800421043" lon="117.1145117138413">
        <ele>42.79999923706055</ele>
        <time>2026-08-07T12:06:00Z</time>
        <extensions>
          <gpxtpx:TrackPointExtension>
            <gpxtpx:hr>137</gpxtpx:hr>
          </gpxtpx:TrackPointExtension>
        </extensions>
      </trkpt>
      <trkpt lat="31.840403021237737" lon="117.1145047174396">
        <ele>42.599998474121094</ele>
        <time>2026-08-07T12:06:04Z</time>
        <extensions>
          <gpxtpx:TrackPointExtension>
            <gpxtpx:hr>135</gpxtpx:hr>
          </gpxtpx:TrackPointExtension>
        </extensions>
      </trkpt>
      <trkpt lat="31.84033200505236" lon="117.11450172257727">
        <ele>42.599998474121094</ele>
        <time>2026-08-07T12:06:08Z</time>
        <extensions>
          <gpxtpx:TrackPointExtension>
            <gpxtpx:hr>135</gpxtpx:hr>
          </gpxtpx:TrackPointExtension>
        </extensions>
      </trkpt>
      <trkpt lat="31.84026098710411" lon="117.11449672666303">
        <ele>42.599998474121094</ele>
        <time>2026-08-07T12:06:12Z</time>
        <extensions>
          <gpxtpx:TrackPointExtension>
            <gpxtpx:hr>135</gpxtpx:hr>
          </gpxtpx:TrackPointExtension>
        </extensions>
      </trkpt>
      <trkpt lat="31.840191971306353" lon="117.11449373161251">
        <ele>42.400001525878906</ele>
        <time>2026-08-07T12:06:16Z</time>
        <extensions>
          <gpxtpx:TrackPointExtension>
            <gpxtpx:hr>135</gpxtpx:hr>
          </gpxtpx:TrackPointExtension>
        </extensions>
      </trkpt>
      <trkpt lat="31.840118957398037" lon="117.11449373851848">
        <ele>42.400001525878906</ele>
        <time>2026-08-07T12:06:20Z</time>
        <extensions>
          <gpxtpx:TrackPointExtension>
            <gpxtpx:hr>135</gpxtpx:hr>
          </gpxtpx:TrackPointExtension>
        </extensions>
      </trkpt>
      <trkpt lat="31.840048951128246" lon="117.11450174934974">
        <ele>42.400001525878906</ele>
        <time>2026-08-07T12:06:24Z</time>
        <extensions>
          <gpxtpx:TrackPointExtension>
            <gpxtpx:hr>135</gpxtpx:hr>
          </gpxtpx:TrackPointExtension>
        </extensions>
      </trkpt>
      <trkpt lat="31.839979934455148" lon="117.11449775377237">
        <ele>42.400001525878906</ele>
        <time>2026-08-07T12:06:28Z</time>
        <extensions>
          <gpxtpx:TrackPointExtension>
            <gpxtpx:hr>134</gpxtpx:hr>
          </gpxtpx:TrackPointExtension>
        </extensions>
      </trkpt>
      <trkpt lat="31.83991091072348" lon="117.11448575398926">
        <ele>42.20000076293945</ele>
        <time>2026-08-07T12:06:32Z</time>
        <extensions>
          <gpxtpx:TrackPointExtension>
            <gpxtpx:hr>134</gpxtpx:hr>
          </gpxtpx:TrackPointExtension>
        </extensions>
      </trkpt>
      <trkpt lat="31.839833889888126" lon="117.11447875759522">
        <ele>42.20000076293945</ele>
        <time>2026-08-07T12:06:36Z</time>
        <extensions>
          <gpxtpx:TrackPointExtension>
            <gpxtpx:hr>134</gpxtpx:hr>
          </gpxtpx:TrackPointExtension>
        </extensions>
      </trkpt>
      <trkpt lat="31.83976287725748" lon="117.11447976483724">
        <ele>42.20000076293945</ele>
        <time>2026-08-07T12:06:40Z</time>
        <extensions>
          <gpxtpx:TrackPointExtension>
            <gpxtpx:hr>135</gpxtpx:hr>
          </gpxtpx:TrackPointExtension>
        </extensions>
      </trkpt>
      <trkpt lat="31.839694861671184" lon="117.11447676969418">
        <ele>42.20000076293945</ele>
        <time>2026-08-07T12:06:44Z</time>
        <extensions>
          <gpxtpx:TrackPointExtension>
            <gpxtpx:hr>135</gpxtpx:hr>
          </gpxtpx:TrackPointExtension>
        </extensions>
      </trkpt>
      <trkpt lat="31.839619842992015" lon="117.11447177416356">
        <ele>42.20000076293945</ele>
        <time>2026-08-07T12:06:48Z</time>
        <extensions>
          <gpxtpx:TrackPointExtension>
            <gpxtpx:hr>135</gpxtpx:hr>
          </gpxtpx:TrackPointExtension>
        </extensions>
      </trkpt>
      <trkpt lat="31.83954582803499" lon="117.11447078063898">
        <ele>42.20000076293945</ele>
        <time>2026-08-07T12:06:52Z</time>
        <extensions>
          <gpxtpx:TrackPointExtension>
            <gpxtpx:hr>135</gpxtpx:hr>
          </gpxtpx:TrackPointExtension>
        </extensions>
      </trkpt>
      <trkpt lat="31.839480815674392" lon="117.11447078678798">
        <ele>42.0</ele>
        <time>2026-08-07T12:06:56Z</time>
        <extensions>
          <gpxtpx:TrackPointExtension>
            <gpxtpx:hr>135</gpxtpx:hr>
          </gpxtpx:TrackPointExtension>
        </extensions>
      </trkpt>
      <trkpt lat="31.839415821847044" lon="117.114491803971">
        <ele>42.0</ele>
        <time>2026-08-07T12:07:00Z</time>
        <extensions>
          <gpxtpx:TrackPointExtension>
            <gpxtpx:hr>135</gpxtpx:hr>
          </gpxtpx:TrackPointExtension>
        </extensions>
      </trkpt>
      <trkpt lat="31.83935282753462" lon="117.11451182045697">
        <ele>42.0</ele>
        <time>2026-08-07T12:07:04Z</time>
        <extensions>
          <gpxtpx:TrackPointExtension>
            <gpxtpx:hr>135</gpxtpx:hr>
          </gpxtpx:TrackPointExtension>
        </extensions>
      </trkpt>
      <trkpt lat="31.839273819590016" lon="117.11451983214556">
        <ele>42.0</ele>
        <time>2026-08-07T12:07:08Z</time>
        <extensions>
          <gpxtpx:TrackPointExtension>
            <gpxtpx:hr>135</gpxtpx:hr>
          </gpxtpx:TrackPointExtension>
        </extensions>
      </trkpt>
      <trkpt lat="31.839206811278956" lon="117.11452484111962">
        <ele>42.0</ele>
        <time>2026-08-07T12:07:12Z</time>
        <extensions>
          <gpxtpx:TrackPointExtension>
            <gpxtpx:hr>135</gpxtpx:hr>
          </gpxtpx:TrackPointExtension>
        </extensions>
      </trkpt>
      <trkpt lat="31.839132803410102" lon="117.11453185181202">
        <ele>42.0</ele>
        <time>2026-08-07T12:07:16Z</time>
        <extensions>
          <gpxtpx:TrackPointExtension>
            <gpxtpx:hr>136</gpxtpx:hr>
          </gpxtpx:TrackPointExtension>
        </extensions>
      </trkpt>
      <trkpt lat="31.839066799719042" lon="117.11454186333357">
        <ele>42.0</ele>
        <time>2026-08-07T12:07:20Z</time>
        <extensions>
          <gpxtpx:TrackPointExtension>
            <gpxtpx:hr>136</gpxtpx:hr>
          </gpxtpx:TrackPointExtension>
        </extensions>
      </trkpt>
      <trkpt lat="31.838999794074326" lon="117.11454987389718">
        <ele>42.0</ele>
        <time>2026-08-07T12:07:24Z</time>
        <extensions>
          <gpxtpx:TrackPointExtension>
            <gpxtpx:hr>137</gpxtpx:hr>
          </gpxtpx:TrackPointExtension>
        </extensions>
      </trkpt>
      <trkpt lat="31.838922790077174" lon="117.11456188752464">
        <ele>42.0</ele>
        <time>2026-08-07T12:07:28Z</time>
        <extensions>
          <gpxtpx:TrackPointExtension>
            <gpxtpx:hr>136</gpxtpx:hr>
          </gpxtpx:TrackPointExtension>
        </extensions>
      </trkpt>
      <trkpt lat="31.83884279703717" lon="117.11458690832775">
        <ele>42.0</ele>
        <time>2026-08-07T12:07:32Z</time>
        <extensions>
          <gpxtpx:TrackPointExtension>
            <gpxtpx:hr>136</gpxtpx:hr>
          </gpxtpx:TrackPointExtension>
        </extensions>
      </trkpt>
      <trkpt lat="31.838773808772054" lon="117.11461492971027">
        <ele>42.20000076293945</ele>
        <time>2026-08-07T12:07:36Z</time>
        <extensions>
          <gpxtpx:TrackPointExtension>
            <gpxtpx:hr>138</gpxtpx:hr>
          </gpxtpx:TrackPointExtension>
        </extensions>
      </trkpt>
      <trkpt lat="31.838699818701155" lon="117.11464195106696">
        <ele>42.20000076293945</ele>
        <time>2026-08-07T12:07:40Z</time>
        <extensions>
          <gpxtpx:TrackPointExtension>
            <gpxtpx:hr>138</gpxtpx:hr>
          </gpxtpx:TrackPointExtension>
        </extensions>
      </trkpt>
      <trkpt lat="31.838626809295924" lon="117.11464696063452">
        <ele>42.20000076293945</ele>
        <time>2026-08-07T12:07:44Z</time>
        <extensions>
          <gpxtpx:TrackPointExtension>
            <gpxtpx:hr>139</gpxtpx:hr>
          </gpxtpx:TrackPointExtension>
        </extensions>
      </trkpt>
      <trkpt lat="31.83855880173132" lon="117.11465297026288">
        <ele>42.20000076293945</ele>
        <time>2026-08-07T12:07:48Z</time>
        <extensions>
          <gpxtpx:TrackPointExtension>
            <gpxtpx:hr>139</gpxtpx:hr>
          </gpxtpx:TrackPointExtension>
        </extensions>
      </trkpt>
      <trkpt lat="31.8384927847749" lon="117.11464797384285">
        <ele>42.20000076293945</ele>
        <time>2026-08-07T12:07:52Z</time>
        <extensions>
          <gpxtpx:TrackPointExtension>
            <gpxtpx:hr>138</gpxtpx:hr>
          </gpxtpx:TrackPointExtension>
        </extensions>
      </trkpt>
      <trkpt lat="31.838419761166193" lon="117.11463697489276">
        <ele>42.0</ele>
        <time>2026-08-07T12:07:56Z</time>
        <extensions>
          <gpxtpx:TrackPointExtension>
            <gpxtpx:hr>138</gpxtpx:hr>
          </gpxtpx:TrackPointExtension>
        </extensions>
      </trkpt>
      <trkpt lat="31.83835674123527" lon="117.11462797606521">
        <ele>42.20000076293945</ele>
        <time>2026-08-07T12:08:00Z</time>
        <extensions>
          <gpxtpx:TrackPointExtension>
            <gpxtpx:hr>138</gpxtpx:hr>
          </gpxtpx:TrackPointExtension>
        </extensions>
      </trkpt>
      <trkpt lat="31.83829471528818" lon="117.11461197342834">
        <ele>42.0</ele>
        <time>2026-08-07T12:08:04Z</time>
        <extensions>
          <gpxtpx:TrackPointExtension>
            <gpxtpx:hr>138</gpxtpx:hr>
          </gpxtpx:TrackPointExtension>
        </extensions>
      </trkpt>
      <trkpt lat="31.838222672391932" lon="117.11457896273893">
        <ele>42.0</ele>
        <time>2026-08-07T12:08:08Z</time>
        <extensions>
          <gpxtpx:TrackPointExtension>
            <gpxtpx:hr>138</gpxtpx:hr>
          </gpxtpx:TrackPointExtension>
        </extensions>
      </trkpt>
      <trkpt lat="31.838159634781746" lon="117.11454995335791">
        <ele>42.0</ele>
        <time>2026-08-07T12:08:12Z</time>
        <extensions>
          <gpxtpx:TrackPointExtension>
            <gpxtpx:hr>138</gpxtpx:hr>
          </gpxtpx:TrackPointExtension>
        </extensions>
      </trkpt>
      <trkpt lat="31.838103577327693" lon="117.11449693071225">
        <ele>42.0</ele>
        <time>2026-08-07T12:08:16Z</time>
        <extensions>
          <gpxtpx:TrackPointExtension>
            <gpxtpx:hr>137</gpxtpx:hr>
          </gpxtpx:TrackPointExtension>
        </extensions>
      </trkpt>
      <trkpt lat="31.838043520100616" lon="117.11444490908926">
        <ele>42.0</ele>
        <time>2026-08-07T12:08:20Z</time>
        <extensions>
          <gpxtpx:TrackPointExtension>
            <gpxtpx:hr>136</gpxtpx:hr>
          </gpxtpx:TrackPointExtension>
        </extensions>
      </trkpt>
      <trkpt lat="31.83798646617902" lon="117.11439588886354">
        <ele>42.20000076293945</ele>
        <time>2026-08-07T12:08:24Z</time>
        <extensions>
          <gpxtpx:TrackPointExtension>
            <gpxtpx:hr>137</gpxtpx:hr>
          </gpxtpx:TrackPointExtension>
        </extensions>
      </trkpt>
      <trkpt lat="31.837927402316573" lon="117.11433586321652">
        <ele>42.0</ele>
        <time>2026-08-07T12:08:28Z</time>
        <extensions>
          <gpxtpx:TrackPointExtension>
            <gpxtpx:hr>136</gpxtpx:hr>
          </gpxtpx:TrackPointExtension>
        </extensions>
      </trkpt>
      <trkpt lat="31.837869330027505" lon="117.1142658324657">
        <ele>42.0</ele>
        <time>2026-08-07T12:08:32Z</time>
        <extensions>
          <gpxtpx:TrackPointExtension>
            <gpxtpx:hr>136</gpxtpx:hr>
          </gpxtpx:TrackPointExtension>
        </extensions>
      </trkpt>
      <trkpt lat="31.837821266787746" lon="117.11420380508632">
        <ele>42.0</ele>
        <time>2026-08-07T12:08:36Z</time>
        <extensions>
          <gpxtpx:TrackPointExtension>
            <gpxtpx:hr>137</gpxtpx:hr>
          </gpxtpx:TrackPointExtension>
        </extensions>
      </trkpt>
      <trkpt lat="31.837784193591293" lon="117.11412776968436">
        <ele>42.0</ele>
        <time>2026-08-07T12:08:40Z</time>
        <extensions>
          <gpxtpx:TrackPointExtension>
            <gpxtpx:hr>135</gpxtpx:hr>
          </gpxtpx:TrackPointExtension>
        </extensions>
      </trkpt>
      <trkpt lat="31.83774711973838" lon="117.11405073402429">
        <ele>42.20000076293945</ele>
        <time>2026-08-07T12:08:44Z</time>
        <extensions>
          <gpxtpx:TrackPointExtension>
            <gpxtpx:hr>134</gpxtpx:hr>
          </gpxtpx:TrackPointExtension>
        </extensions>
      </trkpt>
      <trkpt lat="31.837723049424547" lon="117.1139746978938">
        <ele>42.20000076293945</ele>
        <time>2026-08-07T12:08:48Z</time>
        <extensions>
          <gpxtpx:TrackPointExtension>
            <gpxtpx:hr>133</gpxtpx:hr>
          </gpxtpx:TrackPointExtension>
        </extensions>
      </trkpt>
      <trkpt lat="31.837704973566634" lon="117.11389065744359">
        <ele>42.20000076293945</ele>
        <time>2026-08-07T12:08:52Z</time>
        <extensions>
          <gpxtpx:TrackPointExtension>
            <gpxtpx:hr>132</gpxtpx:hr>
          </gpxtpx:TrackPointExtension>
        </extensions>
      </trkpt>
      <trkpt lat="31.83768489758753" lon="117.1138066174875">
        <ele>42.20000076293945</ele>
        <time>2026-08-07T12:08:56Z</time>
        <extensions>
          <gpxtpx:TrackPointExtension>
            <gpxtpx:hr>132</gpxtpx:hr>
          </gpxtpx:TrackPointExtension>
        </extensions>
      </trkpt>
      <trkpt lat="31.837665820345222" lon="117.11372057675665">
        <ele>42.20000076293945</ele>
        <time>2026-08-07T12:09:00Z</time>
        <extensions>
          <gpxtpx:TrackPointExtension>
            <gpxtpx:hr>132</gpxtpx:hr>
          </gpxtpx:TrackPointExtension>
        </extensions>
      </trkpt>
      <trkpt lat="31.83765174517021" lon="117.11363553636208">
        <ele>42.0</ele>
        <time>2026-08-07T12:09:04Z</time>
        <extensions>
          <gpxtpx:TrackPointExtension>
            <gpxtpx:hr>132</gpxtpx:hr>
          </gpxtpx:TrackPointExtension>
        </extensions>
      </trkpt>
      <trkpt lat="31.83763767110785" lon="117.11355149676606">
        <ele>42.0</ele>
        <time>2026-08-07T12:09:08Z</time>
        <extensions>
          <gpxtpx:TrackPointExtension>
            <gpxtpx:hr>133</gpxtpx:hr>
          </gpxtpx:TrackPointExtension>
        </extensions>
      </trkpt>
      <trkpt lat="31.837620602656244" lon="117.11347446113291">
        <ele>42.0</ele>
        <time>2026-08-07T12:09:12Z</time>
        <extensions>
          <gpxtpx:TrackPointExtension>
            <gpxtpx:hr>133</gpxtpx:hr>
          </gpxtpx:TrackPointExtension>
        </extensions>
      </trkpt>
      <trkpt lat="31.837615528262624" lon="117.11338741983798">
        <ele>41.79999923706055</ele>
        <time>2026-08-07T12:09:16Z</time>
        <extensions>
          <gpxtpx:TrackPointExtension>
            <gpxtpx:hr>134</gpxtpx:hr>
          </gpxtpx:TrackPointExtension>
        </extensions>
      </trkpt>
      <trkpt lat="31.837610456664915" lon="117.1133033802957">
        <ele>41.79999923706055</ele>
        <time>2026-08-07T12:09:20Z</time>
        <extensions>
          <gpxtpx:TrackPointExtension>
            <gpxtpx:hr>133</gpxtpx:hr>
          </gpxtpx:TrackPointExtension>
        </extensions>
      </trkpt>
      <trkpt lat="31.83759338473019" lon="117.11322134313768">
        <ele>41.79999923706055</ele>
        <time>2026-08-07T12:09:24Z</time>
        <extensions>
          <gpxtpx:TrackPointExtension>
            <gpxtpx:hr>133</gpxtpx:hr>
          </gpxtpx:TrackPointExtension>
        </extensions>
      </trkpt>
      <trkpt lat="31.837570315242644" lon="117.11314330871026">
        <ele>41.79999923706055</ele>
        <time>2026-08-07T12:09:28Z</time>
        <extensions>
          <gpxtpx:TrackPointExtension>
            <gpxtpx:hr>132</gpxtpx:hr>
          </gpxtpx:TrackPointExtension>
        </extensions>
      </trkpt>
      <trkpt lat="31.837551247566097" lon="117.11306627463408">
        <ele>41.599998474121094</ele>
        <time>2026-08-07T12:09:32Z</time>
        <extensions>
          <gpxtpx:TrackPointExtension>
            <gpxtpx:hr>132</gpxtpx:hr>
          </gpxtpx:TrackPointExtension>
        </extensions>
      </trkpt>
      <trkpt lat="31.837526187255715" lon="117.11299924599507">
        <ele>41.599998474121094</ele>
        <time>2026-08-07T12:09:36Z</time>
        <extensions>
          <gpxtpx:TrackPointExtension>
            <gpxtpx:hr>133</gpxtpx:hr>
          </gpxtpx:TrackPointExtension>
        </extensions>
      </trkpt>
      <trkpt lat="31.83748712859482" lon="117.11293722116896">
        <ele>41.599998474121094</ele>
        <time>2026-08-07T12:09:40Z</time>
        <extensions>
          <gpxtpx:TrackPointExtension>
            <gpxtpx:hr>133</gpxtpx:hr>
          </gpxtpx:TrackPointExtension>
        </extensions>
      </trkpt>
      <trkpt lat="31.83744007268409" lon="117.11288019954766">
        <ele>41.599998474121094</ele>
        <time>2026-08-07T12:09:44Z</time>
        <extensions>
          <gpxtpx:TrackPointExtension>
            <gpxtpx:hr>135</gpxtpx:hr>
          </gpxtpx:TrackPointExtension>
        </extensions>
      </trkpt>
      <trkpt lat="31.837396014174082" lon="117.1128191759708">
        <ele>41.400001525878906</ele>
        <time>2026-08-07T12:09:48Z</time>
        <extensions>
          <gpxtpx:TrackPointExtension>
            <gpxtpx:hr>135</gpxtpx:hr>
          </gpxtpx:TrackPointExtension>
        </extensions>
      </trkpt>
      <trkpt lat="31.83734695731652" lon="117.11276115438237">
        <ele>41.400001525878906</ele>
        <time>2026-08-07T12:09:52Z</time>
        <extensions>
          <gpxtpx:TrackPointExtension>
            <gpxtpx:hr>135</gpxtpx:hr>
          </gpxtpx:TrackPointExtension>
        </extensions>
      </trkpt>
      <trkpt lat="31.83729190435661" lon="117.11270913619973">
        <ele>41.400001525878906</ele>
        <time>2026-08-07T12:09:56Z</time>
        <extensions>
          <gpxtpx:TrackPointExtension>
            <gpxtpx:hr>134</gpxtpx:hr>
          </gpxtpx:TrackPointExtension>
        </extensions>
      </trkpt>
      <trkpt lat="31.837229863233187" lon="117.11267312594431">
        <ele>41.400001525878906</ele>
        <time>2026-08-07T12:10:00Z</time>
        <extensions>
          <gpxtpx:TrackPointExtension>
            <gpxtpx:hr>135</gpxtpx:hr>
          </gpxtpx:TrackPointExtension>
        </extensions>
      </trkpt>
      <trkpt lat="31.837160820838083" lon="117.11263711640798">
        <ele>41.20000076293945</ele>
        <time>2026-08-07T12:10:04Z</time>
        <extensions>
          <gpxtpx:TrackPointExtension>
            <gpxtpx:hr>138</gpxtpx:hr>
          </gpxtpx:TrackPointExtension>
        </extensions>
      </trkpt>
      <trkpt lat="31.837092784379163" lon="117.11260810994193">
        <ele>41.20000076293945</ele>
        <time>2026-08-07T12:10:08Z</time>
        <extensions>
          <gpxtpx:TrackPointExtension>
            <gpxtpx:hr>139</gpxtpx:hr>
          </gpxtpx:TrackPointExtension>
        </extensions>
      </trkpt>
      <trkpt lat="31.837027754211277" lon="117.1125861063302">
        <ele>41.20000076293945</ele>
        <time>2026-08-07T12:10:12Z</time>
        <extensions>
          <gpxtpx:TrackPointExtension>
            <gpxtpx:hr>138</gpxtpx:hr>
          </gpxtpx:TrackPointExtension>
        </extensions>
      </trkpt>
      <trkpt lat="31.836956701012433" lon="117.11253709138354">
        <ele>41.20000076293945</ele>
        <time>2026-08-07T12:10:16Z</time>
        <extensions>
          <gpxtpx:TrackPointExtension>
            <gpxtpx:hr>137</gpxtpx:hr>
          </gpxtpx:TrackPointExtension>
        </extensions>
      </trkpt>
      <trkpt lat="31.836899640026513" lon="117.11247506951644">
        <ele>41.400001525878906</ele>
        <time>2026-08-07T12:10:20Z</time>
        <extensions>
          <gpxtpx:TrackPointExtension>
            <gpxtpx:hr>136</gpxtpx:hr>
          </gpxtpx:TrackPointExtension>
        </extensions>
      </trkpt>
      <trkpt lat="31.836852580264765" lon="117.11241204643693">
        <ele>41.400001525878906</ele>
        <time>2026-08-07T12:10:24Z</time>
        <extensions>
          <gpxtpx:TrackPointExtension>
            <gpxtpx:hr>135</gpxtpx:hr>
          </gpxtpx:TrackPointExtension>
        </extensions>
      </trkpt>
      <trkpt lat="31.83680752344202" lon="117.11235202464145">
        <ele>41.20000076293945</ele>
        <time>2026-08-07T12:10:28Z</time>
        <extensions>
          <gpxtpx:TrackPointExtension>
            <gpxtpx:hr>135</gpxtpx:hr>
          </gpxtpx:TrackPointExtension>
        </extensions>
      </trkpt>
      <trkpt lat="31.836762461139468" lon="117.11228499999402">
        <ele>41.400001525878906</ele>
        <time>2026-08-07T12:10:32Z</time>
        <extensions>
          <gpxtpx:TrackPointExtension>
            <gpxtpx:hr>136</gpxtpx:hr>
          </gpxtpx:TrackPointExtension>
        </extensions>
      </trkpt>
      <trkpt lat="31.836709397496364" lon="117.11221797630134">
        <ele>41.599998474121094</ele>
        <time>2026-08-07T12:10:36Z</time>
        <extensions>
          <gpxtpx:TrackPointExtension>
            <gpxtpx:hr>138</gpxtpx:hr>
          </gpxtpx:TrackPointExtension>
        </extensions>
      </trkpt>
      <trkpt lat="31.8366773379813" lon="117.11215095082022">
        <ele>41.79999923706055</ele>
        <time>2026-08-07T12:10:40Z</time>
        <extensions>
          <gpxtpx:TrackPointExtension>
            <gpxtpx:hr>140</gpxtpx:hr>
          </gpxtpx:TrackPointExtension>
        </extensions>
      </trkpt>
      <trkpt lat="31.836657280896386" lon="117.1120839244022">
        <ele>42.0</ele>
        <time>2026-08-07T12:10:44Z</time>
        <extensions>
          <gpxtpx:TrackPointExtension>
            <gpxtpx:hr>141</gpxtpx:hr>
          </gpxtpx:TrackPointExtension>
        </extensions>
      </trkpt>
      <trkpt lat="31.83664421738069" lon="117.11200689334173">
        <ele>42.0</ele>
        <time>2026-08-07T12:10:48Z</time>
        <extensions>
          <gpxtpx:TrackPointExtension>
            <gpxtpx:hr>141</gpxtpx:hr>
          </gpxtpx:TrackPointExtension>
        </extensions>
      </trkpt>
      <trkpt lat="31.836639150862695" lon="117.11192385930217">
        <ele>42.0</ele>
        <time>2026-08-07T12:10:52Z</time>
        <extensions>
          <gpxtpx:TrackPointExtension>
            <gpxtpx:hr>142</gpxtpx:hr>
          </gpxtpx:TrackPointExtension>
        </extensions>
      </trkpt>
      <trkpt lat="31.83663108639276" lon="117.11184382708264">
        <ele>42.20000076293945</ele>
        <time>2026-08-07T12:10:56Z</time>
        <extensions>
          <gpxtpx:TrackPointExtension>
            <gpxtpx:hr>143</gpxtpx:hr>
          </gpxtpx:TrackPointExtension>
        </extensions>
      </trkpt>
      <trkpt lat="31.836625029583438" lon="117.1117727986214">
        <ele>42.599998474121094</ele>
        <time>2026-08-07T12:11:00Z</time>
        <extensions>
          <gpxtpx:TrackPointExtension>
            <gpxtpx:hr>143</gpxtpx:hr>
          </gpxtpx:TrackPointExtension>
        </extensions>
      </trkpt>
      <trkpt lat="31.836626966670583" lon="117.11169176558798">
        <ele>42.79999923706055</ele>
        <time>2026-08-07T12:11:04Z</time>
        <extensions>
          <gpxtpx:TrackPointExtension>
            <gpxtpx:hr>144</gpxtpx:hr>
          </gpxtpx:TrackPointExtension>
        </extensions>
      </trkpt>
      <trkpt lat="31.836629908076432" lon="117.11161573475236">
        <ele>43.20000076293945</ele>
        <time>2026-08-07T12:11:08Z</time>
        <extensions>
          <gpxtpx:TrackPointExtension>
            <gpxtpx:hr>144</gpxtpx:hr>
          </gpxtpx:TrackPointExtension>
        </extensions>
      </trkpt>
      <trkpt lat="31.836626851664494" lon="117.11154370632921">
        <ele>43.400001525878906</ele>
        <time>2026-08-07T12:11:12Z</time>
        <extensions>
          <gpxtpx:TrackPointExtension>
            <gpxtpx:hr>145</gpxtpx:hr>
          </gpxtpx:TrackPointExtension>
        </extensions>
      </trkpt>
      <trkpt lat="31.836611801674596" lon="117.11148268360755">
        <ele>43.599998474121094</ele>
        <time>2026-08-07T12:11:16Z</time>
        <extensions>
          <gpxtpx:TrackPointExtension>
            <gpxtpx:hr>146</gpxtpx:hr>
          </gpxtpx:TrackPointExtension>
        </extensions>
      </trkpt>
      <trkpt lat="31.836595746248925" lon="117.11141465840556">
        <ele>43.79999923706055</ele>
        <time>2026-08-07T12:11:20Z</time>
        <extensions>
          <gpxtpx:TrackPointExtension>
            <gpxtpx:hr>146</gpxtpx:hr>
          </gpxtpx:TrackPointExtension>
        </extensions>
      </trkpt>
      <trkpt lat="31.83657669043165" lon="117.11134663369344">
        <ele>44.0</ele>
        <time>2026-08-07T12:11:24Z</time>
        <extensions>
          <gpxtpx:TrackPointExtension>
            <gpxtpx:hr>146</gpxtpx:hr>
          </gpxtpx:TrackPointExtension>
        </extensions>
      </trkpt>
      <trkpt lat="31.836557630967228" lon="117.11127360726165">
        <ele>44.400001525878906</ele>
        <time>2026-08-07T12:11:28Z</time>
        <extensions>
          <gpxtpx:TrackPointExtension>
            <gpxtpx:hr>145</gpxtpx:hr>
          </gpxtpx:TrackPointExtension>
        </extensions>
      </trkpt>
      <trkpt lat="31.836520581260416" lon="117.11121758926784">
        <ele>44.400001525878906</ele>
        <time>2026-08-07T12:11:32Z</time>
        <extensions>
          <gpxtpx:TrackPointExtension>
            <gpxtpx:hr>145</gpxtpx:hr>
          </gpxtpx:TrackPointExtension>
        </extensions>
      </trkpt>
      <trkpt lat="31.836489533563093" lon="117.1111625712266">
        <ele>44.599998474121094</ele>
        <time>2026-08-07T12:11:36Z</time>
        <extensions>
          <gpxtpx:TrackPointExtension>
            <gpxtpx:hr>144</gpxtpx:hr>
          </gpxtpx:TrackPointExtension>
        </extensions>
      </trkpt>
      <trkpt lat="31.83643847766521" lon="117.11110155294747">
        <ele>44.599998474121094</ele>
        <time>2026-08-07T12:11:40Z</time>
        <extensions>
          <gpxtpx:TrackPointExtension>
            <gpxtpx:hr>144</gpxtpx:hr>
          </gpxtpx:TrackPointExtension>
        </extensions>
      </trkpt>
      <trkpt lat="31.836395424927062" lon="117.1110425348274">
        <ele>44.79999923706055</ele>
        <time>2026-08-07T12:11:44Z</time>
        <extensions>
          <gpxtpx:TrackPointExtension>
            <gpxtpx:hr>143</gpxtpx:hr>
          </gpxtpx:TrackPointExtension>
        </extensions>
      </trkpt>
      <trkpt lat="31.836359384188647" lon="117.11099752141479">
        <ele>45.0</ele>
        <time>2026-08-07T12:11:48Z</time>
        <extensions>
          <gpxtpx:TrackPointExtension>
            <gpxtpx:hr>144</gpxtpx:hr>
          </gpxtpx:TrackPointExtension>
        </extensions>
      </trkpt>
      <trkpt lat="31.83631633619386" lon="117.11094450579077">
        <ele>45.20000076293945</ele>
        <time>2026-08-07T12:11:52Z</time>
        <extensions>
          <gpxtpx:TrackPointExtension>
            <gpxtpx:hr>144</gpxtpx:hr>
          </gpxtpx:TrackPointExtension>
        </extensions>
      </trkpt>
      <trkpt lat="31.836277286060895" lon="117.11088748844269">
        <ele>45.0</ele>
        <time>2026-08-07T12:11:56Z</time>
        <extensions>
          <gpxtpx:TrackPointExtension>
            <gpxtpx:hr>144</gpxtpx:hr>
          </gpxtpx:TrackPointExtension>
        </extensions>
      </trkpt>
      <trkpt lat="31.836227236970416" lon="117.11083447374224">
        <ele>45.20000076293945</ele>
        <time>2026-08-07T12:12:00Z</time>
        <extensions>
          <gpxtpx:TrackPointExtension>
            <gpxtpx:hr>144</gpxtpx:hr>
          </gpxtpx:TrackPointExtension>
        </extensions>
      </trkpt>
      <trkpt lat="31.836179188364174" lon="117.11078145897865">
        <ele>45.20000076293945</ele>
        <time>2026-08-07T12:12:04Z</time>
        <extensions>
          <gpxtpx:TrackPointExtension>
            <gpxtpx:hr>143</gpxtpx:hr>
          </gpxtpx:TrackPointExtension>
        </extensions>
      </trkpt>
      <trkpt lat="31.836136146012723" lon="117.1107354463939">
        <ele>45.20000076293945</ele>
        <time>2026-08-07T12:12:08Z</time>
        <extensions>
          <gpxtpx:TrackPointExtension>
            <gpxtpx:hr>142</gpxtpx:hr>
          </gpxtpx:TrackPointExtension>
        </extensions>
      </trkpt>
      <trkpt lat="31.836087095194152" lon="117.11067943088497">
        <ele>45.20000076293945</ele>
        <time>2026-08-07T12:12:12Z</time>
        <extensions>
          <gpxtpx:TrackPointExtension>
            <gpxtpx:hr>142</gpxtpx:hr>
          </gpxtpx:TrackPointExtension>
        </extensions>
      </trkpt>
      <trkpt lat="31.836036040421977" lon="117.11061841392704">
        <ele>45.20000076293945</ele>
        <time>2026-08-07T12:12:16Z</time>
        <extensions>
          <gpxtpx:TrackPointExtension>
            <gpxtpx:hr>142</gpxtpx:hr>
          </gpxtpx:TrackPointExtension>
        </extensions>
      </trkpt>
      <trkpt lat="31.835979007531453" lon="117.11058840866794">
        <ele>45.20000076293945</ele>
        <time>2026-08-07T12:12:20Z</time>
        <extensions>
          <gpxtpx:TrackPointExtension>
            <gpxtpx:hr>142</gpxtpx:hr>
          </gpxtpx:TrackPointExtension>
        </extensions>
      </trkpt>
      <trkpt lat="31.83593796516127" lon="117.1105413959409">
        <ele>45.20000076293945</ele>
        <time>2026-08-07T12:12:24Z</time>
        <extensions>
          <gpxtpx:TrackPointExtension>
            <gpxtpx:hr>141</gpxtpx:hr>
          </gpxtpx:TrackPointExtension>
        </extensions>
      </trkpt>
      <trkpt lat="31.835880912521283" lon="117.11048438132781">
        <ele>45.20000076293945</ele>
        <time>2026-08-07T12:12:28Z</time>
        <extensions>
          <gpxtpx:TrackPointExtension>
            <gpxtpx:hr>140</gpxtpx:hr>
          </gpxtpx:TrackPointExtension>
        </extensions>
      </trkpt>
      <trkpt lat="31.83581986584523" lon="117.11043637036536">
        <ele>45.20000076293945</ele>
        <time>2026-08-07T12:12:32Z</time>
        <extensions>
          <gpxtpx:TrackPointExtension>
            <gpxtpx:hr>138</gpxtpx:hr>
          </gpxtpx:TrackPointExtension>
        </extensions>
      </trkpt>
      <trkpt lat="31.835755826003396" lon="117.11039836324645">
        <ele>45.400001525878906</ele>
        <time>2026-08-07T12:12:36Z</time>
        <extensions>
          <gpxtpx:TrackPointExtension>
            <gpxtpx:hr>136</gpxtpx:hr>
          </gpxtpx:TrackPointExtension>
        </extensions>
      </trkpt>
      <trkpt lat="31.835692787866098" lon="117.11036235678633">
        <ele>45.400001525878906</ele>
        <time>2026-08-07T12:12:40Z</time>
        <extensions>
          <gpxtpx:TrackPointExtension>
            <gpxtpx:hr>136</gpxtpx:hr>
          </gpxtpx:TrackPointExtension>
        </extensions>
      </trkpt>
      <trkpt lat="31.835635761108144" lon="117.11034035461736">
        <ele>45.400001525878906</ele>
        <time>2026-08-07T12:12:44Z</time>
        <extensions>
          <gpxtpx:TrackPointExtension>
            <gpxtpx:hr>137</gpxtpx:hr>
          </gpxtpx:TrackPointExtension>
        </extensions>
      </trkpt>
      <trkpt lat="31.835574731434964" lon="117.11031535182224">
        <ele>45.400001525878906</ele>
        <time>2026-08-07T12:12:48Z</time>
        <extensions>
          <gpxtpx:TrackPointExtension>
            <gpxtpx:hr>136</gpxtpx:hr>
          </gpxtpx:TrackPointExtension>
        </extensions>
      </trkpt>
      <trkpt lat="31.835510699770285" lon="117.11028834865733">
        <ele>45.400001525878906</ele>
        <time>2026-08-07T12:12:52Z</time>
        <extensions>
          <gpxtpx:TrackPointExtension>
            <gpxtpx:hr>136</gpxtpx:hr>
          </gpxtpx:TrackPointExtension>
        </extensions>
      </trkpt>
      <trkpt lat="31.835450666709782" lon="117.11025834412827">
        <ele>45.400001525878906</ele>
        <time>2026-08-07T12:12:56Z</time>
        <extensions>
          <gpxtpx:TrackPointExtension>
            <gpxtpx:hr>136</gpxtpx:hr>
          </gpxtpx:TrackPointExtension>
        </extensions>
      </trkpt>
      <trkpt lat="31.835379646118888" lon="117.11024834745218">
        <ele>45.400001525878906</ele>
        <time>2026-08-07T12:13:00Z</time>
        <extensions>
          <gpxtpx:TrackPointExtension>
            <gpxtpx:hr>134</gpxtpx:hr>
          </gpxtpx:TrackPointExtension>
        </extensions>
      </trkpt>
      <trkpt lat="31.835306625884172" lon="117.11023935130842">
        <ele>45.400001525878906</ele>
        <time>2026-08-07T12:13:04Z</time>
        <extensions>
          <gpxtpx:TrackPointExtension>
            <gpxtpx:hr>131</gpxtpx:hr>
          </gpxtpx:TrackPointExtension>
        </extensions>
      </trkpt>
      <trkpt lat="31.835234605843347" lon="117.11023035507372">
        <ele>45.20000076293945</ele>
        <time>2026-08-07T12:13:08Z</time>
        <extensions>
          <gpxtpx:TrackPointExtension>
            <gpxtpx:hr>130</gpxtpx:hr>
          </gpxtpx:TrackPointExtension>
        </extensions>
      </trkpt>
      <trkpt lat="31.835160593402964" lon="117.1102323627506">
        <ele>45.20000076293945</ele>
        <time>2026-08-07T12:13:12Z</time>
        <extensions>
          <gpxtpx:TrackPointExtension>
            <gpxtpx:hr>129</gpxtpx:hr>
          </gpxtpx:TrackPointExtension>
        </extensions>
      </trkpt>
      <trkpt lat="31.835083570259474" lon="117.11022036597815">
        <ele>45.0</ele>
        <time>2026-08-07T12:13:16Z</time>
        <extensions>
          <gpxtpx:TrackPointExtension>
            <gpxtpx:hr>128</gpxtpx:hr>
          </gpxtpx:TrackPointExtension>
        </extensions>
      </trkpt>
      <trkpt lat="31.835004557611235" lon="117.11022337446497">
        <ele>45.0</ele>
        <time>2026-08-07T12:13:20Z</time>
        <extensions>
          <gpxtpx:TrackPointExtension>
            <gpxtpx:hr>127</gpxtpx:hr>
          </gpxtpx:TrackPointExtension>
        </extensions>
      </trkpt>
      <trkpt lat="31.834925550039397" lon="117.11023338531957">
        <ele>44.79999923706055</ele>
        <time>2026-08-07T12:13:24Z</time>
        <extensions>
          <gpxtpx:TrackPointExtension>
            <gpxtpx:hr>127</gpxtpx:hr>
          </gpxtpx:TrackPointExtension>
        </extensions>
      </trkpt>
      <trkpt lat="31.83485354306235" lon="117.1102423951777">
        <ele>44.79999923706055</ele>
        <time>2026-08-07T12:13:28Z</time>
        <extensions>
          <gpxtpx:TrackPointExtension>
            <gpxtpx:hr>128</gpxtpx:hr>
          </gpxtpx:TrackPointExtension>
        </extensions>
      </trkpt>
      <trkpt lat="31.834785539017773" lon="117.1102544056788">
        <ele>44.599998474121094</ele>
        <time>2026-08-07T12:13:32Z</time>
        <extensions>
          <gpxtpx:TrackPointExtension>
            <gpxtpx:hr>130</gpxtpx:hr>
          </gpxtpx:TrackPointExtension>
        </extensions>
      </trkpt>
      <trkpt lat="31.83470753310719" lon="117.11026641713235">
        <ele>44.400001525878906</ele>
        <time>2026-08-07T12:13:36Z</time>
        <extensions>
          <gpxtpx:TrackPointExtension>
            <gpxtpx:hr>130</gpxtpx:hr>
          </gpxtpx:TrackPointExtension>
        </extensions>
      </trkpt>
      <trkpt lat="31.83463452596321" lon="117.11027542709843">
        <ele>44.20000076293945</ele>
        <time>2026-08-07T12:13:40Z</time>
        <extensions>
          <gpxtpx:TrackPointExtension>
            <gpxtpx:hr>131</gpxtpx:hr>
          </gpxtpx:TrackPointExtension>
        </extensions>
      </trkpt>
      <trkpt lat="31.834573531251092" lon="117.11029844070669">
        <ele>44.0</ele>
        <time>2026-08-07T12:13:44Z</time>
        <extensions>
          <gpxtpx:TrackPointExtension>
            <gpxtpx:hr>132</gpxtpx:hr>
          </gpxtpx:TrackPointExtension>
        </extensions>
      </trkpt>
      <trkpt lat="31.834498530299" lon="117.11031645395205">
        <ele>43.79999923706055</ele>
        <time>2026-08-07T12:13:48Z</time>
        <extensions>
          <gpxtpx:TrackPointExtension>
            <gpxtpx:hr>132</gpxtpx:hr>
          </gpxtpx:TrackPointExtension>
        </extensions>
      </trkpt>
      <trkpt lat="31.83441952497094" lon="117.11032946587635">
        <ele>43.599998474121094</ele>
        <time>2026-08-07T12:13:52Z</time>
        <extensions>
          <gpxtpx:TrackPointExtension>
            <gpxtpx:hr>131</gpxtpx:hr>
          </gpxtpx:TrackPointExtension>
        </extensions>
      </trkpt>
      <trkpt lat="31.834347527525168" lon="117.11035148023744">
        <ele>43.20000076293945</ele>
        <time>2026-08-07T12:13:56Z</time>
        <extensions>
          <gpxtpx:TrackPointExtension>
            <gpxtpx:hr>129</gpxtpx:hr>
          </gpxtpx:TrackPointExtension>
        </extensions>
      </trkpt>
      <trkpt lat="31.834267526413434" lon="117.11037049434327">
        <ele>43.0</ele>
        <time>2026-08-07T12:14:00Z</time>
        <extensions>
          <gpxtpx:TrackPointExtension>
            <gpxtpx:hr>128</gpxtpx:hr>
          </gpxtpx:TrackPointExtension>
        </extensions>
      </trkpt>
      <trkpt lat="31.834195529739205" lon="117.11039350909057">
        <ele>42.79999923706055</ele>
        <time>2026-08-07T12:14:04Z</time>
        <extensions>
          <gpxtpx:TrackPointExtension>
            <gpxtpx:hr>128</gpxtpx:hr>
          </gpxtpx:TrackPointExtension>
        </extensions>
      </trkpt>
      <trkpt lat="31.834124531080175" lon="117.11041352272743">
        <ele>42.599998474121094</ele>
        <time>2026-08-07T12:14:08Z</time>
        <extensions>
          <gpxtpx:TrackPointExtension>
            <gpxtpx:hr>128</gpxtpx:hr>
          </gpxtpx:TrackPointExtension>
        </extensions>
      </trkpt>
      <trkpt lat="31.834050533343028" lon="117.11043553736094">
        <ele>42.400001525878906</ele>
        <time>2026-08-07T12:14:12Z</time>
        <extensions>
          <gpxtpx:TrackPointExtension>
            <gpxtpx:hr>127</gpxtpx:hr>
          </gpxtpx:TrackPointExtension>
        </extensions>
      </trkpt>
      <trkpt lat="31.83398353693642" lon="117.11045755135409">
        <ele>42.400001525878906</ele>
        <time>2026-08-07T12:14:16Z</time>
        <extensions>
          <gpxtpx:TrackPointExtension>
            <gpxtpx:hr>128</gpxtpx:hr>
          </gpxtpx:TrackPointExtension>
        </extensions>
      </trkpt>
      <trkpt lat="31.83391253906891" lon="117.11047856539797">
        <ele>42.0</ele>
        <time>2026-08-07T12:14:20Z</time>
        <extensions>
          <gpxtpx:TrackPointExtension>
            <gpxtpx:hr>130</gpxtpx:hr>
          </gpxtpx:TrackPointExtension>
        </extensions>
      </trkpt>
      <trkpt lat="31.833834544322755" lon="117.11050558222678">
        <ele>42.0</ele>
        <time>2026-08-07T12:14:24Z</time>
        <extensions>
          <gpxtpx:TrackPointExtension>
            <gpxtpx:hr>134</gpxtpx:hr>
          </gpxtpx:TrackPointExtension>
        </extensions>
      </trkpt>
      <trkpt lat="31.833765546137563" lon="117.11052559577527">
        <ele>42.0</ele>
        <time>2026-08-07T12:14:28Z</time>
        <extensions>
          <gpxtpx:TrackPointExtension>
            <gpxtpx:hr>136</gpxtpx:hr>
          </gpxtpx:TrackPointExtension>
        </extensions>
      </trkpt>
      <trkpt lat="31.83370154816786" lon="117.11054460851636">
        <ele>41.79999923706055</ele>
        <time>2026-08-07T12:14:32Z</time>
        <extensions>
          <gpxtpx:TrackPointExtension>
            <gpxtpx:hr>135</gpxtpx:hr>
          </gpxtpx:TrackPointExtension>
        </extensions>
      </trkpt>
      <trkpt lat="31.833630554068897" lon="117.11057062440962">
        <ele>41.79999923706055</ele>
        <time>2026-08-07T12:14:36Z</time>
        <extensions>
          <gpxtpx:TrackPointExtension>
            <gpxtpx:hr>134</gpxtpx:hr>
          </gpxtpx:TrackPointExtension>
        </extensions>
      </trkpt>
      <trkpt lat="31.83356454838207" lon="117.11057963383651">
        <ele>42.0</ele>
        <time>2026-08-07T12:14:40Z</time>
        <extensions>
          <gpxtpx:TrackPointExtension>
            <gpxtpx:hr>134</gpxtpx:hr>
          </gpxtpx:TrackPointExtension>
        </extensions>
      </trkpt>
      <trkpt lat="31.83350054824308" lon="117.11059564555947">
        <ele>41.79999923706055</ele>
        <time>2026-08-07T12:14:44Z</time>
        <extensions>
          <gpxtpx:TrackPointExtension>
            <gpxtpx:hr>134</gpxtpx:hr>
          </gpxtpx:TrackPointExtension>
        </extensions>
      </trkpt>
      <trkpt lat="31.83344655441848" lon="117.11061765848123">
        <ele>41.79999923706055</ele>
        <time>2026-08-07T12:14:48Z</time>
        <extensions>
          <gpxtpx:TrackPointExtension>
            <gpxtpx:hr>133</gpxtpx:hr>
          </gpxtpx:TrackPointExtension>
        </extensions>
      </trkpt>
      <trkpt lat="31.833387574492317" lon="117.11065967903984">
        <ele>41.79999923706055</ele>
        <time>2026-08-07T12:14:52Z</time>
        <extensions>
          <gpxtpx:TrackPointExtension>
            <gpxtpx:hr>134</gpxtpx:hr>
          </gpxtpx:TrackPointExtension>
        </extensions>
      </trkpt>
      <trkpt lat="31.833336612473264" lon="117.11072370683964">
        <ele>41.79999923706055</ele>
        <time>2026-08-07T12:14:56Z</time>
        <extensions>
          <gpxtpx:TrackPointExtension>
            <gpxtpx:hr>133</gpxtpx:hr>
          </gpxtpx:TrackPointExtension>
        </extensions>
      </trkpt>
      <trkpt lat="31.83328964986571" lon="117.11078573371853">
        <ele>41.79999923706055</ele>
        <time>2026-08-07T12:15:00Z</time>
        <extensions>
          <gpxtpx:TrackPointExtension>
            <gpxtpx:hr>134</gpxtpx:hr>
          </gpxtpx:TrackPointExtension>
        </extensions>
      </trkpt>
      <trkpt lat="31.833252696753267" lon="117.11085776348631">
        <ele>41.79999923706055</ele>
        <time>2026-08-07T12:15:04Z</time>
        <extensions>
          <gpxtpx:TrackPointExtension>
            <gpxtpx:hr>135</gpxtpx:hr>
          </gpxtpx:TrackPointExtension>
        </extensions>
      </trkpt>
      <trkpt lat="31.83322675190035" lon="117.11093779540495">
        <ele>41.79999923706055</ele>
        <time>2026-08-07T12:15:08Z</time>
        <extensions>
          <gpxtpx:TrackPointExtension>
            <gpxtpx:hr>135</gpxtpx:hr>
          </gpxtpx:TrackPointExtension>
        </extensions>
      </trkpt>
      <trkpt lat="31.833207806332087" lon="117.11101482582762">
        <ele>41.79999923706055</ele>
        <time>2026-08-07T12:15:12Z</time>
        <extensions>
          <gpxtpx:TrackPointExtension>
            <gpxtpx:hr>135</gpxtpx:hr>
          </gpxtpx:TrackPointExtension>
        </extensions>
      </trkpt>
      <trkpt lat="31.83319986682665" lon="117.11109685736047">
        <ele>41.79999923706055</ele>
        <time>2026-08-07T12:15:16Z</time>
        <extensions>
          <gpxtpx:TrackPointExtension>
            <gpxtpx:hr>135</gpxtpx:hr>
          </gpxtpx:TrackPointExtension>
        </extensions>
      </trkpt>
      <trkpt lat="31.833189928723016" lon="117.11118089014498">
        <ele>41.79999923706055</ele>
        <time>2026-08-07T12:15:20Z</time>
        <extensions>
          <gpxtpx:TrackPointExtension>
            <gpxtpx:hr>136</gpxtpx:hr>
          </gpxtpx:TrackPointExtension>
        </extensions>
      </trkpt>
      <trkpt lat="31.833178988407507" lon="117.11126192218562">
        <ele>41.79999923706055</ele>
        <time>2026-08-07T12:15:24Z</time>
        <extensions>
          <gpxtpx:TrackPointExtension>
            <gpxtpx:hr>136</gpxtpx:hr>
          </gpxtpx:TrackPointExtension>
        </extensions>
      </trkpt>
      <trkpt lat="31.833178051737768" lon="117.11134495434963">
        <ele>41.599998474121094</ele>
        <time>2026-08-07T12:15:28Z</time>
        <extensions>
          <gpxtpx:TrackPointExtension>
            <gpxtpx:hr>137</gpxtpx:hr>
          </gpxtpx:TrackPointExtension>
        </extensions>
      </trkpt>
      <trkpt lat="31.833178109355256" lon="117.1114199835923">
        <ele>41.79999923706055</ele>
        <time>2026-08-07T12:15:32Z</time>
        <extensions>
          <gpxtpx:TrackPointExtension>
            <gpxtpx:hr>136</gpxtpx:hr>
          </gpxtpx:TrackPointExtension>
        </extensions>
      </trkpt>
      <trkpt lat="31.833184173711327" lon="117.11150201528356">
        <ele>41.79999923706055</ele>
        <time>2026-08-07T12:15:36Z</time>
        <extensions>
          <gpxtpx:TrackPointExtension>
            <gpxtpx:hr>136</gpxtpx:hr>
          </gpxtpx:TrackPointExtension>
        </extensions>
      </trkpt>
      <trkpt lat="31.83318223294907" lon="117.11157904603708">
        <ele>41.79999923706055</ele>
        <time>2026-08-07T12:15:40Z</time>
        <extensions>
          <gpxtpx:TrackPointExtension>
            <gpxtpx:hr>136</gpxtpx:hr>
          </gpxtpx:TrackPointExtension>
        </extensions>
      </trkpt>
      <trkpt lat="31.8331732911035" lon="117.11165607771639">
        <ele>41.79999923706055</ele>
        <time>2026-08-07T12:15:44Z</time>
        <extensions>
          <gpxtpx:TrackPointExtension>
            <gpxtpx:hr>135</gpxtpx:hr>
          </gpxtpx:TrackPointExtension>
        </extensions>
      </trkpt>
      <trkpt lat="31.833165352792413" lon="117.1117371111869">
        <ele>41.79999923706055</ele>
        <time>2026-08-07T12:15:48Z</time>
        <extensions>
          <gpxtpx:TrackPointExtension>
            <gpxtpx:hr>136</gpxtpx:hr>
          </gpxtpx:TrackPointExtension>
        </extensions>
      </trkpt>
      <trkpt lat="31.83315941353087" lon="117.11181614394103">
        <ele>41.79999923706055</ele>
        <time>2026-08-07T12:15:52Z</time>
        <extensions>
          <gpxtpx:TrackPointExtension>
            <gpxtpx:hr>135</gpxtpx:hr>
          </gpxtpx:TrackPointExtension>
        </extensions>
      </trkpt>
      <trkpt lat="31.833151471767543" lon="117.1118921759233">
        <ele>41.79999923706055</ele>
        <time>2026-08-07T12:15:56Z</time>
        <extensions>
          <gpxtpx:TrackPointExtension>
            <gpxtpx:hr>135</gpxtpx:hr>
          </gpxtpx:TrackPointExtension>
        </extensions>
      </trkpt>
      <trkpt lat="31.833151534082656" lon="117.11197120865272">
        <ele>41.599998474121094</ele>
        <time>2026-08-07T12:16:00Z</time>
        <extensions>
          <gpxtpx:TrackPointExtension>
            <gpxtpx:hr>133</gpxtpx:hr>
          </gpxtpx:TrackPointExtension>
        </extensions>
      </trkpt>
      <trkpt lat="31.83314959863748" lon="117.1120532431064">
        <ele>41.599998474121094</ele>
        <time>2026-08-07T12:16:04Z</time>
        <extensions>
          <gpxtpx:TrackPointExtension>
            <gpxtpx:hr>134</gpxtpx:hr>
          </gpxtpx:TrackPointExtension>
        </extensions>
      </trkpt>
      <trkpt lat="31.833145664662812" lon="117.1121372788933">
        <ele>41.79999923706055</ele>
        <time>2026-08-07T12:16:08Z</time>
        <extensions>
          <gpxtpx:TrackPointExtension>
            <gpxtpx:hr>135</gpxtpx:hr>
          </gpxtpx:TrackPointExtension>
        </extensions>
      </trkpt>
      <trkpt lat="31.83314771768335" lon="117.11220330674384">
        <ele>41.79999923706055</ele>
        <time>2026-08-07T12:16:12Z</time>
        <extensions>
          <gpxtpx:TrackPointExtension>
            <gpxtpx:hr>135</gpxtpx:hr>
          </gpxtpx:TrackPointExtension>
        </extensions>
      </trkpt>
      <trkpt lat="31.833137778247142" lon="117.1122813410754">
        <ele>41.79999923706055</ele>
        <time>2026-08-07T12:16:16Z</time>
        <extensions>
          <gpxtpx:TrackPointExtension>
            <gpxtpx:hr>134</gpxtpx:hr>
          </gpxtpx:TrackPointExtension>
        </extensions>
      </trkpt>
      <trkpt lat="31.833131843807156" lon="117.11236437746336">
        <ele>41.599998474121094</ele>
        <time>2026-08-07T12:16:20Z</time>
        <extensions>
          <gpxtpx:TrackPointExtension>
            <gpxtpx:hr>135</gpxtpx:hr>
          </gpxtpx:TrackPointExtension>
        </extensions>
      </trkpt>
      <trkpt lat="31.833129910368957" lon="117.11244741377648">
        <ele>41.79999923706055</ele>
        <time>2026-08-07T12:16:24Z</time>
        <extensions>
          <gpxtpx:TrackPointExtension>
            <gpxtpx:hr>135</gpxtpx:hr>
          </gpxtpx:TrackPointExtension>
        </extensions>
      </trkpt>
      <trkpt lat="31.83313797256392" lon="117.11252244592269">
        <ele>41.79999923706055</ele>
        <time>2026-08-07T12:16:28Z</time>
        <extensions>
          <gpxtpx:TrackPointExtension>
            <gpxtpx:hr>136</gpxtpx:hr>
          </gpxtpx:TrackPointExtension>
        </extensions>
      </trkpt>
      <trkpt lat="31.83314404354558" lon="117.1126084833882">
        <ele>41.79999923706055</ele>
        <time>2026-08-07T12:16:32Z</time>
        <extensions>
          <gpxtpx:TrackPointExtension>
            <gpxtpx:hr>136</gpxtpx:hr>
          </gpxtpx:TrackPointExtension>
        </extensions>
      </trkpt>
      <trkpt lat="31.83313710992536" lon="117.11269152106462">
        <ele>41.79999923706055</ele>
        <time>2026-08-07T12:16:36Z</time>
        <extensions>
          <gpxtpx:TrackPointExtension>
            <gpxtpx:hr>137</gpxtpx:hr>
          </gpxtpx:TrackPointExtension>
        </extensions>
      </trkpt>
      <trkpt lat="31.833131173466352" lon="117.11277055714339">
        <ele>41.79999923706055</ele>
        <time>2026-08-07T12:16:40Z</time>
        <extensions>
          <gpxtpx:TrackPointExtension>
            <gpxtpx:hr>137</gpxtpx:hr>
          </gpxtpx:TrackPointExtension>
        </extensions>
      </trkpt>
      <trkpt lat="31.83312523065625" lon="117.11284158985949">
        <ele>41.599998474121094</ele>
        <time>2026-08-07T12:16:44Z</time>
        <extensions>
          <gpxtpx:TrackPointExtension>
            <gpxtpx:hr>138</gpxtpx:hr>
          </gpxtpx:TrackPointExtension>
        </extensions>
      </trkpt>
      <trkpt lat="31.833124295567274" lon="117.11292062598451">
        <ele>41.79999923706055</ele>
        <time>2026-08-07T12:16:48Z</time>
        <extensions>
          <gpxtpx:TrackPointExtension>
            <gpxtpx:hr>136</gpxtpx:hr>
          </gpxtpx:TrackPointExtension>
        </extensions>
      </trkpt>
      <trkpt lat="31.833117359589515" lon="117.11299966295009">
        <ele>41.79999923706055</ele>
        <time>2026-08-07T12:16:52Z</time>
        <extensions>
          <gpxtpx:TrackPointExtension>
            <gpxtpx:hr>134</gpxtpx:hr>
          </gpxtpx:TrackPointExtension>
        </extensions>
      </trkpt>
      <trkpt lat="31.83311842283978" lon="117.11307569803783">
        <ele>41.79999923706055</ele>
        <time>2026-08-07T12:16:56Z</time>
        <extensions>
          <gpxtpx:TrackPointExtension>
            <gpxtpx:hr>132</gpxtpx:hr>
          </gpxtpx:TrackPointExtension>
        </extensions>
      </trkpt>
      <trkpt lat="31.83311448787229" lon="117.11315473525457">
        <ele>41.79999923706055</ele>
        <time>2026-08-07T12:17:00Z</time>
        <extensions>
          <gpxtpx:TrackPointExtension>
            <gpxtpx:hr>132</gpxtpx:hr>
          </gpxtpx:TrackPointExtension>
        </extensions>
      </trkpt>
      <trkpt lat="31.833107558434655" lon="117.1132407763287">
        <ele>42.0</ele>
        <time>2026-08-07T12:17:04Z</time>
        <extensions>
          <gpxtpx:TrackPointExtension>
            <gpxtpx:hr>131</gpxtpx:hr>
          </gpxtpx:TrackPointExtension>
        </extensions>
      </trkpt>
      <trkpt lat="31.83310162273301" lon="117.11331881382768">
        <ele>42.0</ele>
        <time>2026-08-07T12:17:08Z</time>
        <extensions>
          <gpxtpx:TrackPointExtension>
            <gpxtpx:hr>130</gpxtpx:hr>
          </gpxtpx:TrackPointExtension>
        </extensions>
      </trkpt>
      <trkpt lat="31.833104689775798" lon="117.11339785121885">
        <ele>42.0</ele>
        <time>2026-08-07T12:17:12Z</time>
        <extensions>
          <gpxtpx:TrackPointExtension>
            <gpxtpx:hr>132</gpxtpx:hr>
          </gpxtpx:TrackPointExtension>
        </extensions>
      </trkpt>
      <trkpt lat="31.83310075489608" lon="117.11347588906146">
        <ele>42.0</ele>
        <time>2026-08-07T12:17:16Z</time>
        <extensions>
          <gpxtpx:TrackPointExtension>
            <gpxtpx:hr>133</gpxtpx:hr>
          </gpxtpx:TrackPointExtension>
        </extensions>
      </trkpt>
      <trkpt lat="31.833095821750128" lon="117.11355592823382">
        <ele>41.79999923706055</ele>
        <time>2026-08-07T12:17:20Z</time>
        <extensions>
          <gpxtpx:TrackPointExtension>
            <gpxtpx:hr>133</gpxtpx:hr>
          </gpxtpx:TrackPointExtension>
        </extensions>
      </trkpt>
      <trkpt lat="31.833103896373284" lon="117.11364196938885">
        <ele>42.0</ele>
        <time>2026-08-07T12:17:24Z</time>
        <extensions>
          <gpxtpx:TrackPointExtension>
            <gpxtpx:hr>134</gpxtpx:hr>
          </gpxtpx:TrackPointExtension>
        </extensions>
      </trkpt>
      <trkpt lat="31.8331039654999" lon="117.11372300915701">
        <ele>42.0</ele>
        <time>2026-08-07T12:17:28Z</time>
        <extensions>
          <gpxtpx:TrackPointExtension>
            <gpxtpx:hr>133</gpxtpx:hr>
          </gpxtpx:TrackPointExtension>
        </extensions>
      </trkpt>
      <trkpt lat="31.833097034418483" lon="117.11380505036757">
        <ele>42.0</ele>
        <time>2026-08-07T12:17:32Z</time>
        <extensions>
          <gpxtpx:TrackPointExtension>
            <gpxtpx:hr>133</gpxtpx:hr>
          </gpxtpx:TrackPointExtension>
        </extensions>
      </trkpt>
      <trkpt lat="31.833092093627265" lon="117.1138750856852">
        <ele>42.0</ele>
        <time>2026-08-07T12:17:36Z</time>
        <extensions>
          <gpxtpx:TrackPointExtension>
            <gpxtpx:hr>133</gpxtpx:hr>
          </gpxtpx:TrackPointExtension>
        </extensions>
      </trkpt>
      <trkpt lat="31.833093167945638" lon="117.11396112868972">
        <ele>41.79999923706055</ele>
        <time>2026-08-07T12:17:40Z</time>
        <extensions>
          <gpxtpx:TrackPointExtension>
            <gpxtpx:hr>134</gpxtpx:hr>
          </gpxtpx:TrackPointExtension>
        </extensions>
      </trkpt>
      <trkpt lat="31.833095239253012" lon="117.11404316989243">
        <ele>41.79999923706055</ele>
        <time>2026-08-07T12:17:44Z</time>
        <extensions>
          <gpxtpx:TrackPointExtension>
            <gpxtpx:hr>136</gpxtpx:hr>
          </gpxtpx:TrackPointExtension>
        </extensions>
      </trkpt>
      <trkpt lat="31.833081302604793" lon="117.1141192098386">
        <ele>42.0</ele>
        <time>2026-08-07T12:17:48Z</time>
        <extensions>
          <gpxtpx:TrackPointExtension>
            <gpxtpx:hr>137</gpxtpx:hr>
          </gpxtpx:TrackPointExtension>
        </extensions>
      </trkpt>
      <trkpt lat="31.833075368530025" lon="117.11419624979011">
        <ele>41.79999923706055</ele>
        <time>2026-08-07T12:17:52Z</time>
        <extensions>
          <gpxtpx:TrackPointExtension>
            <gpxtpx:hr>138</gpxtpx:hr>
          </gpxtpx:TrackPointExtension>
        </extensions>
      </trkpt>
      <trkpt lat="31.833080436721254" lon="117.11427328895643">
        <ele>41.79999923706055</ele>
        <time>2026-08-07T12:17:56Z</time>
        <extensions>
          <gpxtpx:TrackPointExtension>
            <gpxtpx:hr>141</gpxtpx:hr>
          </gpxtpx:TrackPointExtension>
        </extensions>
      </trkpt>
      <trkpt lat="31.83307450044334" lon="117.1143473278589">
        <ele>41.79999923706055</ele>
        <time>2026-08-07T12:18:00Z</time>
        <extensions>
          <gpxtpx:TrackPointExtension>
            <gpxtpx:hr>142</gpxtpx:hr>
          </gpxtpx:TrackPointExtension>
        </extensions>
      </trkpt>
      <trkpt lat="31.833078563587556" lon="117.11441836448256">
        <ele>41.79999923706055</ele>
        <time>2026-08-07T12:18:04Z</time>
        <extensions>
          <gpxtpx:TrackPointExtension>
            <gpxtpx:hr>141</gpxtpx:hr>
          </gpxtpx:TrackPointExtension>
        </extensions>
      </trkpt>
      <trkpt lat="31.83307963165148" lon="117.11449540476137">
        <ele>41.79999923706055</ele>
        <time>2026-08-07T12:18:08Z</time>
        <extensions>
          <gpxtpx:TrackPointExtension>
            <gpxtpx:hr>141</gpxtpx:hr>
          </gpxtpx:TrackPointExtension>
        </extensions>
      </trkpt>
      <trkpt lat="31.833085705290717" lon="117.1145774474684">
        <ele>41.79999923706055</ele>
        <time>2026-08-07T12:18:12Z</time>
        <extensions>
          <gpxtpx:TrackPointExtension>
            <gpxtpx:hr>139</gpxtpx:hr>
          </gpxtpx:TrackPointExtension>
        </extensions>
      </trkpt>
      <trkpt lat="31.833076781709256" lon="117.11466549508074">
        <ele>41.79999923706055</ele>
        <time>2026-08-07T12:18:16Z</time>
        <extensions>
          <gpxtpx:TrackPointExtension>
            <gpxtpx:hr>138</gpxtpx:hr>
          </gpxtpx:TrackPointExtension>
        </extensions>
      </trkpt>
      <trkpt lat="31.833076860084898" lon="117.1147535421731">
        <ele>41.79999923706055</ele>
        <time>2026-08-07T12:18:20Z</time>
        <extensions>
          <gpxtpx:TrackPointExtension>
            <gpxtpx:hr>138</gpxtpx:hr>
          </gpxtpx:TrackPointExtension>
        </extensions>
      </trkpt>
      <trkpt lat="31.833072936202683" lon="117.11483958889309">
        <ele>41.79999923706055</ele>
        <time>2026-08-07T12:18:24Z</time>
        <extensions>
          <gpxtpx:TrackPointExtension>
            <gpxtpx:hr>138</gpxtpx:hr>
          </gpxtpx:TrackPointExtension>
        </extensions>
      </trkpt>
      <trkpt lat="31.833074004536368" lon="117.11491563001431">
        <ele>41.79999923706055</ele>
        <time>2026-08-07T12:18:28Z</time>
        <extensions>
          <gpxtpx:TrackPointExtension>
            <gpxtpx:hr>139</gpxtpx:hr>
          </gpxtpx:TrackPointExtension>
        </extensions>
      </trkpt>
      <trkpt lat="31.833074077395242" lon="117.11499667421266">
        <ele>41.79999923706055</ele>
        <time>2026-08-07T12:18:32Z</time>
        <extensions>
          <gpxtpx:TrackPointExtension>
            <gpxtpx:hr>140</gpxtpx:hr>
          </gpxtpx:TrackPointExtension>
        </extensions>
      </trkpt>
      <trkpt lat="31.833063150246225" lon="117.11507972083243">
        <ele>42.0</ele>
        <time>2026-08-07T12:18:36Z</time>
        <extensions>
          <gpxtpx:TrackPointExtension>
            <gpxtpx:hr>140</gpxtpx:hr>
          </gpxtpx:TrackPointExtension>
        </extensions>
      </trkpt>
      <trkpt lat="31.833072223445686" lon="117.11515876363627">
        <ele>41.79999923706055</ele>
        <time>2026-08-07T12:18:40Z</time>
        <extensions>
          <gpxtpx:TrackPointExtension>
            <gpxtpx:hr>141</gpxtpx:hr>
          </gpxtpx:TrackPointExtension>
        </extensions>
      </trkpt>
      <trkpt lat="31.833066292252635" lon="117.11523580700864">
        <ele>42.0</ele>
        <time>2026-08-07T12:18:44Z</time>
        <extensions>
          <gpxtpx:TrackPointExtension>
            <gpxtpx:hr>141</gpxtpx:hr>
          </gpxtpx:TrackPointExtension>
        </extensions>
      </trkpt>
      <trkpt lat="31.833063370955166" lon="117.11532285595914">
        <ele>42.0</ele>
        <time>2026-08-07T12:18:48Z</time>
        <extensions>
          <gpxtpx:TrackPointExtension>
            <gpxtpx:hr>141</gpxtpx:hr>
          </gpxtpx:TrackPointExtension>
        </extensions>
      </trkpt>
      <trkpt lat="31.83306144462071" lon="117.11540390174713">
        <ele>42.0</ele>
        <time>2026-08-07T12:18:52Z</time>
        <extensions>
          <gpxtpx:TrackPointExtension>
            <gpxtpx:hr>139</gpxtpx:hr>
          </gpxtpx:TrackPointExtension>
        </extensions>
      </trkpt>
      <trkpt lat="31.833070514143294" lon="117.11547794279701">
        <ele>42.0</ele>
        <time>2026-08-07T12:18:56Z</time>
        <extensions>
          <gpxtpx:TrackPointExtension>
            <gpxtpx:hr>140</gpxtpx:hr>
          </gpxtpx:TrackPointExtension>
        </extensions>
      </trkpt>
      <trkpt lat="31.833064587510485" lon="117.11555898949459">
        <ele>42.0</ele>
        <time>2026-08-07T12:19:00Z</time>
        <extensions>
          <gpxtpx:TrackPointExtension>
            <gpxtpx:hr>139</gpxtpx:hr>
          </gpxtpx:TrackPointExtension>
        </extensions>
      </trkpt>
      <trkpt lat="31.833053662950785" lon="117.11564303866629">
        <ele>42.20000076293945</ele>
        <time>2026-08-07T12:19:04Z</time>
        <extensions>
          <gpxtpx:TrackPointExtension>
            <gpxtpx:hr>140</gpxtpx:hr>
          </gpxtpx:TrackPointExtension>
        </extensions>
      </trkpt>
      <trkpt lat="31.8330457364204" lon="117.1157240861173">
        <ele>42.0</ele>
        <time>2026-08-07T12:19:08Z</time>
        <extensions>
          <gpxtpx:TrackPointExtension>
            <gpxtpx:hr>139</gpxtpx:hr>
          </gpxtpx:TrackPointExtension>
        </extensions>
      </trkpt>
      <trkpt lat="31.833041811798438" lon="117.1158061340482">
        <ele>42.0</ele>
        <time>2026-08-07T12:19:12Z</time>
        <extensions>
          <gpxtpx:TrackPointExtension>
            <gpxtpx:hr>140</gpxtpx:hr>
          </gpxtpx:TrackPointExtension>
        </extensions>
      </trkpt>
      <trkpt lat="31.83304188816061" lon="117.11588818188389">
        <ele>42.0</ele>
        <time>2026-08-07T12:19:16Z</time>
        <extensions>
          <gpxtpx:TrackPointExtension>
            <gpxtpx:hr>139</gpxtpx:hr>
          </gpxtpx:TrackPointExtension>
        </extensions>
      </trkpt>
      <trkpt lat="31.833039964388032" lon="117.11597023019152">
        <ele>42.20000076293945</ele>
        <time>2026-08-07T12:19:20Z</time>
        <extensions>
          <gpxtpx:TrackPointExtension>
            <gpxtpx:hr>140</gpxtpx:hr>
          </gpxtpx:TrackPointExtension>
        </extensions>
      </trkpt>
      <trkpt lat="31.833029022288176" lon="117.11603426898391">
        <ele>42.0</ele>
        <time>2026-08-07T12:19:24Z</time>
        <extensions>
          <gpxtpx:TrackPointExtension>
            <gpxtpx:hr>137</gpxtpx:hr>
          </gpxtpx:TrackPointExtension>
        </extensions>
      </trkpt>
      <trkpt lat="31.83302808971947" lon="117.11610631175512">
        <ele>42.0</ele>
        <time>2026-08-07T12:19:28Z</time>
        <extensions>
          <gpxtpx:TrackPointExtension>
            <gpxtpx:hr>137</gpxtpx:hr>
          </gpxtpx:TrackPointExtension>
        </extensions>
      </trkpt>
      <trkpt lat="31.833020160743988" lon="117.11618335839243">
        <ele>42.0</ele>
        <time>2026-08-07T12:19:32Z</time>
        <extensions>
          <gpxtpx:TrackPointExtension>
            <gpxtpx:hr>137</gpxtpx:hr>
          </gpxtpx:TrackPointExtension>
        </extensions>
      </trkpt>
      <trkpt lat="31.83302223289597" lon="117.1162594037317">
        <ele>42.20000076293945</ele>
        <time>2026-08-07T12:19:36Z</time>
        <extensions>
          <gpxtpx:TrackPointExtension>
            <gpxtpx:hr>136</gpxtpx:hr>
          </gpxtpx:TrackPointExtension>
        </extensions>
      </trkpt>
      <trkpt lat="31.83302629993402" lon="117.11632944550128">
        <ele>42.20000076293945</ele>
        <time>2026-08-07T12:19:40Z</time>
        <extensions>
          <gpxtpx:TrackPointExtension>
            <gpxtpx:hr>136</gpxtpx:hr>
          </gpxtpx:TrackPointExtension>
        </extensions>
      </trkpt>
      <trkpt lat="31.833032375124287" lon="117.11640749213983">
        <ele>42.20000076293945</ele>
        <time>2026-08-07T12:19:44Z</time>
        <extensions>
          <gpxtpx:TrackPointExtension>
            <gpxtpx:hr>137</gpxtpx:hr>
          </gpxtpx:TrackPointExtension>
        </extensions>
      </trkpt>
      <trkpt lat="31.833032457040947" lon="117.11649354448178">
        <ele>42.20000076293945</ele>
        <time>2026-08-07T12:19:48Z</time>
        <extensions>
          <gpxtpx:TrackPointExtension>
            <gpxtpx:hr>136</gpxtpx:hr>
          </gpxtpx:TrackPointExtension>
        </extensions>
      </trkpt>
      <trkpt lat="31.83302553217061" lon="117.11657359411078">
        <ele>42.20000076293945</ele>
        <time>2026-08-07T12:19:52Z</time>
        <extensions>
          <gpxtpx:TrackPointExtension>
            <gpxtpx:hr>134</gpxtpx:hr>
          </gpxtpx:TrackPointExtension>
        </extensions>
      </trkpt>
      <trkpt lat="31.83302160424567" lon="117.11664964125461">
        <ele>42.0</ele>
        <time>2026-08-07T12:19:56Z</time>
        <extensions>
          <gpxtpx:TrackPointExtension>
            <gpxtpx:hr>134</gpxtpx:hr>
          </gpxtpx:TrackPointExtension>
        </extensions>
      </trkpt>
      <trkpt lat="31.833001671616177" lon="117.11672368891165">
        <ele>42.20000076293945</ele>
        <time>2026-08-07T12:20:00Z</time>
        <extensions>
          <gpxtpx:TrackPointExtension>
            <gpxtpx:hr>134</gpxtpx:hr>
          </gpxtpx:TrackPointExtension>
        </extensions>
      </trkpt>
      <trkpt lat="31.832983741480703" lon="117.11679973785333">
        <ele>42.20000076293945</ele>
        <time>2026-08-07T12:20:04Z</time>
        <extensions>
          <gpxtpx:TrackPointExtension>
            <gpxtpx:hr>135</gpxtpx:hr>
          </gpxtpx:TrackPointExtension>
        </extensions>
      </trkpt>
      <trkpt lat="31.832973820778694" lon="117.11688379129">
        <ele>42.20000076293945</ele>
        <time>2026-08-07T12:20:08Z</time>
        <extensions>
          <gpxtpx:TrackPointExtension>
            <gpxtpx:hr>135</gpxtpx:hr>
          </gpxtpx:TrackPointExtension>
        </extensions>
      </trkpt>
      <trkpt lat="31.83297490528526" lon="117.11697084586953">
        <ele>42.20000076293945</ele>
        <time>2026-08-07T12:20:12Z</time>
        <extensions>
          <gpxtpx:TrackPointExtension>
            <gpxtpx:hr>136</gpxtpx:hr>
          </gpxtpx:TrackPointExtension>
        </extensions>
      </trkpt>
      <trkpt lat="31.83298198241171" lon="117.11704889449219">
        <ele>42.400001525878906</ele>
        <time>2026-08-07T12:20:16Z</time>
        <extensions>
          <gpxtpx:TrackPointExtension>
            <gpxtpx:hr>137</gpxtpx:hr>
          </gpxtpx:TrackPointExtension>
        </extensions>
      </trkpt>
      <trkpt lat="31.833021061810793" lon="117.1171229377941">
        <ele>42.400001525878906</ele>
        <time>2026-08-07T12:20:20Z</time>
        <extensions>
          <gpxtpx:TrackPointExtension>
            <gpxtpx:hr>137</gpxtpx:hr>
          </gpxtpx:TrackPointExtension>
        </extensions>
      </trkpt>
      <trkpt lat="31.833063136089674" lon="117.1171909772018">
        <ele>42.400001525878906</ele>
        <time>2026-08-07T12:20:24Z</time>
        <extensions>
          <gpxtpx:TrackPointExtension>
            <gpxtpx:hr>136</gpxtpx:hr>
          </gpxtpx:TrackPointExtension>
        </extensions>
      </trkpt>
      <trkpt lat="31.83310621267822" lon="117.11726101799017">
        <ele>42.400001525878906</ele>
        <time>2026-08-07T12:20:28Z</time>
        <extensions>
          <gpxtpx:TrackPointExtension>
            <gpxtpx:hr>137</gpxtpx:hr>
          </gpxtpx:TrackPointExtension>
        </extensions>
      </trkpt>
      <trkpt lat="31.83315328231916" lon="117.11732305344282">
        <ele>42.599998474121094</ele>
        <time>2026-08-07T12:20:32Z</time>
        <extensions>
          <gpxtpx:TrackPointExtension>
            <gpxtpx:hr>137</gpxtpx:hr>
          </gpxtpx:TrackPointExtension>
        </extensions>
      </trkpt>
      <trkpt lat="31.83319634839343" lon="117.11738208749027">
        <ele>42.599998474121094</ele>
        <time>2026-08-07T12:20:36Z</time>
        <extensions>
          <gpxtpx:TrackPointExtension>
            <gpxtpx:hr>137</gpxtpx:hr>
          </gpxtpx:TrackPointExtension>
        </extensions>
      </trkpt>
      <trkpt lat="31.83324741016014" lon="117.11743511702743">
        <ele>42.79999923706055</ele>
        <time>2026-08-07T12:20:40Z</time>
        <extensions>
          <gpxtpx:TrackPointExtension>
            <gpxtpx:hr>137</gpxtpx:hr>
          </gpxtpx:TrackPointExtension>
        </extensions>
      </trkpt>
      <trkpt lat="31.83330648043976" lon="117.11749515048564">
        <ele>42.79999923706055</ele>
        <time>2026-08-07T12:20:44Z</time>
        <extensions>
          <gpxtpx:TrackPointExtension>
            <gpxtpx:hr>137</gpxtpx:hr>
          </gpxtpx:TrackPointExtension>
        </extensions>
      </trkpt>
      <trkpt lat="31.833354542847857" lon="117.11754918120675">
        <ele>42.599998474121094</ele>
        <time>2026-08-07T12:20:48Z</time>
        <extensions>
          <gpxtpx:TrackPointExtension>
            <gpxtpx:hr>138</gpxtpx:hr>
          </gpxtpx:TrackPointExtension>
        </extensions>
      </trkpt>
      <trkpt lat="31.833389607895377" lon="117.11760821655886">
        <ele>42.79999923706055</ele>
        <time>2026-08-07T12:20:52Z</time>
        <extensions>
          <gpxtpx:TrackPointExtension>
            <gpxtpx:hr>140</gpxtpx:hr>
          </gpxtpx:TrackPointExtension>
        </extensions>
      </trkpt>
      <trkpt lat="31.833421672503814" lon="117.11766725233744">
        <ele>43.0</ele>
        <time>2026-08-07T12:20:56Z</time>
        <extensions>
          <gpxtpx:TrackPointExtension>
            <gpxtpx:hr>139</gpxtpx:hr>
          </gpxtpx:TrackPointExtension>
        </extensions>
      </trkpt>
      <trkpt lat="31.833456740783713" lon="117.11772928995919">
        <ele>43.0</ele>
        <time>2026-08-07T12:21:00Z</time>
        <extensions>
          <gpxtpx:TrackPointExtension>
            <gpxtpx:hr>137</gpxtpx:hr>
          </gpxtpx:TrackPointExtension>
        </extensions>
      </trkpt>
      <trkpt lat="31.833490807011913" lon="117.117789326505">
        <ele>43.0</ele>
        <time>2026-08-07T12:21:04Z</time>
        <extensions>
          <gpxtpx:TrackPointExtension>
            <gpxtpx:hr>137</gpxtpx:hr>
          </gpxtpx:TrackPointExtension>
        </extensions>
      </trkpt>
      <trkpt lat="31.83352787592715" lon="117.11785136424722">
        <ele>43.0</ele>
        <time>2026-08-07T12:21:08Z</time>
        <extensions>
          <gpxtpx:TrackPointExtension>
            <gpxtpx:hr>138</gpxtpx:hr>
          </gpxtpx:TrackPointExtension>
        </extensions>
      </trkpt>
      <trkpt lat="31.83357994075414" lon="117.11790639604634">
        <ele>43.0</ele>
        <time>2026-08-07T12:21:12Z</time>
        <extensions>
          <gpxtpx:TrackPointExtension>
            <gpxtpx:hr>140</gpxtpx:hr>
          </gpxtpx:TrackPointExtension>
        </extensions>
      </trkpt>
      <trkpt lat="31.83361400835518" lon="117.11796743369739">
        <ele>43.20000076293945</ele>
        <time>2026-08-07T12:21:16Z</time>
        <extensions>
          <gpxtpx:TrackPointExtension>
            <gpxtpx:hr>141</gpxtpx:hr>
          </gpxtpx:TrackPointExtension>
        </extensions>
      </trkpt>
      <trkpt lat="31.83365608060087" lon="117.118031472765">
        <ele>43.20000076293945</ele>
        <time>2026-08-07T12:21:20Z</time>
        <extensions>
          <gpxtpx:TrackPointExtension>
            <gpxtpx:hr>141</gpxtpx:hr>
          </gpxtpx:TrackPointExtension>
        </extensions>
      </trkpt>
      <trkpt lat="31.833701155567688" lon="117.11809751306876">
        <ele>43.20000076293945</ele>
        <time>2026-08-07T12:21:24Z</time>
        <extensions>
          <gpxtpx:TrackPointExtension>
            <gpxtpx:hr>142</gpxtpx:hr>
          </gpxtpx:TrackPointExtension>
        </extensions>
      </trkpt>
      <trkpt lat="31.83374321899572" lon="117.11815254636521">
        <ele>43.400001525878906</ele>
        <time>2026-08-07T12:21:28Z</time>
        <extensions>
          <gpxtpx:TrackPointExtension>
            <gpxtpx:hr>143</gpxtpx:hr>
          </gpxtpx:TrackPointExtension>
        </extensions>
      </trkpt>
      <trkpt lat="31.8337892792225" lon="117.11820357668302">
        <ele>43.400001525878906</ele>
        <time>2026-08-07T12:21:32Z</time>
        <extensions>
          <gpxtpx:TrackPointExtension>
            <gpxtpx:hr>142</gpxtpx:hr>
          </gpxtpx:TrackPointExtension>
        </extensions>
      </trkpt>
      <trkpt lat="31.83382333932685" lon="117.1182566096071">
        <ele>43.400001525878906</ele>
        <time>2026-08-07T12:21:36Z</time>
        <extensions>
          <gpxtpx:TrackPointExtension>
            <gpxtpx:hr>143</gpxtpx:hr>
          </gpxtpx:TrackPointExtension>
        </extensions>
      </trkpt>
      <trkpt lat="31.83388141621879" lon="117.11832164859997">
        <ele>43.599998474121094</ele>
        <time>2026-08-07T12:21:40Z</time>
        <extensions>
          <gpxtpx:TrackPointExtension>
            <gpxtpx:hr>144</gpxtpx:hr>
          </gpxtpx:TrackPointExtension>
        </extensions>
      </trkpt>
      <trkpt lat="31.833934500479295" lon="117.11839469374416">
        <ele>43.599998474121094</ele>
        <time>2026-08-07T12:21:44Z</time>
        <extensions>
          <gpxtpx:TrackPointExtension>
            <gpxtpx:hr>143</gpxtpx:hr>
          </gpxtpx:TrackPointExtension>
        </extensions>
      </trkpt>
      <trkpt lat="31.833987579812256" lon="117.11846273564737">
        <ele>43.79999923706055</ele>
        <time>2026-08-07T12:21:48Z</time>
        <extensions>
          <gpxtpx:TrackPointExtension>
            <gpxtpx:hr>143</gpxtpx:hr>
          </gpxtpx:TrackPointExtension>
        </extensions>
      </trkpt>
      <trkpt lat="31.834030647191852" lon="117.11852077174491">
        <ele>44.20000076293945</ele>
        <time>2026-08-07T12:21:52Z</time>
        <extensions>
          <gpxtpx:TrackPointExtension>
            <gpxtpx:hr>143</gpxtpx:hr>
          </gpxtpx:TrackPointExtension>
        </extensions>
      </trkpt>
      <trkpt lat="31.834078720752824" lon="117.11858381098622">
        <ele>44.0</ele>
        <time>2026-08-07T12:21:56Z</time>
        <extensions>
          <gpxtpx:TrackPointExtension>
            <gpxtpx:hr>143</gpxtpx:hr>
          </gpxtpx:TrackPointExtension>
        </extensions>
      </trkpt>
      <trkpt lat="31.834127777160035" lon="117.11862983842066">
        <ele>44.20000076293945</ele>
        <time>2026-08-07T12:22:00Z</time>
        <extensions>
          <gpxtpx:TrackPointExtension>
            <gpxtpx:hr>143</gpxtpx:hr>
          </gpxtpx:TrackPointExtension>
        </extensions>
      </trkpt>
      <trkpt lat="31.834178840191356" lon="117.11868186995163">
        <ele>44.400001525878906</ele>
        <time>2026-08-07T12:22:04Z</time>
        <extensions>
          <gpxtpx:TrackPointExtension>
            <gpxtpx:hr>142</gpxtpx:hr>
          </gpxtpx:TrackPointExtension>
        </extensions>
      </trkpt>
      <trkpt lat="31.83423290387736" lon="117.11873390130808">
        <ele>44.400001525878906</ele>
        <time>2026-08-07T12:22:08Z</time>
        <extensions>
          <gpxtpx:TrackPointExtension>
            <gpxtpx:hr>141</gpxtpx:hr>
          </gpxtpx:TrackPointExtension>
        </extensions>
      </trkpt>
      <trkpt lat="31.834288970097287" lon="117.11878793399322">
        <ele>44.599998474121094</ele>
        <time>2026-08-07T12:22:12Z</time>
        <extensions>
          <gpxtpx:TrackPointExtension>
            <gpxtpx:hr>142</gpxtpx:hr>
          </gpxtpx:TrackPointExtension>
        </extensions>
      </trkpt>
      <trkpt lat="31.834334030219207" lon="117.11883796500987">
        <ele>44.79999923706055</ele>
        <time>2026-08-07T12:22:16Z</time>
        <extensions>
          <gpxtpx:TrackPointExtension>
            <gpxtpx:hr>143</gpxtpx:hr>
          </gpxtpx:TrackPointExtension>
        </extensions>
      </trkpt>
      <trkpt lat="31.83438708674246" lon="117.11888299182898">
        <ele>45.0</ele>
        <time>2026-08-07T12:22:20Z</time>
        <extensions>
          <gpxtpx:TrackPointExtension>
            <gpxtpx:hr>143</gpxtpx:hr>
          </gpxtpx:TrackPointExtension>
        </extensions>
      </trkpt>
      <trkpt lat="31.834441141447424" lon="117.11892601721497">
        <ele>45.0</ele>
        <time>2026-08-07T12:22:24Z</time>
        <extensions>
          <gpxtpx:TrackPointExtension>
            <gpxtpx:hr>144</gpxtpx:hr>
          </gpxtpx:TrackPointExtension>
        </extensions>
      </trkpt>
      <trkpt lat="31.834497216343248" lon="117.11898805601591">
        <ele>45.0</ele>
        <time>2026-08-07T12:22:28Z</time>
        <extensions>
          <gpxtpx:TrackPointExtension>
            <gpxtpx:hr>143</gpxtpx:hr>
          </gpxtpx:TrackPointExtension>
        </extensions>
      </trkpt>
      <trkpt lat="31.83455529070338" lon="117.11904909406718">
        <ele>45.0</ele>
        <time>2026-08-07T12:22:32Z</time>
        <extensions>
          <gpxtpx:TrackPointExtension>
            <gpxtpx:hr>142</gpxtpx:hr>
          </gpxtpx:TrackPointExtension>
        </extensions>
      </trkpt>
      <trkpt lat="31.834619362139314" lon="117.11910612883129">
        <ele>45.20000076293945</ele>
        <time>2026-08-07T12:22:36Z</time>
        <extensions>
          <gpxtpx:TrackPointExtension>
            <gpxtpx:hr>142</gpxtpx:hr>
          </gpxtpx:TrackPointExtension>
        </extensions>
      </trkpt>
      <trkpt lat="31.834673411949066" lon="117.1191441510081">
        <ele>45.20000076293945</ele>
        <time>2026-08-07T12:22:40Z</time>
        <extensions>
          <gpxtpx:TrackPointExtension>
            <gpxtpx:hr>143</gpxtpx:hr>
          </gpxtpx:TrackPointExtension>
        </extensions>
      </trkpt>
      <trkpt lat="31.834722471338267" lon="117.11919218092008">
        <ele>45.400001525878906</ele>
        <time>2026-08-07T12:22:44Z</time>
        <extensions>
          <gpxtpx:TrackPointExtension>
            <gpxtpx:hr>144</gpxtpx:hr>
          </gpxtpx:TrackPointExtension>
        </extensions>
      </trkpt>
      <trkpt lat="31.834776554816553" lon="117.1192622263578">
        <ele>45.400001525878906</ele>
        <time>2026-08-07T12:22:48Z</time>
        <extensions>
          <gpxtpx:TrackPointExtension>
            <gpxtpx:hr>144</gpxtpx:hr>
          </gpxtpx:TrackPointExtension>
        </extensions>
      </trkpt>
      <trkpt lat="31.8348356194264" lon="117.11931325772717">
        <ele>45.400001525878906</ele>
        <time>2026-08-07T12:22:52Z</time>
        <extensions>
          <gpxtpx:TrackPointExtension>
            <gpxtpx:hr>144</gpxtpx:hr>
          </gpxtpx:TrackPointExtension>
        </extensions>
      </trkpt>
      <trkpt lat="31.834899678748428" lon="117.11935828436324">
        <ele>45.400001525878906</ele>
        <time>2026-08-07T12:22:56Z</time>
        <extensions>
          <gpxtpx:TrackPointExtension>
            <gpxtpx:hr>143</gpxtpx:hr>
          </gpxtpx:TrackPointExtension>
        </extensions>
      </trkpt>
      <trkpt lat="31.834964721470662" lon="117.11938729932538">
        <ele>45.400001525878906</ele>
        <time>2026-08-07T12:23:00Z</time>
        <extensions>
          <gpxtpx:TrackPointExtension>
            <gpxtpx:hr>143</gpxtpx:hr>
          </gpxtpx:TrackPointExtension>
        </extensions>
      </trkpt>
      <trkpt lat="31.835044748065283" lon="117.11939829977632">
        <ele>45.599998474121094</ele>
        <time>2026-08-07T12:23:04Z</time>
        <extensions>
          <gpxtpx:TrackPointExtension>
            <gpxtpx:hr>144</gpxtpx:hr>
          </gpxtpx:TrackPointExtension>
        </extensions>
      </trkpt>
      <trkpt lat="31.83510975709931" lon="117.11939529144375">
        <ele>45.400001525878906</ele>
        <time>2026-08-07T12:23:08Z</time>
        <extensions>
          <gpxtpx:TrackPointExtension>
            <gpxtpx:hr>144</gpxtpx:hr>
          </gpxtpx:TrackPointExtension>
        </extensions>
      </trkpt>
      <trkpt lat="31.835179780772876" lon="117.11940529211455">
        <ele>45.400001525878906</ele>
        <time>2026-08-07T12:23:12Z</time>
        <extensions>
          <gpxtpx:TrackPointExtension>
            <gpxtpx:hr>146</gpxtpx:hr>
          </gpxtpx:TrackPointExtension>
        </extensions>
      </trkpt>
      <trkpt lat="31.835253790446902" lon="117.11940128220107">
        <ele>45.400001525878906</ele>
        <time>2026-08-07T12:23:16Z</time>
        <extensions>
          <gpxtpx:TrackPointExtension>
            <gpxtpx:hr>145</gpxtpx:hr>
          </gpxtpx:TrackPointExtension>
        </extensions>
      </trkpt>
      <trkpt lat="31.835323812020103" lon="117.11940928141551">
        <ele>45.400001525878906</ele>
        <time>2026-08-07T12:23:20Z</time>
        <extensions>
          <gpxtpx:TrackPointExtension>
            <gpxtpx:hr>145</gpxtpx:hr>
          </gpxtpx:TrackPointExtension>
        </extensions>
      </trkpt>
      <trkpt lat="31.835388847423417" lon="117.1194312913242">
        <ele>45.20000076293945</ele>
        <time>2026-08-07T12:23:24Z</time>
        <extensions>
          <gpxtpx:TrackPointExtension>
            <gpxtpx:hr>145</gpxtpx:hr>
          </gpxtpx:TrackPointExtension>
        </extensions>
      </trkpt>
      <trkpt lat="31.83546987635221" lon="117.11944429316121">
        <ele>45.20000076293945</ele>
        <time>2026-08-07T12:23:28Z</time>
        <extensions>
          <gpxtpx:TrackPointExtension>
            <gpxtpx:hr>145</gpxtpx:hr>
          </gpxtpx:TrackPointExtension>
        </extensions>
      </trkpt>
      <trkpt lat="31.83554591702167" lon="117.11946930425549">
        <ele>45.20000076293945</ele>
        <time>2026-08-07T12:23:32Z</time>
        <extensions>
          <gpxtpx:TrackPointExtension>
            <gpxtpx:hr>144</gpxtpx:hr>
          </gpxtpx:TrackPointExtension>
        </extensions>
      </trkpt>
      <trkpt lat="31.835604972493257" lon="117.1195113294441">
        <ele>45.400001525878906</ele>
        <time>2026-08-07T12:23:36Z</time>
        <extensions>
          <gpxtpx:TrackPointExtension>
            <gpxtpx:hr>144</gpxtpx:hr>
          </gpxtpx:TrackPointExtension>
        </extensions>
      </trkpt>
      <trkpt lat="31.835647035421477" lon="117.11956336366309">
        <ele>45.20000076293945</ele>
        <time>2026-08-07T12:23:40Z</time>
        <extensions>
          <gpxtpx:TrackPointExtension>
            <gpxtpx:hr>143</gpxtpx:hr>
          </gpxtpx:TrackPointExtension>
        </extensions>
      </trkpt>
      <trkpt lat="31.835676122532483" lon="117.11964041766969">
        <ele>45.20000076293945</ele>
        <time>2026-08-07T12:23:44Z</time>
        <extensions>
          <gpxtpx:TrackPointExtension>
            <gpxtpx:hr>141</gpxtpx:hr>
          </gpxtpx:TrackPointExtension>
        </extensions>
      </trkpt>
      <trkpt lat="31.83570122080047" lon="117.11972848045">
        <ele>45.20000076293945</ele>
        <time>2026-08-07T12:23:48Z</time>
        <extensions>
          <gpxtpx:TrackPointExtension>
            <gpxtpx:hr>138</gpxtpx:hr>
          </gpxtpx:TrackPointExtension>
        </extensions>
      </trkpt>
      <trkpt lat="31.835718322094362" lon="117.11982054727646">
        <ele>45.20000076293945</ele>
        <time>2026-08-07T12:23:52Z</time>
        <extensions>
          <gpxtpx:TrackPointExtension>
            <gpxtpx:hr>137</gpxtpx:hr>
          </gpxtpx:TrackPointExtension>
        </extensions>
      </trkpt>
      <trkpt lat="31.835733402953732" lon="117.11989360039762">
        <ele>45.20000076293945</ele>
        <time>2026-08-07T12:23:56Z</time>
        <extensions>
          <gpxtpx:TrackPointExtension>
            <gpxtpx:hr>135</gpxtpx:hr>
          </gpxtpx:TrackPointExtension>
        </extensions>
      </trkpt>
      <trkpt lat="31.83574148267459" lon="117.1199666543916">
        <ele>45.20000076293945</ele>
        <time>2026-08-07T12:24:00Z</time>
        <extensions>
          <gpxtpx:TrackPointExtension>
            <gpxtpx:hr>136</gpxtpx:hr>
          </gpxtpx:TrackPointExtension>
        </extensions>
      </trkpt>
      <trkpt lat="31.835759575205383" lon="117.12004971519603">
        <ele>45.400001525878906</ele>
        <time>2026-08-07T12:24:04Z</time>
        <extensions>
          <gpxtpx:TrackPointExtension>
            <gpxtpx:hr>135</gpxtpx:hr>
          </gpxtpx:TrackPointExtension>
        </extensions>
      </trkpt>
      <trkpt lat="31.835779670497548" lon="117.12013477759942">
        <ele>45.599998474121094</ele>
        <time>2026-08-07T12:24:08Z</time>
        <extensions>
          <gpxtpx:TrackPointExtension>
            <gpxtpx:hr>136</gpxtpx:hr>
          </gpxtpx:TrackPointExtension>
        </extensions>
      </trkpt>
      <trkpt lat="31.835776757380827" lon="117.12021583941696">
        <ele>45.79999923706055</ele>
        <time>2026-08-07T12:24:12Z</time>
        <extensions>
          <gpxtpx:TrackPointExtension>
            <gpxtpx:hr>136</gpxtpx:hr>
          </gpxtpx:TrackPointExtension>
        </extensions>
      </trkpt>
      <trkpt lat="31.835783845277916" lon="117.12029589978285">
        <ele>46.0</ele>
        <time>2026-08-07T12:24:16Z</time>
        <extensions>
          <gpxtpx:TrackPointExtension>
            <gpxtpx:hr>136</gpxtpx:hr>
          </gpxtpx:TrackPointExtension>
        </extensions>
      </trkpt>
      <trkpt lat="31.835800926578152" lon="117.12036795331561">
        <ele>46.0</ele>
        <time>2026-08-07T12:24:20Z</time>
        <extensions>
          <gpxtpx:TrackPointExtension>
            <gpxtpx:hr>137</gpxtpx:hr>
          </gpxtpx:TrackPointExtension>
        </extensions>
      </trkpt>
      <trkpt lat="31.835813024527166" lon="117.12045601985096">
        <ele>46.20000076293945</ele>
        <time>2026-08-07T12:24:24Z</time>
        <extensions>
          <gpxtpx:TrackPointExtension>
            <gpxtpx:hr>137</gpxtpx:hr>
          </gpxtpx:TrackPointExtension>
        </extensions>
      </trkpt>
      <trkpt lat="31.835821106697903" lon="117.12053007623392">
        <ele>46.599998474121094</ele>
        <time>2026-08-07T12:24:28Z</time>
        <extensions>
          <gpxtpx:TrackPointExtension>
            <gpxtpx:hr>138</gpxtpx:hr>
          </gpxtpx:TrackPointExtension>
        </extensions>
      </trkpt>
      <trkpt lat="31.8358321907069" lon="117.12060513332425">
        <ele>46.599998474121094</ele>
        <time>2026-08-07T12:24:32Z</time>
        <extensions>
          <gpxtpx:TrackPointExtension>
            <gpxtpx:hr>139</gpxtpx:hr>
          </gpxtpx:TrackPointExtension>
        </extensions>
      </trkpt>
      <trkpt lat="31.835838278345893" lon="117.12068419422555">
        <ele>46.599998474121094</ele>
        <time>2026-08-07T12:24:36Z</time>
        <extensions>
          <gpxtpx:TrackPointExtension>
            <gpxtpx:hr>139</gpxtpx:hr>
          </gpxtpx:TrackPointExtension>
        </extensions>
      </trkpt>
      <trkpt lat="31.835834363210385" lon="117.12076225553346">
        <ele>46.599998474121094</ele>
        <time>2026-08-07T12:24:40Z</time>
        <extensions>
          <gpxtpx:TrackPointExtension>
            <gpxtpx:hr>140</gpxtpx:hr>
          </gpxtpx:TrackPointExtension>
        </extensions>
      </trkpt>
      <trkpt lat="31.83583045047747" lon="117.12084231865023">
        <ele>46.599998474121094</ele>
        <time>2026-08-07T12:24:44Z</time>
        <extensions>
          <gpxtpx:TrackPointExtension>
            <gpxtpx:hr>140</gpxtpx:hr>
          </gpxtpx:TrackPointExtension>
        </extensions>
      </trkpt>
      <trkpt lat="31.83584055936252" lon="117.12093939410974">
        <ele>46.599998474121094</ele>
        <time>2026-08-07T12:24:48Z</time>
        <extensions>
          <gpxtpx:TrackPointExtension>
            <gpxtpx:hr>141</gpxtpx:hr>
          </gpxtpx:TrackPointExtension>
        </extensions>
      </trkpt>
      <trkpt lat="31.835850664123964" lon="117.12103246676222">
        <ele>46.79999923706055</ele>
        <time>2026-08-07T12:24:52Z</time>
        <extensions>
          <gpxtpx:TrackPointExtension>
            <gpxtpx:hr>142</gpxtpx:hr>
          </gpxtpx:TrackPointExtension>
        </extensions>
      </trkpt>
      <trkpt lat="31.83585575156919" lon="117.12111052827582">
        <ele>46.79999923706055</ele>
        <time>2026-08-07T12:24:56Z</time>
        <extensions>
          <gpxtpx:TrackPointExtension>
            <gpxtpx:hr>141</gpxtpx:hr>
          </gpxtpx:TrackPointExtension>
        </extensions>
      </trkpt>
      <trkpt lat="31.835857823071862" lon="117.12117457912356">
        <ele>47.0</ele>
        <time>2026-08-07T12:25:00Z</time>
        <extensions>
          <gpxtpx:TrackPointExtension>
            <gpxtpx:hr>139</gpxtpx:hr>
          </gpxtpx:TrackPointExtension>
        </extensions>
      </trkpt>
      <trkpt lat="31.835859899166103" lon="117.12124263333499">
        <ele>47.20000076293945</ele>
        <time>2026-08-07T12:25:04Z</time>
        <extensions>
          <gpxtpx:TrackPointExtension>
            <gpxtpx:hr>139</gpxtpx:hr>
          </gpxtpx:TrackPointExtension>
        </extensions>
      </trkpt>
      <trkpt lat="31.83588098456861" lon="117.12131568994928">
        <ele>47.20000076293945</ele>
        <time>2026-08-07T12:25:08Z</time>
        <extensions>
          <gpxtpx:TrackPointExtension>
            <gpxtpx:hr>138</gpxtpx:hr>
          </gpxtpx:TrackPointExtension>
        </extensions>
      </trkpt>
      <trkpt lat="31.83590606753894" lon="117.12138574397065">
        <ele>47.400001525878906</ele>
        <time>2026-08-07T12:25:12Z</time>
        <extensions>
          <gpxtpx:TrackPointExtension>
            <gpxtpx:hr>138</gpxtpx:hr>
          </gpxtpx:TrackPointExtension>
        </extensions>
      </trkpt>
      <trkpt lat="31.83593714170486" lon="117.12144679032953">
        <ele>47.599998474121094</ele>
        <time>2026-08-07T12:25:16Z</time>
        <extensions>
          <gpxtpx:TrackPointExtension>
            <gpxtpx:hr>137</gpxtpx:hr>
          </gpxtpx:TrackPointExtension>
        </extensions>
      </trkpt>
      <trkpt lat="31.835971210940688" lon="117.121502832491">
        <ele>47.400001525878906</ele>
        <time>2026-08-07T12:25:20Z</time>
        <extensions>
          <gpxtpx:TrackPointExtension>
            <gpxtpx:hr>135</gpxtpx:hr>
          </gpxtpx:TrackPointExtension>
        </extensions>
      </trkpt>
      <trkpt lat="31.83600429134076" lon="117.121568883005">
        <ele>47.400001525878906</ele>
        <time>2026-08-07T12:25:24Z</time>
        <extensions>
          <gpxtpx:TrackPointExtension>
            <gpxtpx:hr>135</gpxtpx:hr>
          </gpxtpx:TrackPointExtension>
        </extensions>
      </trkpt>
      <trkpt lat="31.83605736212035" lon="117.12162292200124">
        <ele>47.20000076293945</ele>
        <time>2026-08-07T12:25:28Z</time>
        <extensions>
          <gpxtpx:TrackPointExtension>
            <gpxtpx:hr>134</gpxtpx:hr>
          </gpxtpx:TrackPointExtension>
        </extensions>
      </trkpt>
      <trkpt lat="31.836106431114285" lon="117.12167596066975">
        <ele>47.20000076293945</ele>
        <time>2026-08-07T12:25:32Z</time>
        <extensions>
          <gpxtpx:TrackPointExtension>
            <gpxtpx:hr>135</gpxtpx:hr>
          </gpxtpx:TrackPointExtension>
        </extensions>
      </trkpt>
      <trkpt lat="31.836161485507972" lon="117.12171498740192">
        <ele>47.0</ele>
        <time>2026-08-07T12:25:36Z</time>
        <extensions>
          <gpxtpx:TrackPointExtension>
            <gpxtpx:hr>135</gpxtpx:hr>
          </gpxtpx:TrackPointExtension>
        </extensions>
      </trkpt>
      <trkpt lat="31.836225545040527" lon="117.12175701580482">
        <ele>46.79999923706055</ele>
        <time>2026-08-07T12:25:40Z</time>
        <extensions>
          <gpxtpx:TrackPointExtension>
            <gpxtpx:hr>135</gpxtpx:hr>
          </gpxtpx:TrackPointExtension>
        </extensions>
      </trkpt>
      <trkpt lat="31.836284602558155" lon="117.12179804392542">
        <ele>46.400001525878906</ele>
        <time>2026-08-07T12:25:44Z</time>
        <extensions>
          <gpxtpx:TrackPointExtension>
            <gpxtpx:hr>135</gpxtpx:hr>
          </gpxtpx:TrackPointExtension>
        </extensions>
      </trkpt>
      <trkpt lat="31.836340662968727" lon="117.12184207486709">
        <ele>46.400001525878906</ele>
        <time>2026-08-07T12:25:48Z</time>
        <extensions>
          <gpxtpx:TrackPointExtension>
            <gpxtpx:hr>135</gpxtpx:hr>
          </gpxtpx:TrackPointExtension>
        </extensions>
      </trkpt>
      <trkpt lat="31.83640671965055" lon="117.12188110080761">
        <ele>46.20000076293945</ele>
        <time>2026-08-07T12:25:52Z</time>
        <extensions>
          <gpxtpx:TrackPointExtension>
            <gpxtpx:hr>139</gpxtpx:hr>
          </gpxtpx:TrackPointExtension>
        </extensions>
      </trkpt>
      <trkpt lat="31.836467778851354" lon="117.12192312976141">
        <ele>46.0</ele>
        <time>2026-08-07T12:25:56Z</time>
        <extensions>
          <gpxtpx:TrackPointExtension>
            <gpxtpx:hr>139</gpxtpx:hr>
          </gpxtpx:TrackPointExtension>
        </extensions>
      </trkpt>
      <trkpt lat="31.836526829769277" lon="117.12195815316902">
        <ele>45.599998474121094</ele>
        <time>2026-08-07T12:26:00Z</time>
        <extensions>
          <gpxtpx:TrackPointExtension>
            <gpxtpx:hr>138</gpxtpx:hr>
          </gpxtpx:TrackPointExtension>
        </extensions>
      </trkpt>
      <trkpt lat="31.836587886800114" lon="117.1219981805857">
        <ele>45.599998474121094</ele>
        <time>2026-08-07T12:26:04Z</time>
        <extensions>
          <gpxtpx:TrackPointExtension>
            <gpxtpx:hr>136</gpxtpx:hr>
          </gpxtpx:TrackPointExtension>
        </extensions>
      </trkpt>
      <trkpt lat="31.836652946919155" lon="117.12204020934924">
        <ele>45.400001525878906</ele>
        <time>2026-08-07T12:26:08Z</time>
        <extensions>
          <gpxtpx:TrackPointExtension>
            <gpxtpx:hr>134</gpxtpx:hr>
          </gpxtpx:TrackPointExtension>
        </extensions>
      </trkpt>
      <trkpt lat="31.836728005557855" lon="117.12207923473416">
        <ele>45.20000076293945</ele>
        <time>2026-08-07T12:26:12Z</time>
        <extensions>
          <gpxtpx:TrackPointExtension>
            <gpxtpx:hr>135</gpxtpx:hr>
          </gpxtpx:TrackPointExtension>
        </extensions>
      </trkpt>
      <trkpt lat="31.836787057802486" lon="117.12211525918514">
        <ele>45.20000076293945</ele>
        <time>2026-08-07T12:26:16Z</time>
        <extensions>
          <gpxtpx:TrackPointExtension>
            <gpxtpx:hr>135</gpxtpx:hr>
          </gpxtpx:TrackPointExtension>
        </extensions>
      </trkpt>
      <trkpt lat="31.836843118677" lon="117.12215929065997">
        <ele>45.20000076293945</ele>
        <time>2026-08-07T12:26:20Z</time>
        <extensions>
          <gpxtpx:TrackPointExtension>
            <gpxtpx:hr>136</gpxtpx:hr>
          </gpxtpx:TrackPointExtension>
        </extensions>
      </trkpt>
      <trkpt lat="31.83690017178572" lon="117.1221963162477">
        <ele>45.20000076293945</ele>
        <time>2026-08-07T12:26:24Z</time>
        <extensions>
          <gpxtpx:TrackPointExtension>
            <gpxtpx:hr>136</gpxtpx:hr>
          </gpxtpx:TrackPointExtension>
        </extensions>
      </trkpt>
      <trkpt lat="31.8369522354635" lon="117.12224335075537">
        <ele>45.20000076293945</ele>
        <time>2026-08-07T12:26:28Z</time>
        <extensions>
          <gpxtpx:TrackPointExtension>
            <gpxtpx:hr>136</gpxtpx:hr>
          </gpxtpx:TrackPointExtension>
        </extensions>
      </trkpt>
      <trkpt lat="31.837015281772068" lon="117.12227337000735">
        <ele>45.20000076293945</ele>
        <time>2026-08-07T12:26:32Z</time>
        <extensions>
          <gpxtpx:TrackPointExtension>
            <gpxtpx:hr>135</gpxtpx:hr>
          </gpxtpx:TrackPointExtension>
        </extensions>
      </trkpt>
      <trkpt lat="31.837077352053967" lon="117.12232440707807">
        <ele>45.400001525878906</ele>
        <time>2026-08-07T12:26:36Z</time>
        <extensions>
          <gpxtpx:TrackPointExtension>
            <gpxtpx:hr>133</gpxtpx:hr>
          </gpxtpx:TrackPointExtension>
        </extensions>
      </trkpt>
      <trkpt lat="31.837137418590416" lon="117.12237244190271">
        <ele>45.400001525878906</ele>
        <time>2026-08-07T12:26:40Z</time>
        <extensions>
          <gpxtpx:TrackPointExtension>
            <gpxtpx:hr>133</gpxtpx:hr>
          </gpxtpx:TrackPointExtension>
        </extensions>
      </trkpt>
      <trkpt lat="31.83719147485045" lon="117.12241247061189">
        <ele>45.599998474121094</ele>
        <time>2026-08-07T12:26:44Z</time>
        <extensions>
          <gpxtpx:TrackPointExtension>
            <gpxtpx:hr>133</gpxtpx:hr>
          </gpxtpx:TrackPointExtension>
        </extensions>
      </trkpt>
      <trkpt lat="31.837252538253118" lon="117.12245750295862">
        <ele>45.79999923706055</ele>
        <time>2026-08-07T12:26:48Z</time>
        <extensions>
          <gpxtpx:TrackPointExtension>
            <gpxtpx:hr>135</gpxtpx:hr>
          </gpxtpx:TrackPointExtension>
        </extensions>
      </trkpt>
      <trkpt lat="31.837308576527708" lon="117.12248151802305">
        <ele>45.79999923706055</ele>
        <time>2026-08-07T12:26:52Z</time>
        <extensions>
          <gpxtpx:TrackPointExtension>
            <gpxtpx:hr>135</gpxtpx:hr>
          </gpxtpx:TrackPointExtension>
        </extensions>
      </trkpt>
      <trkpt lat="31.837370634443253" lon="117.12252154614119">
        <ele>46.20000076293945</ele>
        <time>2026-08-07T12:26:56Z</time>
        <extensions>
          <gpxtpx:TrackPointExtension>
            <gpxtpx:hr>135</gpxtpx:hr>
          </gpxtpx:TrackPointExtension>
        </extensions>
      </trkpt>
      <trkpt lat="31.83742969763026" lon="117.12256657886282">
        <ele>46.20000076293945</ele>
        <time>2026-08-07T12:27:00Z</time>
        <extensions>
          <gpxtpx:TrackPointExtension>
            <gpxtpx:hr>124</gpxtpx:hr>
          </gpxtpx:TrackPointExtension>
        </extensions>
      </trkpt>
      <trkpt lat="31.837486757030025" lon="117.12260860928933">
        <ele>46.20000076293945</ele>
        <time>2026-08-07T12:27:04Z</time>
        <extensions>
          <gpxtpx:TrackPointExtension>
            <gpxtpx:hr>129</gpxtpx:hr>
          </gpxtpx:TrackPointExtension>
        </extensions>
      </trkpt>
      <trkpt lat="31.837545802950327" lon="117.12263862933466">
        <ele>46.400001525878906</ele>
        <time>2026-08-07T12:27:08Z</time>
        <extensions>
          <gpxtpx:TrackPointExtension>
            <gpxtpx:hr>135</gpxtpx:hr>
          </gpxtpx:TrackPointExtension>
        </extensions>
      </trkpt>
      <trkpt lat="31.837602841561356" lon="117.12266264446892">
        <ele>46.599998474121094</ele>
        <time>2026-08-07T12:27:12Z</time>
        <extensions>
          <gpxtpx:TrackPointExtension>
            <gpxtpx:hr>138</gpxtpx:hr>
          </gpxtpx:TrackPointExtension>
        </extensions>
      </trkpt>
      <trkpt lat="31.837669882083503" lon="117.12268665867951">
        <ele>46.79999923706055</ele>
        <time>2026-08-07T12:27:16Z</time>
        <extensions>
          <gpxtpx:TrackPointExtension>
            <gpxtpx:hr>142</gpxtpx:hr>
          </gpxtpx:TrackPointExtension>
        </extensions>
      </trkpt>
      <trkpt lat="31.837727910470157" lon="117.12270166604772">
        <ele>46.79999923706055</ele>
        <time>2026-08-07T12:27:20Z</time>
        <extensions>
          <gpxtpx:TrackPointExtension>
            <gpxtpx:hr>144</gpxtpx:hr>
          </gpxtpx:TrackPointExtension>
        </extensions>
      </trkpt>
      <trkpt lat="31.837787959001002" lon="117.1227336878203">
        <ele>47.20000076293945</ele>
        <time>2026-08-07T12:27:24Z</time>
        <extensions>
          <gpxtpx:TrackPointExtension>
            <gpxtpx:hr>143</gpxtpx:hr>
          </gpxtpx:TrackPointExtension>
        </extensions>
      </trkpt>
      <trkpt lat="31.837847997096585" lon="117.12275670189784">
        <ele>47.400001525878906</ele>
        <time>2026-08-07T12:27:28Z</time>
        <extensions>
          <gpxtpx:TrackPointExtension>
            <gpxtpx:hr>143</gpxtpx:hr>
          </gpxtpx:TrackPointExtension>
        </extensions>
      </trkpt>
      <trkpt lat="31.837910030934133" lon="117.12277571236655">
        <ele>47.20000076293945</ele>
        <time>2026-08-07T12:27:32Z</time>
        <extensions>
          <gpxtpx:TrackPointExtension>
            <gpxtpx:hr>143</gpxtpx:hr>
          </gpxtpx:TrackPointExtension>
        </extensions>
      </trkpt>
      <trkpt lat="31.8379740616709" lon="117.1227917200783">
        <ele>47.20000076293945</ele>
        <time>2026-08-07T12:27:36Z</time>
        <extensions>
          <gpxtpx:TrackPointExtension>
            <gpxtpx:hr>143</gpxtpx:hr>
          </gpxtpx:TrackPointExtension>
        </extensions>
      </trkpt>
      <trkpt lat="31.83804108716254" lon="117.12280272321127">
        <ele>47.20000076293945</ele>
        <time>2026-08-07T12:27:40Z</time>
        <extensions>
          <gpxtpx:TrackPointExtension>
            <gpxtpx:hr>144</gpxtpx:hr>
          </gpxtpx:TrackPointExtension>
        </extensions>
      </trkpt>
      <trkpt lat="31.83810611111692" lon="117.12281272567662">
        <ele>47.0</ele>
        <time>2026-08-07T12:27:44Z</time>
        <extensions>
          <gpxtpx:TrackPointExtension>
            <gpxtpx:hr>145</gpxtpx:hr>
          </gpxtpx:TrackPointExtension>
        </extensions>
      </trkpt>
      <trkpt lat="31.838175128843496" lon="117.12281672259854">
        <ele>46.79999923706055</ele>
        <time>2026-08-07T12:27:48Z</time>
        <extensions>
          <gpxtpx:TrackPointExtension>
            <gpxtpx:hr>147</gpxtpx:hr>
          </gpxtpx:TrackPointExtension>
        </extensions>
      </trkpt>
      <trkpt lat="31.83824813801052" lon="117.12281271225179">
        <ele>46.400001525878906</ele>
        <time>2026-08-07T12:27:52Z</time>
        <extensions>
          <gpxtpx:TrackPointExtension>
            <gpxtpx:hr>148</gpxtpx:hr>
          </gpxtpx:TrackPointExtension>
        </extensions>
      </trkpt>
      <trkpt lat="31.838316152058166" lon="117.12281370668423">
        <ele>46.599998474121094</ele>
        <time>2026-08-07T12:27:56Z</time>
        <extensions>
          <gpxtpx:TrackPointExtension>
            <gpxtpx:hr>148</gpxtpx:hr>
          </gpxtpx:TrackPointExtension>
        </extensions>
      </trkpt>
      <trkpt lat="31.83837415722399" lon="117.12280869689488">
        <ele>46.400001525878906</ele>
        <time>2026-08-07T12:28:00Z</time>
        <extensions>
          <gpxtpx:TrackPointExtension>
            <gpxtpx:hr>149</gpxtpx:hr>
          </gpxtpx:TrackPointExtension>
        </extensions>
      </trkpt>
      <trkpt lat="31.838449158627398" lon="117.1227976803345">
        <ele>46.0</ele>
        <time>2026-08-07T12:28:04Z</time>
        <extensions>
          <gpxtpx:TrackPointExtension>
            <gpxtpx:hr>148</gpxtpx:hr>
          </gpxtpx:TrackPointExtension>
        </extensions>
      </trkpt>
      <trkpt lat="31.838526159252922" lon="117.12278566272933">
        <ele>45.79999923706055</ele>
        <time>2026-08-07T12:28:08Z</time>
        <extensions>
          <gpxtpx:TrackPointExtension>
            <gpxtpx:hr>148</gpxtpx:hr>
          </gpxtpx:TrackPointExtension>
        </extensions>
      </trkpt>
      <trkpt lat="31.838604164731056" lon="117.1227776484744">
        <ele>45.599998474121094</ele>
        <time>2026-08-07T12:28:12Z</time>
        <extensions>
          <gpxtpx:TrackPointExtension>
            <gpxtpx:hr>147</gpxtpx:hr>
          </gpxtpx:TrackPointExtension>
        </extensions>
      </trkpt>
      <trkpt lat="31.838670164447993" lon="117.12276663277764">
        <ele>45.599998474121094</ele>
        <time>2026-08-07T12:28:16Z</time>
        <extensions>
          <gpxtpx:TrackPointExtension>
            <gpxtpx:hr>146</gpxtpx:hr>
          </gpxtpx:TrackPointExtension>
        </extensions>
      </trkpt>
      <trkpt lat="31.83873915659923" lon="117.12274861078903">
        <ele>45.0</ele>
        <time>2026-08-07T12:28:20Z</time>
        <extensions>
          <gpxtpx:TrackPointExtension>
            <gpxtpx:hr>141</gpxtpx:hr>
          </gpxtpx:TrackPointExtension>
        </extensions>
      </trkpt>
      <trkpt lat="31.838803144327816" lon="117.12272758671104">
        <ele>44.599998474121094</ele>
        <time>2026-08-07T12:28:24Z</time>
        <extensions>
          <gpxtpx:TrackPointExtension>
            <gpxtpx:hr>139</gpxtpx:hr>
          </gpxtpx:TrackPointExtension>
        </extensions>
      </trkpt>
      <trkpt lat="31.838867137880978" lon="117.12271156693636">
        <ele>44.400001525878906</ele>
        <time>2026-08-07T12:28:28Z</time>
        <extensions>
          <gpxtpx:TrackPointExtension>
            <gpxtpx:hr>139</gpxtpx:hr>
          </gpxtpx:TrackPointExtension>
        </extensions>
      </trkpt>
      <trkpt lat="31.838941115927934" lon="117.12268053337753">
        <ele>44.20000076293945</ele>
        <time>2026-08-07T12:28:32Z</time>
        <extensions>
          <gpxtpx:TrackPointExtension>
            <gpxtpx:hr>140</gpxtpx:hr>
          </gpxtpx:TrackPointExtension>
        </extensions>
      </trkpt>
      <trkpt lat="31.839022089539093" lon="117.12264449491809">
        <ele>44.20000076293945</ele>
        <time>2026-08-07T12:28:36Z</time>
        <extensions>
          <gpxtpx:TrackPointExtension>
            <gpxtpx:hr>141</gpxtpx:hr>
          </gpxtpx:TrackPointExtension>
        </extensions>
      </trkpt>
      <trkpt lat="31.839094042954393" lon="117.12259244370641">
        <ele>44.0</ele>
        <time>2026-08-07T12:28:40Z</time>
        <extensions>
          <gpxtpx:TrackPointExtension>
            <gpxtpx:hr>141</gpxtpx:hr>
          </gpxtpx:TrackPointExtension>
        </extensions>
      </trkpt>
      <trkpt lat="31.8391650159304" lon="117.12255740716355">
        <ele>43.79999923706055</ele>
        <time>2026-08-07T12:28:44Z</time>
        <extensions>
          <gpxtpx:TrackPointExtension>
            <gpxtpx:hr>141</gpxtpx:hr>
          </gpxtpx:TrackPointExtension>
        </extensions>
      </trkpt>
      <trkpt lat="31.839233980478816" lon="117.1225153649049">
        <ele>43.599998474121094</ele>
        <time>2026-08-07T12:28:48Z</time>
        <extensions>
          <gpxtpx:TrackPointExtension>
            <gpxtpx:hr>140</gpxtpx:hr>
          </gpxtpx:TrackPointExtension>
        </extensions>
      </trkpt>
      <trkpt lat="31.839306950463122" lon="117.12247732572884">
        <ele>43.599998474121094</ele>
        <time>2026-08-07T12:28:52Z</time>
        <extensions>
          <gpxtpx:TrackPointExtension>
            <gpxtpx:hr>139</gpxtpx:hr>
          </gpxtpx:TrackPointExtension>
        </extensions>
      </trkpt>
      <trkpt lat="31.839370907256363" lon="117.12242927898865">
        <ele>43.400001525878906</ele>
        <time>2026-08-07T12:28:56Z</time>
        <extensions>
          <gpxtpx:TrackPointExtension>
            <gpxtpx:hr>138</gpxtpx:hr>
          </gpxtpx:TrackPointExtension>
        </extensions>
      </trkpt>
      <trkpt lat="31.839431843988358" lon="117.12236421826051">
        <ele>43.20000076293945</ele>
        <time>2026-08-07T12:29:00Z</time>
        <extensions>
          <gpxtpx:TrackPointExtension>
            <gpxtpx:hr>137</gpxtpx:hr>
          </gpxtpx:TrackPointExtension>
        </extensions>
      </trkpt>
      <trkpt lat="31.839486786608724" lon="117.12230516331174">
        <ele>43.20000076293945</ele>
        <time>2026-08-07T12:29:04Z</time>
        <extensions>
          <gpxtpx:TrackPointExtension>
            <gpxtpx:hr>136</gpxtpx:hr>
          </gpxtpx:TrackPointExtension>
        </extensions>
      </trkpt>
      <trkpt lat="31.839540744064674" lon="117.12225911951072">
        <ele>43.20000076293945</ele>
        <time>2026-08-07T12:29:08Z</time>
        <extensions>
          <gpxtpx:TrackPointExtension>
            <gpxtpx:hr>135</gpxtpx:hr>
          </gpxtpx:TrackPointExtension>
        </extensions>
      </trkpt>
      <trkpt lat="31.83959568917726" lon="117.1222020664735">
        <ele>43.20000076293945</ele>
        <time>2026-08-07T12:29:12Z</time>
        <extensions>
          <gpxtpx:TrackPointExtension>
            <gpxtpx:hr>136</gpxtpx:hr>
          </gpxtpx:TrackPointExtension>
        </extensions>
      </trkpt>
      <trkpt lat="31.839646617625732" lon="117.12213100223799">
        <ele>43.20000076293945</ele>
        <time>2026-08-07T12:29:16Z</time>
        <extensions>
          <gpxtpx:TrackPointExtension>
            <gpxtpx:hr>135</gpxtpx:hr>
          </gpxtpx:TrackPointExtension>
        </extensions>
      </trkpt>
      <trkpt lat="31.839696542624008" lon="117.12205693579098">
        <ele>43.20000076293945</ele>
        <time>2026-08-07T12:29:20Z</time>
        <extensions>
          <gpxtpx:TrackPointExtension>
            <gpxtpx:hr>135</gpxtpx:hr>
          </gpxtpx:TrackPointExtension>
        </extensions>
      </trkpt>
      <trkpt lat="31.83974348772694" lon="117.12200088477927">
        <ele>43.20000076293945</ele>
        <time>2026-08-07T12:29:24Z</time>
        <extensions>
          <gpxtpx:TrackPointExtension>
            <gpxtpx:hr>136</gpxtpx:hr>
          </gpxtpx:TrackPointExtension>
        </extensions>
      </trkpt>
      <trkpt lat="31.83979041019225" lon="117.12192481732777">
        <ele>43.20000076293945</ele>
        <time>2026-08-07T12:29:28Z</time>
        <extensions>
          <gpxtpx:TrackPointExtension>
            <gpxtpx:hr>135</gpxtpx:hr>
          </gpxtpx:TrackPointExtension>
        </extensions>
      </trkpt>
      <trkpt lat="31.83984034022128" lon="117.12185475476227">
        <ele>43.20000076293945</ele>
        <time>2026-08-07T12:29:32Z</time>
        <extensions>
          <gpxtpx:TrackPointExtension>
            <gpxtpx:hr>134</gpxtpx:hr>
          </gpxtpx:TrackPointExtension>
        </extensions>
      </trkpt>
      <trkpt lat="31.839894288156728" lon="117.12179970434391">
        <ele>43.20000076293945</ele>
        <time>2026-08-07T12:29:36Z</time>
        <extensions>
          <gpxtpx:TrackPointExtension>
            <gpxtpx:hr>132</gpxtpx:hr>
          </gpxtpx:TrackPointExtension>
        </extensions>
      </trkpt>
      <trkpt lat="31.83994823619125" lon="117.12174465404145">
        <ele>43.20000076293945</ele>
        <time>2026-08-07T12:29:40Z</time>
        <extensions>
          <gpxtpx:TrackPointExtension>
            <gpxtpx:hr>132</gpxtpx:hr>
          </gpxtpx:TrackPointExtension>
        </extensions>
      </trkpt>
      <trkpt lat="31.84000316645413" lon="117.12167359066795">
        <ele>43.20000076293945</ele>
        <time>2026-08-07T12:29:44Z</time>
        <extensions>
          <gpxtpx:TrackPointExtension>
            <gpxtpx:hr>135</gpxtpx:hr>
          </gpxtpx:TrackPointExtension>
        </extensions>
      </trkpt>
      <trkpt lat="31.84005610551178" lon="117.1216105342003">
        <ele>43.400001525878906</ele>
        <time>2026-08-07T12:29:48Z</time>
        <extensions>
          <gpxtpx:TrackPointExtension>
            <gpxtpx:hr>133</gpxtpx:hr>
          </gpxtpx:TrackPointExtension>
        </extensions>
      </trkpt>
      <trkpt lat="31.840107062314416" lon="117.12156349108936">
        <ele>43.20000076293945</ele>
        <time>2026-08-07T12:29:52Z</time>
        <extensions>
          <gpxtpx:TrackPointExtension>
            <gpxtpx:hr>134</gpxtpx:hr>
          </gpxtpx:TrackPointExtension>
        </extensions>
      </trkpt>
      <trkpt lat="31.840168043571506" lon="117.1215364633642">
        <ele>43.400001525878906</ele>
        <time>2026-08-07T12:29:56Z</time>
        <extensions>
          <gpxtpx:TrackPointExtension>
            <gpxtpx:hr>134</gpxtpx:hr>
          </gpxtpx:TrackPointExtension>
        </extensions>
      </trkpt>
      <trkpt lat="31.840233031233247" lon="117.12151443934765">
        <ele>43.400001525878906</ele>
        <time>2026-08-07T12:30:00Z</time>
        <extensions>
          <gpxtpx:TrackPointExtension>
            <gpxtpx:hr>136</gpxtpx:hr>
          </gpxtpx:TrackPointExtension>
        </extensions>
      </trkpt>
      <trkpt lat="31.840310032428988" lon="117.12150242232704">
        <ele>43.599998474121094</ele>
        <time>2026-08-07T12:30:04Z</time>
        <extensions>
          <gpxtpx:TrackPointExtension>
            <gpxtpx:hr>137</gpxtpx:hr>
          </gpxtpx:TrackPointExtension>
        </extensions>
      </trkpt>
      <trkpt lat="31.840385053464427" lon="117.12150842010415">
        <ele>43.599998474121094</ele>
        <time>2026-08-07T12:30:08Z</time>
        <extensions>
          <gpxtpx:TrackPointExtension>
            <gpxtpx:hr>137</gpxtpx:hr>
          </gpxtpx:TrackPointExtension>
        </extensions>
      </trkpt>
      <trkpt lat="31.840459081054664" lon="117.12152042284904">
        <ele>44.0</ele>
        <time>2026-08-07T12:30:12Z</time>
        <extensions>
          <gpxtpx:TrackPointExtension>
            <gpxtpx:hr>138</gpxtpx:hr>
          </gpxtpx:TrackPointExtension>
        </extensions>
      </trkpt>
      <trkpt lat="31.84053109703269" lon="117.12152241766499">
        <ele>44.599998474121094</ele>
        <time>2026-08-07T12:30:16Z</time>
        <extensions>
          <gpxtpx:TrackPointExtension>
            <gpxtpx:hr>144</gpxtpx:hr>
          </gpxtpx:TrackPointExtension>
        </extensions>
      </trkpt>
      <trkpt lat="31.840602129682917" lon="117.12153942476365">
        <ele>45.0</ele>
        <time>2026-08-07T12:30:20Z</time>
        <extensions>
          <gpxtpx:TrackPointExtension>
            <gpxtpx:hr>146</gpxtpx:hr>
          </gpxtpx:TrackPointExtension>
        </extensions>
      </trkpt>
      <trkpt lat="31.840667136462997" lon="117.12153441455358">
        <ele>45.400001525878906</ele>
        <time>2026-08-07T12:30:24Z</time>
        <extensions>
          <gpxtpx:TrackPointExtension>
            <gpxtpx:hr>147</gpxtpx:hr>
          </gpxtpx:TrackPointExtension>
        </extensions>
      </trkpt>
      <trkpt lat="31.840743153213698" lon="117.1215364089923">
        <ele>45.599998474121094</ele>
        <time>2026-08-07T12:30:28Z</time>
        <extensions>
          <gpxtpx:TrackPointExtension>
            <gpxtpx:hr>148</gpxtpx:hr>
          </gpxtpx:TrackPointExtension>
        </extensions>
      </trkpt>
      <trkpt lat="31.84081314971564" lon="117.1215213901867">
        <ele>45.599998474121094</ele>
        <time>2026-08-07T12:30:32Z</time>
        <extensions>
          <gpxtpx:TrackPointExtension>
            <gpxtpx:hr>148</gpxtpx:hr>
          </gpxtpx:TrackPointExtension>
        </extensions>
      </trkpt>
      <trkpt lat="31.84088313499753" lon="117.1214963632761">
        <ele>45.20000076293945</ele>
        <time>2026-08-07T12:30:36Z</time>
        <extensions>
          <gpxtpx:TrackPointExtension>
            <gpxtpx:hr>148</gpxtpx:hr>
          </gpxtpx:TrackPointExtension>
        </extensions>
      </trkpt>
      <trkpt lat="31.840953113570773" lon="117.12146533152898">
        <ele>44.400001525878906</ele>
        <time>2026-08-07T12:30:40Z</time>
        <extensions>
          <gpxtpx:TrackPointExtension>
            <gpxtpx:hr>147</gpxtpx:hr>
          </gpxtpx:TrackPointExtension>
        </extensions>
      </trkpt>
      <trkpt lat="31.841035093349127" lon="117.12143329787534">
        <ele>43.79999923706055</ele>
        <time>2026-08-07T12:30:44Z</time>
        <extensions>
          <gpxtpx:TrackPointExtension>
            <gpxtpx:hr>147</gpxtpx:hr>
          </gpxtpx:TrackPointExtension>
        </extensions>
      </trkpt>
      <trkpt lat="31.841105055198287" lon="117.12138725409456">
        <ele>43.20000076293945</ele>
        <time>2026-08-07T12:30:48Z</time>
        <extensions>
          <gpxtpx:TrackPointExtension>
            <gpxtpx:hr>146</gpxtpx:hr>
          </gpxtpx:TrackPointExtension>
        </extensions>
      </trkpt>
      <trkpt lat="31.841184041201533" lon="117.12136122565589">
        <ele>42.79999923706055</ele>
        <time>2026-08-07T12:30:52Z</time>
        <extensions>
          <gpxtpx:TrackPointExtension>
            <gpxtpx:hr>147</gpxtpx:hr>
          </gpxtpx:TrackPointExtension>
        </extensions>
      </trkpt>
      <trkpt lat="31.841253034260927" lon="117.12134320462985">
        <ele>43.0</ele>
        <time>2026-08-07T12:30:56Z</time>
        <extensions>
          <gpxtpx:TrackPointExtension>
            <gpxtpx:hr>146</gpxtpx:hr>
          </gpxtpx:TrackPointExtension>
        </extensions>
      </trkpt>
      <trkpt lat="31.841330026628324" lon="117.1213231812507">
        <ele>42.79999923706055</ele>
        <time>2026-08-07T12:31:00Z</time>
        <extensions>
          <gpxtpx:TrackPointExtension>
            <gpxtpx:hr>145</gpxtpx:hr>
          </gpxtpx:TrackPointExtension>
        </extensions>
      </trkpt>
      <trkpt lat="31.841395999047496" lon="117.12128714607252">
        <ele>43.0</ele>
        <time>2026-08-07T12:31:04Z</time>
        <extensions>
          <gpxtpx:TrackPointExtension>
            <gpxtpx:hr>143</gpxtpx:hr>
          </gpxtpx:TrackPointExtension>
        </extensions>
      </trkpt>
      <trkpt lat="31.841455965904448" lon="117.12124710830525">
        <ele>43.0</ele>
        <time>2026-08-07T12:31:08Z</time>
        <extensions>
          <gpxtpx:TrackPointExtension>
            <gpxtpx:hr>140</gpxtpx:hr>
          </gpxtpx:TrackPointExtension>
        </extensions>
      </trkpt>
      <trkpt lat="31.84151894675318" lon="117.12121907991909">
        <ele>43.0</ele>
        <time>2026-08-07T12:31:12Z</time>
        <extensions>
          <gpxtpx:TrackPointExtension>
            <gpxtpx:hr>138</gpxtpx:hr>
          </gpxtpx:TrackPointExtension>
        </extensions>
      </trkpt>
      <trkpt lat="31.841594950154988" lon="117.1212090647292">
        <ele>43.0</ele>
        <time>2026-08-07T12:31:16Z</time>
        <extensions>
          <gpxtpx:TrackPointExtension>
            <gpxtpx:hr>137</gpxtpx:hr>
          </gpxtpx:TrackPointExtension>
        </extensions>
      </trkpt>
      <trkpt lat="31.841667945197567" lon="117.12119204422989">
        <ele>43.0</ele>
        <time>2026-08-07T12:31:20Z</time>
        <extensions>
          <gpxtpx:TrackPointExtension>
            <gpxtpx:hr>134</gpxtpx:hr>
          </gpxtpx:TrackPointExtension>
        </extensions>
      </trkpt>
      <trkpt lat="31.841724914948266" lon="117.1211550092871">
        <ele>43.20000076293945</ele>
        <time>2026-08-07T12:31:24Z</time>
        <extensions>
          <gpxtpx:TrackPointExtension>
            <gpxtpx:hr>134</gpxtpx:hr>
          </gpxtpx:TrackPointExtension>
        </extensions>
      </trkpt>
      <trkpt lat="31.841782880494808" lon="117.12111397111677">
        <ele>43.20000076293945</ele>
        <time>2026-08-07T12:31:28Z</time>
        <extensions>
          <gpxtpx:TrackPointExtension>
            <gpxtpx:hr>134</gpxtpx:hr>
          </gpxtpx:TrackPointExtension>
        </extensions>
      </trkpt>
      <trkpt lat="31.841855867829302" lon="117.12108994511063">
        <ele>43.20000076293945</ele>
        <time>2026-08-07T12:31:32Z</time>
        <extensions>
          <gpxtpx:TrackPointExtension>
            <gpxtpx:hr>133</gpxtpx:hr>
          </gpxtpx:TrackPointExtension>
        </extensions>
      </trkpt>
      <trkpt lat="31.841926841498474" lon="117.12105390978414">
        <ele>43.20000076293945</ele>
        <time>2026-08-07T12:31:36Z</time>
        <extensions>
          <gpxtpx:TrackPointExtension>
            <gpxtpx:hr>133</gpxtpx:hr>
          </gpxtpx:TrackPointExtension>
        </extensions>
      </trkpt>
      <trkpt lat="31.842000829077346" lon="117.1210298837392">
        <ele>43.20000076293945</ele>
        <time>2026-08-07T12:31:40Z</time>
        <extensions>
          <gpxtpx:TrackPointExtension>
            <gpxtpx:hr>133</gpxtpx:hr>
          </gpxtpx:TrackPointExtension>
        </extensions>
      </trkpt>
      <trkpt lat="31.842072821829856" lon="117.12101086186732">
        <ele>43.20000076293945</ele>
        <time>2026-08-07T12:31:44Z</time>
        <extensions>
          <gpxtpx:TrackPointExtension>
            <gpxtpx:hr>132</gpxtpx:hr>
          </gpxtpx:TrackPointExtension>
        </extensions>
      </trkpt>
      <trkpt lat="31.84213881344729" lon="117.12099184057686">
        <ele>43.20000076293945</ele>
        <time>2026-08-07T12:31:48Z</time>
        <extensions>
          <gpxtpx:TrackPointExtension>
            <gpxtpx:hr>131</gpxtpx:hr>
          </gpxtpx:TrackPointExtension>
        </extensions>
      </trkpt>
      <trkpt lat="31.84219979195849" lon="117.12096181107526">
        <ele>43.20000076293945</ele>
        <time>2026-08-07T12:31:52Z</time>
        <extensions>
          <gpxtpx:TrackPointExtension>
            <gpxtpx:hr>131</gpxtpx:hr>
          </gpxtpx:TrackPointExtension>
        </extensions>
      </trkpt>
      <trkpt lat="31.842261779529835" lon="117.12093978783005">
        <ele>43.599998474121094</ele>
        <time>2026-08-07T12:31:56Z</time>
        <extensions>
          <gpxtpx:TrackPointExtension>
            <gpxtpx:hr>130</gpxtpx:hr>
          </gpxtpx:TrackPointExtension>
        </extensions>
      </trkpt>
      <trkpt lat="31.842328770285906" lon="117.12091976570848">
        <ele>43.599998474121094</ele>
        <time>2026-08-07T12:32:00Z</time>
        <extensions>
          <gpxtpx:TrackPointExtension>
            <gpxtpx:hr>132</gpxtpx:hr>
          </gpxtpx:TrackPointExtension>
        </extensions>
      </trkpt>
      <trkpt lat="31.842403800127695" lon="117.1209337696637">
        <ele>43.400001525878906</ele>
        <time>2026-08-07T12:32:04Z</time>
        <extensions>
          <gpxtpx:TrackPointExtension>
            <gpxtpx:hr>136</gpxtpx:hr>
          </gpxtpx:TrackPointExtension>
        </extensions>
      </trkpt>
      <trkpt lat="31.842471857377735" lon="117.12097379484084">
        <ele>43.79999923706055</ele>
        <time>2026-08-07T12:32:08Z</time>
        <extensions>
          <gpxtpx:TrackPointExtension>
            <gpxtpx:hr>137</gpxtpx:hr>
          </gpxtpx:TrackPointExtension>
        </extensions>
      </trkpt>
      <trkpt lat="31.842546911597132" lon="117.12100981624839">
        <ele>44.0</ele>
        <time>2026-08-07T12:32:12Z</time>
        <extensions>
          <gpxtpx:TrackPointExtension>
            <gpxtpx:hr>138</gpxtpx:hr>
          </gpxtpx:TrackPointExtension>
        </extensions>
      </trkpt>
      <trkpt lat="31.842612894382256" lon="117.12098278862658">
        <ele>44.20000076293945</ele>
        <time>2026-08-07T12:32:16Z</time>
        <extensions>
          <gpxtpx:TrackPointExtension>
            <gpxtpx:hr>136</gpxtpx:hr>
          </gpxtpx:TrackPointExtension>
        </extensions>
      </trkpt>
      <trkpt lat="31.842665853704347" lon="117.12093674725423">
        <ele>44.0</ele>
        <time>2026-08-07T12:32:20Z</time>
        <extensions>
          <gpxtpx:TrackPointExtension>
            <gpxtpx:hr>134</gpxtpx:hr>
          </gpxtpx:TrackPointExtension>
        </extensions>
      </trkpt>
      <trkpt lat="31.842727802692064" lon="117.12087969645007">
        <ele>43.599998474121094</ele>
        <time>2026-08-07T12:32:24Z</time>
        <extensions>
          <gpxtpx:TrackPointExtension>
            <gpxtpx:hr>133</gpxtpx:hr>
          </gpxtpx:TrackPointExtension>
        </extensions>
      </trkpt>
      <trkpt lat="31.842790749778466" lon="117.12082064410767">
        <ele>43.20000076293945</ele>
        <time>2026-08-07T12:32:28Z</time>
        <extensions>
          <gpxtpx:TrackPointExtension>
            <gpxtpx:hr>133</gpxtpx:hr>
          </gpxtpx:TrackPointExtension>
        </extensions>
      </trkpt>
      <trkpt lat="31.842843690665532" lon="117.12075758971605">
        <ele>43.0</ele>
        <time>2026-08-07T12:32:32Z</time>
        <extensions>
          <gpxtpx:TrackPointExtension>
            <gpxtpx:hr>133</gpxtpx:hr>
          </gpxtpx:TrackPointExtension>
        </extensions>
      </trkpt>
      <trkpt lat="31.84289964652066" lon="117.12070754534021">
        <ele>43.0</ele>
        <time>2026-08-07T12:32:36Z</time>
        <extensions>
          <gpxtpx:TrackPointExtension>
            <gpxtpx:hr>134</gpxtpx:hr>
          </gpxtpx:TrackPointExtension>
        </extensions>
      </trkpt>
      <trkpt lat="31.842949604593823" lon="117.1206605039656">
        <ele>43.400001525878906</ele>
        <time>2026-08-07T12:32:40Z</time>
        <extensions>
          <gpxtpx:TrackPointExtension>
            <gpxtpx:hr>138</gpxtpx:hr>
          </gpxtpx:TrackPointExtension>
        </extensions>
      </trkpt>
      <trkpt lat="31.842995545565323" lon="117.12059845140581">
        <ele>43.400001525878906</ele>
        <time>2026-08-07T12:32:44Z</time>
        <extensions>
          <gpxtpx:TrackPointExtension>
            <gpxtpx:hr>139</gpxtpx:hr>
          </gpxtpx:TrackPointExtension>
        </extensions>
      </trkpt>
      <trkpt lat="31.84303748589594" lon="117.12053639937469">
        <ele>43.599998474121094</ele>
        <time>2026-08-07T12:32:48Z</time>
        <extensions>
          <gpxtpx:TrackPointExtension>
            <gpxtpx:hr>138</gpxtpx:hr>
          </gpxtpx:TrackPointExtension>
        </extensions>
      </trkpt>
      <trkpt lat="31.843087438787784" lon="117.1204843544544">
        <ele>43.79999923706055</ele>
        <time>2026-08-07T12:32:52Z</time>
        <extensions>
          <gpxtpx:TrackPointExtension>
            <gpxtpx:hr>137</gpxtpx:hr>
          </gpxtpx:TrackPointExtension>
        </extensions>
      </trkpt>
      <trkpt lat="31.843140384730752" lon="117.12042530396833">
        <ele>44.0</ele>
        <time>2026-08-07T12:32:56Z</time>
        <extensions>
          <gpxtpx:TrackPointExtension>
            <gpxtpx:hr>138</gpxtpx:hr>
          </gpxtpx:TrackPointExtension>
        </extensions>
      </trkpt>
      <trkpt lat="31.843189330021282" lon="117.1203662539971">
        <ele>44.0</ele>
        <time>2026-08-07T12:33:00Z</time>
        <extensions>
          <gpxtpx:TrackPointExtension>
            <gpxtpx:hr>138</gpxtpx:hr>
          </gpxtpx:TrackPointExtension>
        </extensions>
      </trkpt>
      <trkpt lat="31.84320925359768" lon="117.12029219543557">
        <ele>44.20000076293945</ele>
        <time>2026-08-07T12:33:04Z</time>
        <extensions>
          <gpxtpx:TrackPointExtension>
            <gpxtpx:hr>138</gpxtpx:hr>
          </gpxtpx:TrackPointExtension>
        </extensions>
      </trkpt>
      <trkpt lat="31.84325019544844" lon="117.12023114500529">
        <ele>44.400001525878906</ele>
        <time>2026-08-07T12:33:08Z</time>
        <extensions>
          <gpxtpx:TrackPointExtension>
            <gpxtpx:hr>138</gpxtpx:hr>
          </gpxtpx:TrackPointExtension>
        </extensions>
      </trkpt>
      <trkpt lat="31.843277127176396" lon="117.12016309072963">
        <ele>44.599998474121094</ele>
        <time>2026-08-07T12:33:12Z</time>
        <extensions>
          <gpxtpx:TrackPointExtension>
            <gpxtpx:hr>138</gpxtpx:hr>
          </gpxtpx:TrackPointExtension>
        </extensions>
      </trkpt>
      <trkpt lat="31.84330106063513" lon="117.1200970384332">
        <ele>44.599998474121094</ele>
        <time>2026-08-07T12:33:16Z</time>
        <extensions>
          <gpxtpx:TrackPointExtension>
            <gpxtpx:hr>140</gpxtpx:hr>
          </gpxtpx:TrackPointExtension>
        </extensions>
      </trkpt>
      <trkpt lat="31.843331996659504" lon="117.1200319864006">
        <ele>44.79999923706055</ele>
        <time>2026-08-07T12:33:20Z</time>
        <extensions>
          <gpxtpx:TrackPointExtension>
            <gpxtpx:hr>141</gpxtpx:hr>
          </gpxtpx:TrackPointExtension>
        </extensions>
      </trkpt>
      <trkpt lat="31.84336393087167" lon="117.11996493293724">
        <ele>45.0</ele>
        <time>2026-08-07T12:33:24Z</time>
        <extensions>
          <gpxtpx:TrackPointExtension>
            <gpxtpx:hr>141</gpxtpx:hr>
          </gpxtpx:TrackPointExtension>
        </extensions>
      </trkpt>
      <trkpt lat="31.843384864188565" lon="117.11989888144058">
        <ele>45.599998474121094</ele>
        <time>2026-08-07T12:33:28Z</time>
        <extensions>
          <gpxtpx:TrackPointExtension>
            <gpxtpx:hr>141</gpxtpx:hr>
          </gpxtpx:TrackPointExtension>
        </extensions>
      </trkpt>
      <trkpt lat="31.843402809895025" lon="117.11984483935774">
        <ele>45.599998474121094</ele>
        <time>2026-08-07T12:33:32Z</time>
        <extensions>
          <gpxtpx:TrackPointExtension>
            <gpxtpx:hr>140</gpxtpx:hr>
          </gpxtpx:TrackPointExtension>
        </extensions>
      </trkpt>
      <trkpt lat="31.84342474366841" lon="117.11977878808004">
        <ele>45.400001525878906</ele>
        <time>2026-08-07T12:33:36Z</time>
        <extensions>
          <gpxtpx:TrackPointExtension>
            <gpxtpx:hr>141</gpxtpx:hr>
          </gpxtpx:TrackPointExtension>
        </extensions>
      </trkpt>
      <trkpt lat="31.843450666652085" lon="117.11970172844283">
        <ele>45.400001525878906</ele>
        <time>2026-08-07T12:33:40Z</time>
        <extensions>
          <gpxtpx:TrackPointExtension>
            <gpxtpx:hr>141</gpxtpx:hr>
          </gpxtpx:TrackPointExtension>
        </extensions>
      </trkpt>
      <trkpt lat="31.84346158694868" lon="117.11962467045979">
        <ele>45.79999923706055</ele>
        <time>2026-08-07T12:33:44Z</time>
        <extensions>
          <gpxtpx:TrackPointExtension>
            <gpxtpx:hr>143</gpxtpx:hr>
          </gpxtpx:TrackPointExtension>
        </extensions>
      </trkpt>
      <trkpt lat="31.843471503016563" lon="117.11954360986763">
        <ele>46.0</ele>
        <time>2026-08-07T12:33:48Z</time>
        <extensions>
          <gpxtpx:TrackPointExtension>
            <gpxtpx:hr>145</gpxtpx:hr>
          </gpxtpx:TrackPointExtension>
        </extensions>
      </trkpt>
      <trkpt lat="31.843489430347365" lon="117.11947155536541">
        <ele>46.20000076293945</ele>
        <time>2026-08-07T12:33:52Z</time>
        <extensions>
          <gpxtpx:TrackPointExtension>
            <gpxtpx:hr>146</gpxtpx:hr>
          </gpxtpx:TrackPointExtension>
        </extensions>
      </trkpt>
      <trkpt lat="31.843499343670278" lon="117.11938749308102">
        <ele>46.20000076293945</ele>
        <time>2026-08-07T12:33:56Z</time>
        <extensions>
          <gpxtpx:TrackPointExtension>
            <gpxtpx:hr>147</gpxtpx:hr>
          </gpxtpx:TrackPointExtension>
        </extensions>
      </trkpt>
      <trkpt lat="31.843497253870968" lon="117.11930243148808">
        <ele>46.400001525878906</ele>
        <time>2026-08-07T12:34:00Z</time>
        <extensions>
          <gpxtpx:TrackPointExtension>
            <gpxtpx:hr>147</gpxtpx:hr>
          </gpxtpx:TrackPointExtension>
        </extensions>
      </trkpt>
      <trkpt lat="31.843511166344936" lon="117.11921636794871">
        <ele>46.400001525878906</ele>
        <time>2026-08-07T12:34:04Z</time>
        <extensions>
          <gpxtpx:TrackPointExtension>
            <gpxtpx:hr>146</gpxtpx:hr>
          </gpxtpx:TrackPointExtension>
        </extensions>
      </trkpt>
      <trkpt lat="31.843519086272412" lon="117.11913831102025">
        <ele>46.20000076293945</ele>
        <time>2026-08-07T12:34:08Z</time>
        <extensions>
          <gpxtpx:TrackPointExtension>
            <gpxtpx:hr>145</gpxtpx:hr>
          </gpxtpx:TrackPointExtension>
        </extensions>
      </trkpt>
      <trkpt lat="31.843513013094082" lon="117.11906926210055">
        <ele>46.400001525878906</ele>
        <time>2026-08-07T12:34:12Z</time>
        <extensions>
          <gpxtpx:TrackPointExtension>
            <gpxtpx:hr>146</gpxtpx:hr>
          </gpxtpx:TrackPointExtension>
        </extensions>
      </trkpt>
      <trkpt lat="31.843507923627755" lon="117.1189842018735">
        <ele>46.400001525878906</ele>
        <time>2026-08-07T12:34:16Z</time>
        <extensions>
          <gpxtpx:TrackPointExtension>
            <gpxtpx:hr>145</gpxtpx:hr>
          </gpxtpx:TrackPointExtension>
        </extensions>
      </trkpt>
      <trkpt lat="31.843515843128635" lon="117.11890514496166">
        <ele>46.400001525878906</ele>
        <time>2026-08-07T12:34:20Z</time>
        <extensions>
          <gpxtpx:TrackPointExtension>
            <gpxtpx:hr>145</gpxtpx:hr>
          </gpxtpx:TrackPointExtension>
        </extensions>
      </trkpt>
      <trkpt lat="31.84352873175099" lon="117.11879506595936">
        <ele>46.0</ele>
        <time>2026-08-07T12:34:24Z</time>
        <extensions>
          <gpxtpx:TrackPointExtension>
            <gpxtpx:hr>147</gpxtpx:hr>
          </gpxtpx:TrackPointExtension>
        </extensions>
      </trkpt>
      <trkpt lat="31.843550643115236" lon="117.1187050006087">
        <ele>45.599998474121094</ele>
        <time>2026-08-07T12:34:28Z</time>
        <extensions>
          <gpxtpx:TrackPointExtension>
            <gpxtpx:hr>148</gpxtpx:hr>
          </gpxtpx:TrackPointExtension>
        </extensions>
      </trkpt>
      <trkpt lat="31.843582567981095" lon="117.11862594231431">
        <ele>45.400001525878906</ele>
        <time>2026-08-07T12:34:32Z</time>
        <extensions>
          <gpxtpx:TrackPointExtension>
            <gpxtpx:hr>146</gpxtpx:hr>
          </gpxtpx:TrackPointExtension>
        </extensions>
      </trkpt>
      <trkpt lat="31.843612502926167" lon="117.11855689141115">
        <ele>45.400001525878906</ele>
        <time>2026-08-07T12:34:36Z</time>
        <extensions>
          <gpxtpx:TrackPointExtension>
            <gpxtpx:hr>147</gpxtpx:hr>
          </gpxtpx:TrackPointExtension>
        </extensions>
      </trkpt>
      <trkpt lat="31.843647429790618" lon="117.1184788339974">
        <ele>45.400001525878906</ele>
        <time>2026-08-07T12:34:40Z</time>
        <extensions>
          <gpxtpx:TrackPointExtension>
            <gpxtpx:hr>147</gpxtpx:hr>
          </gpxtpx:TrackPointExtension>
        </extensions>
      </trkpt>
      <trkpt lat="31.84368536152068" lon="117.11840477930201">
        <ele>45.20000076293945</ele>
        <time>2026-08-07T12:34:44Z</time>
        <extensions>
          <gpxtpx:TrackPointExtension>
            <gpxtpx:hr>146</gpxtpx:hr>
          </gpxtpx:TrackPointExtension>
        </extensions>
      </trkpt>
      <trkpt lat="31.84372830457866" lon="117.11834073121808">
        <ele>44.79999923706055</ele>
        <time>2026-08-07T12:34:48Z</time>
        <extensions>
          <gpxtpx:TrackPointExtension>
            <gpxtpx:hr>147</gpxtpx:hr>
          </gpxtpx:TrackPointExtension>
        </extensions>
      </trkpt>
      <trkpt lat="31.84378425840767" lon="117.11828468754273">
        <ele>44.599998474121094</ele>
        <time>2026-08-07T12:34:52Z</time>
        <extensions>
          <gpxtpx:TrackPointExtension>
            <gpxtpx:hr>148</gpxtpx:hr>
          </gpxtpx:TrackPointExtension>
        </extensions>
      </trkpt>
      <trkpt lat="31.843849221178445" lon="117.11823564791764">
        <ele>44.20000076293945</ele>
        <time>2026-08-07T12:34:56Z</time>
        <extensions>
          <gpxtpx:TrackPointExtension>
            <gpxtpx:hr>149</gpxtpx:hr>
          </gpxtpx:TrackPointExtension>
        </extensions>
      </trkpt>
      <trkpt lat="31.84391017617515" lon="117.11817960400802">
        <ele>44.0</ele>
        <time>2026-08-07T12:35:00Z</time>
        <extensions>
          <gpxtpx:TrackPointExtension>
            <gpxtpx:hr>149</gpxtpx:hr>
          </gpxtpx:TrackPointExtension>
        </extensions>
      </trkpt>
      <trkpt lat="31.843960142302123" lon="117.11813657007924">
        <ele>43.79999923706055</ele>
        <time>2026-08-07T12:35:04Z</time>
        <extensions>
          <gpxtpx:TrackPointExtension>
            <gpxtpx:hr>148</gpxtpx:hr>
          </gpxtpx:TrackPointExtension>
        </extensions>
      </trkpt>
      <trkpt lat="31.844021120709932" lon="117.11810354195133">
        <ele>43.599998474121094</ele>
        <time>2026-08-07T12:35:08Z</time>
        <extensions>
          <gpxtpx:TrackPointExtension>
            <gpxtpx:hr>146</gpxtpx:hr>
          </gpxtpx:TrackPointExtension>
        </extensions>
      </trkpt>
      <trkpt lat="31.84409009363848" lon="117.11806350838354">
        <ele>43.400001525878906</ele>
        <time>2026-08-07T12:35:12Z</time>
        <extensions>
          <gpxtpx:TrackPointExtension>
            <gpxtpx:hr>144</gpxtpx:hr>
          </gpxtpx:TrackPointExtension>
        </extensions>
      </trkpt>
      <trkpt lat="31.844149064697092" lon="117.11802347582687">
        <ele>43.0</ele>
        <time>2026-08-07T12:35:16Z</time>
        <extensions>
          <gpxtpx:TrackPointExtension>
            <gpxtpx:hr>143</gpxtpx:hr>
          </gpxtpx:TrackPointExtension>
        </extensions>
      </trkpt>
      <trkpt lat="31.84421102734053" lon="117.11797443700577">
        <ele>42.79999923706055</ele>
        <time>2026-08-07T12:35:20Z</time>
        <extensions>
          <gpxtpx:TrackPointExtension>
            <gpxtpx:hr>141</gpxtpx:hr>
          </gpxtpx:TrackPointExtension>
        </extensions>
      </trkpt>
      <trkpt lat="31.84428700983653" lon="117.11794240834682">
        <ele>42.400001525878906</ele>
        <time>2026-08-07T12:35:24Z</time>
        <extensions>
          <gpxtpx:TrackPointExtension>
            <gpxtpx:hr>139</gpxtpx:hr>
          </gpxtpx:TrackPointExtension>
        </extensions>
      </trkpt>
      <trkpt lat="31.844353994648397" lon="117.11791438325719">
        <ele>42.20000076293945</ele>
        <time>2026-08-07T12:35:28Z</time>
        <extensions>
          <gpxtpx:TrackPointExtension>
            <gpxtpx:hr>138</gpxtpx:hr>
          </gpxtpx:TrackPointExtension>
        </extensions>
      </trkpt>
      <trkpt lat="31.844417983923485" lon="117.11789136182374">
        <ele>42.20000076293945</ele>
        <time>2026-08-07T12:35:32Z</time>
        <extensions>
          <gpxtpx:TrackPointExtension>
            <gpxtpx:hr>137</gpxtpx:hr>
          </gpxtpx:TrackPointExtension>
        </extensions>
      </trkpt>
      <trkpt lat="31.844488976573096" lon="117.11787034108423">
        <ele>42.0</ele>
        <time>2026-08-07T12:35:36Z</time>
        <extensions>
          <gpxtpx:TrackPointExtension>
            <gpxtpx:hr>137</gpxtpx:hr>
          </gpxtpx:TrackPointExtension>
        </extensions>
      </trkpt>
      <trkpt lat="31.844544945329975" lon="117.11782830779487">
        <ele>41.79999923706055</ele>
        <time>2026-08-07T12:35:40Z</time>
        <extensions>
          <gpxtpx:TrackPointExtension>
            <gpxtpx:hr>137</gpxtpx:hr>
          </gpxtpx:TrackPointExtension>
        </extensions>
      </trkpt>
      <trkpt lat="31.844608920688433" lon="117.11779127714075">
        <ele>41.599998474121094</ele>
        <time>2026-08-07T12:35:44Z</time>
        <extensions>
          <gpxtpx:TrackPointExtension>
            <gpxtpx:hr>139</gpxtpx:hr>
          </gpxtpx:TrackPointExtension>
        </extensions>
      </trkpt>
      <trkpt lat="31.84466188798644" lon="117.11774824360845">
        <ele>41.599998474121094</ele>
        <time>2026-08-07T12:35:48Z</time>
        <extensions>
          <gpxtpx:TrackPointExtension>
            <gpxtpx:hr>140</gpxtpx:hr>
          </gpxtpx:TrackPointExtension>
        </extensions>
      </trkpt>
      <trkpt lat="31.84471986328902" lon="117.11771221430382">
        <ele>41.599998474121094</ele>
        <time>2026-08-07T12:35:52Z</time>
        <extensions>
          <gpxtpx:TrackPointExtension>
            <gpxtpx:hr>140</gpxtpx:hr>
          </gpxtpx:TrackPointExtension>
        </extensions>
      </trkpt>
      <trkpt lat="31.844764821204283" lon="117.11766117639583">
        <ele>41.400001525878906</ele>
        <time>2026-08-07T12:35:56Z</time>
        <extensions>
          <gpxtpx:TrackPointExtension>
            <gpxtpx:hr>139</gpxtpx:hr>
          </gpxtpx:TrackPointExtension>
        </extensions>
      </trkpt>
      <trkpt lat="31.84478875828106" lon="117.11759312942334">
        <ele>41.400001525878906</ele>
        <time>2026-08-07T12:36:00Z</time>
        <extensions>
          <gpxtpx:TrackPointExtension>
            <gpxtpx:hr>140</gpxtpx:hr>
          </gpxtpx:TrackPointExtension>
        </extensions>
      </trkpt>
      <trkpt lat="31.844803678934323" lon="117.11751007369865">
        <ele>41.20000076293945</ele>
        <time>2026-08-07T12:36:04Z</time>
        <extensions>
          <gpxtpx:TrackPointExtension>
            <gpxtpx:hr>139</gpxtpx:hr>
          </gpxtpx:TrackPointExtension>
        </extensions>
      </trkpt>
      <trkpt lat="31.84483260450262" lon="117.11742901823094">
        <ele>41.20000076293945</ele>
        <time>2026-08-07T12:36:08Z</time>
        <extensions>
          <gpxtpx:TrackPointExtension>
            <gpxtpx:hr>137</gpxtpx:hr>
          </gpxtpx:TrackPointExtension>
        </extensions>
      </trkpt>
      <trkpt lat="31.84483353473123" lon="117.1173579721432">
        <ele>41.0</ele>
        <time>2026-08-07T12:36:12Z</time>
        <extensions>
          <gpxtpx:TrackPointExtension>
            <gpxtpx:hr>134</gpxtpx:hr>
          </gpxtpx:TrackPointExtension>
        </extensions>
      </trkpt>
      <trkpt lat="31.84482844631042" lon="117.11726891525606">
        <ele>41.0</ele>
        <time>2026-08-07T12:36:16Z</time>
        <extensions>
          <gpxtpx:TrackPointExtension>
            <gpxtpx:hr>133</gpxtpx:hr>
          </gpxtpx:TrackPointExtension>
        </extensions>
      </trkpt>
      <trkpt lat="31.84481536346654" lon="117.11718686392628">
        <ele>40.79999923706055</ele>
        <time>2026-08-07T12:36:20Z</time>
        <extensions>
          <gpxtpx:TrackPointExtension>
            <gpxtpx:hr>136</gpxtpx:hr>
          </gpxtpx:TrackPointExtension>
        </extensions>
      </trkpt>
      <trkpt lat="31.844807286699286" lon="117.11710981558102">
        <ele>40.79999923706055</ele>
        <time>2026-08-07T12:36:24Z</time>
        <extensions>
          <gpxtpx:TrackPointExtension>
            <gpxtpx:hr>138</gpxtpx:hr>
          </gpxtpx:TrackPointExtension>
        </extensions>
      </trkpt>
      <trkpt lat="31.844802199045326" lon="117.11702075960498">
        <ele>41.0</ele>
        <time>2026-08-07T12:36:28Z</time>
        <extensions>
          <gpxtpx:TrackPointExtension>
            <gpxtpx:hr>138</gpxtpx:hr>
          </gpxtpx:TrackPointExtension>
        </extensions>
      </trkpt>
      <trkpt lat="31.844798114768626" lon="117.11693470574848">
        <ele>40.79999923706055</ele>
        <time>2026-08-07T12:36:32Z</time>
        <extensions>
          <gpxtpx:TrackPointExtension>
            <gpxtpx:hr>139</gpxtpx:hr>
          </gpxtpx:TrackPointExtension>
        </extensions>
      </trkpt>
      <trkpt lat="31.844781024374058" lon="117.11684465092746">
        <ele>41.0</ele>
        <time>2026-08-07T12:36:36Z</time>
        <extensions>
          <gpxtpx:TrackPointExtension>
            <gpxtpx:hr>139</gpxtpx:hr>
          </gpxtpx:TrackPointExtension>
        </extensions>
      </trkpt>
      <trkpt lat="31.84476794563207" lon="117.11676560290189">
        <ele>41.0</ele>
        <time>2026-08-07T12:36:40Z</time>
        <extensions>
          <gpxtpx:TrackPointExtension>
            <gpxtpx:hr>139</gpxtpx:hr>
          </gpxtpx:TrackPointExtension>
        </extensions>
      </trkpt>
      <trkpt lat="31.84475087114061" lon="117.11669155860731">
        <ele>40.79999923706055</ele>
        <time>2026-08-07T12:36:44Z</time>
        <extensions>
          <gpxtpx:TrackPointExtension>
            <gpxtpx:hr>138</gpxtpx:hr>
          </gpxtpx:TrackPointExtension>
        </extensions>
      </trkpt>
      <trkpt lat="31.84474380260547" lon="117.11662151605745">
        <ele>40.79999923706055</ele>
        <time>2026-08-07T12:36:48Z</time>
        <extensions>
          <gpxtpx:TrackPointExtension>
            <gpxtpx:hr>138</gpxtpx:hr>
          </gpxtpx:TrackPointExtension>
        </extensions>
      </trkpt>
      <trkpt lat="31.84475273255109" lon="117.11654646913358">
        <ele>40.79999923706055</ele>
        <time>2026-08-07T12:36:52Z</time>
        <extensions>
          <gpxtpx:TrackPointExtension>
            <gpxtpx:hr>137</gpxtpx:hr>
          </gpxtpx:TrackPointExtension>
        </extensions>
      </trkpt>
      <trkpt lat="31.844744650833743" lon="117.11646241856765">
        <ele>40.599998474121094</ele>
        <time>2026-08-07T12:36:56Z</time>
        <extensions>
          <gpxtpx:TrackPointExtension>
            <gpxtpx:hr>138</gpxtpx:hr>
          </gpxtpx:TrackPointExtension>
        </extensions>
      </trkpt>
      <trkpt lat="31.84473356973507" lon="117.11637936918567">
        <ele>40.599998474121094</ele>
        <time>2026-08-07T12:37:00Z</time>
        <extensions>
          <gpxtpx:TrackPointExtension>
            <gpxtpx:hr>138</gpxtpx:hr>
          </gpxtpx:TrackPointExtension>
        </extensions>
      </trkpt>
      <trkpt lat="31.844719486405335" lon="117.11629431917072">
        <ele>40.79999923706055</ele>
        <time>2026-08-07T12:37:04Z</time>
        <extensions>
          <gpxtpx:TrackPointExtension>
            <gpxtpx:hr>138</gpxtpx:hr>
          </gpxtpx:TrackPointExtension>
        </extensions>
      </trkpt>
      <trkpt lat="31.844705415605848" lon="117.11622227724403">
        <ele>40.599998474121094</ele>
        <time>2026-08-07T12:37:08Z</time>
        <extensions>
          <gpxtpx:TrackPointExtension>
            <gpxtpx:hr>137</gpxtpx:hr>
          </gpxtpx:TrackPointExtension>
        </extensions>
      </trkpt>
      <trkpt lat="31.844692348008298" lon="117.11615323722852">
        <ele>40.79999923706055</ele>
        <time>2026-08-07T12:37:12Z</time>
        <extensions>
          <gpxtpx:TrackPointExtension>
            <gpxtpx:hr>136</gpxtpx:hr>
          </gpxtpx:TrackPointExtension>
        </extensions>
      </trkpt>
      <trkpt lat="31.844684273088507" lon="117.11607519160033">
        <ele>40.79999923706055</ele>
        <time>2026-08-07T12:37:16Z</time>
        <extensions>
          <gpxtpx:TrackPointExtension>
            <gpxtpx:hr>137</gpxtpx:hr>
          </gpxtpx:TrackPointExtension>
        </extensions>
      </trkpt>
      <trkpt lat="31.84466619270732" lon="117.11599314481472">
        <ele>40.79999923706055</ele>
        <time>2026-08-07T12:37:20Z</time>
        <extensions>
          <gpxtpx:TrackPointExtension>
            <gpxtpx:hr>137</gpxtpx:hr>
          </gpxtpx:TrackPointExtension>
        </extensions>
      </trkpt>
      <trkpt lat="31.84463110368231" lon="117.11590509640376">
        <ele>41.20000076293945</ele>
        <time>2026-08-07T12:37:24Z</time>
        <extensions>
          <gpxtpx:TrackPointExtension>
            <gpxtpx:hr>138</gpxtpx:hr>
          </gpxtpx:TrackPointExtension>
        </extensions>
      </trkpt>
      <trkpt lat="31.84460101589706" lon="117.11581704784537">
        <ele>41.20000076293945</ele>
        <time>2026-08-07T12:37:28Z</time>
        <extensions>
          <gpxtpx:TrackPointExtension>
            <gpxtpx:hr>137</gpxtpx:hr>
          </gpxtpx:TrackPointExtension>
        </extensions>
      </trkpt>
      <trkpt lat="31.844566939670027" lon="117.11574200751548">
        <ele>41.20000076293945</ele>
        <time>2026-08-07T12:37:32Z</time>
        <extensions>
          <gpxtpx:TrackPointExtension>
            <gpxtpx:hr>137</gpxtpx:hr>
          </gpxtpx:TrackPointExtension>
        </extensions>
      </trkpt>
      <trkpt lat="31.844526868960585" lon="117.11567397202253">
        <ele>41.20000076293945</ele>
        <time>2026-08-07T12:37:36Z</time>
        <extensions>
          <gpxtpx:TrackPointExtension>
            <gpxtpx:hr>138</gpxtpx:hr>
          </gpxtpx:TrackPointExtension>
        </extensions>
      </trkpt>
      <trkpt lat="31.844470822103208" lon="117.11563495488213">
        <ele>42.0</ele>
        <time>2026-08-07T12:37:40Z</time>
        <extensions>
          <gpxtpx:TrackPointExtension>
            <gpxtpx:hr>138</gpxtpx:hr>
          </gpxtpx:TrackPointExtension>
        </extensions>
      </trkpt>
      <trkpt lat="31.844398786054878" lon="117.11561094791769">
        <ele>41.599998474121094</ele>
        <time>2026-08-07T12:37:44Z</time>
        <extensions>
          <gpxtpx:TrackPointExtension>
            <gpxtpx:hr>137</gpxtpx:hr>
          </gpxtpx:TrackPointExtension>
        </extensions>
      </trkpt>
      <trkpt lat="31.844335762832475" lon="117.11559894699914">
        <ele>41.400001525878906</ele>
        <time>2026-08-07T12:37:48Z</time>
        <extensions>
          <gpxtpx:TrackPointExtension>
            <gpxtpx:hr>138</gpxtpx:hr>
          </gpxtpx:TrackPointExtension>
        </extensions>
      </trkpt>
      <trkpt lat="31.84425973157929" lon="117.11558094388238">
        <ele>41.79999923706055</ele>
        <time>2026-08-07T12:37:52Z</time>
        <extensions>
          <gpxtpx:TrackPointExtension>
            <gpxtpx:hr>139</gpxtpx:hr>
          </gpxtpx:TrackPointExtension>
        </extensions>
      </trkpt>
      <trkpt lat="31.844186705525452" lon="117.11556794335343">
        <ele>41.79999923706055</ele>
        <time>2026-08-07T12:37:56Z</time>
        <extensions>
          <gpxtpx:TrackPointExtension>
            <gpxtpx:hr>142</gpxtpx:hr>
          </gpxtpx:TrackPointExtension>
        </extensions>
      </trkpt>
      <trkpt lat="31.844136669183428" lon="117.11553893152252">
        <ele>42.0</ele>
        <time>2026-08-07T12:38:00Z</time>
        <extensions>
          <gpxtpx:TrackPointExtension>
            <gpxtpx:hr>145</gpxtpx:hr>
          </gpxtpx:TrackPointExtension>
        </extensions>
      </trkpt>
      <trkpt lat="31.844082643136037" lon="117.11552192693965">
        <ele>42.20000076293945</ele>
        <time>2026-08-07T12:38:04Z</time>
        <extensions>
          <gpxtpx:TrackPointExtension>
            <gpxtpx:hr>145</gpxtpx:hr>
          </gpxtpx:TrackPointExtension>
        </extensions>
      </trkpt>
      <trkpt lat="31.844016589067003" lon="117.11547690758792">
        <ele>42.400001525878906</ele>
        <time>2026-08-07T12:38:08Z</time>
        <extensions>
          <gpxtpx:TrackPointExtension>
            <gpxtpx:hr>148</gpxtpx:hr>
          </gpxtpx:TrackPointExtension>
        </extensions>
      </trkpt>
      <trkpt lat="31.843958543030087" lon="117.11543889152763">
        <ele>42.400001525878906</ele>
        <time>2026-08-07T12:38:12Z</time>
        <extensions>
          <gpxtpx:TrackPointExtension>
            <gpxtpx:hr>151</gpxtpx:hr>
          </gpxtpx:TrackPointExtension>
        </extensions>
      </trkpt>
      <trkpt lat="31.843901497239088" lon="117.11540087543385">
        <ele>42.400001525878906</ele>
        <time>2026-08-07T12:38:16Z</time>
        <extensions>
          <gpxtpx:TrackPointExtension>
            <gpxtpx:hr>152</gpxtpx:hr>
          </gpxtpx:TrackPointExtension>
        </extensions>
      </trkpt>
      <trkpt lat="31.843854452513085" lon="117.1153618578921">
        <ele>42.400001525878906</ele>
        <time>2026-08-07T12:38:20Z</time>
        <extensions>
          <gpxtpx:TrackPointExtension>
            <gpxtpx:hr>152</gpxtpx:hr>
          </gpxtpx:TrackPointExtension>
        </extensions>
      </trkpt>
      <trkpt lat="31.843796391126922" lon="117.1153068324797">
        <ele>42.599998474121094</ele>
        <time>2026-08-07T12:38:24Z</time>
        <extensions>
          <gpxtpx:TrackPointExtension>
            <gpxtpx:hr>153</gpxtpx:hr>
          </gpxtpx:TrackPointExtension>
        </extensions>
      </trkpt>
      <trkpt lat="31.84374434830404" lon="117.11527081724361">
        <ele>42.400001525878906</ele>
        <time>2026-08-07T12:38:28Z</time>
        <extensions>
          <gpxtpx:TrackPointExtension>
            <gpxtpx:hr>152</gpxtpx:hr>
          </gpxtpx:TrackPointExtension>
        </extensions>
      </trkpt>
      <trkpt lat="31.843688292029604" lon="117.11522079463876">
        <ele>42.599998474121094</ele>
        <time>2026-08-07T12:38:32Z</time>
        <extensions>
          <gpxtpx:TrackPointExtension>
            <gpxtpx:hr>151</gpxtpx:hr>
          </gpxtpx:TrackPointExtension>
        </extensions>
      </trkpt>
      <trkpt lat="31.843640237385948" lon="117.11517077138315">
        <ele>42.599998474121094</ele>
        <time>2026-08-07T12:38:36Z</time>
        <extensions>
          <gpxtpx:TrackPointExtension>
            <gpxtpx:hr>148</gpxtpx:hr>
          </gpxtpx:TrackPointExtension>
        </extensions>
      </trkpt>
      <trkpt lat="31.843597184700606" lon="117.11512174831347">
        <ele>42.599998474121094</ele>
        <time>2026-08-07T12:38:40Z</time>
        <extensions>
          <gpxtpx:TrackPointExtension>
            <gpxtpx:hr>146</gpxtpx:hr>
          </gpxtpx:TrackPointExtension>
        </extensions>
      </trkpt>
      <trkpt lat="31.843554120357233" lon="117.11505971819021">
        <ele>42.79999923706055</ele>
        <time>2026-08-07T12:38:44Z</time>
        <extensions>
          <gpxtpx:TrackPointExtension>
            <gpxtpx:hr>145</gpxtpx:hr>
          </gpxtpx:TrackPointExtension>
        </extensions>
      </trkpt>
      <trkpt lat="31.843516065225074" lon="117.11500669268686">
        <ele>42.599998474121094</ele>
        <time>2026-08-07T12:38:48Z</time>
        <extensions>
          <gpxtpx:TrackPointExtension>
            <gpxtpx:hr>146</gpxtpx:hr>
          </gpxtpx:TrackPointExtension>
        </extensions>
      </trkpt>
      <trkpt lat="31.8434710052504" lon="117.11494966578316">
        <ele>42.79999923706055</ele>
        <time>2026-08-07T12:38:52Z</time>
        <extensions>
          <gpxtpx:TrackPointExtension>
            <gpxtpx:hr>145</gpxtpx:hr>
          </gpxtpx:TrackPointExtension>
        </extensions>
      </trkpt>
      <trkpt lat="31.843418939561282" lon="117.11488763696549">
        <ele>42.79999923706055</ele>
        <time>2026-08-07T12:38:56Z</time>
        <extensions>
          <gpxtpx:TrackPointExtension>
            <gpxtpx:hr>144</gpxtpx:hr>
          </gpxtpx:TrackPointExtension>
        </extensions>
      </trkpt>
      <trkpt lat="31.843370870307254" lon="117.11482060523292">
        <ele>42.599998474121094</ele>
        <time>2026-08-07T12:39:00Z</time>
        <extensions>
          <gpxtpx:TrackPointExtension>
            <gpxtpx:hr>144</gpxtpx:hr>
          </gpxtpx:TrackPointExtension>
        </extensions>
      </trkpt>
      <trkpt lat="31.84332979364128" lon="117.1147435676607">
        <ele>42.79999923706055</ele>
        <time>2026-08-07T12:39:04Z</time>
        <extensions>
          <gpxtpx:TrackPointExtension>
            <gpxtpx:hr>144</gpxtpx:hr>
          </gpxtpx:TrackPointExtension>
        </extensions>
      </trkpt>
      <trkpt lat="31.843298732453007" lon="117.1146815374014">
        <ele>42.79999923706055</ele>
        <time>2026-08-07T12:39:08Z</time>
        <extensions>
          <gpxtpx:TrackPointExtension>
            <gpxtpx:hr>143</gpxtpx:hr>
          </gpxtpx:TrackPointExtension>
        </extensions>
      </trkpt>
      <trkpt lat="31.843257663270133" lon="117.114612504534">
        <ele>42.79999923706055</ele>
        <time>2026-08-07T12:39:12Z</time>
        <extensions>
          <gpxtpx:TrackPointExtension>
            <gpxtpx:hr>143</gpxtpx:hr>
          </gpxtpx:TrackPointExtension>
        </extensions>
      </trkpt>
      <trkpt lat="31.843227596374387" lon="117.11454347082966">
        <ele>42.79999923706055</ele>
        <time>2026-08-07T12:39:16Z</time>
        <extensions>
          <gpxtpx:TrackPointExtension>
            <gpxtpx:hr>142</gpxtpx:hr>
          </gpxtpx:TrackPointExtension>
        </extensions>
      </trkpt>
      <trkpt lat="31.84318752155437" lon="117.11446743460029">
        <ele>42.79999923706055</ele>
        <time>2026-08-07T12:39:20Z</time>
        <extensions>
          <gpxtpx:TrackPointExtension>
            <gpxtpx:hr>141</gpxtpx:hr>
          </gpxtpx:TrackPointExtension>
        </extensions>
      </trkpt>
      <trkpt lat="31.843153451614064" lon="117.11439540013775">
        <ele>43.0</ele>
        <time>2026-08-07T12:39:24Z</time>
        <extensions>
          <gpxtpx:TrackPointExtension>
            <gpxtpx:hr>141</gpxtpx:hr>
          </gpxtpx:TrackPointExtension>
        </extensions>
      </trkpt>
      <trkpt lat="31.84312738339927" lon="117.11432336514085">
        <ele>42.79999923706055</ele>
        <time>2026-08-07T12:39:28Z</time>
        <extensions>
          <gpxtpx:TrackPointExtension>
            <gpxtpx:hr>141</gpxtpx:hr>
          </gpxtpx:TrackPointExtension>
        </extensions>
      </trkpt>
      <trkpt lat="31.84310030993626" lon="117.11424532736854">
        <ele>42.79999923706055</ele>
        <time>2026-08-07T12:39:32Z</time>
        <extensions>
          <gpxtpx:TrackPointExtension>
            <gpxtpx:hr>140</gpxtpx:hr>
          </gpxtpx:TrackPointExtension>
        </extensions>
      </trkpt>
      <trkpt lat="31.843065242126627" lon="117.11417529471203">
        <ele>43.0</ele>
        <time>2026-08-07T12:39:36Z</time>
        <extensions>
          <gpxtpx:TrackPointExtension>
            <gpxtpx:hr>139</gpxtpx:hr>
          </gpxtpx:TrackPointExtension>
        </extensions>
      </trkpt>
      <trkpt lat="31.843043180468662" lon="117.1141092630741">
        <ele>43.0</ele>
        <time>2026-08-07T12:39:40Z</time>
        <extensions>
          <gpxtpx:TrackPointExtension>
            <gpxtpx:hr>138</gpxtpx:hr>
          </gpxtpx:TrackPointExtension>
        </extensions>
      </trkpt>
      <trkpt lat="31.84303111222644" lon="117.11403322561351">
        <ele>43.0</ele>
        <time>2026-08-07T12:39:44Z</time>
        <extensions>
          <gpxtpx:TrackPointExtension>
            <gpxtpx:hr>138</gpxtpx:hr>
          </gpxtpx:TrackPointExtension>
        </extensions>
      </trkpt>
      <trkpt lat="31.84300504668585" lon="117.11396319274502">
        <ele>43.0</ele>
        <time>2026-08-07T12:39:48Z</time>
        <extensions>
          <gpxtpx:TrackPointExtension>
            <gpxtpx:hr>137</gpxtpx:hr>
          </gpxtpx:TrackPointExtension>
        </extensions>
      </trkpt>
      <trkpt lat="31.842966981602185" lon="117.11389616272413">
        <ele>43.0</ele>
        <time>2026-08-07T12:39:52Z</time>
        <extensions>
          <gpxtpx:TrackPointExtension>
            <gpxtpx:hr>138</gpxtpx:hr>
          </gpxtpx:TrackPointExtension>
        </extensions>
      </trkpt>
      <trkpt lat="31.84292491333825" lon="117.1138261317837">
        <ele>43.0</ele>
        <time>2026-08-07T12:39:56Z</time>
        <extensions>
          <gpxtpx:TrackPointExtension>
            <gpxtpx:hr>139</gpxtpx:hr>
          </gpxtpx:TrackPointExtension>
        </extensions>
      </trkpt>
      <trkpt lat="31.842879855810377" lon="117.11376910776775">
        <ele>43.20000076293945</ele>
        <time>2026-08-07T12:40:00Z</time>
        <extensions>
          <gpxtpx:TrackPointExtension>
            <gpxtpx:hr>141</gpxtpx:hr>
          </gpxtpx:TrackPointExtension>
        </extensions>
      </trkpt>
      <trkpt lat="31.842822796952415" lon="117.11371308552017">
        <ele>43.20000076293945</ele>
        <time>2026-08-07T12:40:04Z</time>
        <extensions>
          <gpxtpx:TrackPointExtension>
            <gpxtpx:hr>141</gpxtpx:hr>
          </gpxtpx:TrackPointExtension>
        </extensions>
      </trkpt>
      <trkpt lat="31.84277774648298" lon="117.11366406570374">
        <ele>43.20000076293945</ele>
        <time>2026-08-07T12:40:08Z</time>
        <extensions>
          <gpxtpx:TrackPointExtension>
            <gpxtpx:hr>142</gpxtpx:hr>
          </gpxtpx:TrackPointExtension>
        </extensions>
      </trkpt>
      <trkpt lat="31.842729704038035" lon="117.11362505115862">
        <ele>43.400001525878906</ele>
        <time>2026-08-07T12:40:12Z</time>
        <extensions>
          <gpxtpx:TrackPointExtension>
            <gpxtpx:hr>143</gpxtpx:hr>
          </gpxtpx:TrackPointExtension>
        </extensions>
      </trkpt>
      <trkpt lat="31.842683660334046" lon="117.11358403551657">
        <ele>43.400001525878906</ele>
        <time>2026-08-07T12:40:16Z</time>
        <extensions>
          <gpxtpx:TrackPointExtension>
            <gpxtpx:hr>142</gpxtpx:hr>
          </gpxtpx:TrackPointExtension>
        </extensions>
      </trkpt>
      <trkpt lat="31.842622617207724" lon="117.11354702330705">
        <ele>43.400001525878906</ele>
        <time>2026-08-07T12:40:20Z</time>
        <extensions>
          <gpxtpx:TrackPointExtension>
            <gpxtpx:hr>142</gpxtpx:hr>
          </gpxtpx:TrackPointExtension>
        </extensions>
      </trkpt>
      <trkpt lat="31.842559574596944" lon="117.11351101182976">
        <ele>43.79999923706055</ele>
        <time>2026-08-07T12:40:24Z</time>
        <extensions>
          <gpxtpx:TrackPointExtension>
            <gpxtpx:hr>141</gpxtpx:hr>
          </gpxtpx:TrackPointExtension>
        </extensions>
      </trkpt>
      <trkpt lat="31.84249953430307" lon="117.1134770010891">
        <ele>43.79999923706055</ele>
        <time>2026-08-07T12:40:28Z</time>
        <extensions>
          <gpxtpx:TrackPointExtension>
            <gpxtpx:hr>140</gpxtpx:hr>
          </gpxtpx:TrackPointExtension>
        </extensions>
      </trkpt>
      <trkpt lat="31.842437502118578" lon="117.11345299539661">
        <ele>43.79999923706055</ele>
        <time>2026-08-07T12:40:32Z</time>
        <extensions>
          <gpxtpx:TrackPointExtension>
            <gpxtpx:hr>140</gpxtpx:hr>
          </gpxtpx:TrackPointExtension>
        </extensions>
      </trkpt>
      <trkpt lat="31.84237247698104" lon="117.11343799433516">
        <ele>44.0</ele>
        <time>2026-08-07T12:40:36Z</time>
        <extensions>
          <gpxtpx:TrackPointExtension>
            <gpxtpx:hr>139</gpxtpx:hr>
          </gpxtpx:TrackPointExtension>
        </extensions>
      </trkpt>
      <trkpt lat="31.842297458378184" lon="117.11343299902965">
        <ele>44.20000076293945</ele>
        <time>2026-08-07T12:40:40Z</time>
        <extensions>
          <gpxtpx:TrackPointExtension>
            <gpxtpx:hr>137</gpxtpx:hr>
          </gpxtpx:TrackPointExtension>
        </extensions>
      </trkpt>
      <trkpt lat="31.84223944050579" lon="117.11342500067695">
        <ele>44.20000076293945</ele>
        <time>2026-08-07T12:40:44Z</time>
        <extensions>
          <gpxtpx:TrackPointExtension>
            <gpxtpx:hr>138</gpxtpx:hr>
          </gpxtpx:TrackPointExtension>
        </extensions>
      </trkpt>
      <trkpt lat="31.84218241776753" lon="117.11341099935608">
        <ele>44.400001525878906</ele>
        <time>2026-08-07T12:40:48Z</time>
        <extensions>
          <gpxtpx:TrackPointExtension>
            <gpxtpx:hr>137</gpxtpx:hr>
          </gpxtpx:TrackPointExtension>
        </extensions>
      </trkpt>
      <trkpt lat="31.842122402895203" lon="117.11340700311624">
        <ele>44.599998474121094</ele>
        <time>2026-08-07T12:40:52Z</time>
        <extensions>
          <gpxtpx:TrackPointExtension>
            <gpxtpx:hr>137</gpxtpx:hr>
          </gpxtpx:TrackPointExtension>
        </extensions>
      </trkpt>
      <trkpt lat="31.84205240129346" lon="117.11342101645073">
        <ele>44.599998474121094</ele>
        <time>2026-08-07T12:40:56Z</time>
        <extensions>
          <gpxtpx:TrackPointExtension>
            <gpxtpx:hr>137</gpxtpx:hr>
          </gpxtpx:TrackPointExtension>
        </extensions>
      </trkpt>
      <trkpt lat="31.84199241175248" lon="117.11344703461435">
        <ele>44.79999923706055</ele>
        <time>2026-08-07T12:41:00Z</time>
        <extensions>
          <gpxtpx:TrackPointExtension>
            <gpxtpx:hr>136</gpxtpx:hr>
          </gpxtpx:TrackPointExtension>
        </extensions>
      </trkpt>
      <trkpt lat="31.84193441670171" lon="117.11346604924549">
        <ele>44.400001525878906</ele>
        <time>2026-08-07T12:41:04Z</time>
        <extensions>
          <gpxtpx:TrackPointExtension>
            <gpxtpx:hr>138</gpxtpx:hr>
          </gpxtpx:TrackPointExtension>
        </extensions>
      </trkpt>
      <trkpt lat="31.841871426633052" lon="117.11349206774375">
        <ele>44.599998474121094</ele>
        <time>2026-08-07T12:41:08Z</time>
        <extensions>
          <gpxtpx:TrackPointExtension>
            <gpxtpx:hr>138</gpxtpx:hr>
          </gpxtpx:TrackPointExtension>
        </extensions>
      </trkpt>
      <trkpt lat="31.841808438286286" lon="117.11352008723925">
        <ele>44.79999923706055</ele>
        <time>2026-08-07T12:41:12Z</time>
        <extensions>
          <gpxtpx:TrackPointExtension>
            <gpxtpx:hr>138</gpxtpx:hr>
          </gpxtpx:TrackPointExtension>
        </extensions>
      </trkpt>
      <trkpt lat="31.841757463301402" lon="117.11356111194485">
        <ele>44.599998474121094</ele>
        <time>2026-08-07T12:41:16Z</time>
        <extensions>
          <gpxtpx:TrackPointExtension>
            <gpxtpx:hr>138</gpxtpx:hr>
          </gpxtpx:TrackPointExtension>
        </extensions>
      </trkpt>
      <trkpt lat="31.841712511653228" lon="117.11362814884677">
        <ele>44.79999923706055</ele>
        <time>2026-08-07T12:41:20Z</time>
        <extensions>
          <gpxtpx:TrackPointExtension>
            <gpxtpx:hr>139</gpxtpx:hr>
          </gpxtpx:TrackPointExtension>
        </extensions>
      </trkpt>
      <trkpt lat="31.841670550500144" lon="117.11368317976357">
        <ele>44.599998474121094</ele>
        <time>2026-08-07T12:41:24Z</time>
        <extensions>
          <gpxtpx:TrackPointExtension>
            <gpxtpx:hr>141</gpxtpx:hr>
          </gpxtpx:TrackPointExtension>
        </extensions>
      </trkpt>
      <trkpt lat="31.84162059306115" lon="117.11374421452977">
        <ele>44.400001525878906</ele>
        <time>2026-08-07T12:41:28Z</time>
        <extensions>
          <gpxtpx:TrackPointExtension>
            <gpxtpx:hr>143</gpxtpx:hr>
          </gpxtpx:TrackPointExtension>
        </extensions>
      </trkpt>
      <trkpt lat="31.841566632420452" lon="117.11380224834662">
        <ele>44.400001525878906</ele>
        <time>2026-08-07T12:41:32Z</time>
        <extensions>
          <gpxtpx:TrackPointExtension>
            <gpxtpx:hr>143</gpxtpx:hr>
          </gpxtpx:TrackPointExtension>
        </extensions>
      </trkpt>
      <trkpt lat="31.841525677830713" lon="117.11386428307429">
        <ele>44.20000076293945</ele>
        <time>2026-08-07T12:41:36Z</time>
        <extensions>
          <gpxtpx:TrackPointExtension>
            <gpxtpx:hr>144</gpxtpx:hr>
          </gpxtpx:TrackPointExtension>
        </extensions>
      </trkpt>
      <trkpt lat="31.84147471629598" lon="117.1139203159055">
        <ele>44.20000076293945</ele>
        <time>2026-08-07T12:41:40Z</time>
        <extensions>
          <gpxtpx:TrackPointExtension>
            <gpxtpx:hr>144</gpxtpx:hr>
          </gpxtpx:TrackPointExtension>
        </extensions>
      </trkpt>
      <trkpt lat="31.841437762739663" lon="117.11398235057081">
        <ele>44.0</ele>
        <time>2026-08-07T12:41:44Z</time>
        <extensions>
          <gpxtpx:TrackPointExtension>
            <gpxtpx:hr>142</gpxtpx:hr>
          </gpxtpx:TrackPointExtension>
        </extensions>
      </trkpt>
      <trkpt lat="31.841390806545093" lon="117.11404338584144">
        <ele>43.79999923706055</ele>
        <time>2026-08-07T12:41:48Z</time>
        <extensions>
          <gpxtpx:TrackPointExtension>
            <gpxtpx:hr>141</gpxtpx:hr>
          </gpxtpx:TrackPointExtension>
        </extensions>
      </trkpt>
      <trkpt lat="31.841343842669332" lon="117.11409541669094">
        <ele>43.79999923706055</ele>
        <time>2026-08-07T12:41:52Z</time>
        <extensions>
          <gpxtpx:TrackPointExtension>
            <gpxtpx:hr>139</gpxtpx:hr>
          </gpxtpx:TrackPointExtension>
        </extensions>
      </trkpt>
      <trkpt lat="31.84128687263007" lon="117.11414244604804">
        <ele>43.599998474121094</ele>
        <time>2026-08-07T12:41:56Z</time>
        <extensions>
          <gpxtpx:TrackPointExtension>
            <gpxtpx:hr>139</gpxtpx:hr>
          </gpxtpx:TrackPointExtension>
        </extensions>
      </trkpt>
      <trkpt lat="31.841224897358245" lon="117.11418447340922">
        <ele>43.79999923706055</ele>
        <time>2026-08-07T12:42:00Z</time>
        <extensions>
          <gpxtpx:TrackPointExtension>
            <gpxtpx:hr>139</gpxtpx:hr>
          </gpxtpx:TrackPointExtension>
        </extensions>
      </trkpt>
      <trkpt lat="31.841160915658755" lon="117.114219497435">
        <ele>43.599998474121094</ele>
        <time>2026-08-07T12:42:04Z</time>
        <extensions>
          <gpxtpx:TrackPointExtension>
            <gpxtpx:hr>139</gpxtpx:hr>
          </gpxtpx:TrackPointExtension>
        </extensions>
      </trkpt>
      <trkpt lat="31.84109793681986" lon="117.1142575229662">
        <ele>43.79999923706055</ele>
        <time>2026-08-07T12:42:08Z</time>
        <extensions>
          <gpxtpx:TrackPointExtension>
            <gpxtpx:hr>139</gpxtpx:hr>
          </gpxtpx:TrackPointExtension>
        </extensions>
      </trkpt>
      <trkpt lat="31.841039963369614" lon="117.11430055067433">
        <ele>43.79999923706055</ele>
        <time>2026-08-07T12:42:12Z</time>
        <extensions>
          <gpxtpx:TrackPointExtension>
            <gpxtpx:hr>140</gpxtpx:hr>
          </gpxtpx:TrackPointExtension>
        </extensions>
      </trkpt>
      <trkpt lat="31.840980987165025" lon="117.11434057699807">
        <ele>43.79999923706055</ele>
        <time>2026-08-07T12:42:16Z</time>
        <extensions>
          <gpxtpx:TrackPointExtension>
            <gpxtpx:hr>141</gpxtpx:hr>
          </gpxtpx:TrackPointExtension>
        </extensions>
      </trkpt>
      <trkpt lat="31.840922004869654" lon="117.11437359974369">
        <ele>43.599998474121094</ele>
        <time>2026-08-07T12:42:20Z</time>
        <extensions>
          <gpxtpx:TrackPointExtension>
            <gpxtpx:hr>142</gpxtpx:hr>
          </gpxtpx:TrackPointExtension>
        </extensions>
      </trkpt>
      <trkpt lat="31.840861021354073" lon="117.11440562220301">
        <ele>43.599998474121094</ele>
        <time>2026-08-07T12:42:24Z</time>
        <extensions>
          <gpxtpx:TrackPointExtension>
            <gpxtpx:hr>144</gpxtpx:hr>
          </gpxtpx:TrackPointExtension>
        </extensions>
      </trkpt>
      <trkpt lat="31.840797039066715" lon="117.1144396460373">
        <ele>43.599998474121094</ele>
        <time>2026-08-07T12:42:28Z</time>
        <extensions>
          <gpxtpx:TrackPointExtension>
            <gpxtpx:hr>144</gpxtpx:hr>
          </gpxtpx:TrackPointExtension>
        </extensions>
      </trkpt>
      <trkpt lat="31.840733058587798" lon="117.11447567097147">
        <ele>43.79999923706055</ele>
        <time>2026-08-07T12:42:32Z</time>
        <extensions>
          <gpxtpx:TrackPointExtension>
            <gpxtpx:hr>143</gpxtpx:hr>
          </gpxtpx:TrackPointExtension>
        </extensions>
      </trkpt>
      <trkpt lat="31.840664070136917" lon="117.11450369222162">
        <ele>43.599998474121094</ele>
        <time>2026-08-07T12:42:36Z</time>
        <extensions>
          <gpxtpx:TrackPointExtension>
            <gpxtpx:hr>140</gpxtpx:hr>
          </gpxtpx:TrackPointExtension>
        </extensions>
      </trkpt>
      <trkpt lat="31.840593061890836" lon="117.11450970209768">
        <ele>43.79999923706055</ele>
        <time>2026-08-07T12:42:40Z</time>
        <extensions>
          <gpxtpx:TrackPointExtension>
            <gpxtpx:hr>138</gpxtpx:hr>
          </gpxtpx:TrackPointExtension>
        </extensions>
      </trkpt>
      <trkpt lat="31.84052305383961" lon="117.11451571188066">
        <ele>43.79999923706055</ele>
        <time>2026-08-07T12:42:44Z</time>
        <extensions>
          <gpxtpx:TrackPointExtension>
            <gpxtpx:hr>137</gpxtpx:hr>
          </gpxtpx:TrackPointExtension>
        </extensions>
      </trkpt>
      <trkpt lat="31.84046003917381" lon="117.11451271626012">
        <ele>43.79999923706055</ele>
        <time>2026-08-07T12:42:48Z</time>
        <extensions>
          <gpxtpx:TrackPointExtension>
            <gpxtpx:hr>138</gpxtpx:hr>
          </gpxtpx:TrackPointExtension>
        </extensions>
      </trkpt>
      <trkpt lat="31.84038701907047" lon="117.11450571947971">
        <ele>43.79999923706055</ele>
        <time>2026-08-07T12:42:52Z</time>
        <extensions>
          <gpxtpx:TrackPointExtension>
            <gpxtpx:hr>140</gpxtpx:hr>
          </gpxtpx:TrackPointExtension>
        </extensions>
      </trkpt>
      <trkpt lat="31.840311989761943" lon="117.11448871763086">
        <ele>43.79999923706055</ele>
        <time>2026-08-07T12:42:56Z</time>
        <extensions>
          <gpxtpx:TrackPointExtension>
            <gpxtpx:hr>142</gpxtpx:hr>
          </gpxtpx:TrackPointExtension>
        </extensions>
      </trkpt>
      <trkpt lat="31.84025097195764" lon="117.11448171972239">
        <ele>43.599998474121094</ele>
        <time>2026-08-07T12:43:00Z</time>
        <extensions>
          <gpxtpx:TrackPointExtension>
            <gpxtpx:hr>142</gpxtpx:hr>
          </gpxtpx:TrackPointExtension>
        </extensions>
      </trkpt>
      <trkpt lat="31.840177952752914" lon="117.11447572347642">
        <ele>43.79999923706055</ele>
        <time>2026-08-07T12:43:04Z</time>
        <extensions>
          <gpxtpx:TrackPointExtension>
            <gpxtpx:hr>143</gpxtpx:hr>
          </gpxtpx:TrackPointExtension>
        </extensions>
      </trkpt>
      <trkpt lat="31.840101934745082" lon="117.11447172856575">
        <ele>43.599998474121094</ele>
        <time>2026-08-07T12:43:08Z</time>
        <extensions>
          <gpxtpx:TrackPointExtension>
            <gpxtpx:hr>142</gpxtpx:hr>
          </gpxtpx:TrackPointExtension>
        </extensions>
      </trkpt>
      <trkpt lat="31.840030923867765" lon="117.11447473685776">
        <ele>43.599998474121094</ele>
        <time>2026-08-07T12:43:12Z</time>
        <extensions>
          <gpxtpx:TrackPointExtension>
            <gpxtpx:hr>141</gpxtpx:hr>
          </gpxtpx:TrackPointExtension>
        </extensions>
      </trkpt>
      <trkpt lat="31.839952913425385" lon="117.114479746863">
        <ele>43.599998474121094</ele>
        <time>2026-08-07T12:43:16Z</time>
        <extensions>
          <gpxtpx:TrackPointExtension>
            <gpxtpx:hr>141</gpxtpx:hr>
          </gpxtpx:TrackPointExtension>
        </extensions>
      </trkpt>
      <trkpt lat="31.839878897571857" lon="117.11447775281286">
        <ele>43.400001525878906</ele>
        <time>2026-08-07T12:43:20Z</time>
        <extensions>
          <gpxtpx:TrackPointExtension>
            <gpxtpx:hr>140</gpxtpx:hr>
          </gpxtpx:TrackPointExtension>
        </extensions>
      </trkpt>
      <trkpt lat="31.839809887967192" lon="117.11448176144182">
        <ele>43.599998474121094</ele>
        <time>2026-08-07T12:43:24Z</time>
        <extensions>
          <gpxtpx:TrackPointExtension>
            <gpxtpx:hr>139</gpxtpx:hr>
          </gpxtpx:TrackPointExtension>
        </extensions>
      </trkpt>
      <trkpt lat="31.839729875390052" lon="117.11448477058644">
        <ele>43.599998474121094</ele>
        <time>2026-08-07T12:43:28Z</time>
        <extensions>
          <gpxtpx:TrackPointExtension>
            <gpxtpx:hr>139</gpxtpx:hr>
          </gpxtpx:TrackPointExtension>
        </extensions>
      </trkpt>
      <trkpt lat="31.8396478650845" lon="117.11449078149795">
        <ele>43.400001525878906</ele>
        <time>2026-08-07T12:43:32Z</time>
        <extensions>
          <gpxtpx:TrackPointExtension>
            <gpxtpx:hr>139</gpxtpx:hr>
          </gpxtpx:TrackPointExtension>
        </extensions>
      </trkpt>
      <trkpt lat="31.83958385379315" lon="117.11449178807823">
        <ele>43.400001525878906</ele>
        <time>2026-08-07T12:43:36Z</time>
        <extensions>
          <gpxtpx:TrackPointExtension>
            <gpxtpx:hr>140</gpxtpx:hr>
          </gpxtpx:TrackPointExtension>
        </extensions>
      </trkpt>
      <trkpt lat="31.839517846538453" lon="117.11449779747791">
        <ele>43.400001525878906</ele>
        <time>2026-08-07T12:43:40Z</time>
        <extensions>
          <gpxtpx:TrackPointExtension>
            <gpxtpx:hr>141</gpxtpx:hr>
          </gpxtpx:TrackPointExtension>
        </extensions>
      </trkpt>
      <trkpt lat="31.83944282344925" lon="117.11448779931364">
        <ele>43.400001525878906</ele>
        <time>2026-08-07T12:43:44Z</time>
        <extensions>
          <gpxtpx:TrackPointExtension>
            <gpxtpx:hr>141</gpxtpx:hr>
          </gpxtpx:TrackPointExtension>
        </extensions>
      </trkpt>
      <trkpt lat="31.839364814800845" lon="117.11449481037342">
        <ele>43.20000076293945</ele>
        <time>2026-08-07T12:43:48Z</time>
        <extensions>
          <gpxtpx:TrackPointExtension>
            <gpxtpx:hr>141</gpxtpx:hr>
          </gpxtpx:TrackPointExtension>
        </extensions>
      </trkpt>
      <trkpt lat="31.839291807991014" lon="117.1145028214886">
        <ele>43.400001525878906</ele>
        <time>2026-08-07T12:43:52Z</time>
        <extensions>
          <gpxtpx:TrackPointExtension>
            <gpxtpx:hr>140</gpxtpx:hr>
          </gpxtpx:TrackPointExtension>
        </extensions>
      </trkpt>
      <trkpt lat="31.839223805670734" lon="117.11451483424064">
        <ele>43.400001525878906</ele>
        <time>2026-08-07T12:43:56Z</time>
        <extensions>
          <gpxtpx:TrackPointExtension>
            <gpxtpx:hr>138</gpxtpx:hr>
          </gpxtpx:TrackPointExtension>
        </extensions>
      </trkpt>
      <trkpt lat="31.839167801217968" lon="117.11452184322727">
        <ele>43.400001525878906</ele>
        <time>2026-08-07T12:44:00Z</time>
        <extensions>
          <gpxtpx:TrackPointExtension>
            <gpxtpx:hr>138</gpxtpx:hr>
          </gpxtpx:TrackPointExtension>
        </extensions>
      </trkpt>
      <trkpt lat="31.839102805671597" lon="117.11454085940004">
        <ele>43.400001525878906</ele>
        <time>2026-08-07T12:44:04Z</time>
        <extensions>
          <gpxtpx:TrackPointExtension>
            <gpxtpx:hr>136</gpxtpx:hr>
          </gpxtpx:TrackPointExtension>
        </extensions>
      </trkpt>
      <trkpt lat="31.839031813428022" lon="117.11456487880034">
        <ele>43.400001525878906</ele>
        <time>2026-08-07T12:44:08Z</time>
        <extensions>
          <gpxtpx:TrackPointExtension>
            <gpxtpx:hr>136</gpxtpx:hr>
          </gpxtpx:TrackPointExtension>
        </extensions>
      </trkpt>
      <trkpt lat="31.83896580798113" lon="117.11457288927721">
        <ele>43.400001525878906</ele>
        <time>2026-08-07T12:44:12Z</time>
        <extensions>
          <gpxtpx:TrackPointExtension>
            <gpxtpx:hr>136</gpxtpx:hr>
          </gpxtpx:TrackPointExtension>
        </extensions>
      </trkpt>
      <trkpt lat="31.838902812856798" lon="117.1145919053022">
        <ele>43.400001525878906</ele>
        <time>2026-08-07T12:44:16Z</time>
        <extensions>
          <gpxtpx:TrackPointExtension>
            <gpxtpx:hr>137</gpxtpx:hr>
          </gpxtpx:TrackPointExtension>
        </extensions>
      </trkpt>
      <trkpt lat="31.838838817557953" lon="117.11461092143725">
        <ele>43.400001525878906</ele>
        <time>2026-08-07T12:44:20Z</time>
        <extensions>
          <gpxtpx:TrackPointExtension>
            <gpxtpx:hr>137</gpxtpx:hr>
          </gpxtpx:TrackPointExtension>
        </extensions>
      </trkpt>
      <trkpt lat="31.83876682697186" lon="117.11463694206803">
        <ele>43.599998474121094</ele>
        <time>2026-08-07T12:44:24Z</time>
        <extensions>
          <gpxtpx:TrackPointExtension>
            <gpxtpx:hr>138</gpxtpx:hr>
          </gpxtpx:TrackPointExtension>
        </extensions>
      </trkpt>
      <trkpt lat="31.838696828793204" lon="117.11465395774145">
        <ele>43.400001525878906</ele>
        <time>2026-08-07T12:44:28Z</time>
        <extensions>
          <gpxtpx:TrackPointExtension>
            <gpxtpx:hr>137</gpxtpx:hr>
          </gpxtpx:TrackPointExtension>
        </extensions>
      </trkpt>
      <trkpt lat="31.838623815835245" lon="117.11465496517978">
        <ele>43.400001525878906</ele>
        <time>2026-08-07T12:44:32Z</time>
        <extensions>
          <gpxtpx:TrackPointExtension>
            <gpxtpx:hr>137</gpxtpx:hr>
          </gpxtpx:TrackPointExtension>
        </extensions>
      </trkpt>
      <trkpt lat="31.838549804468244" lon="117.11465797377863">
        <ele>43.400001525878906</ele>
        <time>2026-08-07T12:44:36Z</time>
        <extensions>
          <gpxtpx:TrackPointExtension>
            <gpxtpx:hr>137</gpxtpx:hr>
          </gpxtpx:TrackPointExtension>
        </extensions>
      </trkpt>
      <trkpt lat="31.83848277399659" lon="117.11463796946536">
        <ele>43.400001525878906</ele>
        <time>2026-08-07T12:44:40Z</time>
        <extensions>
          <gpxtpx:TrackPointExtension>
            <gpxtpx:hr>137</gpxtpx:hr>
          </gpxtpx:TrackPointExtension>
        </extensions>
      </trkpt>
      <trkpt lat="31.838409747729404" lon="117.1146239689252">
        <ele>43.400001525878906</ele>
        <time>2026-08-07T12:44:44Z</time>
        <extensions>
          <gpxtpx:TrackPointExtension>
            <gpxtpx:hr>137</gpxtpx:hr>
          </gpxtpx:TrackPointExtension>
        </extensions>
      </trkpt>
      <trkpt lat="31.83834071424822" lon="117.11460096323839">
        <ele>43.599998474121094</ele>
        <time>2026-08-07T12:44:48Z</time>
        <extensions>
          <gpxtpx:TrackPointExtension>
            <gpxtpx:hr>137</gpxtpx:hr>
          </gpxtpx:TrackPointExtension>
        </extensions>
      </trkpt>
      <trkpt lat="31.83827067705602" lon="117.11457395555091">
        <ele>43.599998474121094</ele>
        <time>2026-08-07T12:44:52Z</time>
        <extensions>
          <gpxtpx:TrackPointExtension>
            <gpxtpx:hr>136</gpxtpx:hr>
          </gpxtpx:TrackPointExtension>
        </extensions>
      </trkpt>
      <trkpt lat="31.83820264646614" lon="117.11455395140412">
        <ele>43.400001525878906</ele>
        <time>2026-08-07T12:44:56Z</time>
        <extensions>
          <gpxtpx:TrackPointExtension>
            <gpxtpx:hr>136</gpxtpx:hr>
          </gpxtpx:TrackPointExtension>
        </extensions>
      </trkpt>
      <trkpt lat="31.838150612734143" lon="117.1145269420683">
        <ele>43.599998474121094</ele>
        <time>2026-08-07T12:45:00Z</time>
        <extensions>
          <gpxtpx:TrackPointExtension>
            <gpxtpx:hr>136</gpxtpx:hr>
          </gpxtpx:TrackPointExtension>
        </extensions>
      </trkpt>
      <trkpt lat="31.83808455784204" lon="117.11447892304689">
        <ele>43.599998474121094</ele>
        <time>2026-08-07T12:45:04Z</time>
        <extensions>
          <gpxtpx:TrackPointExtension>
            <gpxtpx:hr>136</gpxtpx:hr>
          </gpxtpx:TrackPointExtension>
        </extensions>
      </trkpt>
      <trkpt lat="31.838024503290956" lon="117.11442990303348">
        <ele>43.599998474121094</ele>
        <time>2026-08-07T12:45:08Z</time>
        <extensions>
          <gpxtpx:TrackPointExtension>
            <gpxtpx:hr>137</gpxtpx:hr>
          </gpxtpx:TrackPointExtension>
        </extensions>
      </trkpt>
      <trkpt lat="31.83796844870706" lon="117.11437988222364">
        <ele>43.599998474121094</ele>
        <time>2026-08-07T12:45:12Z</time>
        <extensions>
          <gpxtpx:TrackPointExtension>
            <gpxtpx:hr>137</gpxtpx:hr>
          </gpxtpx:TrackPointExtension>
        </extensions>
      </trkpt>
      <trkpt lat="31.837917389900614" lon="117.1143238579354">
        <ele>43.599998474121094</ele>
        <time>2026-08-07T12:45:16Z</time>
        <extensions>
          <gpxtpx:TrackPointExtension>
            <gpxtpx:hr>137</gpxtpx:hr>
          </gpxtpx:TrackPointExtension>
        </extensions>
      </trkpt>
      <trkpt lat="31.837866325961592" lon="117.11426183068515">
        <ele>43.599998474121094</ele>
        <time>2026-08-07T12:45:20Z</time>
        <extensions>
          <gpxtpx:TrackPointExtension>
            <gpxtpx:hr>138</gpxtpx:hr>
          </gpxtpx:TrackPointExtension>
        </extensions>
      </trkpt>
      <trkpt lat="31.83781424802294" lon="117.11418379548702">
        <ele>43.599998474121094</ele>
        <time>2026-08-07T12:45:24Z</time>
        <extensions>
          <gpxtpx:TrackPointExtension>
            <gpxtpx:hr>138</gpxtpx:hr>
          </gpxtpx:TrackPointExtension>
        </extensions>
      </trkpt>
      <trkpt lat="31.83777217132936" lon="117.11410475909557">
        <ele>43.599998474121094</ele>
        <time>2026-08-07T12:45:28Z</time>
        <extensions>
          <gpxtpx:TrackPointExtension>
            <gpxtpx:hr>136</gpxtpx:hr>
          </gpxtpx:TrackPointExtension>
        </extensions>
      </trkpt>
      <trkpt lat="31.837733103225556" lon="117.11403472724353">
        <ele>43.599998474121094</ele>
        <time>2026-08-07T12:45:32Z</time>
        <extensions>
          <gpxtpx:TrackPointExtension>
            <gpxtpx:hr>130</gpxtpx:hr>
          </gpxtpx:TrackPointExtension>
        </extensions>
      </trkpt>
      <trkpt lat="31.83769903106475" lon="117.11395869211147">
        <ele>43.599998474121094</ele>
        <time>2026-08-07T12:45:36Z</time>
        <extensions>
          <gpxtpx:TrackPointExtension>
            <gpxtpx:hr>129</gpxtpx:hr>
          </gpxtpx:TrackPointExtension>
        </extensions>
      </trkpt>
      <trkpt lat="31.837680961279883" lon="117.11388165521558">
        <ele>43.599998474121094</ele>
        <time>2026-08-07T12:45:40Z</time>
        <extensions>
          <gpxtpx:TrackPointExtension>
            <gpxtpx:hr>134</gpxtpx:hr>
          </gpxtpx:TrackPointExtension>
        </extensions>
      </trkpt>
      <trkpt lat="31.83767289274437" lon="117.11380361713371">
        <ele>43.400001525878906</ele>
        <time>2026-08-07T12:45:44Z</time>
        <extensions>
          <gpxtpx:TrackPointExtension>
            <gpxtpx:hr>139</gpxtpx:hr>
          </gpxtpx:TrackPointExtension>
        </extensions>
      </trkpt>
      <trkpt lat="31.83766381483876" lon="117.11371457399072">
        <ele>43.599998474121094</ele>
        <time>2026-08-07T12:45:48Z</time>
        <extensions>
          <gpxtpx:TrackPointExtension>
            <gpxtpx:hr>141</gpxtpx:hr>
          </gpxtpx:TrackPointExtension>
        </extensions>
      </trkpt>
      <trkpt lat="31.837648736087594" lon="117.11362553175837">
        <ele>43.400001525878906</ele>
        <time>2026-08-07T12:45:52Z</time>
        <extensions>
          <gpxtpx:TrackPointExtension>
            <gpxtpx:hr>144</gpxtpx:hr>
          </gpxtpx:TrackPointExtension>
        </extensions>
      </trkpt>
      <trkpt lat="31.83763666073768" lon="117.11353949103989">
        <ele>43.400001525878906</ele>
        <time>2026-08-07T12:45:56Z</time>
        <extensions>
          <gpxtpx:TrackPointExtension>
            <gpxtpx:hr>146</gpxtpx:hr>
          </gpxtpx:TrackPointExtension>
        </extensions>
      </trkpt>
      <trkpt lat="31.837625576554046" lon="117.11344244525876">
        <ele>43.599998474121094</ele>
        <time>2026-08-07T12:46:00Z</time>
        <extensions>
          <gpxtpx:TrackPointExtension>
            <gpxtpx:hr>146</gpxtpx:hr>
          </gpxtpx:TrackPointExtension>
        </extensions>
      </trkpt>
      <trkpt lat="31.837620506470184" lon="117.11336040646947">
        <ele>43.400001525878906</ele>
        <time>2026-08-07T12:46:04Z</time>
        <extensions>
          <gpxtpx:TrackPointExtension>
            <gpxtpx:hr>145</gpxtpx:hr>
          </gpxtpx:TrackPointExtension>
        </extensions>
      </trkpt>
      <trkpt lat="31.837607430088994" lon="117.11327236588956">
        <ele>43.400001525878906</ele>
        <time>2026-08-07T12:46:08Z</time>
        <extensions>
          <gpxtpx:TrackPointExtension>
            <gpxtpx:hr>144</gpxtpx:hr>
          </gpxtpx:TrackPointExtension>
        </extensions>
      </trkpt>
      <trkpt lat="31.837588353692894" lon="117.11318532668392">
        <ele>43.20000076293945</ele>
        <time>2026-08-07T12:46:12Z</time>
        <extensions>
          <gpxtpx:TrackPointExtension>
            <gpxtpx:hr>144</gpxtpx:hr>
          </gpxtpx:TrackPointExtension>
        </extensions>
      </trkpt>
      <trkpt lat="31.83755928067737" lon="117.11310429154878">
        <ele>43.20000076293945</ele>
        <time>2026-08-07T12:46:16Z</time>
        <extensions>
          <gpxtpx:TrackPointExtension>
            <gpxtpx:hr>144</gpxtpx:hr>
          </gpxtpx:TrackPointExtension>
        </extensions>
      </trkpt>
      <trkpt lat="31.837530212050456" lon="117.11302825901224">
        <ele>43.20000076293945</ele>
        <time>2026-08-07T12:46:20Z</time>
        <extensions>
          <gpxtpx:TrackPointExtension>
            <gpxtpx:hr>144</gpxtpx:hr>
          </gpxtpx:TrackPointExtension>
        </extensions>
      </trkpt>
      <trkpt lat="31.837491150014856" lon="117.11296223226852">
        <ele>43.0</ele>
        <time>2026-08-07T12:46:24Z</time>
        <extensions>
          <gpxtpx:TrackPointExtension>
            <gpxtpx:hr>144</gpxtpx:hr>
          </gpxtpx:TrackPointExtension>
        </extensions>
      </trkpt>
      <trkpt lat="31.837446082884217" lon="117.11289120399955">
        <ele>43.0</ele>
        <time>2026-08-07T12:46:28Z</time>
        <extensions>
          <gpxtpx:TrackPointExtension>
            <gpxtpx:hr>144</gpxtpx:hr>
          </gpxtpx:TrackPointExtension>
        </extensions>
      </trkpt>
      <trkpt lat="31.837404021438918" lon="117.11282617838893">
        <ele>43.0</ele>
        <time>2026-08-07T12:46:32Z</time>
        <extensions>
          <gpxtpx:TrackPointExtension>
            <gpxtpx:hr>144</gpxtpx:hr>
          </gpxtpx:TrackPointExtension>
        </extensions>
      </trkpt>
      <trkpt lat="31.837349966081202" lon="117.1127711586094">
        <ele>43.0</ele>
        <time>2026-08-07T12:46:36Z</time>
        <extensions>
          <gpxtpx:TrackPointExtension>
            <gpxtpx:hr>144</gpxtpx:hr>
          </gpxtpx:TrackPointExtension>
        </extensions>
      </trkpt>
      <trkpt lat="31.837290919710327" lon="117.1127281448253">
        <ele>43.0</ele>
        <time>2026-08-07T12:46:40Z</time>
        <extensions>
          <gpxtpx:TrackPointExtension>
            <gpxtpx:hr>144</gpxtpx:hr>
          </gpxtpx:TrackPointExtension>
        </extensions>
      </trkpt>
      <trkpt lat="31.837223866998762" lon="117.11267912919472">
        <ele>42.79999923706055</ele>
        <time>2026-08-07T12:46:44Z</time>
        <extensions>
          <gpxtpx:TrackPointExtension>
            <gpxtpx:hr>144</gpxtpx:hr>
          </gpxtpx:TrackPointExtension>
        </extensions>
      </trkpt>
      <trkpt lat="31.837168825609094" lon="117.11264111743324">
        <ele>42.79999923706055</ele>
        <time>2026-08-07T12:46:48Z</time>
        <extensions>
          <gpxtpx:TrackPointExtension>
            <gpxtpx:hr>144</gpxtpx:hr>
          </gpxtpx:TrackPointExtension>
        </extensions>
      </trkpt>
      <trkpt lat="31.83710880124227" lon="117.11262511598522">
        <ele>42.79999923706055</ele>
        <time>2026-08-07T12:46:52Z</time>
        <extensions>
          <gpxtpx:TrackPointExtension>
            <gpxtpx:hr>144</gpxtpx:hr>
          </gpxtpx:TrackPointExtension>
        </extensions>
      </trkpt>
      <trkpt lat="31.837048767935418" lon="117.11259810966497">
        <ele>42.599998474121094</ele>
        <time>2026-08-07T12:46:56Z</time>
        <extensions>
          <gpxtpx:TrackPointExtension>
            <gpxtpx:hr>144</gpxtpx:hr>
          </gpxtpx:TrackPointExtension>
        </extensions>
      </trkpt>
      <trkpt lat="31.83698072177538" lon="117.11255709794254">
        <ele>42.599998474121094</ele>
        <time>2026-08-07T12:47:00Z</time>
        <extensions>
          <gpxtpx:TrackPointExtension>
            <gpxtpx:hr>144</gpxtpx:hr>
          </gpxtpx:TrackPointExtension>
        </extensions>
      </trkpt>
      <trkpt lat="31.836921665224555" lon="117.11250107884598">
        <ele>42.599998474121094</ele>
        <time>2026-08-07T12:47:04Z</time>
        <extensions>
          <gpxtpx:TrackPointExtension>
            <gpxtpx:hr>144</gpxtpx:hr>
          </gpxtpx:TrackPointExtension>
        </extensions>
      </trkpt>
      <trkpt lat="31.836869607689035" lon="117.11244205791441">
        <ele>42.599998474121094</ele>
        <time>2026-08-07T12:47:08Z</time>
        <extensions>
          <gpxtpx:TrackPointExtension>
            <gpxtpx:hr>144</gpxtpx:hr>
          </gpxtpx:TrackPointExtension>
        </extensions>
      </trkpt>
      <trkpt lat="31.83681355355816" lon="117.11238803968628">
        <ele>42.79999923706055</ele>
        <time>2026-08-07T12:47:12Z</time>
        <extensions>
          <gpxtpx:TrackPointExtension>
            <gpxtpx:hr>143</gpxtpx:hr>
          </gpxtpx:TrackPointExtension>
        </extensions>
      </trkpt>
      <trkpt lat="31.836766503646242" lon="117.11233702203168">
        <ele>42.79999923706055</ele>
        <time>2026-08-07T12:47:16Z</time>
        <extensions>
          <gpxtpx:TrackPointExtension>
            <gpxtpx:hr>142</gpxtpx:hr>
          </gpxtpx:TrackPointExtension>
        </extensions>
      </trkpt>
      <trkpt lat="31.83672943808295" lon="117.11226399409693">
        <ele>42.79999923706055</ele>
        <time>2026-08-07T12:47:20Z</time>
        <extensions>
          <gpxtpx:TrackPointExtension>
            <gpxtpx:hr>140</gpxtpx:hr>
          </gpxtpx:TrackPointExtension>
        </extensions>
      </trkpt>
      <trkpt lat="31.836683371820044" lon="117.11219196767445">
        <ele>43.0</ele>
        <time>2026-08-07T12:47:24Z</time>
        <extensions>
          <gpxtpx:TrackPointExtension>
            <gpxtpx:hr>141</gpxtpx:hr>
          </gpxtpx:TrackPointExtension>
        </extensions>
      </trkpt>
      <trkpt lat="31.836656315701187" lon="117.11212794306608">
        <ele>43.20000076293945</ele>
        <time>2026-08-07T12:47:28Z</time>
        <extensions>
          <gpxtpx:TrackPointExtension>
            <gpxtpx:hr>141</gpxtpx:hr>
          </gpxtpx:TrackPointExtension>
        </extensions>
      </trkpt>
      <trkpt lat="31.83664425304103" lon="117.11205191218082">
        <ele>43.400001525878906</ele>
        <time>2026-08-07T12:47:32Z</time>
        <extensions>
          <gpxtpx:TrackPointExtension>
            <gpxtpx:hr>141</gpxtpx:hr>
          </gpxtpx:TrackPointExtension>
        </extensions>
      </trkpt>
      <trkpt lat="31.83663519195233" lon="117.11197688168352">
        <ele>43.400001525878906</ele>
        <time>2026-08-07T12:47:36Z</time>
        <extensions>
          <gpxtpx:TrackPointExtension>
            <gpxtpx:hr>144</gpxtpx:hr>
          </gpxtpx:TrackPointExtension>
        </extensions>
      </trkpt>
      <trkpt lat="31.836634124706677" lon="117.1118918465506">
        <ele>43.599998474121094</ele>
        <time>2026-08-07T12:47:40Z</time>
        <extensions>
          <gpxtpx:TrackPointExtension>
            <gpxtpx:hr>145</gpxtpx:hr>
          </gpxtpx:TrackPointExtension>
        </extensions>
      </trkpt>
      <trkpt lat="31.836626063470042" lon="117.11181581608093">
        <ele>43.599998474121094</ele>
        <time>2026-08-07T12:47:44Z</time>
        <extensions>
          <gpxtpx:TrackPointExtension>
            <gpxtpx:hr>144</gpxtpx:hr>
          </gpxtpx:TrackPointExtension>
        </extensions>
      </trkpt>
      <trkpt lat="31.836632008997345" lon="117.1117447865727">
        <ele>44.0</ele>
        <time>2026-08-07T12:47:48Z</time>
        <extensions>
          <gpxtpx:TrackPointExtension>
            <gpxtpx:hr>144</gpxtpx:hr>
          </gpxtpx:TrackPointExtension>
        </extensions>
      </trkpt>
      <trkpt lat="31.836634947915584" lon="117.11166575435037">
        <ele>44.400001525878906</ele>
        <time>2026-08-07T12:47:52Z</time>
        <extensions>
          <gpxtpx:TrackPointExtension>
            <gpxtpx:hr>144</gpxtpx:hr>
          </gpxtpx:TrackPointExtension>
        </extensions>
      </trkpt>
      <trkpt lat="31.836619876692524" lon="117.11157772051875">
        <ele>44.599998474121094</ele>
        <time>2026-08-07T12:47:56Z</time>
        <extensions>
          <gpxtpx:TrackPointExtension>
            <gpxtpx:hr>144</gpxtpx:hr>
          </gpxtpx:TrackPointExtension>
        </extensions>
      </trkpt>
      <trkpt lat="31.836612816537976" lon="117.11150169101441">
        <ele>45.0</ele>
        <time>2026-08-07T12:48:00Z</time>
        <extensions>
          <gpxtpx:TrackPointExtension>
            <gpxtpx:hr>145</gpxtpx:hr>
          </gpxtpx:TrackPointExtension>
        </extensions>
      </trkpt>
      <trkpt lat="31.836597762792696" lon="117.11143566644478">
        <ele>45.20000076293945</ele>
        <time>2026-08-07T12:48:04Z</time>
        <extensions>
          <gpxtpx:TrackPointExtension>
            <gpxtpx:hr>145</gpxtpx:hr>
          </gpxtpx:TrackPointExtension>
        </extensions>
      </trkpt>
      <trkpt lat="31.836575699448602" lon="117.11135863845122">
        <ele>45.599998474121094</ele>
        <time>2026-08-07T12:48:08Z</time>
        <extensions>
          <gpxtpx:TrackPointExtension>
            <gpxtpx:hr>145</gpxtpx:hr>
          </gpxtpx:TrackPointExtension>
        </extensions>
      </trkpt>
      <trkpt lat="31.836556646834172" lon="117.11129461545262">
        <ele>46.0</ele>
        <time>2026-08-07T12:48:12Z</time>
        <extensions>
          <gpxtpx:TrackPointExtension>
            <gpxtpx:hr>143</gpxtpx:hr>
          </gpxtpx:TrackPointExtension>
        </extensions>
      </trkpt>
      <trkpt lat="31.836528591915332" lon="117.11122959310511">
        <ele>46.20000076293945</ele>
        <time>2026-08-07T12:48:16Z</time>
        <extensions>
          <gpxtpx:TrackPointExtension>
            <gpxtpx:hr>142</gpxtpx:hr>
          </gpxtpx:TrackPointExtension>
        </extensions>
      </trkpt>
      <trkpt lat="31.836484543264135" lon="117.11117657702559">
        <ele>46.0</ele>
        <time>2026-08-07T12:48:20Z</time>
        <extensions>
          <gpxtpx:TrackPointExtension>
            <gpxtpx:hr>140</gpxtpx:hr>
          </gpxtpx:TrackPointExtension>
        </extensions>
      </trkpt>
      <trkpt lat="31.83644748087638" lon="117.11110355285093">
        <ele>46.0</ele>
        <time>2026-08-07T12:48:24Z</time>
        <extensions>
          <gpxtpx:TrackPointExtension>
            <gpxtpx:hr>139</gpxtpx:hr>
          </gpxtpx:TrackPointExtension>
        </extensions>
      </trkpt>
      <trkpt lat="31.836407419635243" lon="117.11103252994695">
        <ele>46.400001525878906</ele>
        <time>2026-08-07T12:48:28Z</time>
        <extensions>
          <gpxtpx:TrackPointExtension>
            <gpxtpx:hr>140</gpxtpx:hr>
          </gpxtpx:TrackPointExtension>
        </extensions>
      </trkpt>
      <trkpt lat="31.836364367051505" lon="117.11097351200912">
        <ele>46.400001525878906</ele>
        <time>2026-08-07T12:48:32Z</time>
        <extensions>
          <gpxtpx:TrackPointExtension>
            <gpxtpx:hr>140</gpxtpx:hr>
          </gpxtpx:TrackPointExtension>
        </extensions>
      </trkpt>
      <trkpt lat="31.836314319287975" lon="117.11092249784298">
        <ele>46.599998474121094</ele>
        <time>2026-08-07T12:48:36Z</time>
        <extensions>
          <gpxtpx:TrackPointExtension>
            <gpxtpx:hr>142</gpxtpx:hr>
          </gpxtpx:TrackPointExtension>
        </extensions>
      </trkpt>
      <trkpt lat="31.836261268812454" lon="117.11086848297616">
        <ele>46.599998474121094</ele>
        <time>2026-08-07T12:48:40Z</time>
        <extensions>
          <gpxtpx:TrackPointExtension>
            <gpxtpx:hr>144</gpxtpx:hr>
          </gpxtpx:TrackPointExtension>
        </extensions>
      </trkpt>
      <trkpt lat="31.83621421883172" lon="117.11081346730803">
        <ele>46.599998474121094</ele>
        <time>2026-08-07T12:48:44Z</time>
        <extensions>
          <gpxtpx:TrackPointExtension>
            <gpxtpx:hr>144</gpxtpx:hr>
          </gpxtpx:TrackPointExtension>
        </extensions>
      </trkpt>
      <trkpt lat="31.836161167092502" lon="117.1107574519813">
        <ele>46.400001525878906</ele>
        <time>2026-08-07T12:48:48Z</time>
        <extensions>
          <gpxtpx:TrackPointExtension>
            <gpxtpx:hr>144</gpxtpx:hr>
          </gpxtpx:TrackPointExtension>
        </extensions>
      </trkpt>
      <trkpt lat="31.836107117513237" lon="117.11070443796858">
        <ele>46.400001525878906</ele>
        <time>2026-08-07T12:48:52Z</time>
        <extensions>
          <gpxtpx:TrackPointExtension>
            <gpxtpx:hr>143</gpxtpx:hr>
          </gpxtpx:TrackPointExtension>
        </extensions>
      </trkpt>
      <trkpt lat="31.836060065656667" lon="117.11064642163441">
        <ele>46.400001525878906</ele>
        <time>2026-08-07T12:48:56Z</time>
        <extensions>
          <gpxtpx:TrackPointExtension>
            <gpxtpx:hr>142</gpxtpx:hr>
          </gpxtpx:TrackPointExtension>
        </extensions>
      </trkpt>
      <trkpt lat="31.836002011120833" lon="117.11058740613777">
        <ele>46.400001525878906</ele>
        <time>2026-08-07T12:49:00Z</time>
        <extensions>
          <gpxtpx:TrackPointExtension>
            <gpxtpx:hr>143</gpxtpx:hr>
          </gpxtpx:TrackPointExtension>
        </extensions>
      </trkpt>
      <trkpt lat="31.83594996005594" lon="117.11053139128539">
        <ele>46.400001525878906</ele>
        <time>2026-08-07T12:49:04Z</time>
        <extensions>
          <gpxtpx:TrackPointExtension>
            <gpxtpx:hr>141</gpxtpx:hr>
          </gpxtpx:TrackPointExtension>
        </extensions>
      </trkpt>
      <trkpt lat="31.835896907455698" lon="117.11047337597034">
        <ele>46.400001525878906</ele>
        <time>2026-08-07T12:49:08Z</time>
        <extensions>
          <gpxtpx:TrackPointExtension>
            <gpxtpx:hr>141</gpxtpx:hr>
          </gpxtpx:TrackPointExtension>
        </extensions>
      </trkpt>
      <trkpt lat="31.835824871181167" lon="117.11044237197832">
        <ele>46.400001525878906</ele>
        <time>2026-08-07T12:49:12Z</time>
        <extensions>
          <gpxtpx:TrackPointExtension>
            <gpxtpx:hr>141</gpxtpx:hr>
          </gpxtpx:TrackPointExtension>
        </extensions>
      </trkpt>
      <trkpt lat="31.835759820908336" lon="117.110390360103">
        <ele>46.400001525878906</ele>
        <time>2026-08-07T12:49:16Z</time>
        <extensions>
          <gpxtpx:TrackPointExtension>
            <gpxtpx:hr>141</gpxtpx:hr>
          </gpxtpx:TrackPointExtension>
        </extensions>
      </trkpt>
      <trkpt lat="31.83569478167652" lon="117.11035335350127">
        <ele>46.400001525878906</ele>
        <time>2026-08-07T12:49:20Z</time>
        <extensions>
          <gpxtpx:TrackPointExtension>
            <gpxtpx:hr>141</gpxtpx:hr>
          </gpxtpx:TrackPointExtension>
        </extensions>
      </trkpt>
      <trkpt lat="31.835632759815464" lon="117.110339354558">
        <ele>46.400001525878906</ele>
        <time>2026-08-07T12:49:24Z</time>
        <extensions>
          <gpxtpx:TrackPointExtension>
            <gpxtpx:hr>142</gpxtpx:hr>
          </gpxtpx:TrackPointExtension>
        </extensions>
      </trkpt>
      <trkpt lat="31.835569729767514" lon="117.1103143519532">
        <ele>46.400001525878906</ele>
        <time>2026-08-07T12:49:28Z</time>
        <extensions>
          <gpxtpx:TrackPointExtension>
            <gpxtpx:hr>145</gpxtpx:hr>
          </gpxtpx:TrackPointExtension>
        </extensions>
      </trkpt>
      <trkpt lat="31.83550669756512" lon="117.11028634835414">
        <ele>46.400001525878906</ele>
        <time>2026-08-07T12:49:32Z</time>
        <extensions>
          <gpxtpx:TrackPointExtension>
            <gpxtpx:hr>145</gpxtpx:hr>
          </gpxtpx:TrackPointExtension>
        </extensions>
      </trkpt>
      <trkpt lat="31.83543367150169" lon="117.1102693494736">
        <ele>46.400001525878906</ele>
        <time>2026-08-07T12:49:36Z</time>
        <extensions>
          <gpxtpx:TrackPointExtension>
            <gpxtpx:hr>144</gpxtpx:hr>
          </gpxtpx:TrackPointExtension>
        </extensions>
      </trkpt>
      <trkpt lat="31.835365655099956" lon="117.110264354207">
        <ele>46.20000076293945</ele>
        <time>2026-08-07T12:49:40Z</time>
        <extensions>
          <gpxtpx:TrackPointExtension>
            <gpxtpx:hr>144</gpxtpx:hr>
          </gpxtpx:TrackPointExtension>
        </extensions>
      </trkpt>
      <trkpt lat="31.835291636849576" lon="117.1102583591696">
        <ele>46.20000076293945</ele>
        <time>2026-08-07T12:49:44Z</time>
        <extensions>
          <gpxtpx:TrackPointExtension>
            <gpxtpx:hr>144</gpxtpx:hr>
          </gpxtpx:TrackPointExtension>
        </extensions>
      </trkpt>
      <trkpt lat="31.83521461296311" lon="117.11024536204417">
        <ele>46.0</ele>
        <time>2026-08-07T12:49:48Z</time>
        <extensions>
          <gpxtpx:TrackPointExtension>
            <gpxtpx:hr>144</gpxtpx:hr>
          </gpxtpx:TrackPointExtension>
        </extensions>
      </trkpt>
      <trkpt lat="31.83514458895081" lon="117.11023036358763">
        <ele>46.0</ele>
        <time>2026-08-07T12:49:52Z</time>
        <extensions>
          <gpxtpx:TrackPointExtension>
            <gpxtpx:hr>144</gpxtpx:hr>
          </gpxtpx:TrackPointExtension>
        </extensions>
      </trkpt>
      <trkpt lat="31.835056566642205" lon="117.11022236920795">
        <ele>45.79999923706055</ele>
        <time>2026-08-07T12:49:56Z</time>
        <extensions>
          <gpxtpx:TrackPointExtension>
            <gpxtpx:hr>144</gpxtpx:hr>
          </gpxtpx:TrackPointExtension>
        </extensions>
      </trkpt>
      <trkpt lat="31.834974549810887" lon="117.11022037628939">
        <ele>45.79999923706055</ele>
        <time>2026-08-07T12:50:00Z</time>
        <extensions>
          <gpxtpx:TrackPointExtension>
            <gpxtpx:hr>143</gpxtpx:hr>
          </gpxtpx:TrackPointExtension>
        </extensions>
      </trkpt>
      <trkpt lat="31.834907540142385" lon="117.11022438397893">
        <ele>45.599998474121094</ele>
        <time>2026-08-07T12:50:04Z</time>
        <extensions>
          <gpxtpx:TrackPointExtension>
            <gpxtpx:hr>143</gpxtpx:hr>
          </gpxtpx:TrackPointExtension>
        </extensions>
      </trkpt>
      <trkpt lat="31.834835533163005" lon="117.11023339383338">
        <ele>45.400001525878906</ele>
        <time>2026-08-07T12:50:08Z</time>
        <extensions>
          <gpxtpx:TrackPointExtension>
            <gpxtpx:hr>144</gpxtpx:hr>
          </gpxtpx:TrackPointExtension>
        </extensions>
      </trkpt>
      <trkpt lat="31.83476153016618" lon="117.1102484059141">
        <ele>45.20000076293945</ele>
        <time>2026-08-07T12:50:12Z</time>
        <extensions>
          <gpxtpx:TrackPointExtension>
            <gpxtpx:hr>144</gpxtpx:hr>
          </gpxtpx:TrackPointExtension>
        </extensions>
      </trkpt>
      <trkpt lat="31.83468252769599" lon="117.11026541915746">
        <ele>45.0</ele>
        <time>2026-08-07T12:50:16Z</time>
        <extensions>
          <gpxtpx:TrackPointExtension>
            <gpxtpx:hr>144</gpxtpx:hr>
          </gpxtpx:TrackPointExtension>
        </extensions>
      </trkpt>
      <trkpt lat="31.834612524746934" lon="117.11027943054094">
        <ele>44.79999923706055</ele>
        <time>2026-08-07T12:50:20Z</time>
        <extensions>
          <gpxtpx:TrackPointExtension>
            <gpxtpx:hr>144</gpxtpx:hr>
          </gpxtpx:TrackPointExtension>
        </extensions>
      </trkpt>
      <trkpt lat="31.83455252513559" lon="117.11029544166952">
        <ele>44.599998474121094</ele>
        <time>2026-08-07T12:50:24Z</time>
        <extensions>
          <gpxtpx:TrackPointExtension>
            <gpxtpx:hr>144</gpxtpx:hr>
          </gpxtpx:TrackPointExtension>
        </extensions>
      </trkpt>
      <trkpt lat="31.834475520169203" lon="117.11030845339234">
        <ele>44.400001525878906</ele>
        <time>2026-08-07T12:50:28Z</time>
        <extensions>
          <gpxtpx:TrackPointExtension>
            <gpxtpx:hr>144</gpxtpx:hr>
          </gpxtpx:TrackPointExtension>
        </extensions>
      </trkpt>
      <trkpt lat="31.834404517792443" lon="117.11032346523993">
        <ele>44.20000076293945</ele>
        <time>2026-08-07T12:50:32Z</time>
        <extensions>
          <gpxtpx:TrackPointExtension>
            <gpxtpx:hr>143</gpxtpx:hr>
          </gpxtpx:TrackPointExtension>
        </extensions>
      </trkpt>
      <trkpt lat="31.834325513200884" lon="117.11033747751135">
        <ele>44.0</ele>
        <time>2026-08-07T12:50:36Z</time>
        <extensions>
          <gpxtpx:TrackPointExtension>
            <gpxtpx:hr>141</gpxtpx:hr>
          </gpxtpx:TrackPointExtension>
        </extensions>
      </trkpt>
      <trkpt lat="31.83424651007902" lon="117.11035349047904">
        <ele>43.79999923706055</ele>
        <time>2026-08-07T12:50:40Z</time>
        <extensions>
          <gpxtpx:TrackPointExtension>
            <gpxtpx:hr>141</gpxtpx:hr>
          </gpxtpx:TrackPointExtension>
        </extensions>
      </trkpt>
      <trkpt lat="31.834177512491767" lon="117.11037450423537">
        <ele>43.599998474121094</ele>
        <time>2026-08-07T12:50:44Z</time>
        <extensions>
          <gpxtpx:TrackPointExtension>
            <gpxtpx:hr>141</gpxtpx:hr>
          </gpxtpx:TrackPointExtension>
        </extensions>
      </trkpt>
      <trkpt lat="31.834108514924075" lon="117.11039551801156">
        <ele>43.400001525878906</ele>
        <time>2026-08-07T12:50:48Z</time>
        <extensions>
          <gpxtpx:TrackPointExtension>
            <gpxtpx:hr>140</gpxtpx:hr>
          </gpxtpx:TrackPointExtension>
        </extensions>
      </trkpt>
      <trkpt lat="31.834045524353172" lon="117.11042453401441">
        <ele>43.0</ele>
        <time>2026-08-07T12:50:52Z</time>
        <extensions>
          <gpxtpx:TrackPointExtension>
            <gpxtpx:hr>139</gpxtpx:hr>
          </gpxtpx:TrackPointExtension>
        </extensions>
      </trkpt>
      <trkpt lat="31.833973523338727" lon="117.11044154673034">
        <ele>42.79999923706055</ele>
        <time>2026-08-07T12:50:56Z</time>
        <extensions>
          <gpxtpx:TrackPointExtension>
            <gpxtpx:hr>139</gpxtpx:hr>
          </gpxtpx:TrackPointExtension>
        </extensions>
      </trkpt>
      <trkpt lat="31.833900533889484" lon="117.1104745651358">
        <ele>42.599998474121094</ele>
        <time>2026-08-07T12:51:00Z</time>
        <extensions>
          <gpxtpx:TrackPointExtension>
            <gpxtpx:hr>138</gpxtpx:hr>
          </gpxtpx:TrackPointExtension>
        </extensions>
      </trkpt>
      <trkpt lat="31.833816543899314" lon="117.11050958533232">
        <ele>42.599998474121094</ele>
        <time>2026-08-07T12:51:04Z</time>
        <extensions>
          <gpxtpx:TrackPointExtension>
            <gpxtpx:hr>138</gpxtpx:hr>
          </gpxtpx:TrackPointExtension>
        </extensions>
      </trkpt>
      <trkpt lat="31.833743543498493" lon="117.11052759855946">
        <ele>42.599998474121094</ele>
        <time>2026-08-07T12:51:08Z</time>
        <extensions>
          <gpxtpx:TrackPointExtension>
            <gpxtpx:hr>136</gpxtpx:hr>
          </gpxtpx:TrackPointExtension>
        </extensions>
      </trkpt>
      <trkpt lat="31.833675537418983" lon="117.11053660815814">
        <ele>42.599998474121094</ele>
        <time>2026-08-07T12:51:12Z</time>
        <extensions>
          <gpxtpx:TrackPointExtension>
            <gpxtpx:hr>137</gpxtpx:hr>
          </gpxtpx:TrackPointExtension>
        </extensions>
      </trkpt>
      <trkpt lat="31.83359852598163" lon="117.11054061685022">
        <ele>42.599998474121094</ele>
        <time>2026-08-07T12:51:16Z</time>
        <extensions>
          <gpxtpx:TrackPointExtension>
            <gpxtpx:hr>136</gpxtpx:hr>
          </gpxtpx:TrackPointExtension>
        </extensions>
      </trkpt>
      <trkpt lat="31.833540530623807" lon="117.11056162974275">
        <ele>42.599998474121094</ele>
        <time>2026-08-07T12:51:20Z</time>
        <extensions>
          <gpxtpx:TrackPointExtension>
            <gpxtpx:hr>135</gpxtpx:hr>
          </gpxtpx:TrackPointExtension>
        </extensions>
      </trkpt>
      <trkpt lat="31.83347852789709" lon="117.11057363984847">
        <ele>42.599998474121094</ele>
        <time>2026-08-07T12:51:24Z</time>
        <extensions>
          <gpxtpx:TrackPointExtension>
            <gpxtpx:hr>135</gpxtpx:hr>
          </gpxtpx:TrackPointExtension>
        </extensions>
      </trkpt>
      <trkpt lat="31.833416537732166" lon="117.11060265598903">
        <ele>42.599998474121094</ele>
        <time>2026-08-07T12:51:28Z</time>
        <extensions>
          <gpxtpx:TrackPointExtension>
            <gpxtpx:hr>136</gpxtpx:hr>
          </gpxtpx:TrackPointExtension>
        </extensions>
      </trkpt>
      <trkpt lat="31.83335255388877" lon="117.11064067556507">
        <ele>42.400001525878906</ele>
        <time>2026-08-07T12:51:32Z</time>
        <extensions>
          <gpxtpx:TrackPointExtension>
            <gpxtpx:hr>137</gpxtpx:hr>
          </gpxtpx:TrackPointExtension>
        </extensions>
      </trkpt>
      <trkpt lat="31.833302594239434" lon="117.11070770429454">
        <ele>42.599998474121094</ele>
        <time>2026-08-07T12:51:36Z</time>
        <extensions>
          <gpxtpx:TrackPointExtension>
            <gpxtpx:hr>139</gpxtpx:hr>
          </gpxtpx:TrackPointExtension>
        </extensions>
      </trkpt>
      <trkpt lat="31.8332496267507" lon="117.1107647298845">
        <ele>42.79999923706055</ele>
        <time>2026-08-07T12:51:40Z</time>
        <extensions>
          <gpxtpx:TrackPointExtension>
            <gpxtpx:hr>143</gpxtpx:hr>
          </gpxtpx:TrackPointExtension>
        </extensions>
      </trkpt>
      <trkpt lat="31.83321568162005" lon="117.11084676295793">
        <ele>42.79999923706055</ele>
        <time>2026-08-07T12:51:44Z</time>
        <extensions>
          <gpxtpx:TrackPointExtension>
            <gpxtpx:hr>143</gpxtpx:hr>
          </gpxtpx:TrackPointExtension>
        </extensions>
      </trkpt>
      <trkpt lat="31.833193741236347" lon="117.11093179630701">
        <ele>42.79999923706055</ele>
        <time>2026-08-07T12:51:48Z</time>
        <extensions>
          <gpxtpx:TrackPointExtension>
            <gpxtpx:hr>142</gpxtpx:hr>
          </gpxtpx:TrackPointExtension>
        </extensions>
      </trkpt>
      <trkpt lat="31.833177807527257" lon="117.11102383202848">
        <ele>42.79999923706055</ele>
        <time>2026-08-07T12:51:52Z</time>
        <extensions>
          <gpxtpx:TrackPointExtension>
            <gpxtpx:hr>141</gpxtpx:hr>
          </gpxtpx:TrackPointExtension>
        </extensions>
      </trkpt>
      <trkpt lat="31.833175863107527" lon="117.11109786000779">
        <ele>43.0</ele>
        <time>2026-08-07T12:51:56Z</time>
        <extensions>
          <gpxtpx:TrackPointExtension>
            <gpxtpx:hr>141</gpxtpx:hr>
          </gpxtpx:TrackPointExtension>
        </extensions>
      </trkpt>
      <trkpt lat="31.833172918707813" lon="117.11117188832662">
        <ele>43.0</ele>
        <time>2026-08-07T12:52:00Z</time>
        <extensions>
          <gpxtpx:TrackPointExtension>
            <gpxtpx:hr>140</gpxtpx:hr>
          </gpxtpx:TrackPointExtension>
        </extensions>
      </trkpt>
      <trkpt lat="31.83315497782278" lon="117.11125392138095">
        <ele>42.79999923706055</ele>
        <time>2026-08-07T12:52:04Z</time>
        <extensions>
          <gpxtpx:TrackPointExtension>
            <gpxtpx:hr>140</gpxtpx:hr>
          </gpxtpx:TrackPointExtension>
        </extensions>
      </trkpt>
      <trkpt lat="31.833155042081124" lon="117.11133795380863">
        <ele>43.0</ele>
        <time>2026-08-07T12:52:08Z</time>
        <extensions>
          <gpxtpx:TrackPointExtension>
            <gpxtpx:hr>140</gpxtpx:hr>
          </gpxtpx:TrackPointExtension>
        </extensions>
      </trkpt>
      <trkpt lat="31.833161103106235" lon="117.11141598363434">
        <ele>43.0</ele>
        <time>2026-08-07T12:52:12Z</time>
        <extensions>
          <gpxtpx:TrackPointExtension>
            <gpxtpx:hr>141</gpxtpx:hr>
          </gpxtpx:TrackPointExtension>
        </extensions>
      </trkpt>
      <trkpt lat="31.83316416534533" lon="117.11149601480477">
        <ele>42.79999923706055</ele>
        <time>2026-08-07T12:52:16Z</time>
        <extensions>
          <gpxtpx:TrackPointExtension>
            <gpxtpx:hr>144</gpxtpx:hr>
          </gpxtpx:TrackPointExtension>
        </extensions>
      </trkpt>
      <trkpt lat="31.833165227451623" lon="117.11157604644931">
        <ele>42.79999923706055</ele>
        <time>2026-08-07T12:52:20Z</time>
        <extensions>
          <gpxtpx:TrackPointExtension>
            <gpxtpx:hr>146</gpxtpx:hr>
          </gpxtpx:TrackPointExtension>
        </extensions>
      </trkpt>
      <trkpt lat="31.833163287681447" lon="117.11165407785819">
        <ele>42.79999923706055</ele>
        <time>2026-08-07T12:52:24Z</time>
        <extensions>
          <gpxtpx:TrackPointExtension>
            <gpxtpx:hr>144</gpxtpx:hr>
          </gpxtpx:TrackPointExtension>
        </extensions>
      </trkpt>
      <trkpt lat="31.833164348698723" lon="117.11173210925367">
        <ele>43.0</ele>
        <time>2026-08-07T12:52:28Z</time>
        <extensions>
          <gpxtpx:TrackPointExtension>
            <gpxtpx:hr>144</gpxtpx:hr>
          </gpxtpx:TrackPointExtension>
        </extensions>
      </trkpt>
      <trkpt lat="31.833157407667386" lon="117.11180914126705">
        <ele>42.79999923706055</ele>
        <time>2026-08-07T12:52:32Z</time>
        <extensions>
          <gpxtpx:TrackPointExtension>
            <gpxtpx:hr>143</gpxtpx:hr>
          </gpxtpx:TrackPointExtension>
        </extensions>
      </trkpt>
      <trkpt lat="31.833152468805046" lon="117.11188817417887">
        <ele>42.79999923706055</ele>
        <time>2026-08-07T12:52:36Z</time>
        <extensions>
          <gpxtpx:TrackPointExtension>
            <gpxtpx:hr>142</gpxtpx:hr>
          </gpxtpx:TrackPointExtension>
        </extensions>
      </trkpt>
      <trkpt lat="31.833145530592994" lon="117.1119682079723">
        <ele>42.79999923706055</ele>
        <time>2026-08-07T12:52:40Z</time>
        <extensions>
          <gpxtpx:TrackPointExtension>
            <gpxtpx:hr>142</gpxtpx:hr>
          </gpxtpx:TrackPointExtension>
        </extensions>
      </trkpt>
      <trkpt lat="31.8331355904741" lon="117.11204624149399">
        <ele>42.79999923706055</ele>
        <time>2026-08-07T12:52:44Z</time>
        <extensions>
          <gpxtpx:TrackPointExtension>
            <gpxtpx:hr>141</gpxtpx:hr>
          </gpxtpx:TrackPointExtension>
        </extensions>
      </trkpt>
      <trkpt lat="31.83312864716213" lon="117.11211927288747">
        <ele>42.79999923706055</ele>
        <time>2026-08-07T12:52:48Z</time>
        <extensions>
          <gpxtpx:TrackPointExtension>
            <gpxtpx:hr>142</gpxtpx:hr>
          </gpxtpx:TrackPointExtension>
        </extensions>
      </trkpt>
      <trkpt lat="31.83312471818817" lon="117.1122093114779">
        <ele>43.0</ele>
        <time>2026-08-07T12:52:52Z</time>
        <extensions>
          <gpxtpx:TrackPointExtension>
            <gpxtpx:hr>142</gpxtpx:hr>
          </gpxtpx:TrackPointExtension>
        </extensions>
      </trkpt>
      <trkpt lat="31.833131784346058" lon="117.11229034551236">
        <ele>43.0</ele>
        <time>2026-08-07T12:52:56Z</time>
        <extensions>
          <gpxtpx:TrackPointExtension>
            <gpxtpx:hr>143</gpxtpx:hr>
          </gpxtpx:TrackPointExtension>
        </extensions>
      </trkpt>
      <trkpt lat="31.833133852231022" lon="117.1123743816104">
        <ele>42.79999923706055</ele>
        <time>2026-08-07T12:53:00Z</time>
        <extensions>
          <gpxtpx:TrackPointExtension>
            <gpxtpx:hr>144</gpxtpx:hr>
          </gpxtpx:TrackPointExtension>
        </extensions>
      </trkpt>
      <trkpt lat="31.833136922989798" lon="117.11246141923748">
        <ele>42.79999923706055</ele>
        <time>2026-08-07T12:53:04Z</time>
        <extensions>
          <gpxtpx:TrackPointExtension>
            <gpxtpx:hr>144</gpxtpx:hr>
          </gpxtpx:TrackPointExtension>
        </extensions>
      </trkpt>
      <trkpt lat="31.833126986735206" lon="117.11254245577899">
        <ele>43.0</ele>
        <time>2026-08-07T12:53:08Z</time>
        <extensions>
          <gpxtpx:TrackPointExtension>
            <gpxtpx:hr>143</gpxtpx:hr>
          </gpxtpx:TrackPointExtension>
        </extensions>
      </trkpt>
      <trkpt lat="31.83311604646521" lon="117.11261849048009">
        <ele>43.0</ele>
        <time>2026-08-07T12:53:12Z</time>
        <extensions>
          <gpxtpx:TrackPointExtension>
            <gpxtpx:hr>142</gpxtpx:hr>
          </gpxtpx:TrackPointExtension>
        </extensions>
      </trkpt>
      <trkpt lat="31.83311010570728" lon="117.11269252406618">
        <ele>43.0</ele>
        <time>2026-08-07T12:53:16Z</time>
        <extensions>
          <gpxtpx:TrackPointExtension>
            <gpxtpx:hr>142</gpxtpx:hr>
          </gpxtpx:TrackPointExtension>
        </extensions>
      </trkpt>
      <trkpt lat="31.833114180138043" lon="117.11278256416936">
        <ele>43.0</ele>
        <time>2026-08-07T12:53:20Z</time>
        <extensions>
          <gpxtpx:TrackPointExtension>
            <gpxtpx:hr>142</gpxtpx:hr>
          </gpxtpx:TrackPointExtension>
        </extensions>
      </trkpt>
      <trkpt lat="31.833111242034377" lon="117.11285859891396">
        <ele>43.0</ele>
        <time>2026-08-07T12:53:24Z</time>
        <extensions>
          <gpxtpx:TrackPointExtension>
            <gpxtpx:hr>141</gpxtpx:hr>
          </gpxtpx:TrackPointExtension>
        </extensions>
      </trkpt>
      <trkpt lat="31.833104305876095" lon="117.11293763566526">
        <ele>43.20000076293945</ele>
        <time>2026-08-07T12:53:28Z</time>
        <extensions>
          <gpxtpx:TrackPointExtension>
            <gpxtpx:hr>138</gpxtpx:hr>
          </gpxtpx:TrackPointExtension>
        </extensions>
      </trkpt>
      <trkpt lat="31.83310637079716" lon="117.11301567137633">
        <ele>43.0</ele>
        <time>2026-08-07T12:53:32Z</time>
        <extensions>
          <gpxtpx:TrackPointExtension>
            <gpxtpx:hr>136</gpxtpx:hr>
          </gpxtpx:TrackPointExtension>
        </extensions>
      </trkpt>
      <trkpt lat="31.83310843760605" lon="117.11309570828406">
        <ele>43.0</ele>
        <time>2026-08-07T12:53:36Z</time>
        <extensions>
          <gpxtpx:TrackPointExtension>
            <gpxtpx:hr>137</gpxtpx:hr>
          </gpxtpx:TrackPointExtension>
        </extensions>
      </trkpt>
      <trkpt lat="31.833101499632956" lon="117.11317174444699">
        <ele>43.0</ele>
        <time>2026-08-07T12:53:40Z</time>
        <extensions>
          <gpxtpx:TrackPointExtension>
            <gpxtpx:hr>136</gpxtpx:hr>
          </gpxtpx:TrackPointExtension>
        </extensions>
      </trkpt>
      <trkpt lat="31.83309955861744" lon="117.113242778029">
        <ele>43.20000076293945</ele>
        <time>2026-08-07T12:53:44Z</time>
        <extensions>
          <gpxtpx:TrackPointExtension>
            <gpxtpx:hr>136</gpxtpx:hr>
          </gpxtpx:TrackPointExtension>
        </extensions>
      </trkpt>
      <trkpt lat="31.83309562749588" lon="117.11332581772248">
        <ele>43.20000076293945</ele>
        <time>2026-08-07T12:53:48Z</time>
        <extensions>
          <gpxtpx:TrackPointExtension>
            <gpxtpx:hr>137</gpxtpx:hr>
          </gpxtpx:TrackPointExtension>
        </extensions>
      </trkpt>
      <trkpt lat="31.833095692313062" lon="117.1134028544637">
        <ele>43.20000076293945</ele>
        <time>2026-08-07T12:53:52Z</time>
        <extensions>
          <gpxtpx:TrackPointExtension>
            <gpxtpx:hr>136</gpxtpx:hr>
          </gpxtpx:TrackPointExtension>
        </extensions>
      </trkpt>
      <trkpt lat="31.83309175660162" lon="117.11347989184107">
        <ele>43.20000076293945</ele>
        <time>2026-08-07T12:53:56Z</time>
        <extensions>
          <gpxtpx:TrackPointExtension>
            <gpxtpx:hr>136</gpxtpx:hr>
          </gpxtpx:TrackPointExtension>
        </extensions>
      </trkpt>
      <trkpt lat="31.833089823177875" lon="117.11355893025794">
        <ele>43.20000076293945</ele>
        <time>2026-08-07T12:54:00Z</time>
        <extensions>
          <gpxtpx:TrackPointExtension>
            <gpxtpx:hr>137</gpxtpx:hr>
          </gpxtpx:TrackPointExtension>
        </extensions>
      </trkpt>
      <trkpt lat="31.8330928934702" lon="117.11364096994005">
        <ele>43.20000076293945</ele>
        <time>2026-08-07T12:54:04Z</time>
        <extensions>
          <gpxtpx:TrackPointExtension>
            <gpxtpx:hr>136</gpxtpx:hr>
          </gpxtpx:TrackPointExtension>
        </extensions>
      </trkpt>
      <trkpt lat="31.83309996817388" lon="117.11372701150655">
        <ele>43.400001525878906</ele>
        <time>2026-08-07T12:54:08Z</time>
        <extensions>
          <gpxtpx:TrackPointExtension>
            <gpxtpx:hr>136</gpxtpx:hr>
          </gpxtpx:TrackPointExtension>
        </extensions>
      </trkpt>
      <trkpt lat="31.833095034045545" lon="117.11380505055673">
        <ele>43.20000076293945</ele>
        <time>2026-08-07T12:54:12Z</time>
        <extensions>
          <gpxtpx:TrackPointExtension>
            <gpxtpx:hr>137</gpxtpx:hr>
          </gpxtpx:TrackPointExtension>
        </extensions>
      </trkpt>
      <trkpt lat="31.8330891033957" lon="117.11388709196358">
        <ele>43.20000076293945</ele>
        <time>2026-08-07T12:54:16Z</time>
        <extensions>
          <gpxtpx:TrackPointExtension>
            <gpxtpx:hr>138</gpxtpx:hr>
          </gpxtpx:TrackPointExtension>
        </extensions>
      </trkpt>
      <trkpt lat="31.833095170909424" lon="117.11396413000979">
        <ele>43.20000076293945</ele>
        <time>2026-08-07T12:54:20Z</time>
        <extensions>
          <gpxtpx:TrackPointExtension>
            <gpxtpx:hr>138</gpxtpx:hr>
          </gpxtpx:TrackPointExtension>
        </extensions>
      </trkpt>
      <trkpt lat="31.83309023658767" lon="117.11404116935229">
        <ele>43.20000076293945</ele>
        <time>2026-08-07T12:54:24Z</time>
        <extensions>
          <gpxtpx:TrackPointExtension>
            <gpxtpx:hr>139</gpxtpx:hr>
          </gpxtpx:TrackPointExtension>
        </extensions>
      </trkpt>
      <trkpt lat="31.833081298258726" lon="117.11411420729003">
        <ele>43.20000076293945</ele>
        <time>2026-08-07T12:54:28Z</time>
        <extensions>
          <gpxtpx:TrackPointExtension>
            <gpxtpx:hr>140</gpxtpx:hr>
          </gpxtpx:TrackPointExtension>
        </extensions>
      </trkpt>
      <trkpt lat="31.833065363177404" lon="117.11419224868366">
        <ele>43.20000076293945</ele>
        <time>2026-08-07T12:54:32Z</time>
        <extensions>
          <gpxtpx:TrackPointExtension>
            <gpxtpx:hr>140</gpxtpx:hr>
          </gpxtpx:TrackPointExtension>
        </extensions>
      </trkpt>
      <trkpt lat="31.833058430869613" lon="117.11427129000428">
        <ele>43.20000076293945</ele>
        <time>2026-08-07T12:54:36Z</time>
        <extensions>
          <gpxtpx:TrackPointExtension>
            <gpxtpx:hr>141</gpxtpx:hr>
          </gpxtpx:TrackPointExtension>
        </extensions>
      </trkpt>
      <trkpt lat="31.833052503363174" lon="117.11435533409798">
        <ele>43.0</ele>
        <time>2026-08-07T12:54:40Z</time>
        <extensions>
          <gpxtpx:TrackPointExtension>
            <gpxtpx:hr>141</gpxtpx:hr>
          </gpxtpx:TrackPointExtension>
        </extensions>
      </trkpt>
      <trkpt lat="31.833050575976916" lon="117.11443837759283">
        <ele>43.20000076293945</ele>
        <time>2026-08-07T12:54:44Z</time>
        <extensions>
          <gpxtpx:TrackPointExtension>
            <gpxtpx:hr>141</gpxtpx:hr>
          </gpxtpx:TrackPointExtension>
        </extensions>
      </trkpt>
      <trkpt lat="31.83305065186422" lon="117.11452442277553">
        <ele>43.20000076293945</ele>
        <time>2026-08-07T12:54:48Z</time>
        <extensions>
          <gpxtpx:TrackPointExtension>
            <gpxtpx:hr>141</gpxtpx:hr>
          </gpxtpx:TrackPointExtension>
        </extensions>
      </trkpt>
      <trkpt lat="31.833055731612056" lon="117.11461346939517">
        <ele>43.20000076293945</ele>
        <time>2026-08-07T12:54:52Z</time>
        <extensions>
          <gpxtpx:TrackPointExtension>
            <gpxtpx:hr>140</gpxtpx:hr>
          </gpxtpx:TrackPointExtension>
        </extensions>
      </trkpt>
      <trkpt lat="31.833054809636444" lon="117.11470151638645">
        <ele>43.20000076293945</ele>
        <time>2026-08-07T12:54:56Z</time>
        <extensions>
          <gpxtpx:TrackPointExtension>
            <gpxtpx:hr>140</gpxtpx:hr>
          </gpxtpx:TrackPointExtension>
        </extensions>
      </trkpt>
      <trkpt lat="31.833058886191523" lon="117.11478656162039">
        <ele>43.20000076293945</ele>
        <time>2026-08-07T12:55:00Z</time>
        <extensions>
          <gpxtpx:TrackPointExtension>
            <gpxtpx:hr>140</gpxtpx:hr>
          </gpxtpx:TrackPointExtension>
        </extensions>
      </trkpt>
      <trkpt lat="31.833065959083967" lon="117.11486660416935">
        <ele>43.20000076293945</ele>
        <time>2026-08-07T12:55:04Z</time>
        <extensions>
          <gpxtpx:TrackPointExtension>
            <gpxtpx:hr>139</gpxtpx:hr>
          </gpxtpx:TrackPointExtension>
        </extensions>
      </trkpt>
      <trkpt lat="31.833070034344626" lon="117.11494964891097">
        <ele>43.400001525878906</ele>
        <time>2026-08-07T12:55:08Z</time>
        <extensions>
          <gpxtpx:TrackPointExtension>
            <gpxtpx:hr>138</gpxtpx:hr>
          </gpxtpx:TrackPointExtension>
        </extensions>
      </trkpt>
      <trkpt lat="31.83306710764513" lon="117.11503169405918">
        <ele>43.20000076293945</ele>
        <time>2026-08-07T12:55:12Z</time>
        <extensions>
          <gpxtpx:TrackPointExtension>
            <gpxtpx:hr>138</gpxtpx:hr>
          </gpxtpx:TrackPointExtension>
        </extensions>
      </trkpt>
      <trkpt lat="31.833064179376453" lon="117.11511173838892">
        <ele>43.20000076293945</ele>
        <time>2026-08-07T12:55:16Z</time>
        <extensions>
          <gpxtpx:TrackPointExtension>
            <gpxtpx:hr>138</gpxtpx:hr>
          </gpxtpx:TrackPointExtension>
        </extensions>
      </trkpt>
      <trkpt lat="31.833054248216037" lon="117.11518978254145">
        <ele>43.20000076293945</ele>
        <time>2026-08-07T12:55:20Z</time>
        <extensions>
          <gpxtpx:TrackPointExtension>
            <gpxtpx:hr>138</gpxtpx:hr>
          </gpxtpx:TrackPointExtension>
        </extensions>
      </trkpt>
      <trkpt lat="31.833048317108393" lon="117.11526682601517">
        <ele>43.20000076293945</ele>
        <time>2026-08-07T12:55:24Z</time>
        <extensions>
          <gpxtpx:TrackPointExtension>
            <gpxtpx:hr>140</gpxtpx:hr>
          </gpxtpx:TrackPointExtension>
        </extensions>
      </trkpt>
      <trkpt lat="31.833048389157998" lon="117.11534587029728">
        <ele>43.20000076293945</ele>
        <time>2026-08-07T12:55:28Z</time>
        <extensions>
          <gpxtpx:TrackPointExtension>
            <gpxtpx:hr>141</gpxtpx:hr>
          </gpxtpx:TrackPointExtension>
        </extensions>
      </trkpt>
      <trkpt lat="31.833046461973716" lon="117.11542591559855">
        <ele>43.20000076293945</ele>
        <time>2026-08-07T12:55:32Z</time>
        <extensions>
          <gpxtpx:TrackPointExtension>
            <gpxtpx:hr>143</gpxtpx:hr>
          </gpxtpx:TrackPointExtension>
        </extensions>
      </trkpt>
      <trkpt lat="31.833028520088956" lon="117.11549295529068">
        <ele>43.20000076293945</ele>
        <time>2026-08-07T12:55:36Z</time>
        <extensions>
          <gpxtpx:TrackPointExtension>
            <gpxtpx:hr>143</gpxtpx:hr>
          </gpxtpx:TrackPointExtension>
        </extensions>
      </trkpt>
      <trkpt lat="31.833020592205166" lon="117.11557300165688">
        <ele>43.20000076293945</ele>
        <time>2026-08-07T12:55:40Z</time>
        <extensions>
          <gpxtpx:TrackPointExtension>
            <gpxtpx:hr>144</gpxtpx:hr>
          </gpxtpx:TrackPointExtension>
        </extensions>
      </trkpt>
      <trkpt lat="31.83302266733765" lon="117.11565404792294">
        <ele>43.20000076293945</ele>
        <time>2026-08-07T12:55:44Z</time>
        <extensions>
          <gpxtpx:TrackPointExtension>
            <gpxtpx:hr>144</gpxtpx:hr>
          </gpxtpx:TrackPointExtension>
        </extensions>
      </trkpt>
      <trkpt lat="31.83301872953316" lon="117.1157220875144">
        <ele>43.20000076293945</ele>
        <time>2026-08-07T12:55:48Z</time>
        <extensions>
          <gpxtpx:TrackPointExtension>
            <gpxtpx:hr>144</gpxtpx:hr>
          </gpxtpx:TrackPointExtension>
        </extensions>
      </trkpt>
      <trkpt lat="31.83302279988962" lon="117.11579713061198">
        <ele>43.20000076293945</ele>
        <time>2026-08-07T12:55:52Z</time>
        <extensions>
          <gpxtpx:TrackPointExtension>
            <gpxtpx:hr>142</gpxtpx:hr>
          </gpxtpx:TrackPointExtension>
        </extensions>
      </trkpt>
      <trkpt lat="31.83302887827658" lon="117.11588017843394">
        <ele>43.400001525878906</ele>
        <time>2026-08-07T12:55:56Z</time>
        <extensions>
          <gpxtpx:TrackPointExtension>
            <gpxtpx:hr>141</gpxtpx:hr>
          </gpxtpx:TrackPointExtension>
        </extensions>
      </trkpt>
      <trkpt lat="31.83302895298308" lon="117.11596022534853">
        <ele>43.400001525878906</ele>
        <time>2026-08-07T12:56:00Z</time>
        <extensions>
          <gpxtpx:TrackPointExtension>
            <gpxtpx:hr>140</gpxtpx:hr>
          </gpxtpx:TrackPointExtension>
        </extensions>
      </trkpt>
      <trkpt lat="31.833020018734718" lon="117.11603226865267">
        <ele>43.400001525878906</ele>
        <time>2026-08-07T12:56:04Z</time>
        <extensions>
          <gpxtpx:TrackPointExtension>
            <gpxtpx:hr>137</gpxtpx:hr>
          </gpxtpx:TrackPointExtension>
        </extensions>
      </trkpt>
      <trkpt lat="31.83300609126135" lon="117.1161123174018">
        <ele>43.400001525878906</ele>
        <time>2026-08-07T12:56:08Z</time>
        <extensions>
          <gpxtpx:TrackPointExtension>
            <gpxtpx:hr>136</gpxtpx:hr>
          </gpxtpx:TrackPointExtension>
        </extensions>
      </trkpt>
      <trkpt lat="31.833004166250884" lon="117.1161923652844">
        <ele>43.400001525878906</ele>
        <time>2026-08-07T12:56:12Z</time>
        <extensions>
          <gpxtpx:TrackPointExtension>
            <gpxtpx:hr>137</gpxtpx:hr>
          </gpxtpx:TrackPointExtension>
        </extensions>
      </trkpt>
      <trkpt lat="31.83299924753152" lon="117.11627941792807">
        <ele>43.400001525878906</ele>
        <time>2026-08-07T12:56:16Z</time>
        <extensions>
          <gpxtpx:TrackPointExtension>
            <gpxtpx:hr>138</gpxtpx:hr>
          </gpxtpx:TrackPointExtension>
        </extensions>
      </trkpt>
      <trkpt lat="31.833007329602935" lon="117.11636446844877">
        <ele>43.400001525878906</ele>
        <time>2026-08-07T12:56:20Z</time>
        <extensions>
          <gpxtpx:TrackPointExtension>
            <gpxtpx:hr>140</gpxtpx:hr>
          </gpxtpx:TrackPointExtension>
        </extensions>
      </trkpt>
      <trkpt lat="31.833012408511937" lon="117.11644651772936">
        <ele>43.599998474121094</ele>
        <time>2026-08-07T12:56:24Z</time>
        <extensions>
          <gpxtpx:TrackPointExtension>
            <gpxtpx:hr>140</gpxtpx:hr>
          </gpxtpx:TrackPointExtension>
        </extensions>
      </trkpt>
      <trkpt lat="31.83301348595624" lon="117.11652756705693">
        <ele>43.400001525878906</ele>
        <time>2026-08-07T12:56:28Z</time>
        <extensions>
          <gpxtpx:TrackPointExtension>
            <gpxtpx:hr>139</gpxtpx:hr>
          </gpxtpx:TrackPointExtension>
        </extensions>
      </trkpt>
      <trkpt lat="31.83299055245134" lon="117.11660161462198">
        <ele>43.400001525878906</ele>
        <time>2026-08-07T12:56:32Z</time>
        <extensions>
          <gpxtpx:TrackPointExtension>
            <gpxtpx:hr>138</gpxtpx:hr>
          </gpxtpx:TrackPointExtension>
        </extensions>
      </trkpt>
      <trkpt lat="31.83297563023564" lon="117.11668566784054">
        <ele>43.400001525878906</ele>
        <time>2026-08-07T12:56:36Z</time>
        <extensions>
          <gpxtpx:TrackPointExtension>
            <gpxtpx:hr>138</gpxtpx:hr>
          </gpxtpx:TrackPointExtension>
        </extensions>
      </trkpt>
      <trkpt lat="31.832968709758145" lon="117.11676972059594">
        <ele>43.400001525878906</ele>
        <time>2026-08-07T12:56:40Z</time>
        <extensions>
          <gpxtpx:TrackPointExtension>
            <gpxtpx:hr>138</gpxtpx:hr>
          </gpxtpx:TrackPointExtension>
        </extensions>
      </trkpt>
      <trkpt lat="31.832961788560738" lon="117.11685277301899">
        <ele>43.400001525878906</ele>
        <time>2026-08-07T12:56:44Z</time>
        <extensions>
          <gpxtpx:TrackPointExtension>
            <gpxtpx:hr>138</gpxtpx:hr>
          </gpxtpx:TrackPointExtension>
        </extensions>
      </trkpt>
      <trkpt lat="31.832967866149186" lon="117.11693182198361">
        <ele>43.400001525878906</ele>
        <time>2026-08-07T12:56:48Z</time>
        <extensions>
          <gpxtpx:TrackPointExtension>
            <gpxtpx:hr>138</gpxtpx:hr>
          </gpxtpx:TrackPointExtension>
        </extensions>
      </trkpt>
      <trkpt lat="31.832978944887277" lon="117.11701087073398">
        <ele>43.400001525878906</ele>
        <time>2026-08-07T12:56:52Z</time>
        <extensions>
          <gpxtpx:TrackPointExtension>
            <gpxtpx:hr>138</gpxtpx:hr>
          </gpxtpx:TrackPointExtension>
        </extensions>
      </trkpt>
      <trkpt lat="31.83300702506208" lon="117.11708791686482">
        <ele>43.400001525878906</ele>
        <time>2026-08-07T12:56:56Z</time>
        <extensions>
          <gpxtpx:TrackPointExtension>
            <gpxtpx:hr>137</gpxtpx:hr>
          </gpxtpx:TrackPointExtension>
        </extensions>
      </trkpt>
      <trkpt lat="31.833048097117203" lon="117.11715395499309">
        <ele>43.400001525878906</ele>
        <time>2026-08-07T12:57:00Z</time>
        <extensions>
          <gpxtpx:TrackPointExtension>
            <gpxtpx:hr>136</gpxtpx:hr>
          </gpxtpx:TrackPointExtension>
        </extensions>
      </trkpt>
      <trkpt lat="31.833098171002867" lon="117.1172199924502">
        <ele>43.400001525878906</ele>
        <time>2026-08-07T12:57:04Z</time>
        <extensions>
          <gpxtpx:TrackPointExtension>
            <gpxtpx:hr>135</gpxtpx:hr>
          </gpxtpx:TrackPointExtension>
        </extensions>
      </trkpt>
      <trkpt lat="31.833143251963243" lon="117.11729403570719">
        <ele>43.599998474121094</ele>
        <time>2026-08-07T12:57:08Z</time>
        <extensions>
          <gpxtpx:TrackPointExtension>
            <gpxtpx:hr>135</gpxtpx:hr>
          </gpxtpx:TrackPointExtension>
        </extensions>
      </trkpt>
      <trkpt lat="31.83318032473191" lon="117.11736107542096">
        <ele>43.599998474121094</ele>
        <time>2026-08-07T12:57:12Z</time>
        <extensions>
          <gpxtpx:TrackPointExtension>
            <gpxtpx:hr>136</gpxtpx:hr>
          </gpxtpx:TrackPointExtension>
        </extensions>
      </trkpt>
      <trkpt lat="31.833224396989554" lon="117.1174261133595">
        <ele>43.79999923706055</ele>
        <time>2026-08-07T12:57:16Z</time>
        <extensions>
          <gpxtpx:TrackPointExtension>
            <gpxtpx:hr>136</gpxtpx:hr>
          </gpxtpx:TrackPointExtension>
        </extensions>
      </trkpt>
      <trkpt lat="31.83326446172781" lon="117.11748414728928">
        <ele>43.79999923706055</ele>
        <time>2026-08-07T12:57:20Z</time>
        <extensions>
          <gpxtpx:TrackPointExtension>
            <gpxtpx:hr>137</gpxtpx:hr>
          </gpxtpx:TrackPointExtension>
        </extensions>
      </trkpt>
      <trkpt lat="31.833313532225027" lon="117.11754618312172">
        <ele>43.79999923706055</ele>
        <time>2026-08-07T12:57:24Z</time>
        <extensions>
          <gpxtpx:TrackPointExtension>
            <gpxtpx:hr>138</gpxtpx:hr>
          </gpxtpx:TrackPointExtension>
        </extensions>
      </trkpt>
      <trkpt lat="31.833356607694252" lon="117.11761422361906">
        <ele>43.79999923706055</ele>
        <time>2026-08-07T12:57:28Z</time>
        <extensions>
          <gpxtpx:TrackPointExtension>
            <gpxtpx:hr>138</gpxtpx:hr>
          </gpxtpx:TrackPointExtension>
        </extensions>
      </trkpt>
      <trkpt lat="31.833401668770875" lon="117.11766725422865">
        <ele>43.79999923706055</ele>
        <time>2026-08-07T12:57:32Z</time>
        <extensions>
          <gpxtpx:TrackPointExtension>
            <gpxtpx:hr>139</gpxtpx:hr>
          </gpxtpx:TrackPointExtension>
        </extensions>
      </trkpt>
      <trkpt lat="31.833447734119197" lon="117.11772428750348">
        <ele>44.0</ele>
        <time>2026-08-07T12:57:36Z</time>
        <extensions>
          <gpxtpx:TrackPointExtension>
            <gpxtpx:hr>139</gpxtpx:hr>
          </gpxtpx:TrackPointExtension>
        </extensions>
      </trkpt>
      <trkpt lat="31.83349381256767" lon="117.11779432954138">
        <ele>44.0</ele>
        <time>2026-08-07T12:57:40Z</time>
        <extensions>
          <gpxtpx:TrackPointExtension>
            <gpxtpx:hr>139</gpxtpx:hr>
          </gpxtpx:TrackPointExtension>
        </extensions>
      </trkpt>
      <trkpt lat="31.833538898011575" lon="117.1178713765441">
        <ele>44.20000076293945</ele>
        <time>2026-08-07T12:57:44Z</time>
        <extensions>
          <gpxtpx:TrackPointExtension>
            <gpxtpx:hr>140</gpxtpx:hr>
          </gpxtpx:TrackPointExtension>
        </extensions>
      </trkpt>
      <trkpt lat="31.833589966705272" lon="117.11793041116107">
        <ele>44.20000076293945</ele>
        <time>2026-08-07T12:57:48Z</time>
        <extensions>
          <gpxtpx:TrackPointExtension>
            <gpxtpx:hr>139</gpxtpx:hr>
          </gpxtpx:TrackPointExtension>
        </extensions>
      </trkpt>
      <trkpt lat="31.833636037604084" lon="117.11799244840935">
        <ele>44.400001525878906</ele>
        <time>2026-08-07T12:57:52Z</time>
        <extensions>
          <gpxtpx:TrackPointExtension>
            <gpxtpx:hr>140</gpxtpx:hr>
          </gpxtpx:TrackPointExtension>
        </extensions>
      </trkpt>
      <trkpt lat="31.833674113191154" lon="117.11806049061998">
        <ele>44.599998474121094</ele>
        <time>2026-08-07T12:57:56Z</time>
        <extensions>
          <gpxtpx:TrackPointExtension>
            <gpxtpx:hr>143</gpxtpx:hr>
          </gpxtpx:TrackPointExtension>
        </extensions>
      </trkpt>
      <trkpt lat="31.833711180666345" lon="117.11812052769295">
        <ele>44.599998474121094</ele>
        <time>2026-08-07T12:58:00Z</time>
        <extensions>
          <gpxtpx:TrackPointExtension>
            <gpxtpx:hr>146</gpxtpx:hr>
          </gpxtpx:TrackPointExtension>
        </extensions>
      </trkpt>
      <trkpt lat="31.833750254714733" lon="117.11818656880321">
        <ele>44.79999923706055</ele>
        <time>2026-08-07T12:58:04Z</time>
        <extensions>
          <gpxtpx:TrackPointExtension>
            <gpxtpx:hr>147</gpxtpx:hr>
          </gpxtpx:TrackPointExtension>
        </extensions>
      </trkpt>
      <trkpt lat="31.833791325227324" lon="117.11824860717068">
        <ele>44.79999923706055</ele>
        <time>2026-08-07T12:58:08Z</time>
        <extensions>
          <gpxtpx:TrackPointExtension>
            <gpxtpx:hr>147</gpxtpx:hr>
          </gpxtpx:TrackPointExtension>
        </extensions>
      </trkpt>
      <trkpt lat="31.833830393464744" lon="117.11830864451325">
        <ele>44.79999923706055</ele>
        <time>2026-08-07T12:58:12Z</time>
        <extensions>
          <gpxtpx:TrackPointExtension>
            <gpxtpx:hr>145</gpxtpx:hr>
          </gpxtpx:TrackPointExtension>
        </extensions>
      </trkpt>
      <trkpt lat="31.83388146916386" lon="117.11837368430521">
        <ele>45.0</ele>
        <time>2026-08-07T12:58:16Z</time>
        <extensions>
          <gpxtpx:TrackPointExtension>
            <gpxtpx:hr>143</gpxtpx:hr>
          </gpxtpx:TrackPointExtension>
        </extensions>
      </trkpt>
      <trkpt lat="31.833924543513035" lon="117.11843872502494">
        <ele>45.0</ele>
        <time>2026-08-07T12:58:20Z</time>
        <extensions>
          <gpxtpx:TrackPointExtension>
            <gpxtpx:hr>142</gpxtpx:hr>
          </gpxtpx:TrackPointExtension>
        </extensions>
      </trkpt>
      <trkpt lat="31.83396661986734" lon="117.1185057673964">
        <ele>45.20000076293945</ele>
        <time>2026-08-07T12:58:24Z</time>
        <extensions>
          <gpxtpx:TrackPointExtension>
            <gpxtpx:hr>141</gpxtpx:hr>
          </gpxtpx:TrackPointExtension>
        </extensions>
      </trkpt>
      <trkpt lat="31.834010686492775" lon="117.1185628028049">
        <ele>45.400001525878906</ele>
        <time>2026-08-07T12:58:28Z</time>
        <extensions>
          <gpxtpx:TrackPointExtension>
            <gpxtpx:hr>141</gpxtpx:hr>
          </gpxtpx:TrackPointExtension>
        </extensions>
      </trkpt>
      <trkpt lat="31.83406074407931" lon="117.11860983080297">
        <ele>45.400001525878906</ele>
        <time>2026-08-07T12:58:32Z</time>
        <extensions>
          <gpxtpx:TrackPointExtension>
            <gpxtpx:hr>141</gpxtpx:hr>
          </gpxtpx:TrackPointExtension>
        </extensions>
      </trkpt>
      <trkpt lat="31.83410680819585" lon="117.1186638641635">
        <ele>45.599998474121094</ele>
        <time>2026-08-07T12:58:36Z</time>
        <extensions>
          <gpxtpx:TrackPointExtension>
            <gpxtpx:hr>141</gpxtpx:hr>
          </gpxtpx:TrackPointExtension>
        </extensions>
      </trkpt>
      <trkpt lat="31.834166864725848" lon="117.11870788930392">
        <ele>45.79999923706055</ele>
        <time>2026-08-07T12:58:40Z</time>
        <extensions>
          <gpxtpx:TrackPointExtension>
            <gpxtpx:hr>142</gpxtpx:hr>
          </gpxtpx:TrackPointExtension>
        </extensions>
      </trkpt>
      <trkpt lat="31.83422492301329" lon="117.1187539161176">
        <ele>45.79999923706055</ele>
        <time>2026-08-07T12:58:44Z</time>
        <extensions>
          <gpxtpx:TrackPointExtension>
            <gpxtpx:hr>142</gpxtpx:hr>
          </gpxtpx:TrackPointExtension>
        </extensions>
      </trkpt>
      <trkpt lat="31.83427197828225" lon="117.1187989433518">
        <ele>46.0</ele>
        <time>2026-08-07T12:58:48Z</time>
        <extensions>
          <gpxtpx:TrackPointExtension>
            <gpxtpx:hr>141</gpxtpx:hr>
          </gpxtpx:TrackPointExtension>
        </extensions>
      </trkpt>
      <trkpt lat="31.83433203191457" lon="117.11883996661194">
        <ele>46.0</ele>
        <time>2026-08-07T12:58:52Z</time>
        <extensions>
          <gpxtpx:TrackPointExtension>
            <gpxtpx:hr>140</gpxtpx:hr>
          </gpxtpx:TrackPointExtension>
        </extensions>
      </trkpt>
      <trkpt lat="31.834382082697484" lon="117.1188799901772">
        <ele>46.0</ele>
        <time>2026-08-07T12:58:56Z</time>
        <extensions>
          <gpxtpx:TrackPointExtension>
            <gpxtpx:hr>139</gpxtpx:hr>
          </gpxtpx:TrackPointExtension>
        </extensions>
      </trkpt>
      <trkpt lat="31.834431139574992" lon="117.11892601816054">
        <ele>46.20000076293945</ele>
        <time>2026-08-07T12:59:00Z</time>
        <extensions>
          <gpxtpx:TrackPointExtension>
            <gpxtpx:hr>140</gpxtpx:hr>
          </gpxtpx:TrackPointExtension>
        </extensions>
      </trkpt>
      <trkpt lat="31.83448419831391" lon="117.11897304656256">
        <ele>46.20000076293945</ele>
        <time>2026-08-07T12:59:04Z</time>
        <extensions>
          <gpxtpx:TrackPointExtension>
            <gpxtpx:hr>139</gpxtpx:hr>
          </gpxtpx:TrackPointExtension>
        </extensions>
      </trkpt>
      <trkpt lat="31.83453526612472" lon="117.11902908166789">
        <ele>46.400001525878906</ele>
        <time>2026-08-07T12:59:08Z</time>
        <extensions>
          <gpxtpx:TrackPointExtension>
            <gpxtpx:hr>140</gpxtpx:hr>
          </gpxtpx:TrackPointExtension>
        </extensions>
      </trkpt>
      <trkpt lat="31.83458632256999" lon="117.11907410902153">
        <ele>46.599998474121094</ele>
        <time>2026-08-07T12:59:12Z</time>
        <extensions>
          <gpxtpx:TrackPointExtension>
            <gpxtpx:hr>142</gpxtpx:hr>
          </gpxtpx:TrackPointExtension>
        </extensions>
      </trkpt>
      <trkpt lat="31.834633382513207" lon="117.11912313970582">
        <ele>46.599998474121094</ele>
        <time>2026-08-07T12:59:16Z</time>
        <extensions>
          <gpxtpx:TrackPointExtension>
            <gpxtpx:hr>144</gpxtpx:hr>
          </gpxtpx:TrackPointExtension>
        </extensions>
      </trkpt>
      <trkpt lat="31.83468043835446" lon="117.11916816760728">
        <ele>46.599998474121094</ele>
        <time>2026-08-07T12:59:20Z</time>
        <extensions>
          <gpxtpx:TrackPointExtension>
            <gpxtpx:hr>142</gpxtpx:hr>
          </gpxtpx:TrackPointExtension>
        </extensions>
      </trkpt>
      <trkpt lat="31.83472450837114" lon="117.11922720597832">
        <ele>46.79999923706055</ele>
        <time>2026-08-07T12:59:24Z</time>
        <extensions>
          <gpxtpx:TrackPointExtension>
            <gpxtpx:hr>141</gpxtpx:hr>
          </gpxtpx:TrackPointExtension>
        </extensions>
      </trkpt>
      <trkpt lat="31.83477458068066" lon="117.11928724464575">
        <ele>46.79999923706055</ele>
        <time>2026-08-07T12:59:28Z</time>
        <extensions>
          <gpxtpx:TrackPointExtension>
            <gpxtpx:hr>141</gpxtpx:hr>
          </gpxtpx:TrackPointExtension>
        </extensions>
      </trkpt>
      <trkpt lat="31.834835647811694" lon="117.11934027733001">
        <ele>46.79999923706055</ele>
        <time>2026-08-07T12:59:32Z</time>
        <extensions>
          <gpxtpx:TrackPointExtension>
            <gpxtpx:hr>142</gpxtpx:hr>
          </gpxtpx:TrackPointExtension>
        </extensions>
      </trkpt>
      <trkpt lat="31.83491370664009" lon="117.11938230050593">
        <ele>47.0</ele>
        <time>2026-08-07T12:59:36Z</time>
        <extensions>
          <gpxtpx:TrackPointExtension>
            <gpxtpx:hr>141</gpxtpx:hr>
          </gpxtpx:TrackPointExtension>
        </extensions>
      </trkpt>
      <trkpt lat="31.834992747795773" lon="117.11940731125476">
        <ele>47.0</ele>
        <time>2026-08-07T12:59:40Z</time>
        <extensions>
          <gpxtpx:TrackPointExtension>
            <gpxtpx:hr>141</gpxtpx:hr>
          </gpxtpx:TrackPointExtension>
        </extensions>
      </trkpt>
      <trkpt lat="31.83507476844863" lon="117.11941230714798">
        <ele>47.0</ele>
        <time>2026-08-07T12:59:44Z</time>
        <extensions>
          <gpxtpx:TrackPointExtension>
            <gpxtpx:hr>142</gpxtpx:hr>
          </gpxtpx:TrackPointExtension>
        </extensions>
      </trkpt>
      <trkpt lat="31.835147785308678" lon="117.11941530243398">
        <ele>47.0</ele>
        <time>2026-08-07T12:59:48Z</time>
        <extensions>
          <gpxtpx:TrackPointExtension>
            <gpxtpx:hr>143</gpxtpx:hr>
          </gpxtpx:TrackPointExtension>
        </extensions>
      </trkpt>
      <trkpt lat="31.83522579678495" lon="117.11941229287014">
        <ele>47.0</ele>
        <time>2026-08-07T12:59:52Z</time>
        <extensions>
          <gpxtpx:TrackPointExtension>
            <gpxtpx:hr>145</gpxtpx:hr>
          </gpxtpx:TrackPointExtension>
        </extensions>
      </trkpt>
      <trkpt lat="31.835298811542902" lon="117.11941328669703">
        <ele>47.0</ele>
        <time>2026-08-07T12:59:56Z</time>
        <extensions>
          <gpxtpx:TrackPointExtension>
            <gpxtpx:hr>146</gpxtpx:hr>
          </gpxtpx:TrackPointExtension>
        </extensions>
      </trkpt>
      <trkpt lat="31.835373828788104" lon="117.11941628179397">
        <ele>47.0</ele>
        <time>2026-08-07T13:00:00Z</time>
        <extensions>
          <gpxtpx:TrackPointExtension>
            <gpxtpx:hr>147</gpxtpx:hr>
          </gpxtpx:TrackPointExtension>
        </extensions>
      </trkpt>
      <trkpt lat="31.835442855455685" lon="117.11942928475784">
        <ele>46.599998474121094</ele>
        <time>2026-08-07T13:00:04Z</time>
        <extensions>
          <gpxtpx:TrackPointExtension>
            <gpxtpx:hr>146</gpxtpx:hr>
          </gpxtpx:TrackPointExtension>
        </extensions>
      </trkpt>
      <trkpt lat="31.835516879905633" lon="117.11943928506393">
        <ele>46.79999923706055</ele>
        <time>2026-08-07T13:00:08Z</time>
        <extensions>
          <gpxtpx:TrackPointExtension>
            <gpxtpx:hr>146</gpxtpx:hr>
          </gpxtpx:TrackPointExtension>
        </extensions>
      </trkpt>
      <trkpt lat="31.83558993902123" lon="117.11948230961073">
        <ele>46.79999923706055</ele>
        <time>2026-08-07T13:00:12Z</time>
        <extensions>
          <gpxtpx:TrackPointExtension>
            <gpxtpx:hr>144</gpxtpx:hr>
          </gpxtpx:TrackPointExtension>
        </extensions>
      </trkpt>
      <trkpt lat="31.835647019536697" lon="117.11954835263559">
        <ele>46.79999923706055</ele>
        <time>2026-08-07T13:00:16Z</time>
        <extensions>
          <gpxtpx:TrackPointExtension>
            <gpxtpx:hr>140</gpxtpx:hr>
          </gpxtpx:TrackPointExtension>
        </extensions>
      </trkpt>
      <trkpt lat="31.83568309943541" lon="117.11961740003217">
        <ele>46.599998474121094</ele>
        <time>2026-08-07T13:00:20Z</time>
        <extensions>
          <gpxtpx:TrackPointExtension>
            <gpxtpx:hr>138</gpxtpx:hr>
          </gpxtpx:TrackPointExtension>
        </extensions>
      </trkpt>
      <trkpt lat="31.83570819338022" lon="117.11970145976797">
        <ele>46.599998474121094</ele>
        <time>2026-08-07T13:00:24Z</time>
        <extensions>
          <gpxtpx:TrackPointExtension>
            <gpxtpx:hr>138</gpxtpx:hr>
          </gpxtpx:TrackPointExtension>
        </extensions>
      </trkpt>
      <trkpt lat="31.835710280037453" lon="117.11978251972604">
        <ele>46.79999923706055</ele>
        <time>2026-08-07T13:00:28Z</time>
        <extensions>
          <gpxtpx:TrackPointExtension>
            <gpxtpx:hr>138</gpxtpx:hr>
          </gpxtpx:TrackPointExtension>
        </extensions>
      </trkpt>
      <trkpt lat="31.835715370685314" lon="117.11986658190288">
        <ele>46.79999923706055</ele>
        <time>2026-08-07T13:00:32Z</time>
        <extensions>
          <gpxtpx:TrackPointExtension>
            <gpxtpx:hr>137</gpxtpx:hr>
          </gpxtpx:TrackPointExtension>
        </extensions>
      </trkpt>
      <trkpt lat="31.835724464464455" lon="117.11995264548261">
        <ele>46.79999923706055</ele>
        <time>2026-08-07T13:00:36Z</time>
        <extensions>
          <gpxtpx:TrackPointExtension>
            <gpxtpx:hr>137</gpxtpx:hr>
          </gpxtpx:TrackPointExtension>
        </extensions>
      </trkpt>
      <trkpt lat="31.835739546719086" lon="117.12002669973879">
        <ele>46.79999923706055</ele>
        <time>2026-08-07T13:00:40Z</time>
        <extensions>
          <gpxtpx:TrackPointExtension>
            <gpxtpx:hr>137</gpxtpx:hr>
          </gpxtpx:TrackPointExtension>
        </extensions>
      </trkpt>
      <trkpt lat="31.83574564362431" lon="117.12011576641778">
        <ele>47.20000076293945</ele>
        <time>2026-08-07T13:00:44Z</time>
        <extensions>
          <gpxtpx:TrackPointExtension>
            <gpxtpx:hr>137</gpxtpx:hr>
          </gpxtpx:TrackPointExtension>
        </extensions>
      </trkpt>
      <trkpt lat="31.83575872914376" lon="117.12019282362004">
        <ele>47.400001525878906</ele>
        <time>2026-08-07T13:00:48Z</time>
        <extensions>
          <gpxtpx:TrackPointExtension>
            <gpxtpx:hr>139</gpxtpx:hr>
          </gpxtpx:TrackPointExtension>
        </extensions>
      </trkpt>
      <trkpt lat="31.83576181081414" lon="117.12026788047463">
        <ele>47.400001525878906</ele>
        <time>2026-08-07T13:00:52Z</time>
        <extensions>
          <gpxtpx:TrackPointExtension>
            <gpxtpx:hr>145</gpxtpx:hr>
          </gpxtpx:TrackPointExtension>
        </extensions>
      </trkpt>
      <trkpt lat="31.835763893567716" lon="117.12034393841131">
        <ele>47.599998474121094</ele>
        <time>2026-08-07T13:00:56Z</time>
        <extensions>
          <gpxtpx:TrackPointExtension>
            <gpxtpx:hr>146</gpxtpx:hr>
          </gpxtpx:TrackPointExtension>
        </extensions>
      </trkpt>
      <trkpt lat="31.835786977197593" lon="117.12041699228168">
        <ele>48.0</ele>
        <time>2026-08-07T13:01:00Z</time>
        <extensions>
          <gpxtpx:TrackPointExtension>
            <gpxtpx:hr>146</gpxtpx:hr>
          </gpxtpx:TrackPointExtension>
        </extensions>
      </trkpt>
      <trkpt lat="31.83580906844627" lon="117.12049705186095">
        <ele>48.0</ele>
        <time>2026-08-07T13:01:04Z</time>
        <extensions>
          <gpxtpx:TrackPointExtension>
            <gpxtpx:hr>146</gpxtpx:hr>
          </gpxtpx:TrackPointExtension>
        </extensions>
      </trkpt>
      <trkpt lat="31.835812146498903" lon="117.12056810651008">
        <ele>48.20000076293945</ele>
        <time>2026-08-07T13:01:08Z</time>
        <extensions>
          <gpxtpx:TrackPointExtension>
            <gpxtpx:hr>145</gpxtpx:hr>
          </gpxtpx:TrackPointExtension>
        </extensions>
      </trkpt>
      <trkpt lat="31.835810234727788" lon="117.1206491696099">
        <ele>48.20000076293945</ele>
        <time>2026-08-07T13:01:12Z</time>
        <extensions>
          <gpxtpx:TrackPointExtension>
            <gpxtpx:hr>142</gpxtpx:hr>
          </gpxtpx:TrackPointExtension>
        </extensions>
      </trkpt>
      <trkpt lat="31.83581332191678" lon="117.12072823093068">
        <ele>48.20000076293945</ele>
        <time>2026-08-07T13:01:16Z</time>
        <extensions>
          <gpxtpx:TrackPointExtension>
            <gpxtpx:hr>143</gpxtpx:hr>
          </gpxtpx:TrackPointExtension>
        </extensions>
      </trkpt>
      <trkpt lat="31.835821399248392" lon="117.12079728418001">
        <ele>48.20000076293945</ele>
        <time>2026-08-07T13:01:20Z</time>
        <extensions>
          <gpxtpx:TrackPointExtension>
            <gpxtpx:hr>144</gpxtpx:hr>
          </gpxtpx:TrackPointExtension>
        </extensions>
      </trkpt>
      <trkpt lat="31.835835495505993" lon="117.12088234964033">
        <ele>48.20000076293945</ele>
        <time>2026-08-07T13:01:24Z</time>
        <extensions>
          <gpxtpx:TrackPointExtension>
            <gpxtpx:hr>145</gpxtpx:hr>
          </gpxtpx:TrackPointExtension>
        </extensions>
      </trkpt>
      <trkpt lat="31.835844589954267" lon="117.12096641506406">
        <ele>48.20000076293945</ele>
        <time>2026-08-07T13:01:28Z</time>
        <extensions>
          <gpxtpx:TrackPointExtension>
            <gpxtpx:hr>146</gpxtpx:hr>
          </gpxtpx:TrackPointExtension>
        </extensions>
      </trkpt>
      <trkpt lat="31.835845665399265" lon="117.12103446882138">
        <ele>48.400001525878906</ele>
        <time>2026-08-07T13:01:32Z</time>
        <extensions>
          <gpxtpx:TrackPointExtension>
            <gpxtpx:hr>147</gpxtpx:hr>
          </gpxtpx:TrackPointExtension>
        </extensions>
      </trkpt>
      <trkpt lat="31.835841752267438" lon="117.12111353198826">
        <ele>48.400001525878906</ele>
        <time>2026-08-07T13:01:36Z</time>
        <extensions>
          <gpxtpx:TrackPointExtension>
            <gpxtpx:hr>146</gpxtpx:hr>
          </gpxtpx:TrackPointExtension>
        </extensions>
      </trkpt>
      <trkpt lat="31.835849847161064" lon="117.12119759826005">
        <ele>48.599998474121094</ele>
        <time>2026-08-07T13:01:40Z</time>
        <extensions>
          <gpxtpx:TrackPointExtension>
            <gpxtpx:hr>146</gpxtpx:hr>
          </gpxtpx:TrackPointExtension>
        </extensions>
      </trkpt>
      <trkpt lat="31.83586094842839" lon="117.12128666853616">
        <ele>48.79999923706055</ele>
        <time>2026-08-07T13:01:44Z</time>
        <extensions>
          <gpxtpx:TrackPointExtension>
            <gpxtpx:hr>145</gpxtpx:hr>
          </gpxtpx:TrackPointExtension>
        </extensions>
      </trkpt>
      <trkpt lat="31.835891050170076" lon="117.121372734903">
        <ele>49.0</ele>
        <time>2026-08-07T13:01:48Z</time>
        <extensions>
          <gpxtpx:TrackPointExtension>
            <gpxtpx:hr>144</gpxtpx:hr>
          </gpxtpx:TrackPointExtension>
        </extensions>
      </trkpt>
      <trkpt lat="31.835929140200005" lon="117.12144679108587">
        <ele>49.20000076293945</ele>
        <time>2026-08-07T13:01:52Z</time>
        <extensions>
          <gpxtpx:TrackPointExtension>
            <gpxtpx:hr>144</gpxtpx:hr>
          </gpxtpx:TrackPointExtension>
        </extensions>
      </trkpt>
      <trkpt lat="31.835959219915253" lon="117.1215128417411">
        <ele>49.20000076293945</ele>
        <time>2026-08-07T13:01:56Z</time>
        <extensions>
          <gpxtpx:TrackPointExtension>
            <gpxtpx:hr>144</gpxtpx:hr>
          </gpxtpx:TrackPointExtension>
        </extensions>
      </trkpt>
      <trkpt lat="31.836010294720086" lon="117.12157088406563">
        <ele>49.20000076293945</ele>
        <time>2026-08-07T13:02:00Z</time>
        <extensions>
          <gpxtpx:TrackPointExtension>
            <gpxtpx:hr>144</gpxtpx:hr>
          </gpxtpx:TrackPointExtension>
        </extensions>
      </trkpt>
      <trkpt lat="31.836061369635214" lon="117.12162892651966">
        <ele>49.0</ele>
        <time>2026-08-07T13:02:04Z</time>
        <extensions>
          <gpxtpx:TrackPointExtension>
            <gpxtpx:hr>144</gpxtpx:hr>
          </gpxtpx:TrackPointExtension>
        </extensions>
      </trkpt>
      <trkpt lat="31.83612844315623" lon="117.12168296431689">
        <ele>48.599998474121094</ele>
        <time>2026-08-07T13:02:08Z</time>
        <extensions>
          <gpxtpx:TrackPointExtension>
            <gpxtpx:hr>143</gpxtpx:hr>
          </gpxtpx:TrackPointExtension>
        </extensions>
      </trkpt>
      <trkpt lat="31.836193517528056" lon="117.12173800323563">
        <ele>48.599998474121094</ele>
        <time>2026-08-07T13:02:12Z</time>
        <extensions>
          <gpxtpx:TrackPointExtension>
            <gpxtpx:hr>142</gpxtpx:hr>
          </gpxtpx:TrackPointExtension>
        </extensions>
      </trkpt>
      <trkpt lat="31.836254585585024" lon="117.12178803853658">
        <ele>48.400001525878906</ele>
        <time>2026-08-07T13:02:16Z</time>
        <extensions>
          <gpxtpx:TrackPointExtension>
            <gpxtpx:hr>141</gpxtpx:hr>
          </gpxtpx:TrackPointExtension>
        </extensions>
      </trkpt>
      <trkpt lat="31.836323641627303" lon="117.12182606328899">
        <ele>48.20000076293945</ele>
        <time>2026-08-07T13:02:20Z</time>
        <extensions>
          <gpxtpx:TrackPointExtension>
            <gpxtpx:hr>138</gpxtpx:hr>
          </gpxtpx:TrackPointExtension>
        </extensions>
      </trkpt>
      <trkpt lat="31.83639670301134" lon="117.1218680910198">
        <ele>48.0</ele>
        <time>2026-08-07T13:02:24Z</time>
        <extensions>
          <gpxtpx:TrackPointExtension>
            <gpxtpx:hr>137</gpxtpx:hr>
          </gpxtpx:TrackPointExtension>
        </extensions>
      </trkpt>
      <trkpt lat="31.83646475215296" lon="117.12190011102288">
        <ele>47.79999923706055</ele>
        <time>2026-08-07T13:02:28Z</time>
        <extensions>
          <gpxtpx:TrackPointExtension>
            <gpxtpx:hr>135</gpxtpx:hr>
          </gpxtpx:TrackPointExtension>
        </extensions>
      </trkpt>
      <trkpt lat="31.836534814214726" lon="117.12194313998455">
        <ele>47.599998474121094</ele>
        <time>2026-08-07T13:02:32Z</time>
        <extensions>
          <gpxtpx:TrackPointExtension>
            <gpxtpx:hr>132</gpxtpx:hr>
          </gpxtpx:TrackPointExtension>
        </extensions>
      </trkpt>
      <trkpt lat="31.836606889242418" lon="117.12199717795909">
        <ele>47.400001525878906</ele>
        <time>2026-08-07T13:02:36Z</time>
        <extensions>
          <gpxtpx:TrackPointExtension>
            <gpxtpx:hr>133</gpxtpx:hr>
          </gpxtpx:TrackPointExtension>
        </extensions>
      </trkpt>
      <trkpt lat="31.83666894993556" lon="117.12204020783656">
        <ele>47.20000076293945</ele>
        <time>2026-08-07T13:02:40Z</time>
        <extensions>
          <gpxtpx:TrackPointExtension>
            <gpxtpx:hr>132</gpxtpx:hr>
          </gpxtpx:TrackPointExtension>
        </extensions>
      </trkpt>
      <trkpt lat="31.836734010114192" lon="117.12208223666742">
        <ele>47.0</ele>
        <time>2026-08-07T13:02:44Z</time>
        <extensions>
          <gpxtpx:TrackPointExtension>
            <gpxtpx:hr>133</gpxtpx:hr>
          </gpxtpx:TrackPointExtension>
        </extensions>
      </trkpt>
      <trkpt lat="31.8367970894109" lon="117.12214127995803">
        <ele>46.79999923706055</ele>
        <time>2026-08-07T13:02:48Z</time>
        <extensions>
          <gpxtpx:TrackPointExtension>
            <gpxtpx:hr>135</gpxtpx:hr>
          </gpxtpx:TrackPointExtension>
        </extensions>
      </trkpt>
      <trkpt lat="31.836860169966805" lon="117.12220132421938">
        <ele>46.79999923706055</ele>
        <time>2026-08-07T13:02:52Z</time>
        <extensions>
          <gpxtpx:TrackPointExtension>
            <gpxtpx:hr>137</gpxtpx:hr>
          </gpxtpx:TrackPointExtension>
        </extensions>
      </trkpt>
      <trkpt lat="31.83692522234186" lon="117.12223634743101">
        <ele>47.0</ele>
        <time>2026-08-07T13:02:56Z</time>
        <extensions>
          <gpxtpx:TrackPointExtension>
            <gpxtpx:hr>140</gpxtpx:hr>
          </gpxtpx:TrackPointExtension>
        </extensions>
      </trkpt>
      <trkpt lat="31.83697827019854" lon="117.1222693701423">
        <ele>47.0</ele>
        <time>2026-08-07T13:03:00Z</time>
        <extensions>
          <gpxtpx:TrackPointExtension>
            <gpxtpx:hr>142</gpxtpx:hr>
          </gpxtpx:TrackPointExtension>
        </extensions>
      </trkpt>
      <trkpt lat="31.83704232361409" lon="117.12230539438107">
        <ele>47.0</ele>
        <time>2026-08-07T13:03:04Z</time>
        <extensions>
          <gpxtpx:TrackPointExtension>
            <gpxtpx:hr>141</gpxtpx:hr>
          </gpxtpx:TrackPointExtension>
        </extensions>
      </trkpt>
      <trkpt lat="31.837095388798815" lon="117.12235342983286">
        <ele>47.0</ele>
        <time>2026-08-07T13:03:08Z</time>
        <extensions>
          <gpxtpx:TrackPointExtension>
            <gpxtpx:hr>141</gpxtpx:hr>
          </gpxtpx:TrackPointExtension>
        </extensions>
      </trkpt>
      <trkpt lat="31.837160436746803" lon="117.1223844498662">
        <ele>47.20000076293945</ele>
        <time>2026-08-07T13:03:12Z</time>
        <extensions>
          <gpxtpx:TrackPointExtension>
            <gpxtpx:hr>140</gpxtpx:hr>
          </gpxtpx:TrackPointExtension>
        </extensions>
      </trkpt>
      <trkpt lat="31.837219498577802" lon="117.1224284815075">
        <ele>47.20000076293945</ele>
        <time>2026-08-07T13:03:16Z</time>
        <extensions>
          <gpxtpx:TrackPointExtension>
            <gpxtpx:hr>140</gpxtpx:hr>
          </gpxtpx:TrackPointExtension>
        </extensions>
      </trkpt>
      <trkpt lat="31.837279554890973" lon="117.12246750888616">
        <ele>47.400001525878906</ele>
        <time>2026-08-07T13:03:20Z</time>
        <extensions>
          <gpxtpx:TrackPointExtension>
            <gpxtpx:hr>139</gpxtpx:hr>
          </gpxtpx:TrackPointExtension>
        </extensions>
      </trkpt>
      <trkpt lat="31.83734663222054" lon="117.12252355011073">
        <ele>47.599998474121094</ele>
        <time>2026-08-07T13:03:24Z</time>
        <extensions>
          <gpxtpx:TrackPointExtension>
            <gpxtpx:hr>138</gpxtpx:hr>
          </gpxtpx:TrackPointExtension>
        </extensions>
      </trkpt>
      <trkpt lat="31.837416691702487" lon="117.12256357753617">
        <ele>47.79999923706055</ele>
        <time>2026-08-07T13:03:28Z</time>
        <extensions>
          <gpxtpx:TrackPointExtension>
            <gpxtpx:hr>139</gpxtpx:hr>
          </gpxtpx:TrackPointExtension>
        </extensions>
      </trkpt>
    </trkseg>
  </trk>
</gpx>