<?xml version="1.0" encoding="UTF-8"?>
<gpx xmlns="http://www.topografix.com/GPX/1/1" xmlns:gpxtpx="http://www.garmin.com/xmlschemas/TrackPointExtension/v1" xmlns:xsi="http://www.w3.org/2001/XMLSchema-instance" xsi:schemaLocation="http://www.topografix.com/GPX/1/1 http://www.topografix.com/GPX/1/1/gpx.xsd" version="1.1" creator="gpx.py -- https://github.com/tkrajina/gpxpy">
  <trk>
    <name>gpx from keep</name>
    <type>Run</type>
    <trkseg>
      <trkpt lat="22.638222532293955" lon="113.82540119387271">
        <ele>8.800000190734863</ele>
        <time>2026-04-08T23:44:36Z</time>
        <extensions>
          <gpxtpx:TrackPointExtension>
            <gpxtpx:hr>108</gpxtpx:hr>
          </gpxtpx:TrackPointExtension>
        </extensions>
      </trkpt>
      <trkpt lat="22.638241629097546" lon="113.8254543357142">
        <ele>9.0</ele>
        <time>2026-04-08T23:44:40Z</time>
        <extensions>
          <gpxtpx:TrackPointExtension>
            <gpxtpx:hr>111</gpxtpx:hr>
          </gpxtpx:TrackPointExtension>
        </extensions>
      </trkpt>
      <trkpt lat="22.638247684767723" lon="113.82548441630615">
        <ele>9.199999809265137</ele>
        <time>2026-04-08T23:44:44Z</time>
        <extensions>
          <gpxtpx:TrackPointExtension>
            <gpxtpx:hr>114</gpxtpx:hr>
          </gpxtpx:TrackPointExtension>
        </extensions>
      </trkpt>
      <trkpt lat="22.63820561871167" lon="113.82544531373611">
        <ele>8.600000381469727</ele>
        <time>2026-04-08T23:44:48Z</time>
        <extensions>
          <gpxtpx:TrackPointExtension>
            <gpxtpx:hr>112</gpxtpx:hr>
          </gpxtpx:TrackPointExtension>
        </extensions>
      </trkpt>
      <trkpt lat="22.63814957416206" lon="113.82541623905804">
        <ele>8.600000381469727</ele>
        <time>2026-04-08T23:44:52Z</time>
        <extensions>
          <gpxtpx:TrackPointExtension>
            <gpxtpx:hr>113</gpxtpx:hr>
          </gpxtpx:TrackPointExtension>
        </extensions>
      </trkpt>
      <trkpt lat="22.63810945472866" lon="113.82534906077346">
        <ele>8.600000381469727</ele>
        <time>2026-04-08T23:44:56Z</time>
        <extensions>
          <gpxtpx:TrackPointExtension>
            <gpxtpx:hr>113</gpxtpx:hr>
          </gpxtpx:TrackPointExtension>
        </extensions>
      </trkpt>
      <trkpt lat="22.638076260167868" lon="113.82524277675327">
        <ele>8.600000381469727</ele>
        <time>2026-04-08T23:45:00Z</time>
        <extensions>
          <gpxtpx:TrackPointExtension>
            <gpxtpx:hr>113</gpxtpx:hr>
          </gpxtpx:TrackPointExtension>
        </extensions>
      </trkpt>
      <trkpt lat="22.638002264351673" lon="113.82523776801553">
        <ele>9.199999809265137</ele>
        <time>2026-04-08T23:45:04Z</time>
        <extensions>
          <gpxtpx:TrackPointExtension>
            <gpxtpx:hr>112</gpxtpx:hr>
          </gpxtpx:TrackPointExtension>
        </extensions>
      </trkpt>
      <trkpt lat="22.637939404687913" lon="113.82530595563273">
        <ele>9.399999618530273</ele>
        <time>2026-04-08T23:45:08Z</time>
        <extensions>
          <gpxtpx:TrackPointExtension>
            <gpxtpx:hr>114</gpxtpx:hr>
          </gpxtpx:TrackPointExtension>
        </extensions>
      </trkpt>
      <trkpt lat="22.637908486116157" lon="113.82534606560364">
        <ele>10.0</ele>
        <time>2026-04-08T23:45:12Z</time>
        <extensions>
          <gpxtpx:TrackPointExtension>
            <gpxtpx:hr>115</gpxtpx:hr>
          </gpxtpx:TrackPointExtension>
        </extensions>
      </trkpt>
      <trkpt lat="22.63788256094087" lon="113.82538316715302">
        <ele>11.0</ele>
        <time>2026-04-08T23:45:16Z</time>
        <extensions>
          <gpxtpx:TrackPointExtension>
            <gpxtpx:hr>114</gpxtpx:hr>
          </gpxtpx:TrackPointExtension>
        </extensions>
      </trkpt>
      <trkpt lat="22.637876588544962" lon="113.82539720532985">
        <ele>12.199999809265137</ele>
        <time>2026-04-08T23:45:20Z</time>
        <extensions>
          <gpxtpx:TrackPointExtension>
            <gpxtpx:hr>120</gpxtpx:hr>
          </gpxtpx:TrackPointExtension>
        </extensions>
      </trkpt>
      <trkpt lat="22.63785764882696" lon="113.82542728753164">
        <ele>13.199999809265137</ele>
        <time>2026-04-08T23:45:24Z</time>
        <extensions>
          <gpxtpx:TrackPointExtension>
            <gpxtpx:hr>121</gpxtpx:hr>
          </gpxtpx:TrackPointExtension>
        </extensions>
      </trkpt>
      <trkpt lat="22.637827743307543" lon="113.82547441632721">
        <ele>14.800000190734863</ele>
        <time>2026-04-08T23:45:28Z</time>
        <extensions>
          <gpxtpx:TrackPointExtension>
            <gpxtpx:hr>124</gpxtpx:hr>
          </gpxtpx:TrackPointExtension>
        </extensions>
      </trkpt>
      <trkpt lat="22.63775271926604" lon="113.82545436716583">
        <ele>16.0</ele>
        <time>2026-04-08T23:45:32Z</time>
        <extensions>
          <gpxtpx:TrackPointExtension>
            <gpxtpx:hr>124</gpxtpx:hr>
          </gpxtpx:TrackPointExtension>
        </extensions>
      </trkpt>
      <trkpt lat="22.637707549633205" lon="113.82536011632338">
        <ele>16.0</ele>
        <time>2026-04-08T23:45:36Z</time>
        <extensions>
          <gpxtpx:TrackPointExtension>
            <gpxtpx:hr>127</gpxtpx:hr>
          </gpxtpx:TrackPointExtension>
        </extensions>
      </trkpt>
      <trkpt lat="22.637659448680143" lon="113.82530196284469">
        <ele>16.0</ele>
        <time>2026-04-08T23:45:40Z</time>
        <extensions>
          <gpxtpx:TrackPointExtension>
            <gpxtpx:hr>132</gpxtpx:hr>
          </gpxtpx:TrackPointExtension>
        </extensions>
      </trkpt>
      <trkpt lat="22.637623337939182" lon="113.82523979779252">
        <ele>16.0</ele>
        <time>2026-04-08T23:45:44Z</time>
        <extensions>
          <gpxtpx:TrackPointExtension>
            <gpxtpx:hr>134</gpxtpx:hr>
          </gpxtpx:TrackPointExtension>
        </extensions>
      </trkpt>
      <trkpt lat="22.637588253509815" lon="113.82519167046604">
        <ele>16.200000762939453</ele>
        <time>2026-04-08T23:45:48Z</time>
        <extensions>
          <gpxtpx:TrackPointExtension>
            <gpxtpx:hr>133</gpxtpx:hr>
          </gpxtpx:TrackPointExtension>
        </extensions>
      </trkpt>
      <trkpt lat="22.63751514955646" lon="113.82512950778698">
        <ele>16.200000762939453</ele>
        <time>2026-04-08T23:45:52Z</time>
        <extensions>
          <gpxtpx:TrackPointExtension>
            <gpxtpx:hr>132</gpxtpx:hr>
          </gpxtpx:TrackPointExtension>
        </extensions>
      </trkpt>
      <trkpt lat="22.637453047356082" lon="113.82506934979622">
        <ele>16.0</ele>
        <time>2026-04-08T23:45:56Z</time>
        <extensions>
          <gpxtpx:TrackPointExtension>
            <gpxtpx:hr>131</gpxtpx:hr>
          </gpxtpx:TrackPointExtension>
        </extensions>
      </trkpt>
      <trkpt lat="22.637402920220737" lon="113.82499715863369">
        <ele>16.0</ele>
        <time>2026-04-08T23:46:00Z</time>
        <extensions>
          <gpxtpx:TrackPointExtension>
            <gpxtpx:hr>130</gpxtpx:hr>
          </gpxtpx:TrackPointExtension>
        </extensions>
      </trkpt>
      <trkpt lat="22.637351800832306" lon="113.82492897833045">
        <ele>15.800000190734863</ele>
        <time>2026-04-08T23:46:04Z</time>
        <extensions>
          <gpxtpx:TrackPointExtension>
            <gpxtpx:hr>130</gpxtpx:hr>
          </gpxtpx:TrackPointExtension>
        </extensions>
      </trkpt>
      <trkpt lat="22.637297861869996" lon="113.82495605469808">
        <ele>15.399999618530273</ele>
        <time>2026-04-08T23:46:08Z</time>
        <extensions>
          <gpxtpx:TrackPointExtension>
            <gpxtpx:hr>130</gpxtpx:hr>
          </gpxtpx:TrackPointExtension>
        </extensions>
      </trkpt>
      <trkpt lat="22.637235996319937" lon="113.82502123416931">
        <ele>13.399999618530273</ele>
        <time>2026-04-08T23:46:12Z</time>
        <extensions>
          <gpxtpx:TrackPointExtension>
            <gpxtpx:hr>128</gpxtpx:hr>
          </gpxtpx:TrackPointExtension>
        </extensions>
      </trkpt>
      <trkpt lat="22.637175121109156" lon="113.82508140007418">
        <ele>11.600000381469727</ele>
        <time>2026-04-08T23:46:16Z</time>
        <extensions>
          <gpxtpx:TrackPointExtension>
            <gpxtpx:hr>126</gpxtpx:hr>
          </gpxtpx:TrackPointExtension>
        </extensions>
      </trkpt>
      <trkpt lat="22.63711427239266" lon="113.82515560376994">
        <ele>9.600000381469727</ele>
        <time>2026-04-08T23:46:20Z</time>
        <extensions>
          <gpxtpx:TrackPointExtension>
            <gpxtpx:hr>124</gpxtpx:hr>
          </gpxtpx:TrackPointExtension>
        </extensions>
      </trkpt>
      <trkpt lat="22.63710038665257" lon="113.82521476394436">
        <ele>9.0</ele>
        <time>2026-04-08T23:46:24Z</time>
        <extensions>
          <gpxtpx:TrackPointExtension>
            <gpxtpx:hr>124</gpxtpx:hr>
          </gpxtpx:TrackPointExtension>
        </extensions>
      </trkpt>
      <trkpt lat="22.63704650445162" lon="113.82527192128902">
        <ele>9.199999809265137</ele>
        <time>2026-04-08T23:46:28Z</time>
        <extensions>
          <gpxtpx:TrackPointExtension>
            <gpxtpx:hr>123</gpxtpx:hr>
          </gpxtpx:TrackPointExtension>
        </extensions>
      </trkpt>
      <trkpt lat="22.636997613754215" lon="113.82532506751086">
        <ele>9.0</ele>
        <time>2026-04-08T23:46:32Z</time>
        <extensions>
          <gpxtpx:TrackPointExtension>
            <gpxtpx:hr>120</gpxtpx:hr>
          </gpxtpx:TrackPointExtension>
        </extensions>
      </trkpt>
      <trkpt lat="22.636941728116494" lon="113.82538021957838">
        <ele>9.0</ele>
        <time>2026-04-08T23:46:36Z</time>
        <extensions>
          <gpxtpx:TrackPointExtension>
            <gpxtpx:hr>120</gpxtpx:hr>
          </gpxtpx:TrackPointExtension>
        </extensions>
      </trkpt>
      <trkpt lat="22.636884838867303" lon="113.825433366308">
        <ele>9.199999809265137</ele>
        <time>2026-04-08T23:46:40Z</time>
        <extensions>
          <gpxtpx:TrackPointExtension>
            <gpxtpx:hr>119</gpxtpx:hr>
          </gpxtpx:TrackPointExtension>
        </extensions>
      </trkpt>
      <trkpt lat="22.636834931294814" lon="113.82547748829094">
        <ele>9.0</ele>
        <time>2026-04-08T23:46:44Z</time>
        <extensions>
          <gpxtpx:TrackPointExtension>
            <gpxtpx:hr>119</gpxtpx:hr>
          </gpxtpx:TrackPointExtension>
        </extensions>
      </trkpt>
      <trkpt lat="22.6367830259741" lon="113.82552261309917">
        <ele>9.199999809265137</ele>
        <time>2026-04-08T23:46:48Z</time>
        <extensions>
          <gpxtpx:TrackPointExtension>
            <gpxtpx:hr>117</gpxtpx:hr>
          </gpxtpx:TrackPointExtension>
        </extensions>
      </trkpt>
      <trkpt lat="22.636734120097664" lon="113.82556773771176">
        <ele>9.199999809265137</ele>
        <time>2026-04-08T23:46:52Z</time>
        <extensions>
          <gpxtpx:TrackPointExtension>
            <gpxtpx:hr>115</gpxtpx:hr>
          </gpxtpx:TrackPointExtension>
        </extensions>
      </trkpt>
      <trkpt lat="22.636694227707657" lon="113.82562088333512">
        <ele>9.399999618530273</ele>
        <time>2026-04-08T23:46:56Z</time>
        <extensions>
          <gpxtpx:TrackPointExtension>
            <gpxtpx:hr>116</gpxtpx:hr>
          </gpxtpx:TrackPointExtension>
        </extensions>
      </trkpt>
      <trkpt lat="22.636642356425522" lon="113.82568405671582">
        <ele>9.199999809265137</ele>
        <time>2026-04-08T23:47:00Z</time>
        <extensions>
          <gpxtpx:TrackPointExtension>
            <gpxtpx:hr>117</gpxtpx:hr>
          </gpxtpx:TrackPointExtension>
        </extensions>
      </trkpt>
      <trkpt lat="22.63658848928163" lon="113.82574923561707">
        <ele>9.399999618530273</ele>
        <time>2026-04-08T23:47:04Z</time>
        <extensions>
          <gpxtpx:TrackPointExtension>
            <gpxtpx:hr>119</gpxtpx:hr>
          </gpxtpx:TrackPointExtension>
        </extensions>
      </trkpt>
      <trkpt lat="22.636536585813193" lon="113.82579536310672">
        <ele>9.600000381469727</ele>
        <time>2026-04-08T23:47:08Z</time>
        <extensions>
          <gpxtpx:TrackPointExtension>
            <gpxtpx:hr>119</gpxtpx:hr>
          </gpxtpx:TrackPointExtension>
        </extensions>
      </trkpt>
      <trkpt lat="22.636489721152888" lon="113.82586254694412">
        <ele>9.399999618530273</ele>
        <time>2026-04-08T23:47:12Z</time>
        <extensions>
          <gpxtpx:TrackPointExtension>
            <gpxtpx:hr>119</gpxtpx:hr>
          </gpxtpx:TrackPointExtension>
        </extensions>
      </trkpt>
      <trkpt lat="22.63644884781829" lon="113.82592571959422">
        <ele>9.399999618530273</ele>
        <time>2026-04-08T23:47:16Z</time>
        <extensions>
          <gpxtpx:TrackPointExtension>
            <gpxtpx:hr>120</gpxtpx:hr>
          </gpxtpx:TrackPointExtension>
        </extensions>
      </trkpt>
      <trkpt lat="22.636405967271642" lon="113.82598488157245">
        <ele>9.199999809265137</ele>
        <time>2026-04-08T23:47:20Z</time>
        <extensions>
          <gpxtpx:TrackPointExtension>
            <gpxtpx:hr>121</gpxtpx:hr>
          </gpxtpx:TrackPointExtension>
        </extensions>
      </trkpt>
      <trkpt lat="22.636340123064233" lon="113.82606109089586">
        <ele>9.399999618530273</ele>
        <time>2026-04-08T23:47:24Z</time>
        <extensions>
          <gpxtpx:TrackPointExtension>
            <gpxtpx:hr>123</gpxtpx:hr>
          </gpxtpx:TrackPointExtension>
        </extensions>
      </trkpt>
      <trkpt lat="22.636279259014426" lon="113.82612727290528">
        <ele>9.399999618530273</ele>
        <time>2026-04-08T23:47:28Z</time>
        <extensions>
          <gpxtpx:TrackPointExtension>
            <gpxtpx:hr>122</gpxtpx:hr>
          </gpxtpx:TrackPointExtension>
        </extensions>
      </trkpt>
      <trkpt lat="22.63621138487913" lon="113.82618743916814">
        <ele>9.399999618530273</ele>
        <time>2026-04-08T23:47:32Z</time>
        <extensions>
          <gpxtpx:TrackPointExtension>
            <gpxtpx:hr>122</gpxtpx:hr>
          </gpxtpx:TrackPointExtension>
        </extensions>
      </trkpt>
      <trkpt lat="22.636159517269352" lon="113.82625261788539">
        <ele>9.199999809265137</ele>
        <time>2026-04-08T23:47:36Z</time>
        <extensions>
          <gpxtpx:TrackPointExtension>
            <gpxtpx:hr>121</gpxtpx:hr>
          </gpxtpx:TrackPointExtension>
        </extensions>
      </trkpt>
      <trkpt lat="22.636104638847645" lon="113.82631178060008">
        <ele>9.399999618530273</ele>
        <time>2026-04-08T23:47:40Z</time>
        <extensions>
          <gpxtpx:TrackPointExtension>
            <gpxtpx:hr>122</gpxtpx:hr>
          </gpxtpx:TrackPointExtension>
        </extensions>
      </trkpt>
      <trkpt lat="22.636048753033062" lon="113.82636693258107">
        <ele>9.199999809265137</ele>
        <time>2026-04-08T23:47:44Z</time>
        <extensions>
          <gpxtpx:TrackPointExtension>
            <gpxtpx:hr>122</gpxtpx:hr>
          </gpxtpx:TrackPointExtension>
        </extensions>
      </trkpt>
      <trkpt lat="22.63598089207637" lon="113.82643411769914">
        <ele>9.199999809265137</ele>
        <time>2026-04-08T23:47:48Z</time>
        <extensions>
          <gpxtpx:TrackPointExtension>
            <gpxtpx:hr>121</gpxtpx:hr>
          </gpxtpx:TrackPointExtension>
        </extensions>
      </trkpt>
      <trkpt lat="22.635932031426805" lon="113.82650330698117">
        <ele>9.199999809265137</ele>
        <time>2026-04-08T23:47:52Z</time>
        <extensions>
          <gpxtpx:TrackPointExtension>
            <gpxtpx:hr>123</gpxtpx:hr>
          </gpxtpx:TrackPointExtension>
        </extensions>
      </trkpt>
      <trkpt lat="22.63588713412202" lon="113.826553444746">
        <ele>9.199999809265137</ele>
        <time>2026-04-08T23:47:56Z</time>
        <extensions>
          <gpxtpx:TrackPointExtension>
            <gpxtpx:hr>124</gpxtpx:hr>
          </gpxtpx:TrackPointExtension>
        </extensions>
      </trkpt>
      <trkpt lat="22.63583028245893" lon="113.8266266453134">
        <ele>9.199999809265137</ele>
        <time>2026-04-08T23:48:00Z</time>
        <extensions>
          <gpxtpx:TrackPointExtension>
            <gpxtpx:hr>124</gpxtpx:hr>
          </gpxtpx:TrackPointExtension>
        </extensions>
      </trkpt>
      <trkpt lat="22.635768424126788" lon="113.82669583540199">
        <ele>9.199999809265137</ele>
        <time>2026-04-08T23:48:04Z</time>
        <extensions>
          <gpxtpx:TrackPointExtension>
            <gpxtpx:hr>124</gpxtpx:hr>
          </gpxtpx:TrackPointExtension>
        </extensions>
      </trkpt>
      <trkpt lat="22.635719576641918" lon="113.82677204352204">
        <ele>9.0</ele>
        <time>2026-04-08T23:48:08Z</time>
        <extensions>
          <gpxtpx:TrackPointExtension>
            <gpxtpx:hr>123</gpxtpx:hr>
          </gpxtpx:TrackPointExtension>
        </extensions>
      </trkpt>
      <trkpt lat="22.635674707628528" lon="113.82683722170734">
        <ele>9.199999809265137</ele>
        <time>2026-04-08T23:48:12Z</time>
        <extensions>
          <gpxtpx:TrackPointExtension>
            <gpxtpx:hr>120</gpxtpx:hr>
          </gpxtpx:TrackPointExtension>
        </extensions>
      </trkpt>
      <trkpt lat="22.635626831588308" lon="113.82689838928893">
        <ele>9.399999618530273</ele>
        <time>2026-04-08T23:48:16Z</time>
        <extensions>
          <gpxtpx:TrackPointExtension>
            <gpxtpx:hr>119</gpxtpx:hr>
          </gpxtpx:TrackPointExtension>
        </extensions>
      </trkpt>
      <trkpt lat="22.635568947904098" lon="113.82695454402193">
        <ele>9.199999809265137</ele>
        <time>2026-04-08T23:48:20Z</time>
        <extensions>
          <gpxtpx:TrackPointExtension>
            <gpxtpx:hr>120</gpxtpx:hr>
          </gpxtpx:TrackPointExtension>
        </extensions>
      </trkpt>
      <trkpt lat="22.635518053492333" lon="113.82700568481546">
        <ele>9.399999618530273</ele>
        <time>2026-04-08T23:48:24Z</time>
        <extensions>
          <gpxtpx:TrackPointExtension>
            <gpxtpx:hr>120</gpxtpx:hr>
          </gpxtpx:TrackPointExtension>
        </extensions>
      </trkpt>
      <trkpt lat="22.635464161502178" lon="113.82705782849126">
        <ele>9.399999618530273</ele>
        <time>2026-04-08T23:48:28Z</time>
        <extensions>
          <gpxtpx:TrackPointExtension>
            <gpxtpx:hr>120</gpxtpx:hr>
          </gpxtpx:TrackPointExtension>
        </extensions>
      </trkpt>
      <trkpt lat="22.635406283444734" lon="113.82711699128926">
        <ele>9.399999618530273</ele>
        <time>2026-04-08T23:48:32Z</time>
        <extensions>
          <gpxtpx:TrackPointExtension>
            <gpxtpx:hr>120</gpxtpx:hr>
          </gpxtpx:TrackPointExtension>
        </extensions>
      </trkpt>
      <trkpt lat="22.635340412486773" lon="113.82717916267971">
        <ele>9.199999809265137</ele>
        <time>2026-04-08T23:48:36Z</time>
        <extensions>
          <gpxtpx:TrackPointExtension>
            <gpxtpx:hr>121</gpxtpx:hr>
          </gpxtpx:TrackPointExtension>
        </extensions>
      </trkpt>
      <trkpt lat="22.635283528552502" lon="113.82723531730699">
        <ele>9.399999618530273</ele>
        <time>2026-04-08T23:48:40Z</time>
        <extensions>
          <gpxtpx:TrackPointExtension>
            <gpxtpx:hr>120</gpxtpx:hr>
          </gpxtpx:TrackPointExtension>
        </extensions>
      </trkpt>
      <trkpt lat="22.635219664750647" lon="113.82730149933072">
        <ele>9.399999618530273</ele>
        <time>2026-04-08T23:48:44Z</time>
        <extensions>
          <gpxtpx:TrackPointExtension>
            <gpxtpx:hr>118</gpxtpx:hr>
          </gpxtpx:TrackPointExtension>
        </extensions>
      </trkpt>
      <trkpt lat="22.635160798136894" lon="113.82736667832538">
        <ele>9.399999618530273</ele>
        <time>2026-04-08T23:48:48Z</time>
        <extensions>
          <gpxtpx:TrackPointExtension>
            <gpxtpx:hr>117</gpxtpx:hr>
          </gpxtpx:TrackPointExtension>
        </extensions>
      </trkpt>
      <trkpt lat="22.63510593455603" lon="113.82743386244098">
        <ele>9.399999618530273</ele>
        <time>2026-04-08T23:48:52Z</time>
        <extensions>
          <gpxtpx:TrackPointExtension>
            <gpxtpx:hr>116</gpxtpx:hr>
          </gpxtpx:TrackPointExtension>
        </extensions>
      </trkpt>
      <trkpt lat="22.635065053326315" lon="113.82749302408394">
        <ele>9.399999618530273</ele>
        <time>2026-04-08T23:48:56Z</time>
        <extensions>
          <gpxtpx:TrackPointExtension>
            <gpxtpx:hr>117</gpxtpx:hr>
          </gpxtpx:TrackPointExtension>
        </extensions>
      </trkpt>
      <trkpt lat="22.63502217244418" lon="113.82755218584504">
        <ele>9.399999618530273</ele>
        <time>2026-04-08T23:49:00Z</time>
        <extensions>
          <gpxtpx:TrackPointExtension>
            <gpxtpx:hr>120</gpxtpx:hr>
          </gpxtpx:TrackPointExtension>
        </extensions>
      </trkpt>
      <trkpt lat="22.634960315736905" lon="113.82762237845708">
        <ele>9.600000381469727</ele>
        <time>2026-04-08T23:49:04Z</time>
        <extensions>
          <gpxtpx:TrackPointExtension>
            <gpxtpx:hr>120</gpxtpx:hr>
          </gpxtpx:TrackPointExtension>
        </extensions>
      </trkpt>
      <trkpt lat="22.634901449032792" lon="113.82768755738931">
        <ele>9.600000381469727</ele>
        <time>2026-04-08T23:49:08Z</time>
        <extensions>
          <gpxtpx:TrackPointExtension>
            <gpxtpx:hr>121</gpxtpx:hr>
          </gpxtpx:TrackPointExtension>
        </extensions>
      </trkpt>
      <trkpt lat="22.63484258042291" lon="113.82775173361397">
        <ele>9.399999618530273</ele>
        <time>2026-04-08T23:49:12Z</time>
        <extensions>
          <gpxtpx:TrackPointExtension>
            <gpxtpx:hr>122</gpxtpx:hr>
          </gpxtpx:TrackPointExtension>
        </extensions>
      </trkpt>
      <trkpt lat="22.63477471530464" lon="113.82781691309779">
        <ele>9.399999618530273</ele>
        <time>2026-04-08T23:49:16Z</time>
        <extensions>
          <gpxtpx:TrackPointExtension>
            <gpxtpx:hr>122</gpxtpx:hr>
          </gpxtpx:TrackPointExtension>
        </extensions>
      </trkpt>
      <trkpt lat="22.634717853837802" lon="113.827885099942">
        <ele>9.600000381469727</ele>
        <time>2026-04-08T23:49:20Z</time>
        <extensions>
          <gpxtpx:TrackPointExtension>
            <gpxtpx:hr>123</gpxtpx:hr>
          </gpxtpx:TrackPointExtension>
        </extensions>
      </trkpt>
      <trkpt lat="22.634652971165405" lon="113.82794125496267">
        <ele>9.399999618530273</ele>
        <time>2026-04-08T23:49:24Z</time>
        <extensions>
          <gpxtpx:TrackPointExtension>
            <gpxtpx:hr>123</gpxtpx:hr>
          </gpxtpx:TrackPointExtension>
        </extensions>
      </trkpt>
      <trkpt lat="22.63459308380367" lon="113.82799540426466">
        <ele>9.199999809265137</ele>
        <time>2026-04-08T23:49:28Z</time>
        <extensions>
          <gpxtpx:TrackPointExtension>
            <gpxtpx:hr>123</gpxtpx:hr>
          </gpxtpx:TrackPointExtension>
        </extensions>
      </trkpt>
      <trkpt lat="22.63453220791778" lon="113.82805556977985">
        <ele>9.199999809265137</ele>
        <time>2026-04-08T23:49:32Z</time>
        <extensions>
          <gpxtpx:TrackPointExtension>
            <gpxtpx:hr>123</gpxtpx:hr>
          </gpxtpx:TrackPointExtension>
        </extensions>
      </trkpt>
      <trkpt lat="22.63446932860376" lon="113.82811373002511">
        <ele>9.199999809265137</ele>
        <time>2026-04-08T23:49:36Z</time>
        <extensions>
          <gpxtpx:TrackPointExtension>
            <gpxtpx:hr>125</gpxtpx:hr>
          </gpxtpx:TrackPointExtension>
        </extensions>
      </trkpt>
      <trkpt lat="22.63440744343741" lon="113.82816888211597">
        <ele>9.199999809265137</ele>
        <time>2026-04-08T23:49:40Z</time>
        <extensions>
          <gpxtpx:TrackPointExtension>
            <gpxtpx:hr>125</gpxtpx:hr>
          </gpxtpx:TrackPointExtension>
        </extensions>
      </trkpt>
      <trkpt lat="22.634346556189843" lon="113.82822303143917">
        <ele>9.199999809265137</ele>
        <time>2026-04-08T23:49:44Z</time>
        <extensions>
          <gpxtpx:TrackPointExtension>
            <gpxtpx:hr>124</gpxtpx:hr>
          </gpxtpx:TrackPointExtension>
        </extensions>
      </trkpt>
      <trkpt lat="22.634296683905344" lon="113.82828620427604">
        <ele>9.199999809265137</ele>
        <time>2026-04-08T23:49:48Z</time>
        <extensions>
          <gpxtpx:TrackPointExtension>
            <gpxtpx:hr>123</gpxtpx:hr>
          </gpxtpx:TrackPointExtension>
        </extensions>
      </trkpt>
      <trkpt lat="22.634231812415692" lon="113.82834837537006">
        <ele>9.199999809265137</ele>
        <time>2026-04-08T23:49:52Z</time>
        <extensions>
          <gpxtpx:TrackPointExtension>
            <gpxtpx:hr>123</gpxtpx:hr>
          </gpxtpx:TrackPointExtension>
        </extensions>
      </trkpt>
      <trkpt lat="22.634168944313004" lon="113.82841255170491">
        <ele>9.0</ele>
        <time>2026-04-08T23:49:56Z</time>
        <extensions>
          <gpxtpx:TrackPointExtension>
            <gpxtpx:hr>123</gpxtpx:hr>
          </gpxtpx:TrackPointExtension>
        </extensions>
      </trkpt>
      <trkpt lat="22.634102058072237" lon="113.8284667013649">
        <ele>9.0</ele>
        <time>2026-04-08T23:50:00Z</time>
        <extensions>
          <gpxtpx:TrackPointExtension>
            <gpxtpx:hr>124</gpxtpx:hr>
          </gpxtpx:TrackPointExtension>
        </extensions>
      </trkpt>
      <trkpt lat="22.634046169837806" lon="113.82852085030689">
        <ele>9.0</ele>
        <time>2026-04-08T23:50:04Z</time>
        <extensions>
          <gpxtpx:TrackPointExtension>
            <gpxtpx:hr>125</gpxtpx:hr>
          </gpxtpx:TrackPointExtension>
        </extensions>
      </trkpt>
      <trkpt lat="22.633977285804523" lon="113.82857600276404">
        <ele>8.800000190734863</ele>
        <time>2026-04-08T23:50:08Z</time>
        <extensions>
          <gpxtpx:TrackPointExtension>
            <gpxtpx:hr>124</gpxtpx:hr>
          </gpxtpx:TrackPointExtension>
        </extensions>
      </trkpt>
      <trkpt lat="22.633906409642634" lon="113.8286351661018">
        <ele>8.800000190734863</ele>
        <time>2026-04-08T23:50:12Z</time>
        <extensions>
          <gpxtpx:TrackPointExtension>
            <gpxtpx:hr>124</gpxtpx:hr>
          </gpxtpx:TrackPointExtension>
        </extensions>
      </trkpt>
      <trkpt lat="22.633845509074796" lon="113.82868229649371">
        <ele>8.800000190734863</ele>
        <time>2026-04-08T23:50:16Z</time>
        <extensions>
          <gpxtpx:TrackPointExtension>
            <gpxtpx:hr>123</gpxtpx:hr>
          </gpxtpx:TrackPointExtension>
        </extensions>
      </trkpt>
      <trkpt lat="22.63378460284558" lon="113.8287264188048">
        <ele>8.600000381469727</ele>
        <time>2026-04-08T23:50:20Z</time>
        <extensions>
          <gpxtpx:TrackPointExtension>
            <gpxtpx:hr>123</gpxtpx:hr>
          </gpxtpx:TrackPointExtension>
        </extensions>
      </trkpt>
      <trkpt lat="22.6337167053868" lon="113.82877455231952">
        <ele>8.600000381469727</ele>
        <time>2026-04-08T23:50:24Z</time>
        <extensions>
          <gpxtpx:TrackPointExtension>
            <gpxtpx:hr>123</gpxtpx:hr>
          </gpxtpx:TrackPointExtension>
        </extensions>
      </trkpt>
      <trkpt lat="22.63363782305651" lon="113.82882970536308">
        <ele>8.600000381469727</ele>
        <time>2026-04-08T23:50:28Z</time>
        <extensions>
          <gpxtpx:TrackPointExtension>
            <gpxtpx:hr>124</gpxtpx:hr>
          </gpxtpx:TrackPointExtension>
        </extensions>
      </trkpt>
      <trkpt lat="22.633565935688285" lon="113.82888285256433">
        <ele>8.600000381469727</ele>
        <time>2026-04-08T23:50:32Z</time>
        <extensions>
          <gpxtpx:TrackPointExtension>
            <gpxtpx:hr>125</gpxtpx:hr>
          </gpxtpx:TrackPointExtension>
        </extensions>
      </trkpt>
      <trkpt lat="22.633496046061612" lon="113.82893499693552">
        <ele>8.600000381469727</ele>
        <time>2026-04-08T23:50:36Z</time>
        <extensions>
          <gpxtpx:TrackPointExtension>
            <gpxtpx:hr>123</gpxtpx:hr>
          </gpxtpx:TrackPointExtension>
        </extensions>
      </trkpt>
      <trkpt lat="22.633409153813865" lon="113.82898413431859">
        <ele>8.600000381469727</ele>
        <time>2026-04-08T23:50:40Z</time>
        <extensions>
          <gpxtpx:TrackPointExtension>
            <gpxtpx:hr>122</gpxtpx:hr>
          </gpxtpx:TrackPointExtension>
        </extensions>
      </trkpt>
      <trkpt lat="22.633336260924057" lon="113.82903427348131">
        <ele>8.800000190734863</ele>
        <time>2026-04-08T23:50:44Z</time>
        <extensions>
          <gpxtpx:TrackPointExtension>
            <gpxtpx:hr>122</gpxtpx:hr>
          </gpxtpx:TrackPointExtension>
        </extensions>
      </trkpt>
      <trkpt lat="22.63327437921572" lon="113.82909143075041">
        <ele>8.800000190734863</ele>
        <time>2026-04-08T23:50:48Z</time>
        <extensions>
          <gpxtpx:TrackPointExtension>
            <gpxtpx:hr>124</gpxtpx:hr>
          </gpxtpx:TrackPointExtension>
        </extensions>
      </trkpt>
      <trkpt lat="22.63320148064739" lon="113.82913856182311">
        <ele>9.0</ele>
        <time>2026-04-08T23:50:52Z</time>
        <extensions>
          <gpxtpx:TrackPointExtension>
            <gpxtpx:hr>125</gpxtpx:hr>
          </gpxtpx:TrackPointExtension>
        </extensions>
      </trkpt>
      <trkpt lat="22.633128580181843" lon="113.82918469019732">
        <ele>8.800000190734863</ele>
        <time>2026-04-08T23:50:56Z</time>
        <extensions>
          <gpxtpx:TrackPointExtension>
            <gpxtpx:hr>125</gpxtpx:hr>
          </gpxtpx:TrackPointExtension>
        </extensions>
      </trkpt>
      <trkpt lat="22.633057669942414" lon="113.82922580499105">
        <ele>8.600000381469727</ele>
        <time>2026-04-08T23:51:00Z</time>
        <extensions>
          <gpxtpx:TrackPointExtension>
            <gpxtpx:hr>126</gpxtpx:hr>
          </gpxtpx:TrackPointExtension>
        </extensions>
      </trkpt>
      <trkpt lat="22.63299077401438" lon="113.82927494102675">
        <ele>8.800000190734863</ele>
        <time>2026-04-08T23:51:04Z</time>
        <extensions>
          <gpxtpx:TrackPointExtension>
            <gpxtpx:hr>126</gpxtpx:hr>
          </gpxtpx:TrackPointExtension>
        </extensions>
      </trkpt>
      <trkpt lat="22.63292188030544" lon="113.8293250798681">
        <ele>8.800000190734863</ele>
        <time>2026-04-08T23:51:08Z</time>
        <extensions>
          <gpxtpx:TrackPointExtension>
            <gpxtpx:hr>128</gpxtpx:hr>
          </gpxtpx:TrackPointExtension>
        </extensions>
      </trkpt>
      <trkpt lat="22.632847991228196" lon="113.8293772243948">
        <ele>8.800000190734863</ele>
        <time>2026-04-08T23:51:12Z</time>
        <extensions>
          <gpxtpx:TrackPointExtension>
            <gpxtpx:hr>129</gpxtpx:hr>
          </gpxtpx:TrackPointExtension>
        </extensions>
      </trkpt>
      <trkpt lat="22.632770080293792" lon="113.82941733691449">
        <ele>9.0</ele>
        <time>2026-04-08T23:51:16Z</time>
        <extensions>
          <gpxtpx:TrackPointExtension>
            <gpxtpx:hr>128</gpxtpx:hr>
          </gpxtpx:TrackPointExtension>
        </extensions>
      </trkpt>
      <trkpt lat="22.63269218813345" lon="113.82946747630103">
        <ele>9.0</ele>
        <time>2026-04-08T23:51:20Z</time>
        <extensions>
          <gpxtpx:TrackPointExtension>
            <gpxtpx:hr>123</gpxtpx:hr>
          </gpxtpx:TrackPointExtension>
        </extensions>
      </trkpt>
      <trkpt lat="22.63262030240036" lon="113.82952162603908">
        <ele>8.800000190734863</ele>
        <time>2026-04-08T23:51:24Z</time>
        <extensions>
          <gpxtpx:TrackPointExtension>
            <gpxtpx:hr>116</gpxtpx:hr>
          </gpxtpx:TrackPointExtension>
        </extensions>
      </trkpt>
      <trkpt lat="22.6325563983181" lon="113.82956675106712">
        <ele>8.800000190734863</ele>
        <time>2026-04-08T23:51:28Z</time>
        <extensions>
          <gpxtpx:TrackPointExtension>
            <gpxtpx:hr>116</gpxtpx:hr>
          </gpxtpx:TrackPointExtension>
        </extensions>
      </trkpt>
      <trkpt lat="22.632490492697922" lon="113.82961087352717">
        <ele>8.600000381469727</ele>
        <time>2026-04-08T23:51:32Z</time>
        <extensions>
          <gpxtpx:TrackPointExtension>
            <gpxtpx:hr>125</gpxtpx:hr>
          </gpxtpx:TrackPointExtension>
        </extensions>
      </trkpt>
      <trkpt lat="22.632427588407474" lon="113.8296559984717">
        <ele>8.800000190734863</ele>
        <time>2026-04-08T23:51:36Z</time>
        <extensions>
          <gpxtpx:TrackPointExtension>
            <gpxtpx:hr>129</gpxtpx:hr>
          </gpxtpx:TrackPointExtension>
        </extensions>
      </trkpt>
      <trkpt lat="22.63236270323394" lon="113.82971115039754">
        <ele>8.800000190734863</ele>
        <time>2026-04-08T23:51:40Z</time>
        <extensions>
          <gpxtpx:TrackPointExtension>
            <gpxtpx:hr>130</gpxtpx:hr>
          </gpxtpx:TrackPointExtension>
        </extensions>
      </trkpt>
      <trkpt lat="22.632303807587412" lon="113.82976128849326">
        <ele>8.800000190734863</ele>
        <time>2026-04-08T23:51:44Z</time>
        <extensions>
          <gpxtpx:TrackPointExtension>
            <gpxtpx:hr>131</gpxtpx:hr>
          </gpxtpx:TrackPointExtension>
        </extensions>
      </trkpt>
      <trkpt lat="22.632216883102526" lon="113.82979338003041">
        <ele>9.0</ele>
        <time>2026-04-08T23:51:48Z</time>
        <extensions>
          <gpxtpx:TrackPointExtension>
            <gpxtpx:hr>130</gpxtpx:hr>
          </gpxtpx:TrackPointExtension>
        </extensions>
      </trkpt>
      <trkpt lat="22.632148962742" lon="113.82982948108486">
        <ele>9.0</ele>
        <time>2026-04-08T23:51:52Z</time>
        <extensions>
          <gpxtpx:TrackPointExtension>
            <gpxtpx:hr>131</gpxtpx:hr>
          </gpxtpx:TrackPointExtension>
        </extensions>
      </trkpt>
      <trkpt lat="22.632097062054584" lon="113.82987761333071">
        <ele>9.0</ele>
        <time>2026-04-08T23:51:56Z</time>
        <extensions>
          <gpxtpx:TrackPointExtension>
            <gpxtpx:hr>130</gpxtpx:hr>
          </gpxtpx:TrackPointExtension>
        </extensions>
      </trkpt>
      <trkpt lat="22.632054146620685" lon="113.82991872619051">
        <ele>9.0</ele>
        <time>2026-04-08T23:52:00Z</time>
        <extensions>
          <gpxtpx:TrackPointExtension>
            <gpxtpx:hr>129</gpxtpx:hr>
          </gpxtpx:TrackPointExtension>
        </extensions>
      </trkpt>
      <trkpt lat="22.632008250470328" lon="113.82996986608431">
        <ele>9.0</ele>
        <time>2026-04-08T23:52:04Z</time>
        <extensions>
          <gpxtpx:TrackPointExtension>
            <gpxtpx:hr>128</gpxtpx:hr>
          </gpxtpx:TrackPointExtension>
        </extensions>
      </trkpt>
      <trkpt lat="22.63192633441398" lon="113.83000697069039">
        <ele>9.0</ele>
        <time>2026-04-08T23:52:08Z</time>
        <extensions>
          <gpxtpx:TrackPointExtension>
            <gpxtpx:hr>127</gpxtpx:hr>
          </gpxtpx:TrackPointExtension>
        </extensions>
      </trkpt>
      <trkpt lat="22.631842418696003" lon="113.83004407541777">
        <ele>8.800000190734863</ele>
        <time>2026-04-08T23:52:12Z</time>
        <extensions>
          <gpxtpx:TrackPointExtension>
            <gpxtpx:hr>126</gpxtpx:hr>
          </gpxtpx:TrackPointExtension>
        </extensions>
      </trkpt>
      <trkpt lat="22.631748504730673" lon="113.83008118078017">
        <ele>9.0</ele>
        <time>2026-04-08T23:52:16Z</time>
        <extensions>
          <gpxtpx:TrackPointExtension>
            <gpxtpx:hr>126</gpxtpx:hr>
          </gpxtpx:TrackPointExtension>
        </extensions>
      </trkpt>
      <trkpt lat="22.63166660550528" lon="113.83012730952225">
        <ele>8.800000190734863</ele>
        <time>2026-04-08T23:52:20Z</time>
        <extensions>
          <gpxtpx:TrackPointExtension>
            <gpxtpx:hr>126</gpxtpx:hr>
          </gpxtpx:TrackPointExtension>
        </extensions>
      </trkpt>
      <trkpt lat="22.631597730215404" lon="113.8301874749925">
        <ele>8.800000190734863</ele>
        <time>2026-04-08T23:52:24Z</time>
        <extensions>
          <gpxtpx:TrackPointExtension>
            <gpxtpx:hr>126</gpxtpx:hr>
          </gpxtpx:TrackPointExtension>
        </extensions>
      </trkpt>
      <trkpt lat="22.631534816343528" lon="113.83022758638702">
        <ele>8.800000190734863</ele>
        <time>2026-04-08T23:52:28Z</time>
        <extensions>
          <gpxtpx:TrackPointExtension>
            <gpxtpx:hr>128</gpxtpx:hr>
          </gpxtpx:TrackPointExtension>
        </extensions>
      </trkpt>
      <trkpt lat="22.631468932981264" lon="113.83028374089939">
        <ele>8.800000190734863</ele>
        <time>2026-04-08T23:52:32Z</time>
        <extensions>
          <gpxtpx:TrackPointExtension>
            <gpxtpx:hr>127</gpxtpx:hr>
          </gpxtpx:TrackPointExtension>
        </extensions>
      </trkpt>
      <trkpt lat="22.631408029970974" lon="113.83032986824333">
        <ele>8.600000381469727</ele>
        <time>2026-04-08T23:52:36Z</time>
        <extensions>
          <gpxtpx:TrackPointExtension>
            <gpxtpx:hr>128</gpxtpx:hr>
          </gpxtpx:TrackPointExtension>
        </extensions>
      </trkpt>
      <trkpt lat="22.631364090211875" lon="113.8303579461925">
        <ele>8.600000381469727</ele>
        <time>2026-04-08T23:52:40Z</time>
        <extensions>
          <gpxtpx:TrackPointExtension>
            <gpxtpx:hr>126</gpxtpx:hr>
          </gpxtpx:TrackPointExtension>
        </extensions>
      </trkpt>
      <trkpt lat="22.63130119127481" lon="113.83040607901162">
        <ele>8.399999618530273</ele>
        <time>2026-04-08T23:52:44Z</time>
        <extensions>
          <gpxtpx:TrackPointExtension>
            <gpxtpx:hr>126</gpxtpx:hr>
          </gpxtpx:TrackPointExtension>
        </extensions>
      </trkpt>
      <trkpt lat="22.631208295732808" lon="113.83045321106194">
        <ele>8.399999618530273</ele>
        <time>2026-04-08T23:52:48Z</time>
        <extensions>
          <gpxtpx:TrackPointExtension>
            <gpxtpx:hr>125</gpxtpx:hr>
          </gpxtpx:TrackPointExtension>
        </extensions>
      </trkpt>
      <trkpt lat="22.631120393667054" lon="113.83049733473246">
        <ele>8.199999809265137</ele>
        <time>2026-04-08T23:52:52Z</time>
        <extensions>
          <gpxtpx:TrackPointExtension>
            <gpxtpx:hr>126</gpxtpx:hr>
          </gpxtpx:TrackPointExtension>
        </extensions>
      </trkpt>
      <trkpt lat="22.63104849438385" lon="113.83054446541048">
        <ele>8.0</ele>
        <time>2026-04-08T23:52:56Z</time>
        <extensions>
          <gpxtpx:TrackPointExtension>
            <gpxtpx:hr>127</gpxtpx:hr>
          </gpxtpx:TrackPointExtension>
        </extensions>
      </trkpt>
      <trkpt lat="22.63096458408273" lon="113.83058457807502">
        <ele>8.399999618530273</ele>
        <time>2026-04-08T23:53:00Z</time>
        <extensions>
          <gpxtpx:TrackPointExtension>
            <gpxtpx:hr>129</gpxtpx:hr>
          </gpxtpx:TrackPointExtension>
        </extensions>
      </trkpt>
      <trkpt lat="22.630892664163394" lon="113.83062067923416">
        <ele>8.399999618530273</ele>
        <time>2026-04-08T23:53:04Z</time>
        <extensions>
          <gpxtpx:TrackPointExtension>
            <gpxtpx:hr>129</gpxtpx:hr>
          </gpxtpx:TrackPointExtension>
        </extensions>
      </trkpt>
      <trkpt lat="22.63082876529267" lon="113.83066881204697">
        <ele>8.399999618530273</ele>
        <time>2026-04-08T23:53:08Z</time>
        <extensions>
          <gpxtpx:TrackPointExtension>
            <gpxtpx:hr>127</gpxtpx:hr>
          </gpxtpx:TrackPointExtension>
        </extensions>
      </trkpt>
      <trkpt lat="22.630743885068227" lon="113.83072496764196">
        <ele>8.600000381469727</ele>
        <time>2026-04-08T23:53:12Z</time>
        <extensions>
          <gpxtpx:TrackPointExtension>
            <gpxtpx:hr>128</gpxtpx:hr>
          </gpxtpx:TrackPointExtension>
        </extensions>
      </trkpt>
      <trkpt lat="22.63066498691771" lon="113.83077209870842">
        <ele>8.600000381469727</ele>
        <time>2026-04-08T23:53:16Z</time>
        <extensions>
          <gpxtpx:TrackPointExtension>
            <gpxtpx:hr>129</gpxtpx:hr>
          </gpxtpx:TrackPointExtension>
        </extensions>
      </trkpt>
      <trkpt lat="22.630578970190168" lon="113.83075505865884">
        <ele>8.399999618530273</ele>
        <time>2026-04-08T23:53:20Z</time>
        <extensions>
          <gpxtpx:TrackPointExtension>
            <gpxtpx:hr>130</gpxtpx:hr>
          </gpxtpx:TrackPointExtension>
        </extensions>
      </trkpt>
      <trkpt lat="22.630504904547763" lon="113.83071295081567">
        <ele>8.399999618530273</ele>
        <time>2026-04-08T23:53:24Z</time>
        <extensions>
          <gpxtpx:TrackPointExtension>
            <gpxtpx:hr>130</gpxtpx:hr>
          </gpxtpx:TrackPointExtension>
        </extensions>
      </trkpt>
      <trkpt lat="22.63046976464433" lon="113.83063474393269">
        <ele>8.399999618530273</ele>
        <time>2026-04-08T23:53:28Z</time>
        <extensions>
          <gpxtpx:TrackPointExtension>
            <gpxtpx:hr>130</gpxtpx:hr>
          </gpxtpx:TrackPointExtension>
        </extensions>
      </trkpt>
      <trkpt lat="22.630432600704317" lon="113.83054350227982">
        <ele>8.600000381469727</ele>
        <time>2026-04-08T23:53:32Z</time>
        <extensions>
          <gpxtpx:TrackPointExtension>
            <gpxtpx:hr>129</gpxtpx:hr>
          </gpxtpx:TrackPointExtension>
        </extensions>
      </trkpt>
      <trkpt lat="22.6303934520532" lon="113.83046028216829">
        <ele>8.600000381469727</ele>
        <time>2026-04-08T23:53:36Z</time>
        <extensions>
          <gpxtpx:TrackPointExtension>
            <gpxtpx:hr>129</gpxtpx:hr>
          </gpxtpx:TrackPointExtension>
        </extensions>
      </trkpt>
      <trkpt lat="22.630360300435196" lon="113.83037605895092">
        <ele>8.800000190734863</ele>
        <time>2026-04-08T23:53:40Z</time>
        <extensions>
          <gpxtpx:TrackPointExtension>
            <gpxtpx:hr>131</gpxtpx:hr>
          </gpxtpx:TrackPointExtension>
        </extensions>
      </trkpt>
      <trkpt lat="22.63032916154668" lon="113.83029885434958">
        <ele>8.800000190734863</ele>
        <time>2026-04-08T23:53:44Z</time>
        <extensions>
          <gpxtpx:TrackPointExtension>
            <gpxtpx:hr>130</gpxtpx:hr>
          </gpxtpx:TrackPointExtension>
        </extensions>
      </trkpt>
      <trkpt lat="22.63028903357377" lon="113.83022666371252">
        <ele>8.600000381469727</ele>
        <time>2026-04-08T23:53:48Z</time>
        <extensions>
          <gpxtpx:TrackPointExtension>
            <gpxtpx:hr>132</gpxtpx:hr>
          </gpxtpx:TrackPointExtension>
        </extensions>
      </trkpt>
      <trkpt lat="22.63024190304449" lon="113.8301524681296">
        <ele>8.199999809265137</ele>
        <time>2026-04-08T23:53:52Z</time>
        <extensions>
          <gpxtpx:TrackPointExtension>
            <gpxtpx:hr>132</gpxtpx:hr>
          </gpxtpx:TrackPointExtension>
        </extensions>
      </trkpt>
      <trkpt lat="22.63020174874827" lon="113.83006623985575">
        <ele>8.399999618530273</ele>
        <time>2026-04-08T23:53:56Z</time>
        <extensions>
          <gpxtpx:TrackPointExtension>
            <gpxtpx:hr>132</gpxtpx:hr>
          </gpxtpx:TrackPointExtension>
        </extensions>
      </trkpt>
      <trkpt lat="22.63014861356962" lon="113.82998903654232">
        <ele>8.199999809265137</ele>
        <time>2026-04-08T23:54:00Z</time>
        <extensions>
          <gpxtpx:TrackPointExtension>
            <gpxtpx:hr>133</gpxtpx:hr>
          </gpxtpx:TrackPointExtension>
        </extensions>
      </trkpt>
      <trkpt lat="22.630101462293126" lon="113.82990381133159">
        <ele>8.199999809265137</ele>
        <time>2026-04-08T23:54:04Z</time>
        <extensions>
          <gpxtpx:TrackPointExtension>
            <gpxtpx:hr>132</gpxtpx:hr>
          </gpxtpx:TrackPointExtension>
        </extensions>
      </trkpt>
      <trkpt lat="22.630074309355933" lon="113.82981958748601">
        <ele>8.399999618530273</ele>
        <time>2026-04-08T23:54:08Z</time>
        <extensions>
          <gpxtpx:TrackPointExtension>
            <gpxtpx:hr>133</gpxtpx:hr>
          </gpxtpx:TrackPointExtension>
        </extensions>
      </trkpt>
      <trkpt lat="22.63003614891542" lon="113.82973035088148">
        <ele>8.399999618530273</ele>
        <time>2026-04-08T23:54:12Z</time>
        <extensions>
          <gpxtpx:TrackPointExtension>
            <gpxtpx:hr>133</gpxtpx:hr>
          </gpxtpx:TrackPointExtension>
        </extensions>
      </trkpt>
      <trkpt lat="22.63000297253362" lon="113.82963309242479">
        <ele>8.399999618530273</ele>
        <time>2026-04-08T23:54:16Z</time>
        <extensions>
          <gpxtpx:TrackPointExtension>
            <gpxtpx:hr>133</gpxtpx:hr>
          </gpxtpx:TrackPointExtension>
        </extensions>
      </trkpt>
      <trkpt lat="22.629953834589156" lon="113.82955488600368">
        <ele>8.399999618530273</ele>
        <time>2026-04-08T23:54:20Z</time>
        <extensions>
          <gpxtpx:TrackPointExtension>
            <gpxtpx:hr>135</gpxtpx:hr>
          </gpxtpx:TrackPointExtension>
        </extensions>
      </trkpt>
      <trkpt lat="22.629915675900932" lon="113.82946665197403">
        <ele>8.399999618530273</ele>
        <time>2026-04-08T23:54:24Z</time>
        <extensions>
          <gpxtpx:TrackPointExtension>
            <gpxtpx:hr>134</gpxtpx:hr>
          </gpxtpx:TrackPointExtension>
        </extensions>
      </trkpt>
      <trkpt lat="22.629875534435325" lon="113.82938744222669">
        <ele>8.399999618530273</ele>
        <time>2026-04-08T23:54:28Z</time>
        <extensions>
          <gpxtpx:TrackPointExtension>
            <gpxtpx:hr>135</gpxtpx:hr>
          </gpxtpx:TrackPointExtension>
        </extensions>
      </trkpt>
      <trkpt lat="22.629838396172623" lon="113.82931023763433">
        <ele>8.399999618530273</ele>
        <time>2026-04-08T23:54:32Z</time>
        <extensions>
          <gpxtpx:TrackPointExtension>
            <gpxtpx:hr>135</gpxtpx:hr>
          </gpxtpx:TrackPointExtension>
        </extensions>
      </trkpt>
      <trkpt lat="22.629812267239977" lon="113.82923904843926">
        <ele>8.399999618530273</ele>
        <time>2026-04-08T23:54:36Z</time>
        <extensions>
          <gpxtpx:TrackPointExtension>
            <gpxtpx:hr>136</gpxtpx:hr>
          </gpxtpx:TrackPointExtension>
        </extensions>
      </trkpt>
      <trkpt lat="22.62976112383981" lon="113.82915783394017">
        <ele>8.199999809265137</ele>
        <time>2026-04-08T23:54:40Z</time>
        <extensions>
          <gpxtpx:TrackPointExtension>
            <gpxtpx:hr>138</gpxtpx:hr>
          </gpxtpx:TrackPointExtension>
        </extensions>
      </trkpt>
      <trkpt lat="22.629703876118747" lon="113.82902046920108">
        <ele>8.0</ele>
        <time>2026-04-08T23:54:44Z</time>
        <extensions>
          <gpxtpx:TrackPointExtension>
            <gpxtpx:hr>137</gpxtpx:hr>
          </gpxtpx:TrackPointExtension>
        </extensions>
      </trkpt>
      <trkpt lat="22.629647650712027" lon="113.82889513659667">
        <ele>8.199999809265137</ele>
        <time>2026-04-08T23:54:48Z</time>
        <extensions>
          <gpxtpx:TrackPointExtension>
            <gpxtpx:hr>137</gpxtpx:hr>
          </gpxtpx:TrackPointExtension>
        </extensions>
      </trkpt>
      <trkpt lat="22.629595411357577" lon="113.82876278483766">
        <ele>7.800000190734863</ele>
        <time>2026-04-08T23:54:52Z</time>
        <extensions>
          <gpxtpx:TrackPointExtension>
            <gpxtpx:hr>141</gpxtpx:hr>
          </gpxtpx:TrackPointExtension>
        </extensions>
      </trkpt>
      <trkpt lat="22.629541202395185" lon="113.82864647619138">
        <ele>7.800000190734863</ele>
        <time>2026-04-08T23:54:56Z</time>
        <extensions>
          <gpxtpx:TrackPointExtension>
            <gpxtpx:hr>146</gpxtpx:hr>
          </gpxtpx:TrackPointExtension>
        </extensions>
      </trkpt>
      <trkpt lat="22.629483967526795" lon="113.82851613000585">
        <ele>7.800000190734863</ele>
        <time>2026-04-08T23:55:00Z</time>
        <extensions>
          <gpxtpx:TrackPointExtension>
            <gpxtpx:hr>149</gpxtpx:hr>
          </gpxtpx:TrackPointExtension>
        </extensions>
      </trkpt>
      <trkpt lat="22.62942172591711" lon="113.8283817733094">
        <ele>7.599999904632568</ele>
        <time>2026-04-08T23:55:04Z</time>
        <extensions>
          <gpxtpx:TrackPointExtension>
            <gpxtpx:hr>152</gpxtpx:hr>
          </gpxtpx:TrackPointExtension>
        </extensions>
      </trkpt>
      <trkpt lat="22.62936751675543" lon="113.82826546449462">
        <ele>7.599999904632568</ele>
        <time>2026-04-08T23:55:08Z</time>
        <extensions>
          <gpxtpx:TrackPointExtension>
            <gpxtpx:hr>153</gpxtpx:hr>
          </gpxtpx:TrackPointExtension>
        </extensions>
      </trkpt>
      <trkpt lat="22.629315305302836" lon="113.82814815281003">
        <ele>7.599999904632568</ele>
        <time>2026-04-08T23:55:12Z</time>
        <extensions>
          <gpxtpx:TrackPointExtension>
            <gpxtpx:hr>154</gpxtpx:hr>
          </gpxtpx:TrackPointExtension>
        </extensions>
      </trkpt>
      <trkpt lat="22.62930607500409" lon="113.8280248221558">
        <ele>7.800000190734863</ele>
        <time>2026-04-08T23:55:16Z</time>
        <extensions>
          <gpxtpx:TrackPointExtension>
            <gpxtpx:hr>153</gpxtpx:hr>
          </gpxtpx:TrackPointExtension>
        </extensions>
      </trkpt>
      <trkpt lat="22.62936086180145" lon="113.82791652774098">
        <ele>8.0</ele>
        <time>2026-04-08T23:55:20Z</time>
        <extensions>
          <gpxtpx:TrackPointExtension>
            <gpxtpx:hr>153</gpxtpx:hr>
          </gpxtpx:TrackPointExtension>
        </extensions>
      </trkpt>
      <trkpt lat="22.62945671685677" lon="113.82784833840536">
        <ele>8.0</ele>
        <time>2026-04-08T23:55:24Z</time>
        <extensions>
          <gpxtpx:TrackPointExtension>
            <gpxtpx:hr>153</gpxtpx:hr>
          </gpxtpx:TrackPointExtension>
        </extensions>
      </trkpt>
      <trkpt lat="22.629570564975346" lon="113.82777814250981">
        <ele>8.199999809265137</ele>
        <time>2026-04-08T23:55:28Z</time>
        <extensions>
          <gpxtpx:TrackPointExtension>
            <gpxtpx:hr>154</gpxtpx:hr>
          </gpxtpx:TrackPointExtension>
        </extensions>
      </trkpt>
      <trkpt lat="22.6296754485857" lon="113.82772599567168">
        <ele>7.800000190734863</ele>
        <time>2026-04-08T23:55:32Z</time>
        <extensions>
          <gpxtpx:TrackPointExtension>
            <gpxtpx:hr>154</gpxtpx:hr>
          </gpxtpx:TrackPointExtension>
        </extensions>
      </trkpt>
      <trkpt lat="22.629790313448275" lon="113.82766482393326">
        <ele>7.599999904632568</ele>
        <time>2026-04-08T23:55:36Z</time>
        <extensions>
          <gpxtpx:TrackPointExtension>
            <gpxtpx:hr>155</gpxtpx:hr>
          </gpxtpx:TrackPointExtension>
        </extensions>
      </trkpt>
      <trkpt lat="22.629901175206214" lon="113.8276016470509">
        <ele>7.599999904632568</ele>
        <time>2026-04-08T23:55:40Z</time>
        <extensions>
          <gpxtpx:TrackPointExtension>
            <gpxtpx:hr>155</gpxtpx:hr>
          </gpxtpx:TrackPointExtension>
        </extensions>
      </trkpt>
      <trkpt lat="22.63000402323629" lon="113.82753044911227">
        <ele>7.400000095367432</ele>
        <time>2026-04-08T23:55:44Z</time>
        <extensions>
          <gpxtpx:TrackPointExtension>
            <gpxtpx:hr>155</gpxtpx:hr>
          </gpxtpx:TrackPointExtension>
        </extensions>
      </trkpt>
      <trkpt lat="22.630110836563176" lon="113.82744120239128">
        <ele>7.400000095367432</ele>
        <time>2026-04-08T23:55:48Z</time>
        <extensions>
          <gpxtpx:TrackPointExtension>
            <gpxtpx:hr>156</gpxtpx:hr>
          </gpxtpx:TrackPointExtension>
        </extensions>
      </trkpt>
      <trkpt lat="22.630221675577058" lon="113.82736599312334">
        <ele>7.400000095367432</ele>
        <time>2026-04-08T23:55:52Z</time>
        <extensions>
          <gpxtpx:TrackPointExtension>
            <gpxtpx:hr>157</gpxtpx:hr>
          </gpxtpx:TrackPointExtension>
        </extensions>
      </trkpt>
      <trkpt lat="22.630333555915804" lon="113.827312843074">
        <ele>7.400000095367432</ele>
        <time>2026-04-08T23:55:56Z</time>
        <extensions>
          <gpxtpx:TrackPointExtension>
            <gpxtpx:hr>158</gpxtpx:hr>
          </gpxtpx:TrackPointExtension>
        </extensions>
      </trkpt>
      <trkpt lat="22.63044140294595" lon="113.82724164475339">
        <ele>7.400000095367432</ele>
        <time>2026-04-08T23:56:00Z</time>
        <extensions>
          <gpxtpx:TrackPointExtension>
            <gpxtpx:hr>159</gpxtpx:hr>
          </gpxtpx:TrackPointExtension>
        </extensions>
      </trkpt>
      <trkpt lat="22.630551274142704" lon="113.82718348133503">
        <ele>7.400000095367432</ele>
        <time>2026-04-08T23:56:04Z</time>
        <extensions>
          <gpxtpx:TrackPointExtension>
            <gpxtpx:hr>160</gpxtpx:hr>
          </gpxtpx:TrackPointExtension>
        </extensions>
      </trkpt>
      <trkpt lat="22.630657140350756" lon="113.82712231007667">
        <ele>7.599999904632568</ele>
        <time>2026-04-08T23:56:08Z</time>
        <extensions>
          <gpxtpx:TrackPointExtension>
            <gpxtpx:hr>160</gpxtpx:hr>
          </gpxtpx:TrackPointExtension>
        </extensions>
      </trkpt>
      <trkpt lat="22.630773025551857" lon="113.82707216782218">
        <ele>7.599999904632568</ele>
        <time>2026-04-08T23:56:12Z</time>
        <extensions>
          <gpxtpx:TrackPointExtension>
            <gpxtpx:hr>159</gpxtpx:hr>
          </gpxtpx:TrackPointExtension>
        </extensions>
      </trkpt>
      <trkpt lat="22.630875903570452" lon="113.82701701291552">
        <ele>7.800000190734863</ele>
        <time>2026-04-08T23:56:16Z</time>
        <extensions>
          <gpxtpx:TrackPointExtension>
            <gpxtpx:hr>158</gpxtpx:hr>
          </gpxtpx:TrackPointExtension>
        </extensions>
      </trkpt>
      <trkpt lat="22.630984761621377" lon="113.82695183065175">
        <ele>7.599999904632568</ele>
        <time>2026-04-08T23:56:20Z</time>
        <extensions>
          <gpxtpx:TrackPointExtension>
            <gpxtpx:hr>159</gpxtpx:hr>
          </gpxtpx:TrackPointExtension>
        </extensions>
      </trkpt>
      <trkpt lat="22.631084642010737" lon="113.82689767861721">
        <ele>7.800000190734863</ele>
        <time>2026-04-08T23:56:24Z</time>
        <extensions>
          <gpxtpx:TrackPointExtension>
            <gpxtpx:hr>159</gpxtpx:hr>
          </gpxtpx:TrackPointExtension>
        </extensions>
      </trkpt>
      <trkpt lat="22.631194518728094" lon="113.82684252323587">
        <ele>7.599999904632568</ele>
        <time>2026-04-08T23:56:28Z</time>
        <extensions>
          <gpxtpx:TrackPointExtension>
            <gpxtpx:hr>160</gpxtpx:hr>
          </gpxtpx:TrackPointExtension>
        </extensions>
      </trkpt>
      <trkpt lat="22.63130739678241" lon="113.82678837035091">
        <ele>7.599999904632568</ele>
        <time>2026-04-08T23:56:32Z</time>
        <extensions>
          <gpxtpx:TrackPointExtension>
            <gpxtpx:hr>160</gpxtpx:hr>
          </gpxtpx:TrackPointExtension>
        </extensions>
      </trkpt>
      <trkpt lat="22.63142124440169" lon="113.82671817424396">
        <ele>7.599999904632568</ele>
        <time>2026-04-08T23:56:36Z</time>
        <extensions>
          <gpxtpx:TrackPointExtension>
            <gpxtpx:hr>160</gpxtpx:hr>
          </gpxtpx:TrackPointExtension>
        </extensions>
      </trkpt>
      <trkpt lat="22.631532096300894" lon="113.82664998371241">
        <ele>7.599999904632568</ele>
        <time>2026-04-08T23:56:40Z</time>
        <extensions>
          <gpxtpx:TrackPointExtension>
            <gpxtpx:hr>160</gpxtpx:hr>
          </gpxtpx:TrackPointExtension>
        </extensions>
      </trkpt>
      <trkpt lat="22.631646941795122" lon="113.8265787848213">
        <ele>7.599999904632568</ele>
        <time>2026-04-08T23:56:44Z</time>
        <extensions>
          <gpxtpx:TrackPointExtension>
            <gpxtpx:hr>161</gpxtpx:hr>
          </gpxtpx:TrackPointExtension>
        </extensions>
      </trkpt>
      <trkpt lat="22.63175880669277" lon="113.82651761308558">
        <ele>7.599999904632568</ele>
        <time>2026-04-08T23:56:48Z</time>
        <extensions>
          <gpxtpx:TrackPointExtension>
            <gpxtpx:hr>161</gpxtpx:hr>
          </gpxtpx:TrackPointExtension>
        </extensions>
      </trkpt>
      <trkpt lat="22.631870664003618" lon="113.82645243055158">
        <ele>7.400000095367432</ele>
        <time>2026-04-08T23:56:52Z</time>
        <extensions>
          <gpxtpx:TrackPointExtension>
            <gpxtpx:hr>162</gpxtpx:hr>
          </gpxtpx:TrackPointExtension>
        </extensions>
      </trkpt>
      <trkpt lat="22.631971521346134" lon="113.826386246018">
        <ele>7.400000095367432</ele>
        <time>2026-04-08T23:56:56Z</time>
        <extensions>
          <gpxtpx:TrackPointExtension>
            <gpxtpx:hr>162</gpxtpx:hr>
          </gpxtpx:TrackPointExtension>
        </extensions>
      </trkpt>
      <trkpt lat="22.63207734563556" lon="113.8263030152912">
        <ele>7.400000095367432</ele>
        <time>2026-04-08T23:57:00Z</time>
        <extensions>
          <gpxtpx:TrackPointExtension>
            <gpxtpx:hr>162</gpxtpx:hr>
          </gpxtpx:TrackPointExtension>
        </extensions>
      </trkpt>
      <trkpt lat="22.632199199202407" lon="113.82623682938744">
        <ele>7.199999809265137</ele>
        <time>2026-04-08T23:57:04Z</time>
        <extensions>
          <gpxtpx:TrackPointExtension>
            <gpxtpx:hr>162</gpxtpx:hr>
          </gpxtpx:TrackPointExtension>
        </extensions>
      </trkpt>
      <trkpt lat="22.63230714221535" lon="113.8262167684847">
        <ele>7.800000190734863</ele>
        <time>2026-04-08T23:57:08Z</time>
        <extensions>
          <gpxtpx:TrackPointExtension>
            <gpxtpx:hr>162</gpxtpx:hr>
          </gpxtpx:TrackPointExtension>
        </extensions>
      </trkpt>
      <trkpt lat="22.632414007855356" lon="113.8261555970246">
        <ele>7.599999904632568</ele>
        <time>2026-04-08T23:57:12Z</time>
        <extensions>
          <gpxtpx:TrackPointExtension>
            <gpxtpx:hr>162</gpxtpx:hr>
          </gpxtpx:TrackPointExtension>
        </extensions>
      </trkpt>
      <trkpt lat="22.632523871047894" lon="113.82609342266633">
        <ele>7.599999904632568</ele>
        <time>2026-04-08T23:57:16Z</time>
        <extensions>
          <gpxtpx:TrackPointExtension>
            <gpxtpx:hr>162</gpxtpx:hr>
          </gpxtpx:TrackPointExtension>
        </extensions>
      </trkpt>
      <trkpt lat="22.632613743449593" lon="113.82603425768187">
        <ele>7.800000190734863</ele>
        <time>2026-04-08T23:57:20Z</time>
        <extensions>
          <gpxtpx:TrackPointExtension>
            <gpxtpx:hr>163</gpxtpx:hr>
          </gpxtpx:TrackPointExtension>
        </extensions>
      </trkpt>
      <trkpt lat="22.63271660216961" lon="113.82596907566473">
        <ele>7.599999904632568</ele>
        <time>2026-04-08T23:57:24Z</time>
        <extensions>
          <gpxtpx:TrackPointExtension>
            <gpxtpx:hr>165</gpxtpx:hr>
          </gpxtpx:TrackPointExtension>
        </extensions>
      </trkpt>
      <trkpt lat="22.632829425034014" lon="113.82588584442327">
        <ele>7.599999904632568</ele>
        <time>2026-04-08T23:57:28Z</time>
        <extensions>
          <gpxtpx:TrackPointExtension>
            <gpxtpx:hr>166</gpxtpx:hr>
          </gpxtpx:TrackPointExtension>
        </extensions>
      </trkpt>
      <trkpt lat="22.63294228381471" lon="113.82582166444556">
        <ele>7.800000190734863</ele>
        <time>2026-04-08T23:57:32Z</time>
        <extensions>
          <gpxtpx:TrackPointExtension>
            <gpxtpx:hr>166</gpxtpx:hr>
          </gpxtpx:TrackPointExtension>
        </extensions>
      </trkpt>
      <trkpt lat="22.633046138501037" lon="113.8257544769436">
        <ele>7.800000190734863</ele>
        <time>2026-04-08T23:57:36Z</time>
        <extensions>
          <gpxtpx:TrackPointExtension>
            <gpxtpx:hr>166</gpxtpx:hr>
          </gpxtpx:TrackPointExtension>
        </extensions>
      </trkpt>
      <trkpt lat="22.633147022083314" lon="113.82570233011064">
        <ele>7.800000190734863</ele>
        <time>2026-04-08T23:57:40Z</time>
        <extensions>
          <gpxtpx:TrackPointExtension>
            <gpxtpx:hr>166</gpxtpx:hr>
          </gpxtpx:TrackPointExtension>
        </extensions>
      </trkpt>
      <trkpt lat="22.63326691360624" lon="113.82565619824538">
        <ele>7.800000190734863</ele>
        <time>2026-04-08T23:57:44Z</time>
        <extensions>
          <gpxtpx:TrackPointExtension>
            <gpxtpx:hr>166</gpxtpx:hr>
          </gpxtpx:TrackPointExtension>
        </extensions>
      </trkpt>
      <trkpt lat="22.633374812930636" lon="113.82561307524554">
        <ele>7.599999904632568</ele>
        <time>2026-04-08T23:57:48Z</time>
        <extensions>
          <gpxtpx:TrackPointExtension>
            <gpxtpx:hr>166</gpxtpx:hr>
          </gpxtpx:TrackPointExtension>
        </extensions>
      </trkpt>
      <trkpt lat="22.633488690346724" lon="113.82555892216757">
        <ele>7.599999904632568</ele>
        <time>2026-04-08T23:57:52Z</time>
        <extensions>
          <gpxtpx:TrackPointExtension>
            <gpxtpx:hr>166</gpxtpx:hr>
          </gpxtpx:TrackPointExtension>
        </extensions>
      </trkpt>
      <trkpt lat="22.633603575132586" lon="113.82550877981771">
        <ele>7.599999904632568</ele>
        <time>2026-04-08T23:57:56Z</time>
        <extensions>
          <gpxtpx:TrackPointExtension>
            <gpxtpx:hr>166</gpxtpx:hr>
          </gpxtpx:TrackPointExtension>
        </extensions>
      </trkpt>
      <trkpt lat="22.633697452305828" lon="113.82545262261971">
        <ele>7.599999904632568</ele>
        <time>2026-04-08T23:58:00Z</time>
        <extensions>
          <gpxtpx:TrackPointExtension>
            <gpxtpx:hr>166</gpxtpx:hr>
          </gpxtpx:TrackPointExtension>
        </extensions>
      </trkpt>
      <trkpt lat="22.633793327211205" lon="113.82539546258977">
        <ele>7.400000095367432</ele>
        <time>2026-04-08T23:58:04Z</time>
        <extensions>
          <gpxtpx:TrackPointExtension>
            <gpxtpx:hr>166</gpxtpx:hr>
          </gpxtpx:TrackPointExtension>
        </extensions>
      </trkpt>
      <trkpt lat="22.63390219219522" lon="113.82533429092238">
        <ele>7.400000095367432</ele>
        <time>2026-04-08T23:58:08Z</time>
        <extensions>
          <gpxtpx:TrackPointExtension>
            <gpxtpx:hr>165</gpxtpx:hr>
          </gpxtpx:TrackPointExtension>
        </extensions>
      </trkpt>
      <trkpt lat="22.634009051838685" lon="113.82527011128091">
        <ele>7.199999809265137</ele>
        <time>2026-04-08T23:58:12Z</time>
        <extensions>
          <gpxtpx:TrackPointExtension>
            <gpxtpx:hr>165</gpxtpx:hr>
          </gpxtpx:TrackPointExtension>
        </extensions>
      </trkpt>
      <trkpt lat="22.634124921202233" lon="113.82521194725287">
        <ele>7.199999809265137</ele>
        <time>2026-04-08T23:58:16Z</time>
        <extensions>
          <gpxtpx:TrackPointExtension>
            <gpxtpx:hr>165</gpxtpx:hr>
          </gpxtpx:TrackPointExtension>
        </extensions>
      </trkpt>
      <trkpt lat="22.634237819480866" lon="113.82516882390696">
        <ele>7.199999809265137</ele>
        <time>2026-04-08T23:58:20Z</time>
        <extensions>
          <gpxtpx:TrackPointExtension>
            <gpxtpx:hr>164</gpxtpx:hr>
          </gpxtpx:TrackPointExtension>
        </extensions>
      </trkpt>
      <trkpt lat="22.634351672123692" lon="113.82510163570491">
        <ele>7.0</ele>
        <time>2026-04-08T23:58:24Z</time>
        <extensions>
          <gpxtpx:TrackPointExtension>
            <gpxtpx:hr>165</gpxtpx:hr>
          </gpxtpx:TrackPointExtension>
        </extensions>
      </trkpt>
      <trkpt lat="22.634433581627768" lon="113.8250615224467">
        <ele>7.199999809265137</ele>
        <time>2026-04-08T23:58:28Z</time>
        <extensions>
          <gpxtpx:TrackPointExtension>
            <gpxtpx:hr>165</gpxtpx:hr>
          </gpxtpx:TrackPointExtension>
        </extensions>
      </trkpt>
      <trkpt lat="22.63447651518872" lon="113.82503043599226">
        <ele>7.0</ele>
        <time>2026-04-08T23:58:32Z</time>
        <extensions>
          <gpxtpx:TrackPointExtension>
            <gpxtpx:hr>165</gpxtpx:hr>
          </gpxtpx:TrackPointExtension>
        </extensions>
      </trkpt>
      <trkpt lat="22.63441559433605" lon="113.82506653710253">
        <ele>7.0</ele>
        <time>2026-04-08T23:58:36Z</time>
        <extensions>
          <gpxtpx:TrackPointExtension>
            <gpxtpx:hr>165</gpxtpx:hr>
          </gpxtpx:TrackPointExtension>
        </extensions>
      </trkpt>
      <trkpt lat="22.63430472791347" lon="113.8251267062171">
        <ele>7.0</ele>
        <time>2026-04-08T23:58:40Z</time>
        <extensions>
          <gpxtpx:TrackPointExtension>
            <gpxtpx:hr>164</gpxtpx:hr>
          </gpxtpx:TrackPointExtension>
        </extensions>
      </trkpt>
      <trkpt lat="22.634207866525152" lon="113.82519088522561">
        <ele>7.400000095367432</ele>
        <time>2026-04-08T23:58:44Z</time>
        <extensions>
          <gpxtpx:TrackPointExtension>
            <gpxtpx:hr>164</gpxtpx:hr>
          </gpxtpx:TrackPointExtension>
        </extensions>
      </trkpt>
      <trkpt lat="22.634113993221614" lon="113.82524904784022">
        <ele>7.0</ele>
        <time>2026-04-08T23:58:48Z</time>
        <extensions>
          <gpxtpx:TrackPointExtension>
            <gpxtpx:hr>163</gpxtpx:hr>
          </gpxtpx:TrackPointExtension>
        </extensions>
      </trkpt>
      <trkpt lat="22.63400414738301" lon="113.82532024657178">
        <ele>6.800000190734863</ele>
        <time>2026-04-08T23:58:52Z</time>
        <extensions>
          <gpxtpx:TrackPointExtension>
            <gpxtpx:hr>162</gpxtpx:hr>
          </gpxtpx:TrackPointExtension>
        </extensions>
      </trkpt>
      <trkpt lat="22.633905252227414" lon="113.82536637710777">
        <ele>7.0</ele>
        <time>2026-04-08T23:58:56Z</time>
        <extensions>
          <gpxtpx:TrackPointExtension>
            <gpxtpx:hr>162</gpxtpx:hr>
          </gpxtpx:TrackPointExtension>
        </extensions>
      </trkpt>
      <trkpt lat="22.633825391502377" lon="113.82543256040402">
        <ele>7.199999809265137</ele>
        <time>2026-04-08T23:59:00Z</time>
        <extensions>
          <gpxtpx:TrackPointExtension>
            <gpxtpx:hr>162</gpxtpx:hr>
          </gpxtpx:TrackPointExtension>
        </extensions>
      </trkpt>
      <trkpt lat="22.633736519127137" lon="113.82549172537954">
        <ele>7.199999809265137</ele>
        <time>2026-04-08T23:59:04Z</time>
        <extensions>
          <gpxtpx:TrackPointExtension>
            <gpxtpx:hr>163</gpxtpx:hr>
          </gpxtpx:TrackPointExtension>
        </extensions>
      </trkpt>
      <trkpt lat="22.633625644999658" lon="113.82554788366795">
        <ele>7.199999809265137</ele>
        <time>2026-04-08T23:59:08Z</time>
        <extensions>
          <gpxtpx:TrackPointExtension>
            <gpxtpx:hr>163</gpxtpx:hr>
          </gpxtpx:TrackPointExtension>
        </extensions>
      </trkpt>
      <trkpt lat="22.63351176192647" lon="113.8255990286499">
        <ele>7.400000095367432</ele>
        <time>2026-04-08T23:59:12Z</time>
        <extensions>
          <gpxtpx:TrackPointExtension>
            <gpxtpx:hr>165</gpxtpx:hr>
          </gpxtpx:TrackPointExtension>
        </extensions>
      </trkpt>
      <trkpt lat="22.633389929461643" lon="113.82567624431435">
        <ele>7.599999904632568</ele>
        <time>2026-04-08T23:59:16Z</time>
        <extensions>
          <gpxtpx:TrackPointExtension>
            <gpxtpx:hr>166</gpxtpx:hr>
          </gpxtpx:TrackPointExtension>
        </extensions>
      </trkpt>
      <trkpt lat="22.633273024173636" lon="113.82571535709364">
        <ele>7.400000095367432</ele>
        <time>2026-04-08T23:59:20Z</time>
        <extensions>
          <gpxtpx:TrackPointExtension>
            <gpxtpx:hr>167</gpxtpx:hr>
          </gpxtpx:TrackPointExtension>
        </extensions>
      </trkpt>
      <trkpt lat="22.633163121400102" lon="113.825756474818">
        <ele>7.400000095367432</ele>
        <time>2026-04-08T23:59:24Z</time>
        <extensions>
          <gpxtpx:TrackPointExtension>
            <gpxtpx:hr>168</gpxtpx:hr>
          </gpxtpx:TrackPointExtension>
        </extensions>
      </trkpt>
      <trkpt lat="22.633046263372183" lon="113.82582065505976">
        <ele>7.400000095367432</ele>
        <time>2026-04-08T23:59:28Z</time>
        <extensions>
          <gpxtpx:TrackPointExtension>
            <gpxtpx:hr>168</gpxtpx:hr>
          </gpxtpx:TrackPointExtension>
        </extensions>
      </trkpt>
      <trkpt lat="22.632938435874234" lon="113.82590188059181">
        <ele>7.400000095367432</ele>
        <time>2026-04-08T23:59:32Z</time>
        <extensions>
          <gpxtpx:TrackPointExtension>
            <gpxtpx:hr>168</gpxtpx:hr>
          </gpxtpx:TrackPointExtension>
        </extensions>
      </trkpt>
      <trkpt lat="22.632833552957038" lon="113.82595402766536">
        <ele>7.599999904632568</ele>
        <time>2026-04-08T23:59:36Z</time>
        <extensions>
          <gpxtpx:TrackPointExtension>
            <gpxtpx:hr>169</gpxtpx:hr>
          </gpxtpx:TrackPointExtension>
        </extensions>
      </trkpt>
      <trkpt lat="22.632719679188888" lon="113.82601018610633">
        <ele>7.599999904632568</ele>
        <time>2026-04-08T23:59:40Z</time>
        <extensions>
          <gpxtpx:TrackPointExtension>
            <gpxtpx:hr>169</gpxtpx:hr>
          </gpxtpx:TrackPointExtension>
        </extensions>
      </trkpt>
      <trkpt lat="22.632620800837852" lon="113.82606534087901">
        <ele>7.400000095367432</ele>
        <time>2026-04-08T23:59:44Z</time>
        <extensions>
          <gpxtpx:TrackPointExtension>
            <gpxtpx:hr>170</gpxtpx:hr>
          </gpxtpx:TrackPointExtension>
        </extensions>
      </trkpt>
      <trkpt lat="22.63252092831945" lon="113.82612350380501">
        <ele>7.400000095367432</ele>
        <time>2026-04-08T23:59:48Z</time>
        <extensions>
          <gpxtpx:TrackPointExtension>
            <gpxtpx:hr>170</gpxtpx:hr>
          </gpxtpx:TrackPointExtension>
        </extensions>
      </trkpt>
      <trkpt lat="22.632411031082107" lon="113.82616762959461">
        <ele>7.199999809265137</ele>
        <time>2026-04-08T23:59:52Z</time>
        <extensions>
          <gpxtpx:TrackPointExtension>
            <gpxtpx:hr>170</gpxtpx:hr>
          </gpxtpx:TrackPointExtension>
        </extensions>
      </trkpt>
      <trkpt lat="22.63229717991948" lon="113.82623582038907">
        <ele>7.0</ele>
        <time>2026-04-08T23:59:56Z</time>
        <extensions>
          <gpxtpx:TrackPointExtension>
            <gpxtpx:hr>169</gpxtpx:hr>
          </gpxtpx:TrackPointExtension>
        </extensions>
      </trkpt>
      <trkpt lat="22.632193309938533" lon="113.82629498625113">
        <ele>7.0</ele>
        <time>2026-04-09T00:00:00Z</time>
        <extensions>
          <gpxtpx:TrackPointExtension>
            <gpxtpx:hr>169</gpxtpx:hr>
          </gpxtpx:TrackPointExtension>
        </extensions>
      </trkpt>
      <trkpt lat="22.632084433259443" lon="113.82635014163668">
        <ele>6.800000190734863</ele>
        <time>2026-04-09T00:00:04Z</time>
        <extensions>
          <gpxtpx:TrackPointExtension>
            <gpxtpx:hr>169</gpxtpx:hr>
          </gpxtpx:TrackPointExtension>
        </extensions>
      </trkpt>
      <trkpt lat="22.631984581431254" lon="113.8264193342038">
        <ele>6.599999904632568</ele>
        <time>2026-04-09T00:00:08Z</time>
        <extensions>
          <gpxtpx:TrackPointExtension>
            <gpxtpx:hr>170</gpxtpx:hr>
          </gpxtpx:TrackPointExtension>
        </extensions>
      </trkpt>
      <trkpt lat="22.631897685689403" lon="113.82646646658095">
        <ele>6.599999904632568</ele>
        <time>2026-04-09T00:00:12Z</time>
        <extensions>
          <gpxtpx:TrackPointExtension>
            <gpxtpx:hr>168</gpxtpx:hr>
          </gpxtpx:TrackPointExtension>
        </extensions>
      </trkpt>
      <trkpt lat="22.631798807177685" lon="113.82652162130375">
        <ele>7.0</ele>
        <time>2026-04-09T00:00:16Z</time>
        <extensions>
          <gpxtpx:TrackPointExtension>
            <gpxtpx:hr>169</gpxtpx:hr>
          </gpxtpx:TrackPointExtension>
        </extensions>
      </trkpt>
      <trkpt lat="22.631688941931213" lon="113.82658279291043">
        <ele>7.199999809265137</ele>
        <time>2026-04-09T00:00:20Z</time>
        <extensions>
          <gpxtpx:TrackPointExtension>
            <gpxtpx:hr>169</gpxtpx:hr>
          </gpxtpx:TrackPointExtension>
        </extensions>
      </trkpt>
      <trkpt lat="22.63158507371005" lon="113.82664296142589">
        <ele>6.599999904632568</ele>
        <time>2026-04-09T00:00:24Z</time>
        <extensions>
          <gpxtpx:TrackPointExtension>
            <gpxtpx:hr>169</gpxtpx:hr>
          </gpxtpx:TrackPointExtension>
        </extensions>
      </trkpt>
      <trkpt lat="22.631478181428644" lon="113.82669009506513">
        <ele>6.800000190734863</ele>
        <time>2026-04-09T00:00:28Z</time>
        <extensions>
          <gpxtpx:TrackPointExtension>
            <gpxtpx:hr>168</gpxtpx:hr>
          </gpxtpx:TrackPointExtension>
        </extensions>
      </trkpt>
      <trkpt lat="22.63137928960549" lon="113.82673823088177">
        <ele>7.199999809265137</ele>
        <time>2026-04-09T00:00:32Z</time>
        <extensions>
          <gpxtpx:TrackPointExtension>
            <gpxtpx:hr>168</gpxtpx:hr>
          </gpxtpx:TrackPointExtension>
        </extensions>
      </trkpt>
      <trkpt lat="22.63127444416868" lon="113.82681043180027">
        <ele>7.199999809265137</ele>
        <time>2026-04-09T00:00:36Z</time>
        <extensions>
          <gpxtpx:TrackPointExtension>
            <gpxtpx:hr>169</gpxtpx:hr>
          </gpxtpx:TrackPointExtension>
        </extensions>
      </trkpt>
      <trkpt lat="22.631162590490423" lon="113.82687761967333">
        <ele>7.0</ele>
        <time>2026-04-09T00:00:40Z</time>
        <extensions>
          <gpxtpx:TrackPointExtension>
            <gpxtpx:hr>169</gpxtpx:hr>
          </gpxtpx:TrackPointExtension>
        </extensions>
      </trkpt>
      <trkpt lat="22.631062695001116" lon="113.8269237501393">
        <ele>6.800000190734863</ele>
        <time>2026-04-09T00:00:44Z</time>
        <extensions>
          <gpxtpx:TrackPointExtension>
            <gpxtpx:hr>170</gpxtpx:hr>
          </gpxtpx:TrackPointExtension>
        </extensions>
      </trkpt>
      <trkpt lat="22.630949839558514" lon="113.82698993536118">
        <ele>7.199999809265137</ele>
        <time>2026-04-09T00:00:48Z</time>
        <extensions>
          <gpxtpx:TrackPointExtension>
            <gpxtpx:hr>169</gpxtpx:hr>
          </gpxtpx:TrackPointExtension>
        </extensions>
      </trkpt>
      <trkpt lat="22.630847955711786" lon="113.82704208211916">
        <ele>7.199999809265137</ele>
        <time>2026-04-09T00:00:52Z</time>
        <extensions>
          <gpxtpx:TrackPointExtension>
            <gpxtpx:hr>169</gpxtpx:hr>
          </gpxtpx:TrackPointExtension>
        </extensions>
      </trkpt>
      <trkpt lat="22.630746090729602" lon="113.82710425582972">
        <ele>7.0</ele>
        <time>2026-04-09T00:00:56Z</time>
        <extensions>
          <gpxtpx:TrackPointExtension>
            <gpxtpx:hr>170</gpxtpx:hr>
          </gpxtpx:TrackPointExtension>
        </extensions>
      </trkpt>
      <trkpt lat="22.63064720631258" lon="113.82715640237899">
        <ele>6.800000190734863</ele>
        <time>2026-04-09T00:01:00Z</time>
        <extensions>
          <gpxtpx:TrackPointExtension>
            <gpxtpx:hr>170</gpxtpx:hr>
          </gpxtpx:TrackPointExtension>
        </extensions>
      </trkpt>
      <trkpt lat="22.630538325517303" lon="113.82720955225912">
        <ele>7.0</ele>
        <time>2026-04-09T00:01:04Z</time>
        <extensions>
          <gpxtpx:TrackPointExtension>
            <gpxtpx:hr>170</gpxtpx:hr>
          </gpxtpx:TrackPointExtension>
        </extensions>
      </trkpt>
      <trkpt lat="22.63045543070106" lon="113.82725768698276">
        <ele>6.599999904632568</ele>
        <time>2026-04-09T00:01:08Z</time>
        <extensions>
          <gpxtpx:TrackPointExtension>
            <gpxtpx:hr>169</gpxtpx:hr>
          </gpxtpx:TrackPointExtension>
        </extensions>
      </trkpt>
      <trkpt lat="22.630443446020774" lon="113.82726470662271">
        <ele>6.400000095367432</ele>
        <time>2026-04-09T00:01:12Z</time>
        <extensions>
          <gpxtpx:TrackPointExtension>
            <gpxtpx:hr>170</gpxtpx:hr>
          </gpxtpx:TrackPointExtension>
        </extensions>
      </trkpt>
      <trkpt lat="22.630444436405334" lon="113.82725969308078">
        <ele>6.400000095367432</ele>
        <time>2026-04-09T00:01:16Z</time>
        <extensions>
          <gpxtpx:TrackPointExtension>
            <gpxtpx:hr>168</gpxtpx:hr>
          </gpxtpx:TrackPointExtension>
        </extensions>
      </trkpt>
      <trkpt lat="22.630390494956792" lon="113.82728576663426">
        <ele>6.800000190734863</ele>
        <time>2026-04-09T00:01:20Z</time>
        <extensions>
          <gpxtpx:TrackPointExtension>
            <gpxtpx:hr>164</gpxtpx:hr>
          </gpxtpx:TrackPointExtension>
        </extensions>
      </trkpt>
      <trkpt lat="22.630288627981763" lon="113.82734693760757">
        <ele>6.599999904632568</ele>
        <time>2026-04-09T00:01:24Z</time>
        <extensions>
          <gpxtpx:TrackPointExtension>
            <gpxtpx:hr>162</gpxtpx:hr>
          </gpxtpx:TrackPointExtension>
        </extensions>
      </trkpt>
      <trkpt lat="22.630197759056948" lon="113.82740810786315">
        <ele>6.800000190734863</ele>
        <time>2026-04-09T00:01:28Z</time>
        <extensions>
          <gpxtpx:TrackPointExtension>
            <gpxtpx:hr>165</gpxtpx:hr>
          </gpxtpx:TrackPointExtension>
        </extensions>
      </trkpt>
      <trkpt lat="22.630102868160673" lon="113.82745724602533">
        <ele>7.0</ele>
        <time>2026-04-09T00:01:32Z</time>
        <extensions>
          <gpxtpx:TrackPointExtension>
            <gpxtpx:hr>164</gpxtpx:hr>
          </gpxtpx:TrackPointExtension>
        </extensions>
      </trkpt>
      <trkpt lat="22.63002099195808" lon="113.82751540759818">
        <ele>6.800000190734863</ele>
        <time>2026-04-09T00:01:36Z</time>
        <extensions>
          <gpxtpx:TrackPointExtension>
            <gpxtpx:hr>163</gpxtpx:hr>
          </gpxtpx:TrackPointExtension>
        </extensions>
      </trkpt>
      <trkpt lat="22.629931115246002" lon="113.82757256698025">
        <ele>7.0</ele>
        <time>2026-04-09T00:01:40Z</time>
        <extensions>
          <gpxtpx:TrackPointExtension>
            <gpxtpx:hr>162</gpxtpx:hr>
          </gpxtpx:TrackPointExtension>
        </extensions>
      </trkpt>
      <trkpt lat="22.629840246234306" lon="113.82763373719429">
        <ele>7.199999809265137</ele>
        <time>2026-04-09T00:01:44Z</time>
        <extensions>
          <gpxtpx:TrackPointExtension>
            <gpxtpx:hr>162</gpxtpx:hr>
          </gpxtpx:TrackPointExtension>
        </extensions>
      </trkpt>
      <trkpt lat="22.62974939040503" lon="113.82770192625625">
        <ele>7.199999809265137</ele>
        <time>2026-04-09T00:01:48Z</time>
        <extensions>
          <gpxtpx:TrackPointExtension>
            <gpxtpx:hr>162</gpxtpx:hr>
          </gpxtpx:TrackPointExtension>
        </extensions>
      </trkpt>
      <trkpt lat="22.629655508663795" lon="113.8277560777798">
        <ele>7.199999809265137</ele>
        <time>2026-04-09T00:01:52Z</time>
        <extensions>
          <gpxtpx:TrackPointExtension>
            <gpxtpx:hr>161</gpxtpx:hr>
          </gpxtpx:TrackPointExtension>
        </extensions>
      </trkpt>
      <trkpt lat="22.629562613523994" lon="113.82780321037234">
        <ele>7.599999904632568</ele>
        <time>2026-04-09T00:01:56Z</time>
        <extensions>
          <gpxtpx:TrackPointExtension>
            <gpxtpx:hr>162</gpxtpx:hr>
          </gpxtpx:TrackPointExtension>
        </extensions>
      </trkpt>
      <trkpt lat="22.629453747554262" lon="113.82786438169771">
        <ele>7.599999904632568</ele>
        <time>2026-04-09T00:02:00Z</time>
        <extensions>
          <gpxtpx:TrackPointExtension>
            <gpxtpx:hr>162</gpxtpx:hr>
          </gpxtpx:TrackPointExtension>
        </extensions>
      </trkpt>
      <trkpt lat="22.629361876713176" lon="113.82792454922483">
        <ele>7.599999904632568</ele>
        <time>2026-04-09T00:02:04Z</time>
        <extensions>
          <gpxtpx:TrackPointExtension>
            <gpxtpx:hr>163</gpxtpx:hr>
          </gpxtpx:TrackPointExtension>
        </extensions>
      </trkpt>
      <trkpt lat="22.629302092667345" lon="113.8280338466511">
        <ele>7.599999904632568</ele>
        <time>2026-04-09T00:02:08Z</time>
        <extensions>
          <gpxtpx:TrackPointExtension>
            <gpxtpx:hr>164</gpxtpx:hr>
          </gpxtpx:TrackPointExtension>
        </extensions>
      </trkpt>
      <trkpt lat="22.629308295211143" lon="113.82814213710331">
        <ele>7.400000095367432</ele>
        <time>2026-04-09T00:02:12Z</time>
        <extensions>
          <gpxtpx:TrackPointExtension>
            <gpxtpx:hr>163</gpxtpx:hr>
          </gpxtpx:TrackPointExtension>
        </extensions>
      </trkpt>
      <trkpt lat="22.629353498462777" lon="113.82825443577836">
        <ele>7.400000095367432</ele>
        <time>2026-04-09T00:02:16Z</time>
        <extensions>
          <gpxtpx:TrackPointExtension>
            <gpxtpx:hr>162</gpxtpx:hr>
          </gpxtpx:TrackPointExtension>
        </extensions>
      </trkpt>
      <trkpt lat="22.629408679197198" lon="113.82835570415418">
        <ele>7.400000095367432</ele>
        <time>2026-04-09T00:02:20Z</time>
        <extensions>
          <gpxtpx:TrackPointExtension>
            <gpxtpx:hr>162</gpxtpx:hr>
          </gpxtpx:TrackPointExtension>
        </extensions>
      </trkpt>
      <trkpt lat="22.62946484464295" lon="113.82844895089518">
        <ele>7.199999809265137</ele>
        <time>2026-04-09T00:02:24Z</time>
        <extensions>
          <gpxtpx:TrackPointExtension>
            <gpxtpx:hr>161</gpxtpx:hr>
          </gpxtpx:TrackPointExtension>
        </extensions>
      </trkpt>
      <trkpt lat="22.62951603916688" lon="113.82855723829367">
        <ele>7.199999809265137</ele>
        <time>2026-04-09T00:02:28Z</time>
        <extensions>
          <gpxtpx:TrackPointExtension>
            <gpxtpx:hr>162</gpxtpx:hr>
          </gpxtpx:TrackPointExtension>
        </extensions>
      </trkpt>
      <trkpt lat="22.629548236947443" lon="113.82866552686768">
        <ele>7.0</ele>
        <time>2026-04-09T00:02:32Z</time>
        <extensions>
          <gpxtpx:TrackPointExtension>
            <gpxtpx:hr>163</gpxtpx:hr>
          </gpxtpx:TrackPointExtension>
        </extensions>
      </trkpt>
      <trkpt lat="22.629592419409274" lon="113.828766795792">
        <ele>7.199999809265137</ele>
        <time>2026-04-09T00:02:36Z</time>
        <extensions>
          <gpxtpx:TrackPointExtension>
            <gpxtpx:hr>162</gpxtpx:hr>
          </gpxtpx:TrackPointExtension>
        </extensions>
      </trkpt>
      <trkpt lat="22.62963661499552" lon="113.82887508350493">
        <ele>7.800000190734863</ele>
        <time>2026-04-09T00:02:40Z</time>
        <extensions>
          <gpxtpx:TrackPointExtension>
            <gpxtpx:hr>162</gpxtpx:hr>
          </gpxtpx:TrackPointExtension>
        </extensions>
      </trkpt>
      <trkpt lat="22.62968782059323" lon="113.82898938685697">
        <ele>7.599999904632568</ele>
        <time>2026-04-09T00:02:44Z</time>
        <extensions>
          <gpxtpx:TrackPointExtension>
            <gpxtpx:hr>162</gpxtpx:hr>
          </gpxtpx:TrackPointExtension>
        </extensions>
      </trkpt>
      <trkpt lat="22.62973301024769" lon="113.82909466633836">
        <ele>7.599999904632568</ele>
        <time>2026-04-09T00:02:48Z</time>
        <extensions>
          <gpxtpx:TrackPointExtension>
            <gpxtpx:hr>162</gpxtpx:hr>
          </gpxtpx:TrackPointExtension>
        </extensions>
      </trkpt>
      <trkpt lat="22.629783178292488" lon="113.82918891587644">
        <ele>7.599999904632568</ele>
        <time>2026-04-09T00:02:52Z</time>
        <extensions>
          <gpxtpx:TrackPointExtension>
            <gpxtpx:hr>162</gpxtpx:hr>
          </gpxtpx:TrackPointExtension>
        </extensions>
      </trkpt>
      <trkpt lat="22.62982136718426" lon="113.82929319302819">
        <ele>7.800000190734863</ele>
        <time>2026-04-09T00:02:56Z</time>
        <extensions>
          <gpxtpx:TrackPointExtension>
            <gpxtpx:hr>163</gpxtpx:hr>
          </gpxtpx:TrackPointExtension>
        </extensions>
      </trkpt>
      <trkpt lat="22.629850568868104" lon="113.82940348683542">
        <ele>7.599999904632568</ele>
        <time>2026-04-09T00:03:00Z</time>
        <extensions>
          <gpxtpx:TrackPointExtension>
            <gpxtpx:hr>162</gpxtpx:hr>
          </gpxtpx:TrackPointExtension>
        </extensions>
      </trkpt>
      <trkpt lat="22.629897729773255" lon="113.82949372568724">
        <ele>7.800000190734863</ele>
        <time>2026-04-09T00:03:04Z</time>
        <extensions>
          <gpxtpx:TrackPointExtension>
            <gpxtpx:hr>162</gpxtpx:hr>
          </gpxtpx:TrackPointExtension>
        </extensions>
      </trkpt>
      <trkpt lat="22.629943872026068" lon="113.82957393769716">
        <ele>7.800000190734863</ele>
        <time>2026-04-09T00:03:08Z</time>
        <extensions>
          <gpxtpx:TrackPointExtension>
            <gpxtpx:hr>163</gpxtpx:hr>
          </gpxtpx:TrackPointExtension>
        </extensions>
      </trkpt>
      <trkpt lat="22.629981953665723" lon="113.8296210615341">
        <ele>8.0</ele>
        <time>2026-04-09T00:03:12Z</time>
        <extensions>
          <gpxtpx:TrackPointExtension>
            <gpxtpx:hr>163</gpxtpx:hr>
          </gpxtpx:TrackPointExtension>
        </extensions>
      </trkpt>
      <trkpt lat="22.629937799813458" lon="113.82953483329122">
        <ele>8.0</ele>
        <time>2026-04-09T00:03:16Z</time>
        <extensions>
          <gpxtpx:TrackPointExtension>
            <gpxtpx:hr>161</gpxtpx:hr>
          </gpxtpx:TrackPointExtension>
        </extensions>
      </trkpt>
      <trkpt lat="22.629886620836988" lon="113.82943456783845">
        <ele>8.0</ele>
        <time>2026-04-09T00:03:20Z</time>
        <extensions>
          <gpxtpx:TrackPointExtension>
            <gpxtpx:hr>160</gpxtpx:hr>
          </gpxtpx:TrackPointExtension>
        </extensions>
      </trkpt>
      <trkpt lat="22.62982245911285" lon="113.82934232467821">
        <ele>7.800000190734863</ele>
        <time>2026-04-09T00:03:24Z</time>
        <extensions>
          <gpxtpx:TrackPointExtension>
            <gpxtpx:hr>159</gpxtpx:hr>
          </gpxtpx:TrackPointExtension>
        </extensions>
      </trkpt>
      <trkpt lat="22.62977424754966" lon="113.82922501324192">
        <ele>7.599999904632568</ele>
        <time>2026-04-09T00:03:28Z</time>
        <extensions>
          <gpxtpx:TrackPointExtension>
            <gpxtpx:hr>158</gpxtpx:hr>
          </gpxtpx:TrackPointExtension>
        </extensions>
      </trkpt>
      <trkpt lat="22.62972100481769" lon="113.82909065635297">
        <ele>7.599999904632568</ele>
        <time>2026-04-09T00:03:32Z</time>
        <extensions>
          <gpxtpx:TrackPointExtension>
            <gpxtpx:hr>159</gpxtpx:hr>
          </gpxtpx:TrackPointExtension>
        </extensions>
      </trkpt>
      <trkpt lat="22.62966883707433" lon="113.82899640690366">
        <ele>7.599999904632568</ele>
        <time>2026-04-09T00:03:36Z</time>
        <extensions>
          <gpxtpx:TrackPointExtension>
            <gpxtpx:hr>159</gpxtpx:hr>
          </gpxtpx:TrackPointExtension>
        </extensions>
      </trkpt>
      <trkpt lat="22.62963460593536" lon="113.82887007018357">
        <ele>7.400000095367432</ele>
        <time>2026-04-09T00:03:40Z</time>
        <extensions>
          <gpxtpx:TrackPointExtension>
            <gpxtpx:hr>161</gpxtpx:hr>
          </gpxtpx:TrackPointExtension>
        </extensions>
      </trkpt>
      <trkpt lat="22.6295953831234" lon="113.82874774448099">
        <ele>7.400000095367432</ele>
        <time>2026-04-09T00:03:44Z</time>
        <extensions>
          <gpxtpx:TrackPointExtension>
            <gpxtpx:hr>161</gpxtpx:hr>
          </gpxtpx:TrackPointExtension>
        </extensions>
      </trkpt>
      <trkpt lat="22.629560187788805" lon="113.8286404588255">
        <ele>7.400000095367432</ele>
        <time>2026-04-09T00:03:48Z</time>
        <extensions>
          <gpxtpx:TrackPointExtension>
            <gpxtpx:hr>162</gpxtpx:hr>
          </gpxtpx:TrackPointExtension>
        </extensions>
      </trkpt>
      <trkpt lat="22.629508985773004" lon="113.82852816069618">
        <ele>7.199999809265137</ele>
        <time>2026-04-09T00:03:52Z</time>
        <extensions>
          <gpxtpx:TrackPointExtension>
            <gpxtpx:hr>163</gpxtpx:hr>
          </gpxtpx:TrackPointExtension>
        </extensions>
      </trkpt>
      <trkpt lat="22.629446781847797" lon="113.82841385784188">
        <ele>7.199999809265137</ele>
        <time>2026-04-09T00:03:56Z</time>
        <extensions>
          <gpxtpx:TrackPointExtension>
            <gpxtpx:hr>164</gpxtpx:hr>
          </gpxtpx:TrackPointExtension>
        </extensions>
      </trkpt>
      <trkpt lat="22.629393581950165" lon="113.82830256243743">
        <ele>7.199999809265137</ele>
        <time>2026-04-09T00:04:00Z</time>
        <extensions>
          <gpxtpx:TrackPointExtension>
            <gpxtpx:hr>164</gpxtpx:hr>
          </gpxtpx:TrackPointExtension>
        </extensions>
      </trkpt>
      <trkpt lat="22.62932836523909" lon="113.82818124083308">
        <ele>7.199999809265137</ele>
        <time>2026-04-09T00:04:04Z</time>
        <extensions>
          <gpxtpx:TrackPointExtension>
            <gpxtpx:hr>164</gpxtpx:hr>
          </gpxtpx:TrackPointExtension>
        </extensions>
      </trkpt>
      <trkpt lat="22.629291132284916" lon="113.82805390121972">
        <ele>7.400000095367432</ele>
        <time>2026-04-09T00:04:08Z</time>
        <extensions>
          <gpxtpx:TrackPointExtension>
            <gpxtpx:hr>165</gpxtpx:hr>
          </gpxtpx:TrackPointExtension>
        </extensions>
      </trkpt>
      <trkpt lat="22.62933889768527" lon="113.82793357494394">
        <ele>7.400000095367432</ele>
        <time>2026-04-09T00:04:12Z</time>
        <extensions>
          <gpxtpx:TrackPointExtension>
            <gpxtpx:hr>166</gpxtpx:hr>
          </gpxtpx:TrackPointExtension>
        </extensions>
      </trkpt>
      <trkpt lat="22.629447705221516" lon="113.8278413201273">
        <ele>7.400000095367432</ele>
        <time>2026-04-09T00:04:16Z</time>
        <extensions>
          <gpxtpx:TrackPointExtension>
            <gpxtpx:hr>167</gpxtpx:hr>
          </gpxtpx:TrackPointExtension>
        </extensions>
      </trkpt>
      <trkpt lat="22.629555573247266" lon="113.82778115155556">
        <ele>7.400000095367432</ele>
        <time>2026-04-09T00:04:20Z</time>
        <extensions>
          <gpxtpx:TrackPointExtension>
            <gpxtpx:hr>167</gpxtpx:hr>
          </gpxtpx:TrackPointExtension>
        </extensions>
      </trkpt>
      <trkpt lat="22.629659432510643" lon="113.82771596975815">
        <ele>7.199999809265137</ele>
        <time>2026-04-09T00:04:24Z</time>
        <extensions>
          <gpxtpx:TrackPointExtension>
            <gpxtpx:hr>168</gpxtpx:hr>
          </gpxtpx:TrackPointExtension>
        </extensions>
      </trkpt>
      <trkpt lat="22.629784295628486" lon="113.82765479737523">
        <ele>7.0</ele>
        <time>2026-04-09T00:04:28Z</time>
        <extensions>
          <gpxtpx:TrackPointExtension>
            <gpxtpx:hr>168</gpxtpx:hr>
          </gpxtpx:TrackPointExtension>
        </extensions>
      </trkpt>
      <trkpt lat="22.629894140577242" lon="113.82758259630396">
        <ele>6.800000190734863</ele>
        <time>2026-04-09T00:04:32Z</time>
        <extensions>
          <gpxtpx:TrackPointExtension>
            <gpxtpx:hr>169</gpxtpx:hr>
          </gpxtpx:TrackPointExtension>
        </extensions>
      </trkpt>
      <trkpt lat="22.63000497022062" lon="113.8275023735937">
        <ele>6.599999904632568</ele>
        <time>2026-04-09T00:04:36Z</time>
        <extensions>
          <gpxtpx:TrackPointExtension>
            <gpxtpx:hr>169</gpxtpx:hr>
          </gpxtpx:TrackPointExtension>
        </extensions>
      </trkpt>
      <trkpt lat="22.630087865121425" lon="113.82745423890432">
        <ele>6.599999904632568</ele>
        <time>2026-04-09T00:04:40Z</time>
        <extensions>
          <gpxtpx:TrackPointExtension>
            <gpxtpx:hr>168</gpxtpx:hr>
          </gpxtpx:TrackPointExtension>
        </extensions>
      </trkpt>
      <trkpt lat="22.63011782778923" lon="113.82743719116134">
        <ele>6.599999904632568</ele>
        <time>2026-04-09T00:04:44Z</time>
        <extensions>
          <gpxtpx:TrackPointExtension>
            <gpxtpx:hr>168</gpxtpx:hr>
          </gpxtpx:TrackPointExtension>
        </extensions>
      </trkpt>
      <trkpt lat="22.630158777205633" lon="113.82741412654006">
        <ele>6.599999904632568</ele>
        <time>2026-04-09T00:04:48Z</time>
        <extensions>
          <gpxtpx:TrackPointExtension>
            <gpxtpx:hr>167</gpxtpx:hr>
          </gpxtpx:TrackPointExtension>
        </extensions>
      </trkpt>
      <trkpt lat="22.63019872679319" lon="113.82739106198147">
        <ele>6.400000095367432</ele>
        <time>2026-04-09T00:04:52Z</time>
        <extensions>
          <gpxtpx:TrackPointExtension>
            <gpxtpx:hr>164</gpxtpx:hr>
          </gpxtpx:TrackPointExtension>
        </extensions>
      </trkpt>
      <trkpt lat="22.63021867798978" lon="113.82736699601136">
        <ele>6.400000095367432</ele>
        <time>2026-04-09T00:04:56Z</time>
        <extensions>
          <gpxtpx:TrackPointExtension>
            <gpxtpx:hr>161</gpxtpx:hr>
          </gpxtpx:TrackPointExtension>
        </extensions>
      </trkpt>
      <trkpt lat="22.63025663735967" lon="113.82734894505461">
        <ele>6.400000095367432</ele>
        <time>2026-04-09T00:05:00Z</time>
        <extensions>
          <gpxtpx:TrackPointExtension>
            <gpxtpx:hr>155</gpxtpx:hr>
          </gpxtpx:TrackPointExtension>
        </extensions>
      </trkpt>
      <trkpt lat="22.6302995958512" lon="113.82733089377558">
        <ele>6.400000095367432</ele>
        <time>2026-04-09T00:05:04Z</time>
        <extensions>
          <gpxtpx:TrackPointExtension>
            <gpxtpx:hr>153</gpxtpx:hr>
          </gpxtpx:TrackPointExtension>
        </extensions>
      </trkpt>
      <trkpt lat="22.63033355214007" lon="113.82731083768321">
        <ele>6.400000095367432</ele>
        <time>2026-04-09T00:05:08Z</time>
        <extensions>
          <gpxtpx:TrackPointExtension>
            <gpxtpx:hr>150</gpxtpx:hr>
          </gpxtpx:TrackPointExtension>
        </extensions>
      </trkpt>
      <trkpt lat="22.63038150408549" lon="113.8272897779945">
        <ele>6.400000095367432</ele>
        <time>2026-04-09T00:05:12Z</time>
        <extensions>
          <gpxtpx:TrackPointExtension>
            <gpxtpx:hr>147</gpxtpx:hr>
          </gpxtpx:TrackPointExtension>
        </extensions>
      </trkpt>
      <trkpt lat="22.630459426223762" lon="113.82725568133458">
        <ele>6.400000095367432</ele>
        <time>2026-04-09T00:05:16Z</time>
        <extensions>
          <gpxtpx:TrackPointExtension>
            <gpxtpx:hr>147</gpxtpx:hr>
          </gpxtpx:TrackPointExtension>
        </extensions>
      </trkpt>
      <trkpt lat="22.63052931199012" lon="113.82720153127201">
        <ele>6.599999904632568</ele>
        <time>2026-04-09T00:05:20Z</time>
        <extensions>
          <gpxtpx:TrackPointExtension>
            <gpxtpx:hr>145</gpxtpx:hr>
          </gpxtpx:TrackPointExtension>
        </extensions>
      </trkpt>
      <trkpt lat="22.630606221061736" lon="113.82716041579727">
        <ele>6.599999904632568</ele>
        <time>2026-04-09T00:05:24Z</time>
        <extensions>
          <gpxtpx:TrackPointExtension>
            <gpxtpx:hr>145</gpxtpx:hr>
          </gpxtpx:TrackPointExtension>
        </extensions>
      </trkpt>
      <trkpt lat="22.63067014751097" lon="113.82712732272071">
        <ele>6.599999904632568</ele>
        <time>2026-04-09T00:05:28Z</time>
        <extensions>
          <gpxtpx:TrackPointExtension>
            <gpxtpx:hr>144</gpxtpx:hr>
          </gpxtpx:TrackPointExtension>
        </extensions>
      </trkpt>
      <trkpt lat="22.630720117958287" lon="113.82711628985213">
        <ele>6.800000190734863</ele>
        <time>2026-04-09T00:05:32Z</time>
        <extensions>
          <gpxtpx:TrackPointExtension>
            <gpxtpx:hr>144</gpxtpx:hr>
          </gpxtpx:TrackPointExtension>
        </extensions>
      </trkpt>
      <trkpt lat="22.630753070614507" lon="113.82709422842007">
        <ele>6.800000190734863</ele>
        <time>2026-04-09T00:05:36Z</time>
        <extensions>
          <gpxtpx:TrackPointExtension>
            <gpxtpx:hr>145</gpxtpx:hr>
          </gpxtpx:TrackPointExtension>
        </extensions>
      </trkpt>
      <trkpt lat="22.63078802102785" lon="113.82707116416206">
        <ele>6.599999904632568</ele>
        <time>2026-04-09T00:05:40Z</time>
        <extensions>
          <gpxtpx:TrackPointExtension>
            <gpxtpx:hr>142</gpxtpx:hr>
          </gpxtpx:TrackPointExtension>
        </extensions>
      </trkpt>
      <trkpt lat="22.630813980574512" lon="113.82705211126554">
        <ele>6.400000095367432</ele>
        <time>2026-04-09T00:05:44Z</time>
        <extensions>
          <gpxtpx:TrackPointExtension>
            <gpxtpx:hr>141</gpxtpx:hr>
          </gpxtpx:TrackPointExtension>
        </extensions>
      </trkpt>
      <trkpt lat="22.630782986021618" lon="113.82705211325795">
        <ele>6.0</ele>
        <time>2026-04-09T00:05:48Z</time>
        <extensions>
          <gpxtpx:TrackPointExtension>
            <gpxtpx:hr>139</gpxtpx:hr>
          </gpxtpx:TrackPointExtension>
        </extensions>
      </trkpt>
      <trkpt lat="22.630739014526497" lon="113.82706314574283">
        <ele>6.199999809265137</ele>
        <time>2026-04-09T00:05:52Z</time>
        <extensions>
          <gpxtpx:TrackPointExtension>
            <gpxtpx:hr>138</gpxtpx:hr>
          </gpxtpx:TrackPointExtension>
        </extensions>
      </trkpt>
      <trkpt lat="22.630708072852173" lon="113.82709122322422">
        <ele>6.599999904632568</ele>
        <time>2026-04-09T00:05:56Z</time>
        <extensions>
          <gpxtpx:TrackPointExtension>
            <gpxtpx:hr>137</gpxtpx:hr>
          </gpxtpx:TrackPointExtension>
        </extensions>
      </trkpt>
      <trkpt lat="22.63068013253601" lon="113.82712030320663">
        <ele>6.400000095367432</ele>
        <time>2026-04-09T00:06:00Z</time>
        <extensions>
          <gpxtpx:TrackPointExtension>
            <gpxtpx:hr>136</gpxtpx:hr>
          </gpxtpx:TrackPointExtension>
        </extensions>
      </trkpt>
      <trkpt lat="22.630638187120017" lon="113.82714537330317">
        <ele>6.199999809265137</ele>
        <time>2026-04-09T00:06:04Z</time>
        <extensions>
          <gpxtpx:TrackPointExtension>
            <gpxtpx:hr>133</gpxtpx:hr>
          </gpxtpx:TrackPointExtension>
        </extensions>
      </trkpt>
      <trkpt lat="22.630585251183255" lon="113.82717445488805">
        <ele>6.199999809265137</ele>
        <time>2026-04-09T00:06:08Z</time>
        <extensions>
          <gpxtpx:TrackPointExtension>
            <gpxtpx:hr>128</gpxtpx:hr>
          </gpxtpx:TrackPointExtension>
        </extensions>
      </trkpt>
      <trkpt lat="22.630521337939854" lon="113.82721456683004">
        <ele>5.800000190734863</ele>
        <time>2026-04-09T00:06:12Z</time>
        <extensions>
          <gpxtpx:TrackPointExtension>
            <gpxtpx:hr>127</gpxtpx:hr>
          </gpxtpx:TrackPointExtension>
        </extensions>
      </trkpt>
      <trkpt lat="22.63044343658062" lon="113.82725969314504">
        <ele>5.599999904632568</ele>
        <time>2026-04-09T00:06:16Z</time>
        <extensions>
          <gpxtpx:TrackPointExtension>
            <gpxtpx:hr>128</gpxtpx:hr>
          </gpxtpx:TrackPointExtension>
        </extensions>
      </trkpt>
      <trkpt lat="22.63035254881202" lon="113.82731083646217">
        <ele>5.800000190734863</ele>
        <time>2026-04-09T00:06:20Z</time>
        <extensions>
          <gpxtpx:TrackPointExtension>
            <gpxtpx:hr>129</gpxtpx:hr>
          </gpxtpx:TrackPointExtension>
        </extensions>
      </trkpt>
      <trkpt lat="22.630277624244464" lon="113.82734393022858">
        <ele>6.0</ele>
        <time>2026-04-09T00:06:24Z</time>
        <extensions>
          <gpxtpx:TrackPointExtension>
            <gpxtpx:hr>130</gpxtpx:hr>
          </gpxtpx:TrackPointExtension>
        </extensions>
      </trkpt>
      <trkpt lat="22.630233669701425" lon="113.82736398696167">
        <ele>6.0</ele>
        <time>2026-04-09T00:06:28Z</time>
        <extensions>
          <gpxtpx:TrackPointExtension>
            <gpxtpx:hr>130</gpxtpx:hr>
          </gpxtpx:TrackPointExtension>
        </extensions>
      </trkpt>
      <trkpt lat="22.63019472371791" lon="113.82738905684819">
        <ele>6.800000190734863</ele>
        <time>2026-04-09T00:06:32Z</time>
        <extensions>
          <gpxtpx:TrackPointExtension>
            <gpxtpx:hr>131</gpxtpx:hr>
          </gpxtpx:TrackPointExtension>
        </extensions>
      </trkpt>
      <trkpt lat="22.630145781367236" lon="113.82741513007058">
        <ele>6.599999904632568</ele>
        <time>2026-04-09T00:06:36Z</time>
        <extensions>
          <gpxtpx:TrackPointExtension>
            <gpxtpx:hr>128</gpxtpx:hr>
          </gpxtpx:TrackPointExtension>
        </extensions>
      </trkpt>
      <trkpt lat="22.63010183813704" lon="113.82744120296964">
        <ele>6.199999809265137</ele>
        <time>2026-04-09T00:06:40Z</time>
        <extensions>
          <gpxtpx:TrackPointExtension>
            <gpxtpx:hr>124</gpxtpx:hr>
          </gpxtpx:TrackPointExtension>
        </extensions>
      </trkpt>
      <trkpt lat="22.630075884205915" lon="113.82746326393018">
        <ele>6.199999809265137</ele>
        <time>2026-04-09T00:06:44Z</time>
        <extensions>
          <gpxtpx:TrackPointExtension>
            <gpxtpx:hr>127</gpxtpx:hr>
          </gpxtpx:TrackPointExtension>
        </extensions>
      </trkpt>
      <trkpt lat="22.630044942469958" lon="113.82749134137985">
        <ele>6.199999809265137</ele>
        <time>2026-04-09T00:06:48Z</time>
        <extensions>
          <gpxtpx:TrackPointExtension>
            <gpxtpx:hr>125</gpxtpx:hr>
          </gpxtpx:TrackPointExtension>
        </extensions>
      </trkpt>
      <trkpt lat="22.63000800366584" lon="113.82752042190754">
        <ele>6.199999809265137</ele>
        <time>2026-04-09T00:06:52Z</time>
        <extensions>
          <gpxtpx:TrackPointExtension>
            <gpxtpx:hr>125</gpxtpx:hr>
          </gpxtpx:TrackPointExtension>
        </extensions>
      </trkpt>
      <trkpt lat="22.629968067268315" lon="113.82755050532012">
        <ele>6.199999809265137</ele>
        <time>2026-04-09T00:06:56Z</time>
        <extensions>
          <gpxtpx:TrackPointExtension>
            <gpxtpx:hr>124</gpxtpx:hr>
          </gpxtpx:TrackPointExtension>
        </extensions>
      </trkpt>
      <trkpt lat="22.629926131215015" lon="113.82758058885847">
        <ele>6.199999809265137</ele>
        <time>2026-04-09T00:07:00Z</time>
        <extensions>
          <gpxtpx:TrackPointExtension>
            <gpxtpx:hr>123</gpxtpx:hr>
          </gpxtpx:TrackPointExtension>
        </extensions>
      </trkpt>
      <trkpt lat="22.62988319155731" lon="113.82760866706926">
        <ele>6.199999809265137</ele>
        <time>2026-04-09T00:07:04Z</time>
        <extensions>
          <gpxtpx:TrackPointExtension>
            <gpxtpx:hr>122</gpxtpx:hr>
          </gpxtpx:TrackPointExtension>
        </extensions>
      </trkpt>
      <trkpt lat="22.629828265309555" lon="113.8276427622152">
        <ele>6.199999809265137</ele>
        <time>2026-04-09T00:07:08Z</time>
        <extensions>
          <gpxtpx:TrackPointExtension>
            <gpxtpx:hr>122</gpxtpx:hr>
          </gpxtpx:TrackPointExtension>
        </extensions>
      </trkpt>
      <trkpt lat="22.62976633272879" lon="113.82767284703006">
        <ele>6.400000095367432</ele>
        <time>2026-04-09T00:07:12Z</time>
        <extensions>
          <gpxtpx:TrackPointExtension>
            <gpxtpx:hr>120</gpxtpx:hr>
          </gpxtpx:TrackPointExtension>
        </extensions>
      </trkpt>
      <trkpt lat="22.629706375266338" lon="113.82768989668837">
        <ele>6.400000095367432</ele>
        <time>2026-04-09T00:07:16Z</time>
        <extensions>
          <gpxtpx:TrackPointExtension>
            <gpxtpx:hr>119</gpxtpx:hr>
          </gpxtpx:TrackPointExtension>
        </extensions>
      </trkpt>
      <trkpt lat="22.629632457968075" lon="113.82772700112884">
        <ele>6.400000095367432</ele>
        <time>2026-04-09T00:07:20Z</time>
        <extensions>
          <gpxtpx:TrackPointExtension>
            <gpxtpx:hr>122</gpxtpx:hr>
          </gpxtpx:TrackPointExtension>
        </extensions>
      </trkpt>
      <trkpt lat="22.629561553339517" lon="113.82777112423015">
        <ele>6.599999904632568</ele>
        <time>2026-04-09T00:07:24Z</time>
        <extensions>
          <gpxtpx:TrackPointExtension>
            <gpxtpx:hr>124</gpxtpx:hr>
          </gpxtpx:TrackPointExtension>
        </extensions>
      </trkpt>
      <trkpt lat="22.62947666433803" lon="113.82782226708166">
        <ele>6.599999904632568</ele>
        <time>2026-04-09T00:07:28Z</time>
        <extensions>
          <gpxtpx:TrackPointExtension>
            <gpxtpx:hr>125</gpxtpx:hr>
          </gpxtpx:TrackPointExtension>
        </extensions>
      </trkpt>
      <trkpt lat="22.62939177908988" lon="113.82787541531185">
        <ele>6.599999904632568</ele>
        <time>2026-04-09T00:07:32Z</time>
        <extensions>
          <gpxtpx:TrackPointExtension>
            <gpxtpx:hr>127</gpxtpx:hr>
          </gpxtpx:TrackPointExtension>
        </extensions>
      </trkpt>
      <trkpt lat="22.629329931306398" lon="113.82795062131068">
        <ele>6.599999904632568</ele>
        <time>2026-04-09T00:07:36Z</time>
        <extensions>
          <gpxtpx:TrackPointExtension>
            <gpxtpx:hr>129</gpxtpx:hr>
          </gpxtpx:TrackPointExtension>
        </extensions>
      </trkpt>
      <trkpt lat="22.629296114448525" lon="113.8280448766608">
        <ele>6.599999904632568</ele>
        <time>2026-04-09T00:07:40Z</time>
        <extensions>
          <gpxtpx:TrackPointExtension>
            <gpxtpx:hr>133</gpxtpx:hr>
          </gpxtpx:TrackPointExtension>
        </extensions>
      </trkpt>
      <trkpt lat="22.629299276042598" lon="113.82813110806104">
        <ele>6.199999809265137</ele>
        <time>2026-04-09T00:07:44Z</time>
        <extensions>
          <gpxtpx:TrackPointExtension>
            <gpxtpx:hr>134</gpxtpx:hr>
          </gpxtpx:TrackPointExtension>
        </extensions>
      </trkpt>
      <trkpt lat="22.629341427055348" lon="113.82821533154475">
        <ele>6.199999809265137</ele>
        <time>2026-04-09T00:07:48Z</time>
        <extensions>
          <gpxtpx:TrackPointExtension>
            <gpxtpx:hr>135</gpxtpx:hr>
          </gpxtpx:TrackPointExtension>
        </extensions>
      </trkpt>
      <trkpt lat="22.62938058421216" lon="113.8283025632726">
        <ele>6.599999904632568</ele>
        <time>2026-04-09T00:07:52Z</time>
        <extensions>
          <gpxtpx:TrackPointExtension>
            <gpxtpx:hr>136</gpxtpx:hr>
          </gpxtpx:TrackPointExtension>
        </extensions>
      </trkpt>
      <trkpt lat="22.629420752465094" lon="113.82839581105972">
        <ele>6.800000190734863</ele>
        <time>2026-04-09T00:07:56Z</time>
        <extensions>
          <gpxtpx:TrackPointExtension>
            <gpxtpx:hr>134</gpxtpx:hr>
          </gpxtpx:TrackPointExtension>
        </extensions>
      </trkpt>
      <trkpt lat="22.6294539162483" lon="113.82848605118987">
        <ele>6.400000095367432</ele>
        <time>2026-04-09T00:08:00Z</time>
        <extensions>
          <gpxtpx:TrackPointExtension>
            <gpxtpx:hr>137</gpxtpx:hr>
          </gpxtpx:TrackPointExtension>
        </extensions>
      </trkpt>
      <trkpt lat="22.62948505586391" lon="113.8285632564324">
        <ele>6.400000095367432</ele>
        <time>2026-04-09T00:08:04Z</time>
        <extensions>
          <gpxtpx:TrackPointExtension>
            <gpxtpx:hr>139</gpxtpx:hr>
          </gpxtpx:TrackPointExtension>
        </extensions>
      </trkpt>
      <trkpt lat="22.6295172141063" lon="113.82865048849658">
        <ele>6.800000190734863</ele>
        <time>2026-04-09T00:08:08Z</time>
        <extensions>
          <gpxtpx:TrackPointExtension>
            <gpxtpx:hr>140</gpxtpx:hr>
          </gpxtpx:TrackPointExtension>
        </extensions>
      </trkpt>
      <trkpt lat="22.629570378067704" lon="113.8287427326345">
        <ele>7.199999809265137</ele>
        <time>2026-04-09T00:08:12Z</time>
        <extensions>
          <gpxtpx:TrackPointExtension>
            <gpxtpx:hr>140</gpxtpx:hr>
          </gpxtpx:TrackPointExtension>
        </extensions>
      </trkpt>
      <trkpt lat="22.629612526967676" lon="113.82882595323373">
        <ele>7.199999809265137</ele>
        <time>2026-04-09T00:08:16Z</time>
        <extensions>
          <gpxtpx:TrackPointExtension>
            <gpxtpx:hr>140</gpxtpx:hr>
          </gpxtpx:TrackPointExtension>
        </extensions>
      </trkpt>
      <trkpt lat="22.62963170242226" lon="113.8289212075597">
        <ele>6.599999904632568</ele>
        <time>2026-04-09T00:08:20Z</time>
        <extensions>
          <gpxtpx:TrackPointExtension>
            <gpxtpx:hr>141</gpxtpx:hr>
          </gpxtpx:TrackPointExtension>
        </extensions>
      </trkpt>
      <trkpt lat="22.629665841359706" lon="113.82899841247523">
        <ele>7.0</ele>
        <time>2026-04-09T00:08:24Z</time>
        <extensions>
          <gpxtpx:TrackPointExtension>
            <gpxtpx:hr>141</gpxtpx:hr>
          </gpxtpx:TrackPointExtension>
        </extensions>
      </trkpt>
      <trkpt lat="22.629698880752784" lon="113.82902247490092">
        <ele>7.0</ele>
        <time>2026-04-09T00:08:28Z</time>
        <extensions>
          <gpxtpx:TrackPointExtension>
            <gpxtpx:hr>141</gpxtpx:hr>
          </gpxtpx:TrackPointExtension>
        </extensions>
      </trkpt>
      <trkpt lat="22.629713987230804" lon="113.82908062991191">
        <ele>6.800000190734863</ele>
        <time>2026-04-09T00:08:32Z</time>
        <extensions>
          <gpxtpx:TrackPointExtension>
            <gpxtpx:hr>141</gpxtpx:hr>
          </gpxtpx:TrackPointExtension>
        </extensions>
      </trkpt>
      <trkpt lat="22.62974109159965" lon="113.82913878413763">
        <ele>7.199999809265137</ele>
        <time>2026-04-09T00:08:36Z</time>
        <extensions>
          <gpxtpx:TrackPointExtension>
            <gpxtpx:hr>140</gpxtpx:hr>
          </gpxtpx:TrackPointExtension>
        </extensions>
      </trkpt>
      <trkpt lat="22.62976817338839" lon="113.82918490608536">
        <ele>7.0</ele>
        <time>2026-04-09T00:08:40Z</time>
        <extensions>
          <gpxtpx:TrackPointExtension>
            <gpxtpx:hr>137</gpxtpx:hr>
          </gpxtpx:TrackPointExtension>
        </extensions>
      </trkpt>
      <trkpt lat="22.629783227178102" lon="113.82921498577905">
        <ele>7.199999809265137</ele>
        <time>2026-04-09T00:08:44Z</time>
        <extensions>
          <gpxtpx:TrackPointExtension>
            <gpxtpx:hr>135</gpxtpx:hr>
          </gpxtpx:TrackPointExtension>
        </extensions>
      </trkpt>
      <trkpt lat="22.62980629836703" lon="113.82925509183842">
        <ele>7.0</ele>
        <time>2026-04-09T00:08:48Z</time>
        <extensions>
          <gpxtpx:TrackPointExtension>
            <gpxtpx:hr>132</gpxtpx:hr>
          </gpxtpx:TrackPointExtension>
        </extensions>
      </trkpt>
      <trkpt lat="22.629829369547554" lon="113.82929519789069">
        <ele>7.0</ele>
        <time>2026-04-09T00:08:52Z</time>
        <extensions>
          <gpxtpx:TrackPointExtension>
            <gpxtpx:hr>130</gpxtpx:hr>
          </gpxtpx:TrackPointExtension>
        </extensions>
      </trkpt>
      <trkpt lat="22.62985448735821" lon="113.82936037100505">
        <ele>7.0</ele>
        <time>2026-04-09T00:08:56Z</time>
        <extensions>
          <gpxtpx:TrackPointExtension>
            <gpxtpx:hr>127</gpxtpx:hr>
          </gpxtpx:TrackPointExtension>
        </extensions>
      </trkpt>
      <trkpt lat="22.629894658899687" lon="113.82945562376143">
        <ele>6.599999904632568</ele>
        <time>2026-04-09T00:09:00Z</time>
        <extensions>
          <gpxtpx:TrackPointExtension>
            <gpxtpx:hr>126</gpxtpx:hr>
          </gpxtpx:TrackPointExtension>
        </extensions>
      </trkpt>
      <trkpt lat="22.62994182353585" lon="113.82954786796554">
        <ele>6.800000190734863</ele>
        <time>2026-04-09T00:09:04Z</time>
        <extensions>
          <gpxtpx:TrackPointExtension>
            <gpxtpx:hr>124</gpxtpx:hr>
          </gpxtpx:TrackPointExtension>
        </extensions>
      </trkpt>
      <trkpt lat="22.629995956853914" lon="113.8296240686949">
        <ele>6.800000190734863</ele>
        <time>2026-04-09T00:09:08Z</time>
        <extensions>
          <gpxtpx:TrackPointExtension>
            <gpxtpx:hr>126</gpxtpx:hr>
          </gpxtpx:TrackPointExtension>
        </extensions>
      </trkpt>
      <trkpt lat="22.630002141714293" lon="113.82972333426201">
        <ele>6.599999904632568</ele>
        <time>2026-04-09T00:09:12Z</time>
        <extensions>
          <gpxtpx:TrackPointExtension>
            <gpxtpx:hr>127</gpxtpx:hr>
          </gpxtpx:TrackPointExtension>
        </extensions>
      </trkpt>
      <trkpt lat="22.630059283821097" lon="113.82980454816357">
        <ele>6.800000190734863</ele>
        <time>2026-04-09T00:09:16Z</time>
        <extensions>
          <gpxtpx:TrackPointExtension>
            <gpxtpx:hr>129</gpxtpx:hr>
          </gpxtpx:TrackPointExtension>
        </extensions>
      </trkpt>
      <trkpt lat="22.63011746700172" lon="113.82990782104513">
        <ele>6.800000190734863</ele>
        <time>2026-04-09T00:09:20Z</time>
        <extensions>
          <gpxtpx:TrackPointExtension>
            <gpxtpx:hr>132</gpxtpx:hr>
          </gpxtpx:TrackPointExtension>
        </extensions>
      </trkpt>
      <trkpt lat="22.63017565199744" lon="113.83001209655828">
        <ele>6.800000190734863</ele>
        <time>2026-04-09T00:09:24Z</time>
        <extensions>
          <gpxtpx:TrackPointExtension>
            <gpxtpx:hr>136</gpxtpx:hr>
          </gpxtpx:TrackPointExtension>
        </extensions>
      </trkpt>
      <trkpt lat="22.630216800518628" lon="113.83009531673903">
        <ele>7.0</ele>
        <time>2026-04-09T00:09:28Z</time>
        <extensions>
          <gpxtpx:TrackPointExtension>
            <gpxtpx:hr>137</gpxtpx:hr>
          </gpxtpx:TrackPointExtension>
        </extensions>
      </trkpt>
      <trkpt lat="22.630249873513982" lon="113.83013742735547">
        <ele>7.0</ele>
        <time>2026-04-09T00:09:32Z</time>
        <extensions>
          <gpxtpx:TrackPointExtension>
            <gpxtpx:hr>137</gpxtpx:hr>
          </gpxtpx:TrackPointExtension>
        </extensions>
      </trkpt>
      <trkpt lat="22.630278909694365" lon="113.83015948454154">
        <ele>7.0</ele>
        <time>2026-04-09T00:09:36Z</time>
        <extensions>
          <gpxtpx:TrackPointExtension>
            <gpxtpx:hr>137</gpxtpx:hr>
          </gpxtpx:TrackPointExtension>
        </extensions>
      </trkpt>
      <trkpt lat="22.630305976222836" lon="113.83019758479426">
        <ele>7.199999809265137</ele>
        <time>2026-04-09T00:09:40Z</time>
        <extensions>
          <gpxtpx:TrackPointExtension>
            <gpxtpx:hr>136</gpxtpx:hr>
          </gpxtpx:TrackPointExtension>
        </extensions>
      </trkpt>
      <trkpt lat="22.63032704941769" lon="113.83023869347534">
        <ele>7.199999809265137</ele>
        <time>2026-04-09T00:09:44Z</time>
        <extensions>
          <gpxtpx:TrackPointExtension>
            <gpxtpx:hr>135</gpxtpx:hr>
          </gpxtpx:TrackPointExtension>
        </extensions>
      </trkpt>
      <trkpt lat="22.630345147497266" lon="113.83029283722281">
        <ele>7.199999809265137</ele>
        <time>2026-04-09T00:09:48Z</time>
        <extensions>
          <gpxtpx:TrackPointExtension>
            <gpxtpx:hr>133</gpxtpx:hr>
          </gpxtpx:TrackPointExtension>
        </extensions>
      </trkpt>
      <trkpt lat="22.630372290836743" lon="113.83037204744916">
        <ele>7.0</ele>
        <time>2026-04-09T00:09:52Z</time>
        <extensions>
          <gpxtpx:TrackPointExtension>
            <gpxtpx:hr>129</gpxtpx:hr>
          </gpxtpx:TrackPointExtension>
        </extensions>
      </trkpt>
      <trkpt lat="22.630397445731607" lon="113.83045727386438">
        <ele>7.0</ele>
        <time>2026-04-09T00:09:56Z</time>
        <extensions>
          <gpxtpx:TrackPointExtension>
            <gpxtpx:hr>128</gpxtpx:hr>
          </gpxtpx:TrackPointExtension>
        </extensions>
      </trkpt>
      <trkpt lat="22.630441602873024" lon="113.83054550706572">
        <ele>6.800000190734863</ele>
        <time>2026-04-09T00:10:00Z</time>
        <extensions>
          <gpxtpx:TrackPointExtension>
            <gpxtpx:hr>127</gpxtpx:hr>
          </gpxtpx:TrackPointExtension>
        </extensions>
      </trkpt>
      <trkpt lat="22.63047578044507" lon="113.83064376767963">
        <ele>6.800000190734863</ele>
        <time>2026-04-09T00:10:04Z</time>
        <extensions>
          <gpxtpx:TrackPointExtension>
            <gpxtpx:hr>126</gpxtpx:hr>
          </gpxtpx:TrackPointExtension>
        </extensions>
      </trkpt>
      <trkpt lat="22.63053691204022" lon="113.83071996752756">
        <ele>6.800000190734863</ele>
        <time>2026-04-09T00:10:08Z</time>
        <extensions>
          <gpxtpx:TrackPointExtension>
            <gpxtpx:hr>126</gpxtpx:hr>
          </gpxtpx:TrackPointExtension>
        </extensions>
      </trkpt>
      <trkpt lat="22.630625971302056" lon="113.83076006904473">
        <ele>6.800000190734863</ele>
        <time>2026-04-09T00:10:12Z</time>
        <extensions>
          <gpxtpx:TrackPointExtension>
            <gpxtpx:hr>129</gpxtpx:hr>
          </gpxtpx:TrackPointExtension>
        </extensions>
      </trkpt>
      <trkpt lat="22.630717943920082" lon="113.830754047054">
        <ele>7.0</ele>
        <time>2026-04-09T00:10:16Z</time>
        <extensions>
          <gpxtpx:TrackPointExtension>
            <gpxtpx:hr>131</gpxtpx:hr>
          </gpxtpx:TrackPointExtension>
        </extensions>
      </trkpt>
      <trkpt lat="22.630793831354783" lon="113.83070090008927">
        <ele>7.0</ele>
        <time>2026-04-09T00:10:20Z</time>
        <extensions>
          <gpxtpx:TrackPointExtension>
            <gpxtpx:hr>132</gpxtpx:hr>
          </gpxtpx:TrackPointExtension>
        </extensions>
      </trkpt>
      <trkpt lat="22.630862744337723" lon="113.8306607884143">
        <ele>7.0</ele>
        <time>2026-04-09T00:10:24Z</time>
        <extensions>
          <gpxtpx:TrackPointExtension>
            <gpxtpx:hr>133</gpxtpx:hr>
          </gpxtpx:TrackPointExtension>
        </extensions>
      </trkpt>
      <trkpt lat="22.630929623948937" lon="113.83060262859131">
        <ele>7.199999809265137</ele>
        <time>2026-04-09T00:10:28Z</time>
        <extensions>
          <gpxtpx:TrackPointExtension>
            <gpxtpx:hr>132</gpxtpx:hr>
          </gpxtpx:TrackPointExtension>
        </extensions>
      </trkpt>
      <trkpt lat="22.630998476959373" lon="113.83053043107383">
        <ele>7.199999809265137</ele>
        <time>2026-04-09T00:10:32Z</time>
        <extensions>
          <gpxtpx:TrackPointExtension>
            <gpxtpx:hr>133</gpxtpx:hr>
          </gpxtpx:TrackPointExtension>
        </extensions>
      </trkpt>
      <trkpt lat="22.631080353874594" lon="113.83047227024524">
        <ele>7.199999809265137</ele>
        <time>2026-04-09T00:10:36Z</time>
        <extensions>
          <gpxtpx:TrackPointExtension>
            <gpxtpx:hr>135</gpxtpx:hr>
          </gpxtpx:TrackPointExtension>
        </extensions>
      </trkpt>
      <trkpt lat="22.631174221152907" lon="113.8304100978969">
        <ele>7.199999809265137</ele>
        <time>2026-04-09T00:10:40Z</time>
        <extensions>
          <gpxtpx:TrackPointExtension>
            <gpxtpx:hr>137</gpxtpx:hr>
          </gpxtpx:TrackPointExtension>
        </extensions>
      </trkpt>
      <trkpt lat="22.63126612061161" lon="113.83036497126551">
        <ele>7.199999809265137</ele>
        <time>2026-04-09T00:10:44Z</time>
        <extensions>
          <gpxtpx:TrackPointExtension>
            <gpxtpx:hr>139</gpxtpx:hr>
          </gpxtpx:TrackPointExtension>
        </extensions>
      </trkpt>
      <trkpt lat="22.631330021238114" lon="113.83031784105465">
        <ele>7.199999809265137</ele>
        <time>2026-04-09T00:10:48Z</time>
        <extensions>
          <gpxtpx:TrackPointExtension>
            <gpxtpx:hr>139</gpxtpx:hr>
          </gpxtpx:TrackPointExtension>
        </extensions>
      </trkpt>
      <trkpt lat="22.631348954155126" lon="113.83028374860494">
        <ele>7.400000095367432</ele>
        <time>2026-04-09T00:10:52Z</time>
        <extensions>
          <gpxtpx:TrackPointExtension>
            <gpxtpx:hr>140</gpxtpx:hr>
          </gpxtpx:TrackPointExtension>
        </extensions>
      </trkpt>
      <trkpt lat="22.631386887462867" lon="113.83025166029596">
        <ele>7.400000095367432</ele>
        <time>2026-04-09T00:10:56Z</time>
        <extensions>
          <gpxtpx:TrackPointExtension>
            <gpxtpx:hr>141</gpxtpx:hr>
          </gpxtpx:TrackPointExtension>
        </extensions>
      </trkpt>
      <trkpt lat="22.631438870788237" lon="113.83024764622284">
        <ele>7.400000095367432</ele>
        <time>2026-04-09T00:11:00Z</time>
        <extensions>
          <gpxtpx:TrackPointExtension>
            <gpxtpx:hr>140</gpxtpx:hr>
          </gpxtpx:TrackPointExtension>
        </extensions>
      </trkpt>
      <trkpt lat="22.631486851066825" lon="113.83024162703943">
        <ele>7.199999809265137</ele>
        <time>2026-04-09T00:11:04Z</time>
        <extensions>
          <gpxtpx:TrackPointExtension>
            <gpxtpx:hr>138</gpxtpx:hr>
          </gpxtpx:TrackPointExtension>
        </extensions>
      </trkpt>
      <trkpt lat="22.63154078716001" lon="113.83021254574686">
        <ele>7.199999809265137</ele>
        <time>2026-04-09T00:11:08Z</time>
        <extensions>
          <gpxtpx:TrackPointExtension>
            <gpxtpx:hr>134</gpxtpx:hr>
          </gpxtpx:TrackPointExtension>
        </extensions>
      </trkpt>
      <trkpt lat="22.631604678348683" lon="113.83016040207764">
        <ele>7.199999809265137</ele>
        <time>2026-04-09T00:11:12Z</time>
        <extensions>
          <gpxtpx:TrackPointExtension>
            <gpxtpx:hr>131</gpxtpx:hr>
          </gpxtpx:TrackPointExtension>
        </extensions>
      </trkpt>
      <trkpt lat="22.63168257079365" lon="113.83011026286354">
        <ele>7.400000095367432</ele>
        <time>2026-04-09T00:11:16Z</time>
        <extensions>
          <gpxtpx:TrackPointExtension>
            <gpxtpx:hr>130</gpxtpx:hr>
          </gpxtpx:TrackPointExtension>
        </extensions>
      </trkpt>
      <trkpt lat="22.631759463394328" lon="113.83006012370049">
        <ele>7.199999809265137</ele>
        <time>2026-04-09T00:11:20Z</time>
        <extensions>
          <gpxtpx:TrackPointExtension>
            <gpxtpx:hr>131</gpxtpx:hr>
          </gpxtpx:TrackPointExtension>
        </extensions>
      </trkpt>
      <trkpt lat="22.631838327478338" lon="113.82999494412408">
        <ele>7.0</ele>
        <time>2026-04-09T00:11:24Z</time>
        <extensions>
          <gpxtpx:TrackPointExtension>
            <gpxtpx:hr>132</gpxtpx:hr>
          </gpxtpx:TrackPointExtension>
        </extensions>
      </trkpt>
      <trkpt lat="22.63191520877442" lon="113.8299387888206">
        <ele>7.199999809265137</ele>
        <time>2026-04-09T00:11:28Z</time>
        <extensions>
          <gpxtpx:TrackPointExtension>
            <gpxtpx:hr>132</gpxtpx:hr>
          </gpxtpx:TrackPointExtension>
        </extensions>
      </trkpt>
      <trkpt lat="22.631992099430217" lon="113.82988764692801">
        <ele>7.199999809265137</ele>
        <time>2026-04-09T00:11:32Z</time>
        <extensions>
          <gpxtpx:TrackPointExtension>
            <gpxtpx:hr>135</gpxtpx:hr>
          </gpxtpx:TrackPointExtension>
        </extensions>
      </trkpt>
      <trkpt lat="22.63207199516421" lon="113.82983951288644">
        <ele>7.199999809265137</ele>
        <time>2026-04-09T00:11:36Z</time>
        <extensions>
          <gpxtpx:TrackPointExtension>
            <gpxtpx:hr>138</gpxtpx:hr>
          </gpxtpx:TrackPointExtension>
        </extensions>
      </trkpt>
      <trkpt lat="22.632166890095125" lon="113.82979238055576">
        <ele>7.0</ele>
        <time>2026-04-09T00:11:40Z</time>
        <extensions>
          <gpxtpx:TrackPointExtension>
            <gpxtpx:hr>137</gpxtpx:hr>
          </gpxtpx:TrackPointExtension>
        </extensions>
      </trkpt>
      <trkpt lat="22.632255810475314" lon="113.829758283518">
        <ele>7.0</ele>
        <time>2026-04-09T00:11:44Z</time>
        <extensions>
          <gpxtpx:TrackPointExtension>
            <gpxtpx:hr>137</gpxtpx:hr>
          </gpxtpx:TrackPointExtension>
        </extensions>
      </trkpt>
      <trkpt lat="22.632346687298487" lon="113.8297011245624">
        <ele>7.0</ele>
        <time>2026-04-09T00:11:48Z</time>
        <extensions>
          <gpxtpx:TrackPointExtension>
            <gpxtpx:hr>138</gpxtpx:hr>
          </gpxtpx:TrackPointExtension>
        </extensions>
      </trkpt>
      <trkpt lat="22.63244355176038" lon="113.82963794908595">
        <ele>7.0</ele>
        <time>2026-04-09T00:11:52Z</time>
        <extensions>
          <gpxtpx:TrackPointExtension>
            <gpxtpx:hr>142</gpxtpx:hr>
          </gpxtpx:TrackPointExtension>
        </extensions>
      </trkpt>
      <trkpt lat="22.632533456879834" lon="113.82959583046379">
        <ele>7.0</ele>
        <time>2026-04-09T00:11:56Z</time>
        <extensions>
          <gpxtpx:TrackPointExtension>
            <gpxtpx:hr>144</gpxtpx:hr>
          </gpxtpx:TrackPointExtension>
        </extensions>
      </trkpt>
      <trkpt lat="22.632624350531604" lon="113.8295476956467">
        <ele>7.0</ele>
        <time>2026-04-09T00:12:00Z</time>
        <extensions>
          <gpxtpx:TrackPointExtension>
            <gpxtpx:hr>144</gpxtpx:hr>
          </gpxtpx:TrackPointExtension>
        </extensions>
      </trkpt>
      <trkpt lat="22.63270521963891" lon="113.8294855238387">
        <ele>7.0</ele>
        <time>2026-04-09T00:12:04Z</time>
        <extensions>
          <gpxtpx:TrackPointExtension>
            <gpxtpx:hr>145</gpxtpx:hr>
          </gpxtpx:TrackPointExtension>
        </extensions>
      </trkpt>
      <trkpt lat="22.632799084524237" lon="113.82942234848993">
        <ele>6.599999904632568</ele>
        <time>2026-04-09T00:12:08Z</time>
        <extensions>
          <gpxtpx:TrackPointExtension>
            <gpxtpx:hr>146</gpxtpx:hr>
          </gpxtpx:TrackPointExtension>
        </extensions>
      </trkpt>
      <trkpt lat="22.63283301457357" lon="113.82938825492415">
        <ele>6.599999904632568</ele>
        <time>2026-04-09T00:12:12Z</time>
        <extensions>
          <gpxtpx:TrackPointExtension>
            <gpxtpx:hr>146</gpxtpx:hr>
          </gpxtpx:TrackPointExtension>
        </extensions>
      </trkpt>
      <trkpt lat="22.632872956702673" lon="113.82936117978308">
        <ele>6.599999904632568</ele>
        <time>2026-04-09T00:12:16Z</time>
        <extensions>
          <gpxtpx:TrackPointExtension>
            <gpxtpx:hr>146</gpxtpx:hr>
          </gpxtpx:TrackPointExtension>
        </extensions>
      </trkpt>
      <trkpt lat="22.63291088978487" lon="113.82932909132691">
        <ele>6.599999904632568</ele>
        <time>2026-04-09T00:12:20Z</time>
        <extensions>
          <gpxtpx:TrackPointExtension>
            <gpxtpx:hr>143</gpxtpx:hr>
          </gpxtpx:TrackPointExtension>
        </extensions>
      </trkpt>
      <trkpt lat="22.63295484434708" lon="113.82930903473867">
        <ele>6.800000190734863</ele>
        <time>2026-04-09T00:12:24Z</time>
        <extensions>
          <gpxtpx:TrackPointExtension>
            <gpxtpx:hr>141</gpxtpx:hr>
          </gpxtpx:TrackPointExtension>
        </extensions>
      </trkpt>
      <trkpt lat="22.633016759977178" lon="113.8292699259151">
        <ele>6.400000095367432</ele>
        <time>2026-04-09T00:12:28Z</time>
        <extensions>
          <gpxtpx:TrackPointExtension>
            <gpxtpx:hr>141</gpxtpx:hr>
          </gpxtpx:TrackPointExtension>
        </extensions>
      </trkpt>
      <trkpt lat="22.63309566316067" lon="113.82922580255006">
        <ele>6.599999904632568</ele>
        <time>2026-04-09T00:12:32Z</time>
        <extensions>
          <gpxtpx:TrackPointExtension>
            <gpxtpx:hr>141</gpxtpx:hr>
          </gpxtpx:TrackPointExtension>
        </extensions>
      </trkpt>
      <trkpt lat="22.633181559436224" lon="113.82917867066045">
        <ele>6.599999904632568</ele>
        <time>2026-04-09T00:12:36Z</time>
        <extensions>
          <gpxtpx:TrackPointExtension>
            <gpxtpx:hr>133</gpxtpx:hr>
          </gpxtpx:TrackPointExtension>
        </extensions>
      </trkpt>
      <trkpt lat="22.633263430078944" lon="113.8291175013724">
        <ele>6.400000095367432</ele>
        <time>2026-04-09T00:12:40Z</time>
        <extensions>
          <gpxtpx:TrackPointExtension>
            <gpxtpx:hr>133</gpxtpx:hr>
          </gpxtpx:TrackPointExtension>
        </extensions>
      </trkpt>
      <trkpt lat="22.633347298457437" lon="113.82905532925018">
        <ele>6.599999904632568</ele>
        <time>2026-04-09T00:12:44Z</time>
        <extensions>
          <gpxtpx:TrackPointExtension>
            <gpxtpx:hr>133</gpxtpx:hr>
          </gpxtpx:TrackPointExtension>
        </extensions>
      </trkpt>
      <trkpt lat="22.633419161431238" lon="113.82898914712398">
        <ele>6.599999904632568</ele>
        <time>2026-04-09T00:12:48Z</time>
        <extensions>
          <gpxtpx:TrackPointExtension>
            <gpxtpx:hr>134</gpxtpx:hr>
          </gpxtpx:TrackPointExtension>
        </extensions>
      </trkpt>
      <trkpt lat="22.633496029128267" lon="113.82892597272733">
        <ele>6.599999904632568</ele>
        <time>2026-04-09T00:12:52Z</time>
        <extensions>
          <gpxtpx:TrackPointExtension>
            <gpxtpx:hr>139</gpxtpx:hr>
          </gpxtpx:TrackPointExtension>
        </extensions>
      </trkpt>
      <trkpt lat="22.6335768622107" lon="113.8288447496348">
        <ele>6.599999904632568</ele>
        <time>2026-04-09T00:12:56Z</time>
        <extensions>
          <gpxtpx:TrackPointExtension>
            <gpxtpx:hr>140</gpxtpx:hr>
          </gpxtpx:TrackPointExtension>
        </extensions>
      </trkpt>
      <trkpt lat="22.633669732631404" lon="113.82878458224332">
        <ele>6.800000190734863</ele>
        <time>2026-04-09T00:13:00Z</time>
        <extensions>
          <gpxtpx:TrackPointExtension>
            <gpxtpx:hr>141</gpxtpx:hr>
          </gpxtpx:TrackPointExtension>
        </extensions>
      </trkpt>
      <trkpt lat="22.63375658527701" lon="113.82871438831579">
        <ele>6.599999904632568</ele>
        <time>2026-04-09T00:13:04Z</time>
        <extensions>
          <gpxtpx:TrackPointExtension>
            <gpxtpx:hr>141</gpxtpx:hr>
          </gpxtpx:TrackPointExtension>
        </extensions>
      </trkpt>
      <trkpt lat="22.63381940454083" lon="113.82862414209025">
        <ele>6.800000190734863</ele>
        <time>2026-04-09T00:13:08Z</time>
        <extensions>
          <gpxtpx:TrackPointExtension>
            <gpxtpx:hr>141</gpxtpx:hr>
          </gpxtpx:TrackPointExtension>
        </extensions>
      </trkpt>
      <trkpt lat="22.633903250127368" lon="113.8285499375452">
        <ele>6.800000190734863</ele>
        <time>2026-04-09T00:13:12Z</time>
        <extensions>
          <gpxtpx:TrackPointExtension>
            <gpxtpx:hr>141</gpxtpx:hr>
          </gpxtpx:TrackPointExtension>
        </extensions>
      </trkpt>
      <trkpt lat="22.633995084827866" lon="113.82847071900656">
        <ele>7.0</ele>
        <time>2026-04-09T00:13:16Z</time>
        <extensions>
          <gpxtpx:TrackPointExtension>
            <gpxtpx:hr>142</gpxtpx:hr>
          </gpxtpx:TrackPointExtension>
        </extensions>
      </trkpt>
      <trkpt lat="22.63407697403436" lon="113.82841957645921">
        <ele>7.199999809265137</ele>
        <time>2026-04-09T00:13:20Z</time>
        <extensions>
          <gpxtpx:TrackPointExtension>
            <gpxtpx:hr>144</gpxtpx:hr>
          </gpxtpx:TrackPointExtension>
        </extensions>
      </trkpt>
      <trkpt lat="22.634127883865595" lon="113.82837645742994">
        <ele>7.199999809265137</ele>
        <time>2026-04-09T00:13:24Z</time>
        <extensions>
          <gpxtpx:TrackPointExtension>
            <gpxtpx:hr>143</gpxtpx:hr>
          </gpxtpx:TrackPointExtension>
        </extensions>
      </trkpt>
      <trkpt lat="22.634167848416226" lon="113.82836141447939">
        <ele>7.400000095367432</ele>
        <time>2026-04-09T00:13:28Z</time>
        <extensions>
          <gpxtpx:TrackPointExtension>
            <gpxtpx:hr>143</gpxtpx:hr>
          </gpxtpx:TrackPointExtension>
        </extensions>
      </trkpt>
      <trkpt lat="22.634207807311913" lon="113.82834336345164">
        <ele>7.199999809265137</ele>
        <time>2026-04-09T00:13:32Z</time>
        <extensions>
          <gpxtpx:TrackPointExtension>
            <gpxtpx:hr>141</gpxtpx:hr>
          </gpxtpx:TrackPointExtension>
        </extensions>
      </trkpt>
      <trkpt lat="22.6342397356129" lon="113.82830826716902">
        <ele>7.199999809265137</ele>
        <time>2026-04-09T00:13:36Z</time>
        <extensions>
          <gpxtpx:TrackPointExtension>
            <gpxtpx:hr>139</gpxtpx:hr>
          </gpxtpx:TrackPointExtension>
        </extensions>
      </trkpt>
      <trkpt lat="22.6342656442593" lon="113.82826214165105">
        <ele>7.199999809265137</ele>
        <time>2026-04-09T00:13:40Z</time>
        <extensions>
          <gpxtpx:TrackPointExtension>
            <gpxtpx:hr>139</gpxtpx:hr>
          </gpxtpx:TrackPointExtension>
        </extensions>
      </trkpt>
      <trkpt lat="22.634278519428104" lon="113.82819696580101">
        <ele>7.199999809265137</ele>
        <time>2026-04-09T00:13:44Z</time>
        <extensions>
          <gpxtpx:TrackPointExtension>
            <gpxtpx:hr>137</gpxtpx:hr>
          </gpxtpx:TrackPointExtension>
        </extensions>
      </trkpt>
      <trkpt lat="22.63432237392199" lon="113.82812376640065">
        <ele>7.199999809265137</ele>
        <time>2026-04-09T00:13:48Z</time>
        <extensions>
          <gpxtpx:TrackPointExtension>
            <gpxtpx:hr>137</gpxtpx:hr>
          </gpxtpx:TrackPointExtension>
        </extensions>
      </trkpt>
      <trkpt lat="22.634405136532397" lon="113.82800544327941">
        <ele>7.199999809265137</ele>
        <time>2026-04-09T00:13:52Z</time>
        <extensions>
          <gpxtpx:TrackPointExtension>
            <gpxtpx:hr>137</gpxtpx:hr>
          </gpxtpx:TrackPointExtension>
        </extensions>
      </trkpt>
      <trkpt lat="22.634461949023652" lon="113.82791118642947">
        <ele>7.400000095367432</ele>
        <time>2026-04-09T00:13:56Z</time>
        <extensions>
          <gpxtpx:TrackPointExtension>
            <gpxtpx:hr>142</gpxtpx:hr>
          </gpxtpx:TrackPointExtension>
        </extensions>
      </trkpt>
      <trkpt lat="22.634488678232835" lon="113.82776980485895">
        <ele>7.400000095367432</ele>
        <time>2026-04-09T00:14:00Z</time>
        <extensions>
          <gpxtpx:TrackPointExtension>
            <gpxtpx:hr>145</gpxtpx:hr>
          </gpxtpx:TrackPointExtension>
        </extensions>
      </trkpt>
      <trkpt lat="22.634514564138364" lon="113.82771164692502">
        <ele>7.400000095367432</ele>
        <time>2026-04-09T00:14:04Z</time>
        <extensions>
          <gpxtpx:TrackPointExtension>
            <gpxtpx:hr>145</gpxtpx:hr>
          </gpxtpx:TrackPointExtension>
        </extensions>
      </trkpt>
      <trkpt lat="22.634546492342285" lon="113.82767655056665">
        <ele>7.199999809265137</ele>
        <time>2026-04-09T00:14:08Z</time>
        <extensions>
          <gpxtpx:TrackPointExtension>
            <gpxtpx:hr>138</gpxtpx:hr>
          </gpxtpx:TrackPointExtension>
        </extensions>
      </trkpt>
      <trkpt lat="22.63459547030265" lon="113.82766952855665">
        <ele>7.199999809265137</ele>
        <time>2026-04-09T00:14:12Z</time>
        <extensions>
          <gpxtpx:TrackPointExtension>
            <gpxtpx:hr>137</gpxtpx:hr>
          </gpxtpx:TrackPointExtension>
        </extensions>
      </trkpt>
      <trkpt lat="22.634640501806295" lon="113.82769058224657">
        <ele>7.199999809265137</ele>
        <time>2026-04-09T00:14:16Z</time>
        <extensions>
          <gpxtpx:TrackPointExtension>
            <gpxtpx:hr>135</gpxtpx:hr>
          </gpxtpx:TrackPointExtension>
        </extensions>
      </trkpt>
      <trkpt lat="22.634701498348555" lon="113.82769458910357">
        <ele>7.0</ele>
        <time>2026-04-09T00:14:20Z</time>
        <extensions>
          <gpxtpx:TrackPointExtension>
            <gpxtpx:hr>133</gpxtpx:hr>
          </gpxtpx:TrackPointExtension>
        </extensions>
      </trkpt>
      <trkpt lat="22.634794402325625" lon="113.82765246996152">
        <ele>7.199999809265137</ele>
        <time>2026-04-09T00:14:24Z</time>
        <extensions>
          <gpxtpx:TrackPointExtension>
            <gpxtpx:hr>132</gpxtpx:hr>
          </gpxtpx:TrackPointExtension>
        </extensions>
      </trkpt>
    </trkseg>
  </trk>
</gpx>