<?xml version="1.0" encoding="UTF-8"?>
<gpx xmlns="http://www.topografix.com/GPX/1/1" xmlns:gpxtpx="http://www.garmin.com/xmlschemas/TrackPointExtension/v1" xmlns:xsi="http://www.w3.org/2001/XMLSchema-instance" xsi:schemaLocation="http://www.topografix.com/GPX/1/1 http://www.topografix.com/GPX/1/1/gpx.xsd" version="1.1" creator="gpx.py -- https://github.com/tkrajina/gpxpy">
  <trk>
    <name>gpx from keep</name>
    <type>Run</type>
    <trkseg>
      <trkpt lat="31.849768535572867" lon="117.06460785685364">
        <ele>45.79999923706055</ele>
        <time>2026-06-28T23:47:23Z</time>
        <extensions>
          <gpxtpx:TrackPointExtension>
            <gpxtpx:hr>91</gpxtpx:hr>
          </gpxtpx:TrackPointExtension>
        </extensions>
      </trkpt>
      <trkpt lat="31.849682508703836" lon="117.0646158489541">
        <ele>45.79999923706055</ele>
        <time>2026-06-28T23:47:27Z</time>
        <extensions>
          <gpxtpx:TrackPointExtension>
            <gpxtpx:hr>101</gpxtpx:hr>
          </gpxtpx:TrackPointExtension>
        </extensions>
      </trkpt>
      <trkpt lat="31.84960049014562" lon="117.06461785267929">
        <ele>45.79999923706055</ele>
        <time>2026-06-28T23:47:31Z</time>
        <extensions>
          <gpxtpx:TrackPointExtension>
            <gpxtpx:hr>104</gpxtpx:hr>
          </gpxtpx:TrackPointExtension>
        </extensions>
      </trkpt>
      <trkpt lat="31.849509473591016" lon="117.06461686325201">
        <ele>45.79999923706055</ele>
        <time>2026-06-28T23:47:35Z</time>
        <extensions>
          <gpxtpx:TrackPointExtension>
            <gpxtpx:hr>108</gpxtpx:hr>
          </gpxtpx:TrackPointExtension>
        </extensions>
      </trkpt>
      <trkpt lat="31.849432469811077" lon="117.0646078885072">
        <ele>45.79999923706055</ele>
        <time>2026-06-28T23:47:39Z</time>
        <extensions>
          <gpxtpx:TrackPointExtension>
            <gpxtpx:hr>111</gpxtpx:hr>
          </gpxtpx:TrackPointExtension>
        </extensions>
      </trkpt>
      <trkpt lat="31.849362456118225" lon="117.06460789510164">
        <ele>45.79999923706055</ele>
        <time>2026-06-28T23:47:43Z</time>
        <extensions>
          <gpxtpx:TrackPointExtension>
            <gpxtpx:hr>113</gpxtpx:hr>
          </gpxtpx:TrackPointExtension>
        </extensions>
      </trkpt>
      <trkpt lat="31.849280440081333" lon="117.06460790282654">
        <ele>46.0</ele>
        <time>2026-06-28T23:47:47Z</time>
        <extensions>
          <gpxtpx:TrackPointExtension>
            <gpxtpx:hr>114</gpxtpx:hr>
          </gpxtpx:TrackPointExtension>
        </extensions>
      </trkpt>
      <trkpt lat="31.8491974326323" lon="117.06460092464943">
        <ele>46.20000076293945</ele>
        <time>2026-06-28T23:47:51Z</time>
        <extensions>
          <gpxtpx:TrackPointExtension>
            <gpxtpx:hr>115</gpxtpx:hr>
          </gpxtpx:TrackPointExtension>
        </extensions>
      </trkpt>
      <trkpt lat="31.84911341621166" lon="117.06460093256266">
        <ele>46.20000076293945</ele>
        <time>2026-06-28T23:47:55Z</time>
        <extensions>
          <gpxtpx:TrackPointExtension>
            <gpxtpx:hr>120</gpxtpx:hr>
          </gpxtpx:TrackPointExtension>
        </extensions>
      </trkpt>
      <trkpt lat="31.849022413482903" lon="117.06458896514762">
        <ele>46.400001525878906</ele>
        <time>2026-06-28T23:47:59Z</time>
        <extensions>
          <gpxtpx:TrackPointExtension>
            <gpxtpx:hr>123</gpxtpx:hr>
          </gpxtpx:TrackPointExtension>
        </extensions>
      </trkpt>
      <trkpt lat="31.84893741570355" lon="117.06457400318077">
        <ele>46.400001525878906</ele>
        <time>2026-06-28T23:48:03Z</time>
        <extensions>
          <gpxtpx:TrackPointExtension>
            <gpxtpx:hr>124</gpxtpx:hr>
          </gpxtpx:TrackPointExtension>
        </extensions>
      </trkpt>
      <trkpt lat="31.848864415257133" lon="117.06456303208383">
        <ele>46.599998474121094</ele>
        <time>2026-06-28T23:48:07Z</time>
        <extensions>
          <gpxtpx:TrackPointExtension>
            <gpxtpx:hr>125</gpxtpx:hr>
          </gpxtpx:TrackPointExtension>
        </extensions>
      </trkpt>
      <trkpt lat="31.84879042216352" lon="117.06454607310752">
        <ele>46.79999923706055</ele>
        <time>2026-06-28T23:48:11Z</time>
        <extensions>
          <gpxtpx:TrackPointExtension>
            <gpxtpx:hr>126</gpxtpx:hr>
          </gpxtpx:TrackPointExtension>
        </extensions>
      </trkpt>
      <trkpt lat="31.84870541687875" lon="117.06453709914858">
        <ele>46.79999923706055</ele>
        <time>2026-06-28T23:48:15Z</time>
        <extensions>
          <gpxtpx:TrackPointExtension>
            <gpxtpx:hr>129</gpxtpx:hr>
          </gpxtpx:TrackPointExtension>
        </extensions>
      </trkpt>
      <trkpt lat="31.84861642465656" lon="117.06451714762261">
        <ele>47.0</ele>
        <time>2026-06-28T23:48:19Z</time>
        <extensions>
          <gpxtpx:TrackPointExtension>
            <gpxtpx:hr>130</gpxtpx:hr>
          </gpxtpx:TrackPointExtension>
        </extensions>
      </trkpt>
      <trkpt lat="31.84853743692542" lon="117.06449519918716">
        <ele>47.0</ele>
        <time>2026-06-28T23:48:23Z</time>
        <extensions>
          <gpxtpx:TrackPointExtension>
            <gpxtpx:hr>129</gpxtpx:hr>
          </gpxtpx:TrackPointExtension>
        </extensions>
      </trkpt>
      <trkpt lat="31.848451440293807" lon="117.06447923939315">
        <ele>47.20000076293945</ele>
        <time>2026-06-28T23:48:27Z</time>
        <extensions>
          <gpxtpx:TrackPointExtension>
            <gpxtpx:hr>129</gpxtpx:hr>
          </gpxtpx:TrackPointExtension>
        </extensions>
      </trkpt>
      <trkpt lat="31.84836244057135" lon="117.0644652758793">
        <ele>47.20000076293945</ele>
        <time>2026-06-28T23:48:31Z</time>
        <extensions>
          <gpxtpx:TrackPointExtension>
            <gpxtpx:hr>130</gpxtpx:hr>
          </gpxtpx:TrackPointExtension>
        </extensions>
      </trkpt>
      <trkpt lat="31.848282440095016" lon="117.06445330751096">
        <ele>47.400001525878906</ele>
        <time>2026-06-28T23:48:35Z</time>
        <extensions>
          <gpxtpx:TrackPointExtension>
            <gpxtpx:hr>128</gpxtpx:hr>
          </gpxtpx:TrackPointExtension>
        </extensions>
      </trkpt>
      <trkpt lat="31.84819744117628" lon="117.06443934363881">
        <ele>47.599998474121094</ele>
        <time>2026-06-28T23:48:39Z</time>
        <extensions>
          <gpxtpx:TrackPointExtension>
            <gpxtpx:hr>129</gpxtpx:hr>
          </gpxtpx:TrackPointExtension>
        </extensions>
      </trkpt>
      <trkpt lat="31.848113442464832" lon="117.0644253796824">
        <ele>47.599998474121094</ele>
        <time>2026-06-28T23:48:43Z</time>
        <extensions>
          <gpxtpx:TrackPointExtension>
            <gpxtpx:hr>131</gpxtpx:hr>
          </gpxtpx:TrackPointExtension>
        </extensions>
      </trkpt>
      <trkpt lat="31.84803045027439" lon="117.06440642569454">
        <ele>47.79999923706055</ele>
        <time>2026-06-28T23:48:47Z</time>
        <extensions>
          <gpxtpx:TrackPointExtension>
            <gpxtpx:hr>130</gpxtpx:hr>
          </gpxtpx:TrackPointExtension>
        </extensions>
      </trkpt>
      <trkpt lat="31.847954453149228" lon="117.06439246100805">
        <ele>47.79999923706055</ele>
        <time>2026-06-28T23:48:51Z</time>
        <extensions>
          <gpxtpx:TrackPointExtension>
            <gpxtpx:hr>130</gpxtpx:hr>
          </gpxtpx:TrackPointExtension>
        </extensions>
      </trkpt>
      <trkpt lat="31.847874467899537" lon="117.06436851683202">
        <ele>47.79999923706055</ele>
        <time>2026-06-28T23:48:55Z</time>
        <extensions>
          <gpxtpx:TrackPointExtension>
            <gpxtpx:hr>133</gpxtpx:hr>
          </gpxtpx:TrackPointExtension>
        </extensions>
      </trkpt>
      <trkpt lat="31.847785484722362" lon="117.06434157957489">
        <ele>48.0</ele>
        <time>2026-06-28T23:48:59Z</time>
        <extensions>
          <gpxtpx:TrackPointExtension>
            <gpxtpx:hr>133</gpxtpx:hr>
          </gpxtpx:TrackPointExtension>
        </extensions>
      </trkpt>
      <trkpt lat="31.847705467878114" lon="117.06434258509645">
        <ele>48.20000076293945</ele>
        <time>2026-06-28T23:49:03Z</time>
        <extensions>
          <gpxtpx:TrackPointExtension>
            <gpxtpx:hr>134</gpxtpx:hr>
          </gpxtpx:TrackPointExtension>
        </extensions>
      </trkpt>
      <trkpt lat="31.847624459703013" lon="117.06433660481078">
        <ele>48.400001525878906</ele>
        <time>2026-06-28T23:49:07Z</time>
        <extensions>
          <gpxtpx:TrackPointExtension>
            <gpxtpx:hr>137</gpxtpx:hr>
          </gpxtpx:TrackPointExtension>
        </extensions>
      </trkpt>
      <trkpt lat="31.84754246273569" lon="117.06432164275424">
        <ele>48.400001525878906</ele>
        <time>2026-06-28T23:49:11Z</time>
        <extensions>
          <gpxtpx:TrackPointExtension>
            <gpxtpx:hr>140</gpxtpx:hr>
          </gpxtpx:TrackPointExtension>
        </extensions>
      </trkpt>
      <trkpt lat="31.84746046198028" lon="117.06430967466198">
        <ele>48.400001525878906</ele>
        <time>2026-06-28T23:49:15Z</time>
        <extensions>
          <gpxtpx:TrackPointExtension>
            <gpxtpx:hr>141</gpxtpx:hr>
          </gpxtpx:TrackPointExtension>
        </extensions>
      </trkpt>
      <trkpt lat="31.847379461429263" lon="117.06429770648285">
        <ele>48.599998474121094</ele>
        <time>2026-06-28T23:49:19Z</time>
        <extensions>
          <gpxtpx:TrackPointExtension>
            <gpxtpx:hr>142</gpxtpx:hr>
          </gpxtpx:TrackPointExtension>
        </extensions>
      </trkpt>
      <trkpt lat="31.84731153322899" lon="117.06423084809123">
        <ele>48.599998474121094</ele>
        <time>2026-06-28T23:49:23Z</time>
        <extensions>
          <gpxtpx:TrackPointExtension>
            <gpxtpx:hr>143</gpxtpx:hr>
          </gpxtpx:TrackPointExtension>
        </extensions>
      </trkpt>
      <trkpt lat="31.847291657881883" lon="117.06413005422286">
        <ele>48.79999923706055</ele>
        <time>2026-06-28T23:49:27Z</time>
        <extensions>
          <gpxtpx:TrackPointExtension>
            <gpxtpx:hr>140</gpxtpx:hr>
          </gpxtpx:TrackPointExtension>
        </extensions>
      </trkpt>
      <trkpt lat="31.847298793345598" lon="117.06402526645323">
        <ele>48.599998474121094</ele>
        <time>2026-06-28T23:49:31Z</time>
        <extensions>
          <gpxtpx:TrackPointExtension>
            <gpxtpx:hr>141</gpxtpx:hr>
          </gpxtpx:TrackPointExtension>
        </extensions>
      </trkpt>
      <trkpt lat="31.847311907349138" lon="117.06393844204985">
        <ele>48.599998474121094</ele>
        <time>2026-06-28T23:49:35Z</time>
        <extensions>
          <gpxtpx:TrackPointExtension>
            <gpxtpx:hr>141</gpxtpx:hr>
          </gpxtpx:TrackPointExtension>
        </extensions>
      </trkpt>
      <trkpt lat="31.847302031366265" lon="117.0638406426322">
        <ele>48.599998474121094</ele>
        <time>2026-06-28T23:49:39Z</time>
        <extensions>
          <gpxtpx:TrackPointExtension>
            <gpxtpx:hr>140</gpxtpx:hr>
          </gpxtpx:TrackPointExtension>
        </extensions>
      </trkpt>
      <trkpt lat="31.84730815761925" lon="117.06374384015318">
        <ele>48.79999923706055</ele>
        <time>2026-06-28T23:49:43Z</time>
        <extensions>
          <gpxtpx:TrackPointExtension>
            <gpxtpx:hr>139</gpxtpx:hr>
          </gpxtpx:TrackPointExtension>
        </extensions>
      </trkpt>
      <trkpt lat="31.84731831227931" lon="117.06362608082907">
        <ele>48.599998474121094</ele>
        <time>2026-06-28T23:49:47Z</time>
        <extensions>
          <gpxtpx:TrackPointExtension>
            <gpxtpx:hr>139</gpxtpx:hr>
          </gpxtpx:TrackPointExtension>
        </extensions>
      </trkpt>
      <trkpt lat="31.84731444399418" lon="117.06352429063367">
        <ele>48.79999923706055</ele>
        <time>2026-06-28T23:49:51Z</time>
        <extensions>
          <gpxtpx:TrackPointExtension>
            <gpxtpx:hr>139</gpxtpx:hr>
          </gpxtpx:TrackPointExtension>
        </extensions>
      </trkpt>
      <trkpt lat="31.847307579491837" lon="117.06341950743403">
        <ele>48.599998474121094</ele>
        <time>2026-06-28T23:49:55Z</time>
        <extensions>
          <gpxtpx:TrackPointExtension>
            <gpxtpx:hr>138</gpxtpx:hr>
          </gpxtpx:TrackPointExtension>
        </extensions>
      </trkpt>
      <trkpt lat="31.847310723962064" lon="117.06330973418717">
        <ele>48.599998474121094</ele>
        <time>2026-06-28T23:49:59Z</time>
        <extensions>
          <gpxtpx:TrackPointExtension>
            <gpxtpx:hr>139</gpxtpx:hr>
          </gpxtpx:TrackPointExtension>
        </extensions>
      </trkpt>
      <trkpt lat="31.847321856045998" lon="117.06321093800985">
        <ele>48.599998474121094</ele>
        <time>2026-06-28T23:50:03Z</time>
        <extensions>
          <gpxtpx:TrackPointExtension>
            <gpxtpx:hr>139</gpxtpx:hr>
          </gpxtpx:TrackPointExtension>
        </extensions>
      </trkpt>
      <trkpt lat="31.847314990327735" lon="117.06310815233365">
        <ele>48.79999923706055</ele>
        <time>2026-06-28T23:50:07Z</time>
        <extensions>
          <gpxtpx:TrackPointExtension>
            <gpxtpx:hr>136</gpxtpx:hr>
          </gpxtpx:TrackPointExtension>
        </extensions>
      </trkpt>
      <trkpt lat="31.847315115840903" lon="117.06301334988098">
        <ele>48.79999923706055</ele>
        <time>2026-06-28T23:50:11Z</time>
        <extensions>
          <gpxtpx:TrackPointExtension>
            <gpxtpx:hr>136</gpxtpx:hr>
          </gpxtpx:TrackPointExtension>
        </extensions>
      </trkpt>
      <trkpt lat="31.847311252912473" lon="117.06290956704558">
        <ele>48.599998474121094</ele>
        <time>2026-06-28T23:50:15Z</time>
        <extensions>
          <gpxtpx:TrackPointExtension>
            <gpxtpx:hr>136</gpxtpx:hr>
          </gpxtpx:TrackPointExtension>
        </extensions>
      </trkpt>
      <trkpt lat="31.84731640685682" lon="117.06279480693149">
        <ele>48.79999923706055</ele>
        <time>2026-06-28T23:50:19Z</time>
        <extensions>
          <gpxtpx:TrackPointExtension>
            <gpxtpx:hr>135</gpxtpx:hr>
          </gpxtpx:TrackPointExtension>
        </extensions>
      </trkpt>
      <trkpt lat="31.847324548579643" lon="117.06269002622031">
        <ele>48.599998474121094</ele>
        <time>2026-06-28T23:50:23Z</time>
        <extensions>
          <gpxtpx:TrackPointExtension>
            <gpxtpx:hr>135</gpxtpx:hr>
          </gpxtpx:TrackPointExtension>
        </extensions>
      </trkpt>
      <trkpt lat="31.84732766968337" lon="117.06260021499025">
        <ele>48.400001525878906</ele>
        <time>2026-06-28T23:50:27Z</time>
        <extensions>
          <gpxtpx:TrackPointExtension>
            <gpxtpx:hr>136</gpxtpx:hr>
          </gpxtpx:TrackPointExtension>
        </extensions>
      </trkpt>
      <trkpt lat="31.84733381862552" lon="117.0624904460468">
        <ele>48.20000076293945</ele>
        <time>2026-06-28T23:50:31Z</time>
        <extensions>
          <gpxtpx:TrackPointExtension>
            <gpxtpx:hr>136</gpxtpx:hr>
          </gpxtpx:TrackPointExtension>
        </extensions>
      </trkpt>
      <trkpt lat="31.847337969048727" lon="117.0623796800184">
        <ele>48.20000076293945</ele>
        <time>2026-06-28T23:50:35Z</time>
        <extensions>
          <gpxtpx:TrackPointExtension>
            <gpxtpx:hr>136</gpxtpx:hr>
          </gpxtpx:TrackPointExtension>
        </extensions>
      </trkpt>
      <trkpt lat="31.84734410954867" lon="117.06227689746949">
        <ele>47.79999923706055</ele>
        <time>2026-06-28T23:50:39Z</time>
        <extensions>
          <gpxtpx:TrackPointExtension>
            <gpxtpx:hr>136</gpxtpx:hr>
          </gpxtpx:TrackPointExtension>
        </extensions>
      </trkpt>
      <trkpt lat="31.847335240789516" lon="117.06217910624754">
        <ele>47.79999923706055</ele>
        <time>2026-06-28T23:50:43Z</time>
        <extensions>
          <gpxtpx:TrackPointExtension>
            <gpxtpx:hr>133</gpxtpx:hr>
          </gpxtpx:TrackPointExtension>
        </extensions>
      </trkpt>
      <trkpt lat="31.84733637438712" lon="117.06208131456957">
        <ele>47.599998474121094</ele>
        <time>2026-06-28T23:50:47Z</time>
        <extensions>
          <gpxtpx:TrackPointExtension>
            <gpxtpx:hr>132</gpxtpx:hr>
          </gpxtpx:TrackPointExtension>
        </extensions>
      </trkpt>
      <trkpt lat="31.847339529303206" lon="117.06196855520594">
        <ele>47.400001525878906</ele>
        <time>2026-06-28T23:50:51Z</time>
        <extensions>
          <gpxtpx:TrackPointExtension>
            <gpxtpx:hr>133</gpxtpx:hr>
          </gpxtpx:TrackPointExtension>
        </extensions>
      </trkpt>
      <trkpt lat="31.847349679262862" lon="117.06186078512565">
        <ele>47.0</ele>
        <time>2026-06-28T23:50:55Z</time>
        <extensions>
          <gpxtpx:TrackPointExtension>
            <gpxtpx:hr>132</gpxtpx:hr>
          </gpxtpx:TrackPointExtension>
        </extensions>
      </trkpt>
      <trkpt lat="31.847347823255127" lon="117.06175601032628">
        <ele>46.79999923706055</ele>
        <time>2026-06-28T23:50:59Z</time>
        <extensions>
          <gpxtpx:TrackPointExtension>
            <gpxtpx:hr>131</gpxtpx:hr>
          </gpxtpx:TrackPointExtension>
        </extensions>
      </trkpt>
      <trkpt lat="31.84735596690038" lon="117.06165323083964">
        <ele>46.599998474121094</ele>
        <time>2026-06-28T23:51:03Z</time>
        <extensions>
          <gpxtpx:TrackPointExtension>
            <gpxtpx:hr>130</gpxtpx:hr>
          </gpxtpx:TrackPointExtension>
        </extensions>
      </trkpt>
      <trkpt lat="31.84735611776007" lon="117.06154446557741">
        <ele>46.400001525878906</ele>
        <time>2026-06-28T23:51:07Z</time>
        <extensions>
          <gpxtpx:TrackPointExtension>
            <gpxtpx:hr>125</gpxtpx:hr>
          </gpxtpx:TrackPointExtension>
        </extensions>
      </trkpt>
      <trkpt lat="31.84735227530447" lon="117.06143071209938">
        <ele>46.20000076293945</ele>
        <time>2026-06-28T23:51:11Z</time>
        <extensions>
          <gpxtpx:TrackPointExtension>
            <gpxtpx:hr>125</gpxtpx:hr>
          </gpxtpx:TrackPointExtension>
        </extensions>
      </trkpt>
      <trkpt lat="31.847352443955007" lon="117.06130997407426">
        <ele>46.0</ele>
        <time>2026-06-28T23:51:15Z</time>
        <extensions>
          <gpxtpx:TrackPointExtension>
            <gpxtpx:hr>128</gpxtpx:hr>
          </gpxtpx:TrackPointExtension>
        </extensions>
      </trkpt>
      <trkpt lat="31.847359596374858" lon="117.06120220786585">
        <ele>45.599998474121094</ele>
        <time>2026-06-28T23:51:19Z</time>
        <extensions>
          <gpxtpx:TrackPointExtension>
            <gpxtpx:hr>127</gpxtpx:hr>
          </gpxtpx:TrackPointExtension>
        </extensions>
      </trkpt>
      <trkpt lat="31.847366756320042" lon="117.06108945313889">
        <ele>45.400001525878906</ele>
        <time>2026-06-28T23:51:23Z</time>
        <extensions>
          <gpxtpx:TrackPointExtension>
            <gpxtpx:hr>126</gpxtpx:hr>
          </gpxtpx:TrackPointExtension>
        </extensions>
      </trkpt>
      <trkpt lat="31.84736491223687" lon="117.06097869553024">
        <ele>45.20000076293945</ele>
        <time>2026-06-28T23:51:27Z</time>
        <extensions>
          <gpxtpx:TrackPointExtension>
            <gpxtpx:hr>127</gpxtpx:hr>
          </gpxtpx:TrackPointExtension>
        </extensions>
      </trkpt>
      <trkpt lat="31.847366066430958" lon="117.0608699338766">
        <ele>45.0</ele>
        <time>2026-06-28T23:51:31Z</time>
        <extensions>
          <gpxtpx:TrackPointExtension>
            <gpxtpx:hr>129</gpxtpx:hr>
          </gpxtpx:TrackPointExtension>
        </extensions>
      </trkpt>
      <trkpt lat="31.847362225836893" lon="117.06075718207232">
        <ele>44.599998474121094</ele>
        <time>2026-06-28T23:51:35Z</time>
        <extensions>
          <gpxtpx:TrackPointExtension>
            <gpxtpx:hr>129</gpxtpx:hr>
          </gpxtpx:TrackPointExtension>
        </extensions>
      </trkpt>
      <trkpt lat="31.847373383004413" lon="117.06064842069006">
        <ele>44.400001525878906</ele>
        <time>2026-06-28T23:51:39Z</time>
        <extensions>
          <gpxtpx:TrackPointExtension>
            <gpxtpx:hr>131</gpxtpx:hr>
          </gpxtpx:TrackPointExtension>
        </extensions>
      </trkpt>
      <trkpt lat="31.84737153671811" lon="117.06054065891901">
        <ele>44.0</ele>
        <time>2026-06-28T23:51:43Z</time>
        <extensions>
          <gpxtpx:TrackPointExtension>
            <gpxtpx:hr>133</gpxtpx:hr>
          </gpxtpx:TrackPointExtension>
        </extensions>
      </trkpt>
      <trkpt lat="31.847368696467292" lon="117.06042890667449">
        <ele>44.0</ele>
        <time>2026-06-28T23:51:47Z</time>
        <extensions>
          <gpxtpx:TrackPointExtension>
            <gpxtpx:hr>136</gpxtpx:hr>
          </gpxtpx:TrackPointExtension>
        </extensions>
      </trkpt>
      <trkpt lat="31.84737683731278" lon="117.06033212075776">
        <ele>43.599998474121094</ele>
        <time>2026-06-28T23:51:51Z</time>
        <extensions>
          <gpxtpx:TrackPointExtension>
            <gpxtpx:hr>136</gpxtpx:hr>
          </gpxtpx:TrackPointExtension>
        </extensions>
      </trkpt>
      <trkpt lat="31.847382988263682" lon="117.06022835105485">
        <ele>43.599998474121094</ele>
        <time>2026-06-28T23:51:55Z</time>
        <extensions>
          <gpxtpx:TrackPointExtension>
            <gpxtpx:hr>136</gpxtpx:hr>
          </gpxtpx:TrackPointExtension>
        </extensions>
      </trkpt>
      <trkpt lat="31.84738414014651" lon="117.06012358458985">
        <ele>43.20000076293945</ele>
        <time>2026-06-28T23:51:59Z</time>
        <extensions>
          <gpxtpx:TrackPointExtension>
            <gpxtpx:hr>136</gpxtpx:hr>
          </gpxtpx:TrackPointExtension>
        </extensions>
      </trkpt>
      <trkpt lat="31.847379292779706" lon="117.06001782147213">
        <ele>43.20000076293945</ele>
        <time>2026-06-28T23:52:03Z</time>
        <extensions>
          <gpxtpx:TrackPointExtension>
            <gpxtpx:hr>135</gpxtpx:hr>
          </gpxtpx:TrackPointExtension>
        </extensions>
      </trkpt>
      <trkpt lat="31.847379445404624" lon="117.05991305620566">
        <ele>43.0</ele>
        <time>2026-06-28T23:52:07Z</time>
        <extensions>
          <gpxtpx:TrackPointExtension>
            <gpxtpx:hr>132</gpxtpx:hr>
          </gpxtpx:TrackPointExtension>
        </extensions>
      </trkpt>
      <trkpt lat="31.8473766081341" lon="117.05980130747545">
        <ele>42.599998474121094</ele>
        <time>2026-06-28T23:52:11Z</time>
        <extensions>
          <gpxtpx:TrackPointExtension>
            <gpxtpx:hr>119</gpxtpx:hr>
          </gpxtpx:TrackPointExtension>
        </extensions>
      </trkpt>
      <trkpt lat="31.84738076835911" lon="117.05969255196311">
        <ele>42.599998474121094</ele>
        <time>2026-06-28T23:52:15Z</time>
        <extensions>
          <gpxtpx:TrackPointExtension>
            <gpxtpx:hr>117</gpxtpx:hr>
          </gpxtpx:TrackPointExtension>
        </extensions>
      </trkpt>
      <trkpt lat="31.847382922817516" lon="117.0595877882117">
        <ele>42.400001525878906</ele>
        <time>2026-06-28T23:52:19Z</time>
        <extensions>
          <gpxtpx:TrackPointExtension>
            <gpxtpx:hr>130</gpxtpx:hr>
          </gpxtpx:TrackPointExtension>
        </extensions>
      </trkpt>
      <trkpt lat="31.84738308914442" lon="117.05947504327462">
        <ele>42.400001525878906</ele>
        <time>2026-06-28T23:52:23Z</time>
        <extensions>
          <gpxtpx:TrackPointExtension>
            <gpxtpx:hr>136</gpxtpx:hr>
          </gpxtpx:TrackPointExtension>
        </extensions>
      </trkpt>
      <trkpt lat="31.847386238846887" lon="117.05937427150548">
        <ele>42.400001525878906</ele>
        <time>2026-06-28T23:52:27Z</time>
        <extensions>
          <gpxtpx:TrackPointExtension>
            <gpxtpx:hr>138</gpxtpx:hr>
          </gpxtpx:TrackPointExtension>
        </extensions>
      </trkpt>
      <trkpt lat="31.847385394131877" lon="117.05926950969913">
        <ele>42.20000076293945</ele>
        <time>2026-06-28T23:52:31Z</time>
        <extensions>
          <gpxtpx:TrackPointExtension>
            <gpxtpx:hr>140</gpxtpx:hr>
          </gpxtpx:TrackPointExtension>
        </extensions>
      </trkpt>
      <trkpt lat="31.84739254846199" lon="117.059166743136">
        <ele>42.20000076293945</ele>
        <time>2026-06-28T23:52:35Z</time>
        <extensions>
          <gpxtpx:TrackPointExtension>
            <gpxtpx:hr>141</gpxtpx:hr>
          </gpxtpx:TrackPointExtension>
        </extensions>
      </trkpt>
      <trkpt lat="31.847399691306173" lon="117.0590719588566">
        <ele>42.20000076293945</ele>
        <time>2026-06-28T23:52:39Z</time>
        <extensions>
          <gpxtpx:TrackPointExtension>
            <gpxtpx:hr>142</gpxtpx:hr>
          </gpxtpx:TrackPointExtension>
        </extensions>
      </trkpt>
      <trkpt lat="31.847396859505402" lon="117.05895921709767">
        <ele>42.20000076293945</ele>
        <time>2026-06-28T23:52:43Z</time>
        <extensions>
          <gpxtpx:TrackPointExtension>
            <gpxtpx:hr>139</gpxtpx:hr>
          </gpxtpx:TrackPointExtension>
        </extensions>
      </trkpt>
      <trkpt lat="31.847391032159052" lon="117.05884348312621">
        <ele>42.20000076293945</ele>
        <time>2026-06-28T23:52:47Z</time>
        <extensions>
          <gpxtpx:TrackPointExtension>
            <gpxtpx:hr>139</gpxtpx:hr>
          </gpxtpx:TrackPointExtension>
        </extensions>
      </trkpt>
      <trkpt lat="31.847405189696335" lon="117.05874071808066">
        <ele>42.20000076293945</ele>
        <time>2026-06-28T23:52:51Z</time>
        <extensions>
          <gpxtpx:TrackPointExtension>
            <gpxtpx:hr>140</gpxtpx:hr>
          </gpxtpx:TrackPointExtension>
        </extensions>
      </trkpt>
      <trkpt lat="31.847399337749238" lon="117.05864194623437">
        <ele>42.20000076293945</ele>
        <time>2026-06-28T23:52:55Z</time>
        <extensions>
          <gpxtpx:TrackPointExtension>
            <gpxtpx:hr>141</gpxtpx:hr>
          </gpxtpx:TrackPointExtension>
        </extensions>
      </trkpt>
      <trkpt lat="31.84740048152048" lon="117.05854716498884">
        <ele>42.20000076293945</ele>
        <time>2026-06-28T23:52:59Z</time>
        <extensions>
          <gpxtpx:TrackPointExtension>
            <gpxtpx:hr>142</gpxtpx:hr>
          </gpxtpx:TrackPointExtension>
        </extensions>
      </trkpt>
      <trkpt lat="31.847410633489552" lon="117.058448392585">
        <ele>42.20000076293945</ele>
        <time>2026-06-28T23:53:03Z</time>
        <extensions>
          <gpxtpx:TrackPointExtension>
            <gpxtpx:hr>142</gpxtpx:hr>
          </gpxtpx:TrackPointExtension>
        </extensions>
      </trkpt>
      <trkpt lat="31.847413789071286" lon="117.05834662826994">
        <ele>42.20000076293945</ele>
        <time>2026-06-28T23:53:07Z</time>
        <extensions>
          <gpxtpx:TrackPointExtension>
            <gpxtpx:hr>142</gpxtpx:hr>
          </gpxtpx:TrackPointExtension>
        </extensions>
      </trkpt>
      <trkpt lat="31.847413959765596" lon="117.058234887961">
        <ele>42.20000076293945</ele>
        <time>2026-06-28T23:53:11Z</time>
        <extensions>
          <gpxtpx:TrackPointExtension>
            <gpxtpx:hr>143</gpxtpx:hr>
          </gpxtpx:TrackPointExtension>
        </extensions>
      </trkpt>
      <trkpt lat="31.847422126415733" lon="117.05812713820941">
        <ele>42.20000076293945</ele>
        <time>2026-06-28T23:53:15Z</time>
        <extensions>
          <gpxtpx:TrackPointExtension>
            <gpxtpx:hr>144</gpxtpx:hr>
          </gpxtpx:TrackPointExtension>
        </extensions>
      </trkpt>
      <trkpt lat="31.847418285076117" lon="117.0580233808318">
        <ele>42.20000076293945</ele>
        <time>2026-06-28T23:53:19Z</time>
        <extensions>
          <gpxtpx:TrackPointExtension>
            <gpxtpx:hr>146</gpxtpx:hr>
          </gpxtpx:TrackPointExtension>
        </extensions>
      </trkpt>
      <trkpt lat="31.847405437817535" lon="117.05792261782099">
        <ele>42.20000076293945</ele>
        <time>2026-06-28T23:53:23Z</time>
        <extensions>
          <gpxtpx:TrackPointExtension>
            <gpxtpx:hr>147</gpxtpx:hr>
          </gpxtpx:TrackPointExtension>
        </extensions>
      </trkpt>
      <trkpt lat="31.847400609522445" lon="117.05781088032072">
        <ele>42.400001525878906</ele>
        <time>2026-06-28T23:53:27Z</time>
        <extensions>
          <gpxtpx:TrackPointExtension>
            <gpxtpx:hr>146</gpxtpx:hr>
          </gpxtpx:TrackPointExtension>
        </extensions>
      </trkpt>
      <trkpt lat="31.847399782527134" lon="117.05769914305925">
        <ele>42.400001525878906</ele>
        <time>2026-06-28T23:53:31Z</time>
        <extensions>
          <gpxtpx:TrackPointExtension>
            <gpxtpx:hr>147</gpxtpx:hr>
          </gpxtpx:TrackPointExtension>
        </extensions>
      </trkpt>
      <trkpt lat="31.847405944988925" lon="117.05759538692948">
        <ele>42.400001525878906</ele>
        <time>2026-06-28T23:53:35Z</time>
        <extensions>
          <gpxtpx:TrackPointExtension>
            <gpxtpx:hr>147</gpxtpx:hr>
          </gpxtpx:TrackPointExtension>
        </extensions>
      </trkpt>
      <trkpt lat="31.847423100696272" lon="117.05749761614794">
        <ele>42.599998474121094</ele>
        <time>2026-06-28T23:53:39Z</time>
        <extensions>
          <gpxtpx:TrackPointExtension>
            <gpxtpx:hr>148</gpxtpx:hr>
          </gpxtpx:TrackPointExtension>
        </extensions>
      </trkpt>
      <trkpt lat="31.847488231805695" lon="117.05742178936075">
        <ele>43.0</ele>
        <time>2026-06-28T23:53:43Z</time>
        <extensions>
          <gpxtpx:TrackPointExtension>
            <gpxtpx:hr>150</gpxtpx:hr>
          </gpxtpx:TrackPointExtension>
        </extensions>
      </trkpt>
      <trkpt lat="31.847569253811017" lon="117.05741779119093">
        <ele>43.20000076293945</ele>
        <time>2026-06-28T23:53:47Z</time>
        <extensions>
          <gpxtpx:TrackPointExtension>
            <gpxtpx:hr>150</gpxtpx:hr>
          </gpxtpx:TrackPointExtension>
        </extensions>
      </trkpt>
      <trkpt lat="31.847634253981276" lon="117.05742576618833">
        <ele>43.20000076293945</ele>
        <time>2026-06-28T23:53:51Z</time>
        <extensions>
          <gpxtpx:TrackPointExtension>
            <gpxtpx:hr>149</gpxtpx:hr>
          </gpxtpx:TrackPointExtension>
        </extensions>
      </trkpt>
      <trkpt lat="31.847704281652387" lon="117.05741678085951">
        <ele>43.20000076293945</ele>
        <time>2026-06-28T23:53:55Z</time>
        <extensions>
          <gpxtpx:TrackPointExtension>
            <gpxtpx:hr>145</gpxtpx:hr>
          </gpxtpx:TrackPointExtension>
        </extensions>
      </trkpt>
      <trkpt lat="31.847776278509944" lon="117.05742774811478">
        <ele>43.400001525878906</ele>
        <time>2026-06-28T23:53:59Z</time>
        <extensions>
          <gpxtpx:TrackPointExtension>
            <gpxtpx:hr>145</gpxtpx:hr>
          </gpxtpx:TrackPointExtension>
        </extensions>
      </trkpt>
      <trkpt lat="31.84784827537529" lon="117.0574387153759">
        <ele>43.20000076293945</ele>
        <time>2026-06-28T23:54:03Z</time>
        <extensions>
          <gpxtpx:TrackPointExtension>
            <gpxtpx:hr>144</gpxtpx:hr>
          </gpxtpx:TrackPointExtension>
        </extensions>
      </trkpt>
      <trkpt lat="31.84792327906974" lon="117.05744569180133">
        <ele>43.400001525878906</ele>
        <time>2026-06-28T23:54:07Z</time>
        <extensions>
          <gpxtpx:TrackPointExtension>
            <gpxtpx:hr>143</gpxtpx:hr>
          </gpxtpx:TrackPointExtension>
        </extensions>
      </trkpt>
      <trkpt lat="31.848006304598695" lon="117.05743969815956">
        <ele>43.400001525878906</ele>
        <time>2026-06-28T23:54:11Z</time>
        <extensions>
          <gpxtpx:TrackPointExtension>
            <gpxtpx:hr>143</gpxtpx:hr>
          </gpxtpx:TrackPointExtension>
        </extensions>
      </trkpt>
      <trkpt lat="31.848080315901633" lon="117.0574416864808">
        <ele>43.599998474121094</ele>
        <time>2026-06-28T23:54:15Z</time>
        <extensions>
          <gpxtpx:TrackPointExtension>
            <gpxtpx:hr>143</gpxtpx:hr>
          </gpxtpx:TrackPointExtension>
        </extensions>
      </trkpt>
      <trkpt lat="31.848159340658736" lon="117.05743569321629">
        <ele>43.599998474121094</ele>
        <time>2026-06-28T23:54:19Z</time>
        <extensions>
          <gpxtpx:TrackPointExtension>
            <gpxtpx:hr>143</gpxtpx:hr>
          </gpxtpx:TrackPointExtension>
        </extensions>
      </trkpt>
      <trkpt lat="31.848242364640722" lon="117.05743069721645">
        <ele>43.79999923706055</ele>
        <time>2026-06-28T23:54:23Z</time>
        <extensions>
          <gpxtpx:TrackPointExtension>
            <gpxtpx:hr>143</gpxtpx:hr>
          </gpxtpx:TrackPointExtension>
        </extensions>
      </trkpt>
      <trkpt lat="31.848327382777356" lon="117.05742969158531">
        <ele>43.79999923706055</ele>
        <time>2026-06-28T23:54:27Z</time>
        <extensions>
          <gpxtpx:TrackPointExtension>
            <gpxtpx:hr>140</gpxtpx:hr>
          </gpxtpx:TrackPointExtension>
        </extensions>
      </trkpt>
      <trkpt lat="31.84840242237164" lon="117.05741372231601">
        <ele>44.0</ele>
        <time>2026-06-28T23:54:31Z</time>
        <extensions>
          <gpxtpx:TrackPointExtension>
            <gpxtpx:hr>140</gpxtpx:hr>
          </gpxtpx:TrackPointExtension>
        </extensions>
      </trkpt>
      <trkpt lat="31.848481464321335" lon="117.05739675504579">
        <ele>44.20000076293945</ele>
        <time>2026-06-28T23:54:35Z</time>
        <extensions>
          <gpxtpx:TrackPointExtension>
            <gpxtpx:hr>143</gpxtpx:hr>
          </gpxtpx:TrackPointExtension>
        </extensions>
      </trkpt>
      <trkpt lat="31.848556493010783" lon="117.05738776925962">
        <ele>44.400001525878906</ele>
        <time>2026-06-28T23:54:39Z</time>
        <extensions>
          <gpxtpx:TrackPointExtension>
            <gpxtpx:hr>143</gpxtpx:hr>
          </gpxtpx:TrackPointExtension>
        </extensions>
      </trkpt>
      <trkpt lat="31.84862850706403" lon="117.05738776248981">
        <ele>44.599998474121094</ele>
        <time>2026-06-28T23:54:43Z</time>
        <extensions>
          <gpxtpx:TrackPointExtension>
            <gpxtpx:hr>141</gpxtpx:hr>
          </gpxtpx:TrackPointExtension>
        </extensions>
      </trkpt>
      <trkpt lat="31.848705523657976" lon="117.05738675761296">
        <ele>44.79999923706055</ele>
        <time>2026-06-28T23:54:47Z</time>
        <extensions>
          <gpxtpx:TrackPointExtension>
            <gpxtpx:hr>139</gpxtpx:hr>
          </gpxtpx:TrackPointExtension>
        </extensions>
      </trkpt>
      <trkpt lat="31.848780542988187" lon="117.05738375765067">
        <ele>45.0</ele>
        <time>2026-06-28T23:54:51Z</time>
        <extensions>
          <gpxtpx:TrackPointExtension>
            <gpxtpx:hr>139</gpxtpx:hr>
          </gpxtpx:TrackPointExtension>
        </extensions>
      </trkpt>
      <trkpt lat="31.848862549632848" lon="117.05738973576173">
        <ele>45.20000076293945</ele>
        <time>2026-06-28T23:54:55Z</time>
        <extensions>
          <gpxtpx:TrackPointExtension>
            <gpxtpx:hr>139</gpxtpx:hr>
          </gpxtpx:TrackPointExtension>
        </extensions>
      </trkpt>
      <trkpt lat="31.848941568188714" lon="117.05738773305971">
        <ele>45.400001525878906</ele>
        <time>2026-06-28T23:54:59Z</time>
        <extensions>
          <gpxtpx:TrackPointExtension>
            <gpxtpx:hr>139</gpxtpx:hr>
          </gpxtpx:TrackPointExtension>
        </extensions>
      </trkpt>
      <trkpt lat="31.849016575034977" lon="117.05739271419287">
        <ele>45.79999923706055</ele>
        <time>2026-06-28T23:55:03Z</time>
        <extensions>
          <gpxtpx:TrackPointExtension>
            <gpxtpx:hr>139</gpxtpx:hr>
          </gpxtpx:TrackPointExtension>
        </extensions>
      </trkpt>
      <trkpt lat="31.84907957641743" lon="117.05739969173044">
        <ele>46.0</ele>
        <time>2026-06-28T23:55:07Z</time>
        <extensions>
          <gpxtpx:TrackPointExtension>
            <gpxtpx:hr>139</gpxtpx:hr>
          </gpxtpx:TrackPointExtension>
        </extensions>
      </trkpt>
      <trkpt lat="31.84915857000637" lon="117.05741365123194">
        <ele>46.20000076293945</ele>
        <time>2026-06-28T23:55:11Z</time>
        <extensions>
          <gpxtpx:TrackPointExtension>
            <gpxtpx:hr>139</gpxtpx:hr>
          </gpxtpx:TrackPointExtension>
        </extensions>
      </trkpt>
      <trkpt lat="31.849226591104188" lon="117.05740865664777">
        <ele>46.20000076293945</ele>
        <time>2026-06-28T23:55:15Z</time>
        <extensions>
          <gpxtpx:TrackPointExtension>
            <gpxtpx:hr>140</gpxtpx:hr>
          </gpxtpx:TrackPointExtension>
        </extensions>
      </trkpt>
      <trkpt lat="31.849301626063998" lon="117.05739568030673">
        <ele>46.599998474121094</ele>
        <time>2026-06-28T23:55:19Z</time>
        <extensions>
          <gpxtpx:TrackPointExtension>
            <gpxtpx:hr>140</gpxtpx:hr>
          </gpxtpx:TrackPointExtension>
        </extensions>
      </trkpt>
      <trkpt lat="31.84938563312554" lon="117.05740165823299">
        <ele>46.79999923706055</ele>
        <time>2026-06-28T23:55:23Z</time>
        <extensions>
          <gpxtpx:TrackPointExtension>
            <gpxtpx:hr>139</gpxtpx:hr>
          </gpxtpx:TrackPointExtension>
        </extensions>
      </trkpt>
      <trkpt lat="31.849465647214576" lon="117.0574026483483">
        <ele>46.79999923706055</ele>
        <time>2026-06-28T23:55:27Z</time>
        <extensions>
          <gpxtpx:TrackPointExtension>
            <gpxtpx:hr>139</gpxtpx:hr>
          </gpxtpx:TrackPointExtension>
        </extensions>
      </trkpt>
      <trkpt lat="31.849539672622498" lon="117.05739565792796">
        <ele>47.20000076293945</ele>
        <time>2026-06-28T23:55:31Z</time>
        <extensions>
          <gpxtpx:TrackPointExtension>
            <gpxtpx:hr>140</gpxtpx:hr>
          </gpxtpx:TrackPointExtension>
        </extensions>
      </trkpt>
      <trkpt lat="31.849606685734713" lon="117.05739565162801">
        <ele>47.400001525878906</ele>
        <time>2026-06-28T23:55:35Z</time>
        <extensions>
          <gpxtpx:TrackPointExtension>
            <gpxtpx:hr>142</gpxtpx:hr>
          </gpxtpx:TrackPointExtension>
        </extensions>
      </trkpt>
      <trkpt lat="31.84968771720569" lon="117.05738566764126">
        <ele>47.599998474121094</ele>
        <time>2026-06-28T23:55:39Z</time>
        <extensions>
          <gpxtpx:TrackPointExtension>
            <gpxtpx:hr>142</gpxtpx:hr>
          </gpxtpx:TrackPointExtension>
        </extensions>
      </trkpt>
      <trkpt lat="31.849773748101153" lon="117.05737668082558">
        <ele>47.79999923706055</ele>
        <time>2026-06-28T23:55:43Z</time>
        <extensions>
          <gpxtpx:TrackPointExtension>
            <gpxtpx:hr>142</gpxtpx:hr>
          </gpxtpx:TrackPointExtension>
        </extensions>
      </trkpt>
      <trkpt lat="31.84986275459635" lon="117.05738365591262">
        <ele>48.0</ele>
        <time>2026-06-28T23:55:47Z</time>
        <extensions>
          <gpxtpx:TrackPointExtension>
            <gpxtpx:hr>143</gpxtpx:hr>
          </gpxtpx:TrackPointExtension>
        </extensions>
      </trkpt>
      <trkpt lat="31.849945783350595" lon="117.05737566701617">
        <ele>48.400001525878906</ele>
        <time>2026-06-28T23:55:51Z</time>
        <extensions>
          <gpxtpx:TrackPointExtension>
            <gpxtpx:hr>143</gpxtpx:hr>
          </gpxtpx:TrackPointExtension>
        </extensions>
      </trkpt>
      <trkpt lat="31.850023806444018" lon="117.05737067150096">
        <ele>48.599998474121094</ele>
        <time>2026-06-28T23:55:55Z</time>
        <extensions>
          <gpxtpx:TrackPointExtension>
            <gpxtpx:hr>142</gpxtpx:hr>
          </gpxtpx:TrackPointExtension>
        </extensions>
      </trkpt>
      <trkpt lat="31.850102812551484" lon="117.05737664988976">
        <ele>48.79999923706055</ele>
        <time>2026-06-28T23:55:59Z</time>
        <extensions>
          <gpxtpx:TrackPointExtension>
            <gpxtpx:hr>144</gpxtpx:hr>
          </gpxtpx:TrackPointExtension>
        </extensions>
      </trkpt>
      <trkpt lat="31.850175817487585" lon="117.05738262884445">
        <ele>49.20000076293945</ele>
        <time>2026-06-28T23:56:03Z</time>
        <extensions>
          <gpxtpx:TrackPointExtension>
            <gpxtpx:hr>145</gpxtpx:hr>
          </gpxtpx:TrackPointExtension>
        </extensions>
      </trkpt>
      <trkpt lat="31.850253829655255" lon="117.0573846167834">
        <ele>49.400001525878906</ele>
        <time>2026-06-28T23:56:07Z</time>
        <extensions>
          <gpxtpx:TrackPointExtension>
            <gpxtpx:hr>146</gpxtpx:hr>
          </gpxtpx:TrackPointExtension>
        </extensions>
      </trkpt>
      <trkpt lat="31.850341862531216" lon="117.05737463214379">
        <ele>49.79999923706055</ele>
        <time>2026-06-28T23:56:11Z</time>
        <extensions>
          <gpxtpx:TrackPointExtension>
            <gpxtpx:hr>146</gpxtpx:hr>
          </gpxtpx:TrackPointExtension>
        </extensions>
      </trkpt>
      <trkpt lat="31.850428887406512" lon="117.05736963578248">
        <ele>50.0</ele>
        <time>2026-06-28T23:56:15Z</time>
        <extensions>
          <gpxtpx:TrackPointExtension>
            <gpxtpx:hr>146</gpxtpx:hr>
          </gpxtpx:TrackPointExtension>
        </extensions>
      </trkpt>
      <trkpt lat="31.850502880053376" lon="117.05738359573279">
        <ele>50.20000076293945</ele>
        <time>2026-06-28T23:56:19Z</time>
        <extensions>
          <gpxtpx:TrackPointExtension>
            <gpxtpx:hr>146</gpxtpx:hr>
          </gpxtpx:TrackPointExtension>
        </extensions>
      </trkpt>
      <trkpt lat="31.850583891261508" lon="117.0573865810264">
        <ele>50.599998474121094</ele>
        <time>2026-06-28T23:56:23Z</time>
        <extensions>
          <gpxtpx:TrackPointExtension>
            <gpxtpx:hr>147</gpxtpx:hr>
          </gpxtpx:TrackPointExtension>
        </extensions>
      </trkpt>
      <trkpt lat="31.85066790618561" lon="117.05738757076449">
        <ele>50.79999923706055</ele>
        <time>2026-06-28T23:56:27Z</time>
        <extensions>
          <gpxtpx:TrackPointExtension>
            <gpxtpx:hr>150</gpxtpx:hr>
          </gpxtpx:TrackPointExtension>
        </extensions>
      </trkpt>
      <trkpt lat="31.85074691232408" lon="117.05739354915794">
        <ele>51.0</ele>
        <time>2026-06-28T23:56:31Z</time>
        <extensions>
          <gpxtpx:TrackPointExtension>
            <gpxtpx:hr>150</gpxtpx:hr>
          </gpxtpx:TrackPointExtension>
        </extensions>
      </trkpt>
      <trkpt lat="31.850829933305263" lon="117.05739054844193">
        <ele>51.400001525878906</ele>
        <time>2026-06-28T23:56:35Z</time>
        <extensions>
          <gpxtpx:TrackPointExtension>
            <gpxtpx:hr>151</gpxtpx:hr>
          </gpxtpx:TrackPointExtension>
        </extensions>
      </trkpt>
      <trkpt lat="31.85089993612224" lon="117.0573975253198">
        <ele>51.599998474121094</ele>
        <time>2026-06-28T23:56:39Z</time>
        <extensions>
          <gpxtpx:TrackPointExtension>
            <gpxtpx:hr>152</gpxtpx:hr>
          </gpxtpx:TrackPointExtension>
        </extensions>
      </trkpt>
      <trkpt lat="31.850970951629527" lon="117.05739652100605">
        <ele>52.0</ele>
        <time>2026-06-28T23:56:43Z</time>
        <extensions>
          <gpxtpx:TrackPointExtension>
            <gpxtpx:hr>151</gpxtpx:hr>
          </gpxtpx:TrackPointExtension>
        </extensions>
      </trkpt>
      <trkpt lat="31.8510579624769" lon="117.05740050337464">
        <ele>52.20000076293945</ele>
        <time>2026-06-28T23:56:47Z</time>
        <extensions>
          <gpxtpx:TrackPointExtension>
            <gpxtpx:hr>150</gpxtpx:hr>
          </gpxtpx:TrackPointExtension>
        </extensions>
      </trkpt>
      <trkpt lat="31.851139966102618" lon="117.05740847676523">
        <ele>52.400001525878906</ele>
        <time>2026-06-28T23:56:51Z</time>
        <extensions>
          <gpxtpx:TrackPointExtension>
            <gpxtpx:hr>151</gpxtpx:hr>
          </gpxtpx:TrackPointExtension>
        </extensions>
      </trkpt>
      <trkpt lat="31.8512099954713" lon="117.05739849380643">
        <ele>52.79999923706055</ele>
        <time>2026-06-28T23:56:55Z</time>
        <extensions>
          <gpxtpx:TrackPointExtension>
            <gpxtpx:hr>150</gpxtpx:hr>
          </gpxtpx:TrackPointExtension>
        </extensions>
      </trkpt>
      <trkpt lat="31.851292024082742" lon="117.05739050499801">
        <ele>53.20000076293945</ele>
        <time>2026-06-28T23:56:59Z</time>
        <extensions>
          <gpxtpx:TrackPointExtension>
            <gpxtpx:hr>150</gpxtpx:hr>
          </gpxtpx:TrackPointExtension>
        </extensions>
      </trkpt>
      <trkpt lat="31.851369043908093" lon="117.05738750484652">
        <ele>53.599998474121094</ele>
        <time>2026-06-28T23:57:03Z</time>
        <extensions>
          <gpxtpx:TrackPointExtension>
            <gpxtpx:hr>150</gpxtpx:hr>
          </gpxtpx:TrackPointExtension>
        </extensions>
      </trkpt>
      <trkpt lat="31.851456043842393" lon="117.05739847067366">
        <ele>54.0</ele>
        <time>2026-06-28T23:57:07Z</time>
        <extensions>
          <gpxtpx:TrackPointExtension>
            <gpxtpx:hr>150</gpxtpx:hr>
          </gpxtpx:TrackPointExtension>
        </extensions>
      </trkpt>
      <trkpt lat="31.851531007097567" lon="117.05743138568108">
        <ele>54.400001525878906</ele>
        <time>2026-06-28T23:57:11Z</time>
        <extensions>
          <gpxtpx:TrackPointExtension>
            <gpxtpx:hr>149</gpxtpx:hr>
          </gpxtpx:TrackPointExtension>
        </extensions>
      </trkpt>
      <trkpt lat="31.851573906468023" lon="117.05750121648667">
        <ele>54.599998474121094</ele>
        <time>2026-06-28T23:57:15Z</time>
        <extensions>
          <gpxtpx:TrackPointExtension>
            <gpxtpx:hr>148</gpxtpx:hr>
          </gpxtpx:TrackPointExtension>
        </extensions>
      </trkpt>
      <trkpt lat="31.851590763640974" lon="117.05759499349102">
        <ele>54.79999923706055</ele>
        <time>2026-06-28T23:57:19Z</time>
        <extensions>
          <gpxtpx:TrackPointExtension>
            <gpxtpx:hr>146</gpxtpx:hr>
          </gpxtpx:TrackPointExtension>
        </extensions>
      </trkpt>
      <trkpt lat="31.851593582806224" lon="117.0577117182445">
        <ele>54.599998474121094</ele>
        <time>2026-06-28T23:57:23Z</time>
        <extensions>
          <gpxtpx:TrackPointExtension>
            <gpxtpx:hr>148</gpxtpx:hr>
          </gpxtpx:TrackPointExtension>
        </extensions>
      </trkpt>
      <trkpt lat="31.851596328507437" lon="117.05787633133195">
        <ele>54.400001525878906</ele>
        <time>2026-06-28T23:57:27Z</time>
        <extensions>
          <gpxtpx:TrackPointExtension>
            <gpxtpx:hr>150</gpxtpx:hr>
          </gpxtpx:TrackPointExtension>
        </extensions>
      </trkpt>
      <trkpt lat="31.85159508069246" lon="117.05803695545578">
        <ele>54.20000076293945</ele>
        <time>2026-06-28T23:57:31Z</time>
        <extensions>
          <gpxtpx:TrackPointExtension>
            <gpxtpx:hr>153</gpxtpx:hr>
          </gpxtpx:TrackPointExtension>
        </extensions>
      </trkpt>
      <trkpt lat="31.851580842095853" lon="117.05819059834012">
        <ele>54.20000076293945</ele>
        <time>2026-06-28T23:57:35Z</time>
        <extensions>
          <gpxtpx:TrackPointExtension>
            <gpxtpx:hr>153</gpxtpx:hr>
          </gpxtpx:TrackPointExtension>
        </extensions>
      </trkpt>
      <trkpt lat="31.851586588643592" lon="117.05835721040414">
        <ele>54.20000076293945</ele>
        <time>2026-06-28T23:57:39Z</time>
        <extensions>
          <gpxtpx:TrackPointExtension>
            <gpxtpx:hr>154</gpxtpx:hr>
          </gpxtpx:TrackPointExtension>
        </extensions>
      </trkpt>
      <trkpt lat="31.851585344064983" lon="117.05851783834412">
        <ele>53.79999923706055</ele>
        <time>2026-06-28T23:57:43Z</time>
        <extensions>
          <gpxtpx:TrackPointExtension>
            <gpxtpx:hr>155</gpxtpx:hr>
          </gpxtpx:TrackPointExtension>
        </extensions>
      </trkpt>
      <trkpt lat="31.851584127717228" lon="117.05866050896282">
        <ele>53.79999923706055</ele>
        <time>2026-06-28T23:57:47Z</time>
        <extensions>
          <gpxtpx:TrackPointExtension>
            <gpxtpx:hr>155</gpxtpx:hr>
          </gpxtpx:TrackPointExtension>
        </extensions>
      </trkpt>
      <trkpt lat="31.85156590587537" lon="117.05880517760316">
        <ele>53.400001525878906</ele>
        <time>2026-06-28T23:57:51Z</time>
        <extensions>
          <gpxtpx:TrackPointExtension>
            <gpxtpx:hr>157</gpxtpx:hr>
          </gpxtpx:TrackPointExtension>
        </extensions>
      </trkpt>
      <trkpt lat="31.851540680544627" lon="117.0589518433686">
        <ele>53.0</ele>
        <time>2026-06-28T23:57:55Z</time>
        <extensions>
          <gpxtpx:TrackPointExtension>
            <gpxtpx:hr>157</gpxtpx:hr>
          </gpxtpx:TrackPointExtension>
        </extensions>
      </trkpt>
      <trkpt lat="31.85153645876175" lon="117.05909950594847">
        <ele>52.79999923706055</ele>
        <time>2026-06-28T23:57:59Z</time>
        <extensions>
          <gpxtpx:TrackPointExtension>
            <gpxtpx:hr>158</gpxtpx:hr>
          </gpxtpx:TrackPointExtension>
        </extensions>
      </trkpt>
      <trkpt lat="31.851549263506236" lon="117.05923220209017">
        <ele>52.599998474121094</ele>
        <time>2026-06-28T23:58:03Z</time>
        <extensions>
          <gpxtpx:TrackPointExtension>
            <gpxtpx:hr>160</gpxtpx:hr>
          </gpxtpx:TrackPointExtension>
        </extensions>
      </trkpt>
      <trkpt lat="31.851549051649304" lon="117.0593748776784">
        <ele>52.599998474121094</ele>
        <time>2026-06-28T23:58:07Z</time>
        <extensions>
          <gpxtpx:TrackPointExtension>
            <gpxtpx:hr>161</gpxtpx:hr>
          </gpxtpx:TrackPointExtension>
        </extensions>
      </trkpt>
      <trkpt lat="31.851540828772322" lon="117.05952453922923">
        <ele>52.0</ele>
        <time>2026-06-28T23:58:11Z</time>
        <extensions>
          <gpxtpx:TrackPointExtension>
            <gpxtpx:hr>162</gpxtpx:hr>
          </gpxtpx:TrackPointExtension>
        </extensions>
      </trkpt>
      <trkpt lat="31.851550626511457" lon="117.05966322495867">
        <ele>52.0</ele>
        <time>2026-06-28T23:58:15Z</time>
        <extensions>
          <gpxtpx:TrackPointExtension>
            <gpxtpx:hr>164</gpxtpx:hr>
          </gpxtpx:TrackPointExtension>
        </extensions>
      </trkpt>
      <trkpt lat="31.851574419057588" lon="117.05980789686919">
        <ele>51.79999923706055</ele>
        <time>2026-06-28T23:58:19Z</time>
        <extensions>
          <gpxtpx:TrackPointExtension>
            <gpxtpx:hr>166</gpxtpx:hr>
          </gpxtpx:TrackPointExtension>
        </extensions>
      </trkpt>
      <trkpt lat="31.85159524244639" lon="117.05993161708109">
        <ele>51.599998474121094</ele>
        <time>2026-06-28T23:58:23Z</time>
        <extensions>
          <gpxtpx:TrackPointExtension>
            <gpxtpx:hr>163</gpxtpx:hr>
          </gpxtpx:TrackPointExtension>
        </extensions>
      </trkpt>
      <trkpt lat="31.851612059899065" lon="117.06005932951086">
        <ele>51.400001525878906</ele>
        <time>2026-06-28T23:58:27Z</time>
        <extensions>
          <gpxtpx:TrackPointExtension>
            <gpxtpx:hr>162</gpxtpx:hr>
          </gpxtpx:TrackPointExtension>
        </extensions>
      </trkpt>
      <trkpt lat="31.851626870430614" lon="117.06019203182326">
        <ele>51.400001525878906</ele>
        <time>2026-06-28T23:58:31Z</time>
        <extensions>
          <gpxtpx:TrackPointExtension>
            <gpxtpx:hr>162</gpxtpx:hr>
          </gpxtpx:TrackPointExtension>
        </extensions>
      </trkpt>
      <trkpt lat="31.85163766798034" lon="117.06033371543748">
        <ele>51.0</ele>
        <time>2026-06-28T23:58:35Z</time>
        <extensions>
          <gpxtpx:TrackPointExtension>
            <gpxtpx:hr>161</gpxtpx:hr>
          </gpxtpx:TrackPointExtension>
        </extensions>
      </trkpt>
      <trkpt lat="31.85164746618733" lon="117.0604754001528">
        <ele>51.0</ele>
        <time>2026-06-28T23:58:39Z</time>
        <extensions>
          <gpxtpx:TrackPointExtension>
            <gpxtpx:hr>163</gpxtpx:hr>
          </gpxtpx:TrackPointExtension>
        </extensions>
      </trkpt>
      <trkpt lat="31.85163728698644" lon="117.06059912742124">
        <ele>50.79999923706055</ele>
        <time>2026-06-28T23:58:43Z</time>
        <extensions>
          <gpxtpx:TrackPointExtension>
            <gpxtpx:hr>164</gpxtpx:hr>
          </gpxtpx:TrackPointExtension>
        </extensions>
      </trkpt>
      <trkpt lat="31.851624085110583" lon="117.06073882058419">
        <ele>50.599998474121094</ele>
        <time>2026-06-28T23:58:47Z</time>
        <extensions>
          <gpxtpx:TrackPointExtension>
            <gpxtpx:hr>163</gpxtpx:hr>
          </gpxtpx:TrackPointExtension>
        </extensions>
      </trkpt>
      <trkpt lat="31.851628877706833" lon="117.06088549770637">
        <ele>50.400001525878906</ele>
        <time>2026-06-28T23:58:51Z</time>
        <extensions>
          <gpxtpx:TrackPointExtension>
            <gpxtpx:hr>165</gpxtpx:hr>
          </gpxtpx:TrackPointExtension>
        </extensions>
      </trkpt>
      <trkpt lat="31.851616658019793" lon="117.06103916223788">
        <ele>50.0</ele>
        <time>2026-06-28T23:58:55Z</time>
        <extensions>
          <gpxtpx:TrackPointExtension>
            <gpxtpx:hr>166</gpxtpx:hr>
          </gpxtpx:TrackPointExtension>
        </extensions>
      </trkpt>
      <trkpt lat="31.851623455694853" lon="117.06118384574">
        <ele>50.0</ele>
        <time>2026-06-28T23:58:59Z</time>
        <extensions>
          <gpxtpx:TrackPointExtension>
            <gpxtpx:hr>166</gpxtpx:hr>
          </gpxtpx:TrackPointExtension>
        </extensions>
      </trkpt>
      <trkpt lat="31.851624250293646" lon="117.06133052652852">
        <ele>49.79999923706055</ele>
        <time>2026-06-28T23:59:03Z</time>
        <extensions>
          <gpxtpx:TrackPointExtension>
            <gpxtpx:hr>167</gpxtpx:hr>
          </gpxtpx:TrackPointExtension>
        </extensions>
      </trkpt>
      <trkpt lat="31.851630082931823" lon="117.061451264104">
        <ele>49.599998474121094</ele>
        <time>2026-06-28T23:59:07Z</time>
        <extensions>
          <gpxtpx:TrackPointExtension>
            <gpxtpx:hr>167</gpxtpx:hr>
          </gpxtpx:TrackPointExtension>
        </extensions>
      </trkpt>
      <trkpt lat="31.851640908868387" lon="117.06157798901629">
        <ele>49.400001525878906</ele>
        <time>2026-06-28T23:59:11Z</time>
        <extensions>
          <gpxtpx:TrackPointExtension>
            <gpxtpx:hr>168</gpxtpx:hr>
          </gpxtpx:TrackPointExtension>
        </extensions>
      </trkpt>
      <trkpt lat="31.85164771677679" lon="117.0617176871937">
        <ele>49.400001525878906</ele>
        <time>2026-06-28T23:59:15Z</time>
        <extensions>
          <gpxtpx:TrackPointExtension>
            <gpxtpx:hr>169</gpxtpx:hr>
          </gpxtpx:TrackPointExtension>
        </extensions>
      </trkpt>
      <trkpt lat="31.85165352944508" lon="117.06185439287506">
        <ele>49.400001525878906</ele>
        <time>2026-06-28T23:59:19Z</time>
        <extensions>
          <gpxtpx:TrackPointExtension>
            <gpxtpx:hr>169</gpxtpx:hr>
          </gpxtpx:TrackPointExtension>
        </extensions>
      </trkpt>
      <trkpt lat="31.851654322795422" lon="117.06200507010536">
        <ele>49.400001525878906</ele>
        <time>2026-06-28T23:59:23Z</time>
        <extensions>
          <gpxtpx:TrackPointExtension>
            <gpxtpx:hr>169</gpxtpx:hr>
          </gpxtpx:TrackPointExtension>
        </extensions>
      </trkpt>
      <trkpt lat="31.851639138462765" lon="117.06213778826036">
        <ele>49.20000076293945</ele>
        <time>2026-06-28T23:59:27Z</time>
        <extensions>
          <gpxtpx:TrackPointExtension>
            <gpxtpx:hr>170</gpxtpx:hr>
          </gpxtpx:TrackPointExtension>
        </extensions>
      </trkpt>
      <trkpt lat="31.851637950867634" lon="117.06227549539335">
        <ele>48.79999923706055</ele>
        <time>2026-06-28T23:59:31Z</time>
        <extensions>
          <gpxtpx:TrackPointExtension>
            <gpxtpx:hr>169</gpxtpx:hr>
          </gpxtpx:TrackPointExtension>
        </extensions>
      </trkpt>
      <trkpt lat="31.851643765466708" lon="117.06241320283034">
        <ele>49.0</ele>
        <time>2026-06-28T23:59:35Z</time>
        <extensions>
          <gpxtpx:TrackPointExtension>
            <gpxtpx:hr>167</gpxtpx:hr>
          </gpxtpx:TrackPointExtension>
        </extensions>
      </trkpt>
      <trkpt lat="31.85164858471601" lon="117.06254791764201">
        <ele>49.0</ele>
        <time>2026-06-28T23:59:39Z</time>
        <extensions>
          <gpxtpx:TrackPointExtension>
            <gpxtpx:hr>168</gpxtpx:hr>
          </gpxtpx:TrackPointExtension>
        </extensions>
      </trkpt>
      <trkpt lat="31.85166140364768" lon="117.06268462842611">
        <ele>48.79999923706055</ele>
        <time>2026-06-28T23:59:43Z</time>
        <extensions>
          <gpxtpx:TrackPointExtension>
            <gpxtpx:hr>170</gpxtpx:hr>
          </gpxtpx:TrackPointExtension>
        </extensions>
      </trkpt>
      <trkpt lat="31.851659235083353" lon="117.06281036458618">
        <ele>48.79999923706055</ele>
        <time>2026-06-28T23:59:47Z</time>
        <extensions>
          <gpxtpx:TrackPointExtension>
            <gpxtpx:hr>172</gpxtpx:hr>
          </gpxtpx:TrackPointExtension>
        </extensions>
      </trkpt>
      <trkpt lat="31.851664071232832" lon="117.06293410506439">
        <ele>48.79999923706055</ele>
        <time>2026-06-28T23:59:51Z</time>
        <extensions>
          <gpxtpx:TrackPointExtension>
            <gpxtpx:hr>170</gpxtpx:hr>
          </gpxtpx:TrackPointExtension>
        </extensions>
      </trkpt>
      <trkpt lat="31.851654897361996" lon="117.06306383516463">
        <ele>48.79999923706055</ele>
        <time>2026-06-28T23:59:55Z</time>
        <extensions>
          <gpxtpx:TrackPointExtension>
            <gpxtpx:hr>168</gpxtpx:hr>
          </gpxtpx:TrackPointExtension>
        </extensions>
      </trkpt>
      <trkpt lat="31.851645718957897" lon="117.06319755783304">
        <ele>48.599998474121094</ele>
        <time>2026-06-28T23:59:59Z</time>
        <extensions>
          <gpxtpx:TrackPointExtension>
            <gpxtpx:hr>161</gpxtpx:hr>
          </gpxtpx:TrackPointExtension>
        </extensions>
      </trkpt>
      <trkpt lat="31.851629555667486" lon="117.06331930686643">
        <ele>48.599998474121094</ele>
        <time>2026-06-29T00:00:03Z</time>
        <extensions>
          <gpxtpx:TrackPointExtension>
            <gpxtpx:hr>160</gpxtpx:hr>
          </gpxtpx:TrackPointExtension>
        </extensions>
      </trkpt>
      <trkpt lat="31.851607378793492" lon="117.06345103662362">
        <ele>48.79999923706055</ele>
        <time>2026-06-29T00:00:07Z</time>
        <extensions>
          <gpxtpx:TrackPointExtension>
            <gpxtpx:hr>162</gpxtpx:hr>
          </gpxtpx:TrackPointExtension>
        </extensions>
      </trkpt>
      <trkpt lat="31.851590204954533" lon="117.06358176885023">
        <ele>48.79999923706055</ele>
        <time>2026-06-29T00:00:11Z</time>
        <extensions>
          <gpxtpx:TrackPointExtension>
            <gpxtpx:hr>164</gpxtpx:hr>
          </gpxtpx:TrackPointExtension>
        </extensions>
      </trkpt>
      <trkpt lat="31.85158204268005" lon="117.06370551542896">
        <ele>49.0</ele>
        <time>2026-06-29T00:00:15Z</time>
        <extensions>
          <gpxtpx:TrackPointExtension>
            <gpxtpx:hr>166</gpxtpx:hr>
          </gpxtpx:TrackPointExtension>
        </extensions>
      </trkpt>
      <trkpt lat="31.85158287897769" lon="117.06383225582344">
        <ele>49.0</ele>
        <time>2026-06-29T00:00:19Z</time>
        <extensions>
          <gpxtpx:TrackPointExtension>
            <gpxtpx:hr>167</gpxtpx:hr>
          </gpxtpx:TrackPointExtension>
        </extensions>
      </trkpt>
      <trkpt lat="31.8515717161768" lon="117.06395700223888">
        <ele>49.20000076293945</ele>
        <time>2026-06-29T00:00:23Z</time>
        <extensions>
          <gpxtpx:TrackPointExtension>
            <gpxtpx:hr>167</gpxtpx:hr>
          </gpxtpx:TrackPointExtension>
        </extensions>
      </trkpt>
      <trkpt lat="31.851578561425203" lon="117.0640787538391">
        <ele>49.20000076293945</ele>
        <time>2026-06-29T00:00:27Z</time>
        <extensions>
          <gpxtpx:TrackPointExtension>
            <gpxtpx:hr>166</gpxtpx:hr>
          </gpxtpx:TrackPointExtension>
        </extensions>
      </trkpt>
      <trkpt lat="31.85159240106575" lon="117.06420649341352">
        <ele>49.20000076293945</ele>
        <time>2026-06-29T00:00:31Z</time>
        <extensions>
          <gpxtpx:TrackPointExtension>
            <gpxtpx:hr>167</gpxtpx:hr>
          </gpxtpx:TrackPointExtension>
        </extensions>
      </trkpt>
      <trkpt lat="31.851603245890793" lon="117.06433024216656">
        <ele>49.0</ele>
        <time>2026-06-29T00:00:35Z</time>
        <extensions>
          <gpxtpx:TrackPointExtension>
            <gpxtpx:hr>167</gpxtpx:hr>
          </gpxtpx:TrackPointExtension>
        </extensions>
      </trkpt>
      <trkpt lat="31.8515930960774" lon="117.0644470077442">
        <ele>49.400001525878906</ele>
        <time>2026-06-29T00:00:39Z</time>
        <extensions>
          <gpxtpx:TrackPointExtension>
            <gpxtpx:hr>166</gpxtpx:hr>
          </gpxtpx:TrackPointExtension>
        </extensions>
      </trkpt>
      <trkpt lat="31.851538972129656" lon="117.06453683225907">
        <ele>49.400001525878906</ele>
        <time>2026-06-29T00:00:43Z</time>
        <extensions>
          <gpxtpx:TrackPointExtension>
            <gpxtpx:hr>167</gpxtpx:hr>
          </gpxtpx:TrackPointExtension>
        </extensions>
      </trkpt>
      <trkpt lat="31.85142691993814" lon="117.06456079472832">
        <ele>49.20000076293945</ele>
        <time>2026-06-29T00:00:47Z</time>
        <extensions>
          <gpxtpx:TrackPointExtension>
            <gpxtpx:hr>166</gpxtpx:hr>
          </gpxtpx:TrackPointExtension>
        </extensions>
      </trkpt>
      <trkpt lat="31.851314891633063" lon="117.06456579526667">
        <ele>49.0</ele>
        <time>2026-06-29T00:00:51Z</time>
        <extensions>
          <gpxtpx:TrackPointExtension>
            <gpxtpx:hr>166</gpxtpx:hr>
          </gpxtpx:TrackPointExtension>
        </extensions>
      </trkpt>
      <trkpt lat="31.85120487126383" lon="117.0645648076326">
        <ele>48.79999923706055</ele>
        <time>2026-06-29T00:00:55Z</time>
        <extensions>
          <gpxtpx:TrackPointExtension>
            <gpxtpx:hr>164</gpxtpx:hr>
          </gpxtpx:TrackPointExtension>
        </extensions>
      </trkpt>
      <trkpt lat="31.85109784772263" lon="117.06456681370817">
        <ele>48.599998474121094</ele>
        <time>2026-06-29T00:00:59Z</time>
        <extensions>
          <gpxtpx:TrackPointExtension>
            <gpxtpx:hr>163</gpxtpx:hr>
          </gpxtpx:TrackPointExtension>
        </extensions>
      </trkpt>
      <trkpt lat="31.850994799866083" lon="117.06458877936919">
        <ele>48.400001525878906</ele>
        <time>2026-06-29T00:01:03Z</time>
        <extensions>
          <gpxtpx:TrackPointExtension>
            <gpxtpx:hr>164</gpxtpx:hr>
          </gpxtpx:TrackPointExtension>
        </extensions>
      </trkpt>
      <trkpt lat="31.850885752111733" lon="117.06460974762064">
        <ele>48.0</ele>
        <time>2026-06-29T00:01:07Z</time>
        <extensions>
          <gpxtpx:TrackPointExtension>
            <gpxtpx:hr>165</gpxtpx:hr>
          </gpxtpx:TrackPointExtension>
        </extensions>
      </trkpt>
      <trkpt lat="31.850768729136917" lon="117.0646097586434">
        <ele>47.599998474121094</ele>
        <time>2026-06-29T00:01:11Z</time>
        <extensions>
          <gpxtpx:TrackPointExtension>
            <gpxtpx:hr>165</gpxtpx:hr>
          </gpxtpx:TrackPointExtension>
        </extensions>
      </trkpt>
      <trkpt lat="31.850656717184204" lon="117.06460178519907">
        <ele>47.400001525878906</ele>
        <time>2026-06-29T00:01:15Z</time>
        <extensions>
          <gpxtpx:TrackPointExtension>
            <gpxtpx:hr>164</gpxtpx:hr>
          </gpxtpx:TrackPointExtension>
        </extensions>
      </trkpt>
      <trkpt lat="31.850544690187423" lon="117.06460578774825">
        <ele>47.20000076293945</ele>
        <time>2026-06-29T00:01:19Z</time>
        <extensions>
          <gpxtpx:TrackPointExtension>
            <gpxtpx:hr>166</gpxtpx:hr>
          </gpxtpx:TrackPointExtension>
        </extensions>
      </trkpt>
      <trkpt lat="31.850422656220633" lon="117.06461378323958">
        <ele>46.79999923706055</ele>
        <time>2026-06-29T00:01:23Z</time>
        <extensions>
          <gpxtpx:TrackPointExtension>
            <gpxtpx:hr>166</gpxtpx:hr>
          </gpxtpx:TrackPointExtension>
        </extensions>
      </trkpt>
      <trkpt lat="31.850307632412648" lon="117.06461479207368">
        <ele>46.599998474121094</ele>
        <time>2026-06-29T00:01:27Z</time>
        <extensions>
          <gpxtpx:TrackPointExtension>
            <gpxtpx:hr>167</gpxtpx:hr>
          </gpxtpx:TrackPointExtension>
        </extensions>
      </trkpt>
      <trkpt lat="31.85019962628645" lon="117.06460282625237">
        <ele>46.20000076293945</ele>
        <time>2026-06-29T00:01:31Z</time>
        <extensions>
          <gpxtpx:TrackPointExtension>
            <gpxtpx:hr>166</gpxtpx:hr>
          </gpxtpx:TrackPointExtension>
        </extensions>
      </trkpt>
      <trkpt lat="31.850086643042648" lon="117.06457189894249">
        <ele>46.20000076293945</ele>
        <time>2026-06-29T00:01:35Z</time>
        <extensions>
          <gpxtpx:TrackPointExtension>
            <gpxtpx:hr>166</gpxtpx:hr>
          </gpxtpx:TrackPointExtension>
        </extensions>
      </trkpt>
      <trkpt lat="31.84997360709094" lon="117.06458288756657">
        <ele>46.0</ele>
        <time>2026-06-29T00:01:39Z</time>
        <extensions>
          <gpxtpx:TrackPointExtension>
            <gpxtpx:hr>166</gpxtpx:hr>
          </gpxtpx:TrackPointExtension>
        </extensions>
      </trkpt>
      <trkpt lat="31.849856556568575" lon="117.0646048545647">
        <ele>45.599998474121094</ele>
        <time>2026-06-29T00:01:43Z</time>
        <extensions>
          <gpxtpx:TrackPointExtension>
            <gpxtpx:hr>167</gpxtpx:hr>
          </gpxtpx:TrackPointExtension>
        </extensions>
      </trkpt>
      <trkpt lat="31.849752527423924" lon="117.06461185035985">
        <ele>45.599998474121094</ele>
        <time>2026-06-29T00:01:47Z</time>
        <extensions>
          <gpxtpx:TrackPointExtension>
            <gpxtpx:hr>166</gpxtpx:hr>
          </gpxtpx:TrackPointExtension>
        </extensions>
      </trkpt>
      <trkpt lat="31.84963451310179" lon="117.06460487547878">
        <ele>45.400001525878906</ele>
        <time>2026-06-29T00:01:51Z</time>
        <extensions>
          <gpxtpx:TrackPointExtension>
            <gpxtpx:hr>165</gpxtpx:hr>
          </gpxtpx:TrackPointExtension>
        </extensions>
      </trkpt>
      <trkpt lat="31.84952448781134" lon="117.0646078798402">
        <ele>45.599998474121094</ele>
        <time>2026-06-29T00:01:55Z</time>
        <extensions>
          <gpxtpx:TrackPointExtension>
            <gpxtpx:hr>163</gpxtpx:hr>
          </gpxtpx:TrackPointExtension>
        </extensions>
      </trkpt>
      <trkpt lat="31.849426476162716" lon="117.06460190107559">
        <ele>45.599998474121094</ele>
        <time>2026-06-29T00:01:59Z</time>
        <extensions>
          <gpxtpx:TrackPointExtension>
            <gpxtpx:hr>161</gpxtpx:hr>
          </gpxtpx:TrackPointExtension>
        </extensions>
      </trkpt>
      <trkpt lat="31.849324462483843" lon="117.06459692068863">
        <ele>45.599998474121094</ele>
        <time>2026-06-29T00:02:03Z</time>
        <extensions>
          <gpxtpx:TrackPointExtension>
            <gpxtpx:hr>161</gpxtpx:hr>
          </gpxtpx:TrackPointExtension>
        </extensions>
      </trkpt>
      <trkpt lat="31.849208459879783" lon="117.0645809636379">
        <ele>45.79999923706055</ele>
        <time>2026-06-29T00:02:07Z</time>
        <extensions>
          <gpxtpx:TrackPointExtension>
            <gpxtpx:hr>163</gpxtpx:hr>
          </gpxtpx:TrackPointExtension>
        </extensions>
      </trkpt>
      <trkpt lat="31.84909244850323" lon="117.06457199258344">
        <ele>46.0</ele>
        <time>2026-06-29T00:02:11Z</time>
        <extensions>
          <gpxtpx:TrackPointExtension>
            <gpxtpx:hr>164</gpxtpx:hr>
          </gpxtpx:TrackPointExtension>
        </extensions>
      </trkpt>
      <trkpt lat="31.848987429239557" lon="117.0645710044771">
        <ele>46.20000076293945</ele>
        <time>2026-06-29T00:02:15Z</time>
        <extensions>
          <gpxtpx:TrackPointExtension>
            <gpxtpx:hr>167</gpxtpx:hr>
          </gpxtpx:TrackPointExtension>
        </extensions>
      </trkpt>
      <trkpt lat="31.84887941818713" lon="117.06456303067078">
        <ele>46.400001525878906</ele>
        <time>2026-06-29T00:02:19Z</time>
        <extensions>
          <gpxtpx:TrackPointExtension>
            <gpxtpx:hr>167</gpxtpx:hr>
          </gpxtpx:TrackPointExtension>
        </extensions>
      </trkpt>
      <trkpt lat="31.84876443091358" lon="117.06453509759875">
        <ele>46.20000076293945</ele>
        <time>2026-06-29T00:02:23Z</time>
        <extensions>
          <gpxtpx:TrackPointExtension>
            <gpxtpx:hr>167</gpxtpx:hr>
          </gpxtpx:TrackPointExtension>
        </extensions>
      </trkpt>
      <trkpt lat="31.84865242665212" lon="117.0645211362117">
        <ele>46.400001525878906</ele>
        <time>2026-06-29T00:02:27Z</time>
        <extensions>
          <gpxtpx:TrackPointExtension>
            <gpxtpx:hr>171</gpxtpx:hr>
          </gpxtpx:TrackPointExtension>
        </extensions>
      </trkpt>
      <trkpt lat="31.848542426571836" lon="117.06450418066298">
        <ele>46.599998474121094</ele>
        <time>2026-06-29T00:02:31Z</time>
        <extensions>
          <gpxtpx:TrackPointExtension>
            <gpxtpx:hr>169</gpxtpx:hr>
          </gpxtpx:TrackPointExtension>
        </extensions>
      </trkpt>
      <trkpt lat="31.848432427769932" lon="117.0644862271355">
        <ele>46.79999923706055</ele>
        <time>2026-06-29T00:02:35Z</time>
        <extensions>
          <gpxtpx:TrackPointExtension>
            <gpxtpx:hr>170</gpxtpx:hr>
          </gpxtpx:TrackPointExtension>
        </extensions>
      </trkpt>
      <trkpt lat="31.84832643985159" lon="117.06446028930948">
        <ele>47.0</ele>
        <time>2026-06-29T00:02:39Z</time>
        <extensions>
          <gpxtpx:TrackPointExtension>
            <gpxtpx:hr>171</gpxtpx:hr>
          </gpxtpx:TrackPointExtension>
        </extensions>
      </trkpt>
      <trkpt lat="31.84822345886239" lon="117.06442936128222">
        <ele>47.0</ele>
        <time>2026-06-29T00:02:43Z</time>
        <extensions>
          <gpxtpx:TrackPointExtension>
            <gpxtpx:hr>171</gpxtpx:hr>
          </gpxtpx:TrackPointExtension>
        </extensions>
      </trkpt>
      <trkpt lat="31.84810747412329" lon="117.06439943251746">
        <ele>47.20000076293945</ele>
        <time>2026-06-29T00:02:47Z</time>
        <extensions>
          <gpxtpx:TrackPointExtension>
            <gpxtpx:hr>170</gpxtpx:hr>
          </gpxtpx:TrackPointExtension>
        </extensions>
      </trkpt>
      <trkpt lat="31.84799546492893" lon="117.06438946318046">
        <ele>47.400001525878906</ele>
        <time>2026-06-29T00:02:51Z</time>
        <extensions>
          <gpxtpx:TrackPointExtension>
            <gpxtpx:hr>172</gpxtpx:hr>
          </gpxtpx:TrackPointExtension>
        </extensions>
      </trkpt>
      <trkpt lat="31.847888459247834" lon="117.06437749740172">
        <ele>47.400001525878906</ele>
        <time>2026-06-29T00:02:55Z</time>
        <extensions>
          <gpxtpx:TrackPointExtension>
            <gpxtpx:hr>173</gpxtpx:hr>
          </gpxtpx:TrackPointExtension>
        </extensions>
      </trkpt>
      <trkpt lat="31.847781456108514" lon="117.06436353565591">
        <ele>47.599998474121094</ele>
        <time>2026-06-29T00:02:59Z</time>
        <extensions>
          <gpxtpx:TrackPointExtension>
            <gpxtpx:hr>171</gpxtpx:hr>
          </gpxtpx:TrackPointExtension>
        </extensions>
      </trkpt>
      <trkpt lat="31.84767347304029" lon="117.06433360623829">
        <ele>47.79999923706055</ele>
        <time>2026-06-29T00:03:03Z</time>
        <extensions>
          <gpxtpx:TrackPointExtension>
            <gpxtpx:hr>172</gpxtpx:hr>
          </gpxtpx:TrackPointExtension>
        </extensions>
      </trkpt>
      <trkpt lat="31.847558472183096" lon="117.06431665132291">
        <ele>48.0</ele>
        <time>2026-06-29T00:03:07Z</time>
        <extensions>
          <gpxtpx:TrackPointExtension>
            <gpxtpx:hr>173</gpxtpx:hr>
          </gpxtpx:TrackPointExtension>
        </extensions>
      </trkpt>
      <trkpt lat="31.847443456138425" lon="117.06431167223208">
        <ele>48.20000076293945</ele>
        <time>2026-06-29T00:03:11Z</time>
        <extensions>
          <gpxtpx:TrackPointExtension>
            <gpxtpx:hr>173</gpxtpx:hr>
          </gpxtpx:TrackPointExtension>
        </extensions>
      </trkpt>
      <trkpt lat="31.84733647335196" lon="117.0642817427996">
        <ele>48.20000076293945</ele>
        <time>2026-06-29T00:03:15Z</time>
        <extensions>
          <gpxtpx:TrackPointExtension>
            <gpxtpx:hr>172</gpxtpx:hr>
          </gpxtpx:TrackPointExtension>
        </extensions>
      </trkpt>
      <trkpt lat="31.847279617320872" lon="117.064159994631">
        <ele>48.400001525878906</ele>
        <time>2026-06-29T00:03:19Z</time>
        <extensions>
          <gpxtpx:TrackPointExtension>
            <gpxtpx:hr>174</gpxtpx:hr>
          </gpxtpx:TrackPointExtension>
        </extensions>
      </trkpt>
      <trkpt lat="31.84728178748051" lon="117.06402726399406">
        <ele>48.20000076293945</ele>
        <time>2026-06-29T00:03:23Z</time>
        <extensions>
          <gpxtpx:TrackPointExtension>
            <gpxtpx:hr>171</gpxtpx:hr>
          </gpxtpx:TrackPointExtension>
        </extensions>
      </trkpt>
      <trkpt lat="31.847283949411633" lon="117.06390152000382">
        <ele>48.20000076293945</ele>
        <time>2026-06-29T00:03:27Z</time>
        <extensions>
          <gpxtpx:TrackPointExtension>
            <gpxtpx:hr>171</gpxtpx:hr>
          </gpxtpx:TrackPointExtension>
        </extensions>
      </trkpt>
      <trkpt lat="31.84728510151477" lon="117.06378376057617">
        <ele>48.20000076293945</ele>
        <time>2026-06-29T00:03:31Z</time>
        <extensions>
          <gpxtpx:TrackPointExtension>
            <gpxtpx:hr>171</gpxtpx:hr>
          </gpxtpx:TrackPointExtension>
        </extensions>
      </trkpt>
      <trkpt lat="31.84728325881719" lon="117.06366201033612">
        <ele>48.20000076293945</ele>
        <time>2026-06-29T00:03:35Z</time>
        <extensions>
          <gpxtpx:TrackPointExtension>
            <gpxtpx:hr>172</gpxtpx:hr>
          </gpxtpx:TrackPointExtension>
        </extensions>
      </trkpt>
      <trkpt lat="31.8472974328816" lon="117.06353027990066">
        <ele>48.20000076293945</ele>
        <time>2026-06-29T00:03:39Z</time>
        <extensions>
          <gpxtpx:TrackPointExtension>
            <gpxtpx:hr>171</gpxtpx:hr>
          </gpxtpx:TrackPointExtension>
        </extensions>
      </trkpt>
      <trkpt lat="31.84729259355202" lon="117.063406535646">
        <ele>48.0</ele>
        <time>2026-06-29T00:03:43Z</time>
        <extensions>
          <gpxtpx:TrackPointExtension>
            <gpxtpx:hr>170</gpxtpx:hr>
          </gpxtpx:TrackPointExtension>
        </extensions>
      </trkpt>
      <trkpt lat="31.847304739834378" lon="117.06329676162436">
        <ele>48.0</ele>
        <time>2026-06-29T00:03:47Z</time>
        <extensions>
          <gpxtpx:TrackPointExtension>
            <gpxtpx:hr>171</gpxtpx:hr>
          </gpxtpx:TrackPointExtension>
        </extensions>
      </trkpt>
      <trkpt lat="31.847308899558552" lon="117.06317601177798">
        <ele>48.0</ele>
        <time>2026-06-29T00:03:51Z</time>
        <extensions>
          <gpxtpx:TrackPointExtension>
            <gpxtpx:hr>171</gpxtpx:hr>
          </gpxtpx:TrackPointExtension>
        </extensions>
      </trkpt>
      <trkpt lat="31.847309076318133" lon="117.0630422900934">
        <ele>48.0</ele>
        <time>2026-06-29T00:03:55Z</time>
        <extensions>
          <gpxtpx:TrackPointExtension>
            <gpxtpx:hr>169</gpxtpx:hr>
          </gpxtpx:TrackPointExtension>
        </extensions>
      </trkpt>
      <trkpt lat="31.847300246790063" lon="117.06291256182014">
        <ele>48.0</ele>
        <time>2026-06-29T00:03:59Z</time>
        <extensions>
          <gpxtpx:TrackPointExtension>
            <gpxtpx:hr>169</gpxtpx:hr>
          </gpxtpx:TrackPointExtension>
        </extensions>
      </trkpt>
      <trkpt lat="31.84730840663351" lon="117.06279380977774">
        <ele>48.0</ele>
        <time>2026-06-29T00:04:03Z</time>
        <extensions>
          <gpxtpx:TrackPointExtension>
            <gpxtpx:hr>170</gpxtpx:hr>
          </gpxtpx:TrackPointExtension>
        </extensions>
      </trkpt>
      <trkpt lat="31.847300562636367" lon="117.0626760578612">
        <ele>47.599998474121094</ele>
        <time>2026-06-29T00:04:07Z</time>
        <extensions>
          <gpxtpx:TrackPointExtension>
            <gpxtpx:hr>170</gpxtpx:hr>
          </gpxtpx:TrackPointExtension>
        </extensions>
      </trkpt>
      <trkpt lat="31.847308731750708" lon="117.06255131988024">
        <ele>47.599998474121094</ele>
        <time>2026-06-29T00:04:11Z</time>
        <extensions>
          <gpxtpx:TrackPointExtension>
            <gpxtpx:hr>170</gpxtpx:hr>
          </gpxtpx:TrackPointExtension>
        </extensions>
      </trkpt>
      <trkpt lat="31.84731490654166" lon="117.06242259132625">
        <ele>47.400001525878906</ele>
        <time>2026-06-29T00:04:15Z</time>
        <extensions>
          <gpxtpx:TrackPointExtension>
            <gpxtpx:hr>170</gpxtpx:hr>
          </gpxtpx:TrackPointExtension>
        </extensions>
      </trkpt>
      <trkpt lat="31.8473140752688" lon="117.06229785580042">
        <ele>47.20000076293945</ele>
        <time>2026-06-29T00:04:19Z</time>
        <extensions>
          <gpxtpx:TrackPointExtension>
            <gpxtpx:hr>169</gpxtpx:hr>
          </gpxtpx:TrackPointExtension>
        </extensions>
      </trkpt>
      <trkpt lat="31.84731724816301" lon="117.06217112493746">
        <ele>47.0</ele>
        <time>2026-06-29T00:04:23Z</time>
        <extensions>
          <gpxtpx:TrackPointExtension>
            <gpxtpx:hr>171</gpxtpx:hr>
          </gpxtpx:TrackPointExtension>
        </extensions>
      </trkpt>
      <trkpt lat="31.847322437154386" lon="117.0620334181459">
        <ele>47.0</ele>
        <time>2026-06-29T00:04:27Z</time>
        <extensions>
          <gpxtpx:TrackPointExtension>
            <gpxtpx:hr>171</gpxtpx:hr>
          </gpxtpx:TrackPointExtension>
        </extensions>
      </trkpt>
      <trkpt lat="31.847331609915763" lon="117.0619086841425">
        <ele>46.599998474121094</ele>
        <time>2026-06-29T00:04:31Z</time>
        <extensions>
          <gpxtpx:TrackPointExtension>
            <gpxtpx:hr>171</gpxtpx:hr>
          </gpxtpx:TrackPointExtension>
        </extensions>
      </trkpt>
      <trkpt lat="31.84733080204704" lon="117.06176898403768">
        <ele>46.20000076293945</ele>
        <time>2026-06-29T00:04:35Z</time>
        <extensions>
          <gpxtpx:TrackPointExtension>
            <gpxtpx:hr>172</gpxtpx:hr>
          </gpxtpx:TrackPointExtension>
        </extensions>
      </trkpt>
      <trkpt lat="31.84734199181978" lon="117.06163327518377">
        <ele>45.79999923706055</ele>
        <time>2026-06-29T00:04:39Z</time>
        <extensions>
          <gpxtpx:TrackPointExtension>
            <gpxtpx:hr>170</gpxtpx:hr>
          </gpxtpx:TrackPointExtension>
        </extensions>
      </trkpt>
      <trkpt lat="31.84734318321425" lon="117.06149557252029">
        <ele>45.599998474121094</ele>
        <time>2026-06-29T00:04:43Z</time>
        <extensions>
          <gpxtpx:TrackPointExtension>
            <gpxtpx:hr>171</gpxtpx:hr>
          </gpxtpx:TrackPointExtension>
        </extensions>
      </trkpt>
      <trkpt lat="31.847343361285677" lon="117.06136784925475">
        <ele>45.20000076293945</ele>
        <time>2026-06-29T00:04:47Z</time>
        <extensions>
          <gpxtpx:TrackPointExtension>
            <gpxtpx:hr>171</gpxtpx:hr>
          </gpxtpx:TrackPointExtension>
        </extensions>
      </trkpt>
      <trkpt lat="31.8473365610895" lon="117.06122416222462">
        <ele>45.0</ele>
        <time>2026-06-29T00:04:51Z</time>
        <extensions>
          <gpxtpx:TrackPointExtension>
            <gpxtpx:hr>171</gpxtpx:hr>
          </gpxtpx:TrackPointExtension>
        </extensions>
      </trkpt>
      <trkpt lat="31.847337761926685" lon="117.06108147330364">
        <ele>44.599998474121094</ele>
        <time>2026-06-29T00:04:55Z</time>
        <extensions>
          <gpxtpx:TrackPointExtension>
            <gpxtpx:hr>171</gpxtpx:hr>
          </gpxtpx:TrackPointExtension>
        </extensions>
      </trkpt>
      <trkpt lat="31.847341969867028" lon="117.06093479387431">
        <ele>44.400001525878906</ele>
        <time>2026-06-29T00:04:59Z</time>
        <extensions>
          <gpxtpx:TrackPointExtension>
            <gpxtpx:hr>171</gpxtpx:hr>
          </gpxtpx:TrackPointExtension>
        </extensions>
      </trkpt>
      <trkpt lat="31.847339166016862" lon="117.06079609863397">
        <ele>44.0</ele>
        <time>2026-06-29T00:05:03Z</time>
        <extensions>
          <gpxtpx:TrackPointExtension>
            <gpxtpx:hr>170</gpxtpx:hr>
          </gpxtpx:TrackPointExtension>
        </extensions>
      </trkpt>
      <trkpt lat="31.847333351011713" lon="117.06066538703806">
        <ele>43.79999923706055</ele>
        <time>2026-06-29T00:05:07Z</time>
        <extensions>
          <gpxtpx:TrackPointExtension>
            <gpxtpx:hr>171</gpxtpx:hr>
          </gpxtpx:TrackPointExtension>
        </extensions>
      </trkpt>
      <trkpt lat="31.847333536472675" lon="117.0605356735294">
        <ele>43.599998474121094</ele>
        <time>2026-06-29T00:05:11Z</time>
        <extensions>
          <gpxtpx:TrackPointExtension>
            <gpxtpx:hr>169</gpxtpx:hr>
          </gpxtpx:TrackPointExtension>
        </extensions>
      </trkpt>
      <trkpt lat="31.84732773296379" lon="117.06039797914035">
        <ele>43.20000076293945</ele>
        <time>2026-06-29T00:05:15Z</time>
        <extensions>
          <gpxtpx:TrackPointExtension>
            <gpxtpx:hr>171</gpxtpx:hr>
          </gpxtpx:TrackPointExtension>
        </extensions>
      </trkpt>
      <trkpt lat="31.84733592289847" lon="117.06026726884092">
        <ele>42.79999923706055</ele>
        <time>2026-06-29T00:05:19Z</time>
        <extensions>
          <gpxtpx:TrackPointExtension>
            <gpxtpx:hr>170</gpxtpx:hr>
          </gpxtpx:TrackPointExtension>
        </extensions>
      </trkpt>
      <trkpt lat="31.847338116731724" lon="117.06013356664398">
        <ele>42.79999923706055</ele>
        <time>2026-06-29T00:05:23Z</time>
        <extensions>
          <gpxtpx:TrackPointExtension>
            <gpxtpx:hr>170</gpxtpx:hr>
          </gpxtpx:TrackPointExtension>
        </extensions>
      </trkpt>
      <trkpt lat="31.847345310844908" lon="117.06000086263835">
        <ele>42.400001525878906</ele>
        <time>2026-06-29T00:05:27Z</time>
        <extensions>
          <gpxtpx:TrackPointExtension>
            <gpxtpx:hr>171</gpxtpx:hr>
          </gpxtpx:TrackPointExtension>
        </extensions>
      </trkpt>
      <trkpt lat="31.847340515034222" lon="117.05986017856803">
        <ele>42.20000076293945</ele>
        <time>2026-06-29T00:05:31Z</time>
        <extensions>
          <gpxtpx:TrackPointExtension>
            <gpxtpx:hr>171</gpxtpx:hr>
          </gpxtpx:TrackPointExtension>
        </extensions>
      </trkpt>
      <trkpt lat="31.84735672121982" lon="117.05972148901607">
        <ele>41.79999923706055</ele>
        <time>2026-06-29T00:05:35Z</time>
        <extensions>
          <gpxtpx:TrackPointExtension>
            <gpxtpx:hr>170</gpxtpx:hr>
          </gpxtpx:TrackPointExtension>
        </extensions>
      </trkpt>
      <trkpt lat="31.847360915598827" lon="117.05958978577273">
        <ele>41.599998474121094</ele>
        <time>2026-06-29T00:05:39Z</time>
        <extensions>
          <gpxtpx:TrackPointExtension>
            <gpxtpx:hr>170</gpxtpx:hr>
          </gpxtpx:TrackPointExtension>
        </extensions>
      </trkpt>
      <trkpt lat="31.847362111603445" lon="117.0594570859382">
        <ele>41.599998474121094</ele>
        <time>2026-06-29T00:05:43Z</time>
        <extensions>
          <gpxtpx:TrackPointExtension>
            <gpxtpx:hr>170</gpxtpx:hr>
          </gpxtpx:TrackPointExtension>
        </extensions>
      </trkpt>
      <trkpt lat="31.84736328762766" lon="117.05933835524168">
        <ele>41.400001525878906</ele>
        <time>2026-06-29T00:05:47Z</time>
        <extensions>
          <gpxtpx:TrackPointExtension>
            <gpxtpx:hr>169</gpxtpx:hr>
          </gpxtpx:TrackPointExtension>
        </extensions>
      </trkpt>
      <trkpt lat="31.847378472911508" lon="117.05921563302167">
        <ele>41.400001525878906</ele>
        <time>2026-06-29T00:05:51Z</time>
        <extensions>
          <gpxtpx:TrackPointExtension>
            <gpxtpx:hr>169</gpxtpx:hr>
          </gpxtpx:TrackPointExtension>
        </extensions>
      </trkpt>
      <trkpt lat="31.847377682552622" lon="117.05907495408619">
        <ele>41.400001525878906</ele>
        <time>2026-06-29T00:05:55Z</time>
        <extensions>
          <gpxtpx:TrackPointExtension>
            <gpxtpx:hr>169</gpxtpx:hr>
          </gpxtpx:TrackPointExtension>
        </extensions>
      </trkpt>
      <trkpt lat="31.847382885213854" lon="117.05894026185018">
        <ele>41.400001525878906</ele>
        <time>2026-06-29T00:05:59Z</time>
        <extensions>
          <gpxtpx:TrackPointExtension>
            <gpxtpx:hr>170</gpxtpx:hr>
          </gpxtpx:TrackPointExtension>
        </extensions>
      </trkpt>
      <trkpt lat="31.84738808262982" lon="117.05880956134288">
        <ele>41.20000076293945</ele>
        <time>2026-06-29T00:06:03Z</time>
        <extensions>
          <gpxtpx:TrackPointExtension>
            <gpxtpx:hr>171</gpxtpx:hr>
          </gpxtpx:TrackPointExtension>
        </extensions>
      </trkpt>
      <trkpt lat="31.847389266418144" lon="117.05868784136615">
        <ele>41.599998474121094</ele>
        <time>2026-06-29T00:06:07Z</time>
        <extensions>
          <gpxtpx:TrackPointExtension>
            <gpxtpx:hr>170</gpxtpx:hr>
          </gpxtpx:TrackPointExtension>
        </extensions>
      </trkpt>
      <trkpt lat="31.847396464098303" lon="117.0585581400019">
        <ele>41.400001525878906</ele>
        <time>2026-06-29T00:06:11Z</time>
        <extensions>
          <gpxtpx:TrackPointExtension>
            <gpxtpx:hr>170</gpxtpx:hr>
          </gpxtpx:TrackPointExtension>
        </extensions>
      </trkpt>
      <trkpt lat="31.847390662992815" lon="117.05842644531748">
        <ele>41.599998474121094</ele>
        <time>2026-06-29T00:06:15Z</time>
        <extensions>
          <gpxtpx:TrackPointExtension>
            <gpxtpx:hr>171</gpxtpx:hr>
          </gpxtpx:TrackPointExtension>
        </extensions>
      </trkpt>
      <trkpt lat="31.847389845304303" lon="117.05830672320296">
        <ele>41.599998474121094</ele>
        <time>2026-06-29T00:06:19Z</time>
        <extensions>
          <gpxtpx:TrackPointExtension>
            <gpxtpx:hr>171</gpxtpx:hr>
          </gpxtpx:TrackPointExtension>
        </extensions>
      </trkpt>
      <trkpt lat="31.847397043530425" lon="117.05817802196086">
        <ele>41.400001525878906</ele>
        <time>2026-06-29T00:06:23Z</time>
        <extensions>
          <gpxtpx:TrackPointExtension>
            <gpxtpx:hr>171</gpxtpx:hr>
          </gpxtpx:TrackPointExtension>
        </extensions>
      </trkpt>
      <trkpt lat="31.847403240721807" lon="117.05805031930046">
        <ele>41.599998474121094</ele>
        <time>2026-06-29T00:06:27Z</time>
        <extensions>
          <gpxtpx:TrackPointExtension>
            <gpxtpx:hr>172</gpxtpx:hr>
          </gpxtpx:TrackPointExtension>
        </extensions>
      </trkpt>
      <trkpt lat="31.84740843994064" lon="117.05792161987571">
        <ele>41.599998474121094</ele>
        <time>2026-06-29T00:06:31Z</time>
        <extensions>
          <gpxtpx:TrackPointExtension>
            <gpxtpx:hr>170</gpxtpx:hr>
          </gpxtpx:TrackPointExtension>
        </extensions>
      </trkpt>
      <trkpt lat="31.847412642747237" lon="117.05779092604804">
        <ele>41.599998474121094</ele>
        <time>2026-06-29T00:06:35Z</time>
        <extensions>
          <gpxtpx:TrackPointExtension>
            <gpxtpx:hr>171</gpxtpx:hr>
          </gpxtpx:TrackPointExtension>
        </extensions>
      </trkpt>
      <trkpt lat="31.847406827270227" lon="117.05767120815821">
        <ele>41.599998474121094</ele>
        <time>2026-06-29T00:06:39Z</time>
        <extensions>
          <gpxtpx:TrackPointExtension>
            <gpxtpx:hr>171</gpxtpx:hr>
          </gpxtpx:TrackPointExtension>
        </extensions>
      </trkpt>
      <trkpt lat="31.847402023471165" lon="117.05754450736592">
        <ele>41.599998474121094</ele>
        <time>2026-06-29T00:06:43Z</time>
        <extensions>
          <gpxtpx:TrackPointExtension>
            <gpxtpx:hr>172</gpxtpx:hr>
          </gpxtpx:TrackPointExtension>
        </extensions>
      </trkpt>
      <trkpt lat="31.84745519262754" lon="117.0574427428851">
        <ele>42.0</ele>
        <time>2026-06-29T00:06:47Z</time>
        <extensions>
          <gpxtpx:TrackPointExtension>
            <gpxtpx:hr>171</gpxtpx:hr>
          </gpxtpx:TrackPointExtension>
        </extensions>
      </trkpt>
      <trkpt lat="31.847565253032474" lon="117.05741779156702">
        <ele>42.400001525878906</ele>
        <time>2026-06-29T00:06:51Z</time>
        <extensions>
          <gpxtpx:TrackPointExtension>
            <gpxtpx:hr>175</gpxtpx:hr>
          </gpxtpx:TrackPointExtension>
        </extensions>
      </trkpt>
      <trkpt lat="31.847668266841243" lon="117.05742177243674">
        <ele>42.599998474121094</ele>
        <time>2026-06-29T00:06:55Z</time>
        <extensions>
          <gpxtpx:TrackPointExtension>
            <gpxtpx:hr>173</gpxtpx:hr>
          </gpxtpx:TrackPointExtension>
        </extensions>
      </trkpt>
      <trkpt lat="31.847792287866458" lon="117.05742375605523">
        <ele>42.599998474121094</ele>
        <time>2026-06-29T00:06:59Z</time>
        <extensions>
          <gpxtpx:TrackPointExtension>
            <gpxtpx:hr>171</gpxtpx:hr>
          </gpxtpx:TrackPointExtension>
        </extensions>
      </trkpt>
      <trkpt lat="31.847907308706834" lon="117.05742474288125">
        <ele>42.79999923706055</ele>
        <time>2026-06-29T00:07:03Z</time>
        <extensions>
          <gpxtpx:TrackPointExtension>
            <gpxtpx:hr>172</gpxtpx:hr>
          </gpxtpx:TrackPointExtension>
        </extensions>
      </trkpt>
      <trkpt lat="31.848019311810873" lon="117.05743670401904">
        <ele>43.0</ele>
        <time>2026-06-29T00:07:07Z</time>
        <extensions>
          <gpxtpx:TrackPointExtension>
            <gpxtpx:hr>171</gpxtpx:hr>
          </gpxtpx:TrackPointExtension>
        </extensions>
      </trkpt>
      <trkpt lat="31.848126315512093" lon="117.05744766799397">
        <ele>43.0</ele>
        <time>2026-06-29T00:07:11Z</time>
        <extensions>
          <gpxtpx:TrackPointExtension>
            <gpxtpx:hr>174</gpxtpx:hr>
          </gpxtpx:TrackPointExtension>
        </extensions>
      </trkpt>
      <trkpt lat="31.848236340076713" lon="117.05744566237158">
        <ele>43.20000076293945</ele>
        <time>2026-06-29T00:07:15Z</time>
        <extensions>
          <gpxtpx:TrackPointExtension>
            <gpxtpx:hr>173</gpxtpx:hr>
          </gpxtpx:TrackPointExtension>
        </extensions>
      </trkpt>
      <trkpt lat="31.8483373878478" lon="117.0574276953672">
        <ele>43.20000076293945</ele>
        <time>2026-06-29T00:07:19Z</time>
        <extensions>
          <gpxtpx:TrackPointExtension>
            <gpxtpx:hr>174</gpxtpx:hr>
          </gpxtpx:TrackPointExtension>
        </extensions>
      </trkpt>
      <trkpt lat="31.848436444613014" lon="117.05740374273965">
        <ele>43.400001525878906</ele>
        <time>2026-06-29T00:07:23Z</time>
        <extensions>
          <gpxtpx:TrackPointExtension>
            <gpxtpx:hr>174</gpxtpx:hr>
          </gpxtpx:TrackPointExtension>
        </extensions>
      </trkpt>
      <trkpt lat="31.848540483641763" lon="117.0573917613121">
        <ele>43.79999923706055</ele>
        <time>2026-06-29T00:07:27Z</time>
        <extensions>
          <gpxtpx:TrackPointExtension>
            <gpxtpx:hr>172</gpxtpx:hr>
          </gpxtpx:TrackPointExtension>
        </extensions>
      </trkpt>
      <trkpt lat="31.848638507454414" lon="117.0573887591865">
        <ele>44.0</ele>
        <time>2026-06-29T00:07:31Z</time>
        <extensions>
          <gpxtpx:TrackPointExtension>
            <gpxtpx:hr>173</gpxtpx:hr>
          </gpxtpx:TrackPointExtension>
        </extensions>
      </trkpt>
      <trkpt lat="31.848737528344348" lon="117.05738775224103">
        <ele>44.20000076293945</ele>
        <time>2026-06-29T00:07:35Z</time>
        <extensions>
          <gpxtpx:TrackPointExtension>
            <gpxtpx:hr>176</gpxtpx:hr>
          </gpxtpx:TrackPointExtension>
        </extensions>
      </trkpt>
      <trkpt lat="31.848838549630162" lon="117.05738674510754">
        <ele>44.400001525878906</ele>
        <time>2026-06-29T00:07:39Z</time>
        <extensions>
          <gpxtpx:TrackPointExtension>
            <gpxtpx:hr>173</gpxtpx:hr>
          </gpxtpx:TrackPointExtension>
        </extensions>
      </trkpt>
      <trkpt lat="31.848942590251884" lon="117.05737376605373">
        <ele>44.79999923706055</ele>
        <time>2026-06-29T00:07:43Z</time>
        <extensions>
          <gpxtpx:TrackPointExtension>
            <gpxtpx:hr>173</gpxtpx:hr>
          </gpxtpx:TrackPointExtension>
        </extensions>
      </trkpt>
      <trkpt lat="31.8490426035428" lon="117.05737774719638">
        <ele>45.20000076293945</ele>
        <time>2026-06-29T00:07:47Z</time>
        <extensions>
          <gpxtpx:TrackPointExtension>
            <gpxtpx:hr>175</gpxtpx:hr>
          </gpxtpx:TrackPointExtension>
        </extensions>
      </trkpt>
      <trkpt lat="31.8491406180107" lon="117.05738073089124">
        <ele>45.400001525878906</ele>
        <time>2026-06-29T00:07:51Z</time>
        <extensions>
          <gpxtpx:TrackPointExtension>
            <gpxtpx:hr>176</gpxtpx:hr>
          </gpxtpx:TrackPointExtension>
        </extensions>
      </trkpt>
      <trkpt lat="31.84925065357577" lon="117.05737174182117">
        <ele>45.599998474121094</ele>
        <time>2026-06-29T00:07:55Z</time>
        <extensions>
          <gpxtpx:TrackPointExtension>
            <gpxtpx:hr>175</gpxtpx:hr>
          </gpxtpx:TrackPointExtension>
        </extensions>
      </trkpt>
      <trkpt lat="31.849359660832555" lon="117.05738071029923">
        <ele>45.79999923706055</ele>
        <time>2026-06-29T00:07:59Z</time>
        <extensions>
          <gpxtpx:TrackPointExtension>
            <gpxtpx:hr>175</gpxtpx:hr>
          </gpxtpx:TrackPointExtension>
        </extensions>
      </trkpt>
      <trkpt lat="31.84944565266892" lon="117.05739666440397">
        <ele>46.0</ele>
        <time>2026-06-29T00:08:03Z</time>
        <extensions>
          <gpxtpx:TrackPointExtension>
            <gpxtpx:hr>175</gpxtpx:hr>
          </gpxtpx:TrackPointExtension>
        </extensions>
      </trkpt>
      <trkpt lat="31.849531674179833" lon="117.0573936634057">
        <ele>46.400001525878906</ele>
        <time>2026-06-29T00:08:07Z</time>
        <extensions>
          <gpxtpx:TrackPointExtension>
            <gpxtpx:hr>172</gpxtpx:hr>
          </gpxtpx:TrackPointExtension>
        </extensions>
      </trkpt>
      <trkpt lat="31.84962468769646" lon="117.05739664757279">
        <ele>46.599998474121094</ele>
        <time>2026-06-29T00:08:11Z</time>
        <extensions>
          <gpxtpx:TrackPointExtension>
            <gpxtpx:hr>175</gpxtpx:hr>
          </gpxtpx:TrackPointExtension>
        </extensions>
      </trkpt>
      <trkpt lat="31.84970971370427" lon="117.0573906537572">
        <ele>46.79999923706055</ele>
        <time>2026-06-29T00:08:15Z</time>
        <extensions>
          <gpxtpx:TrackPointExtension>
            <gpxtpx:hr>173</gpxtpx:hr>
          </gpxtpx:TrackPointExtension>
        </extensions>
      </trkpt>
      <trkpt lat="31.84980473386706" lon="117.05738964718738">
        <ele>47.20000076293945</ele>
        <time>2026-06-29T00:08:19Z</time>
        <extensions>
          <gpxtpx:TrackPointExtension>
            <gpxtpx:hr>172</gpxtpx:hr>
          </gpxtpx:TrackPointExtension>
        </extensions>
      </trkpt>
      <trkpt lat="31.84991176263218" lon="117.05738464894186">
        <ele>47.400001525878906</ele>
        <time>2026-06-29T00:08:23Z</time>
        <extensions>
          <gpxtpx:TrackPointExtension>
            <gpxtpx:hr>171</gpxtpx:hr>
          </gpxtpx:TrackPointExtension>
        </extensions>
      </trkpt>
      <trkpt lat="31.850019793162367" lon="117.05737865296707">
        <ele>47.599998474121094</ele>
        <time>2026-06-29T00:08:27Z</time>
        <extensions>
          <gpxtpx:TrackPointExtension>
            <gpxtpx:hr>172</gpxtpx:hr>
          </gpxtpx:TrackPointExtension>
        </extensions>
      </trkpt>
      <trkpt lat="31.850109771760376" lon="117.0574035854306">
        <ele>48.0</ele>
        <time>2026-06-29T00:08:31Z</time>
        <extensions>
          <gpxtpx:TrackPointExtension>
            <gpxtpx:hr>171</gpxtpx:hr>
          </gpxtpx:TrackPointExtension>
        </extensions>
      </trkpt>
      <trkpt lat="31.850200778671258" lon="117.05741056033855">
        <ele>48.20000076293945</ele>
        <time>2026-06-29T00:08:35Z</time>
        <extensions>
          <gpxtpx:TrackPointExtension>
            <gpxtpx:hr>171</gpxtpx:hr>
          </gpxtpx:TrackPointExtension>
        </extensions>
      </trkpt>
      <trkpt lat="31.850287819144214" lon="117.05739558759329">
        <ele>48.599998474121094</ele>
        <time>2026-06-29T00:08:39Z</time>
        <extensions>
          <gpxtpx:TrackPointExtension>
            <gpxtpx:hr>171</gpxtpx:hr>
          </gpxtpx:TrackPointExtension>
        </extensions>
      </trkpt>
      <trkpt lat="31.850387832509913" lon="117.05739956873954">
        <ele>48.79999923706055</ele>
        <time>2026-06-29T00:08:43Z</time>
        <extensions>
          <gpxtpx:TrackPointExtension>
            <gpxtpx:hr>170</gpxtpx:hr>
          </gpxtpx:TrackPointExtension>
        </extensions>
      </trkpt>
      <trkpt lat="31.850482860513022" lon="117.05739357398261">
        <ele>49.20000076293945</ele>
        <time>2026-06-29T00:08:47Z</time>
        <extensions>
          <gpxtpx:TrackPointExtension>
            <gpxtpx:hr>171</gpxtpx:hr>
          </gpxtpx:TrackPointExtension>
        </extensions>
      </trkpt>
      <trkpt lat="31.850576869588757" lon="117.0573995509674">
        <ele>49.400001525878906</ele>
        <time>2026-06-29T00:08:51Z</time>
        <extensions>
          <gpxtpx:TrackPointExtension>
            <gpxtpx:hr>171</gpxtpx:hr>
          </gpxtpx:TrackPointExtension>
        </extensions>
      </trkpt>
      <trkpt lat="31.850660876707817" lon="117.05740552889421">
        <ele>49.79999923706055</ele>
        <time>2026-06-29T00:08:55Z</time>
        <extensions>
          <gpxtpx:TrackPointExtension>
            <gpxtpx:hr>171</gpxtpx:hr>
          </gpxtpx:TrackPointExtension>
        </extensions>
      </trkpt>
      <trkpt lat="31.85074890022647" lon="117.0574015300687">
        <ele>50.0</ele>
        <time>2026-06-29T00:08:59Z</time>
        <extensions>
          <gpxtpx:TrackPointExtension>
            <gpxtpx:hr>172</gpxtpx:hr>
          </gpxtpx:TrackPointExtension>
        </extensions>
      </trkpt>
      <trkpt lat="31.850847935278402" lon="117.05739154438635">
        <ele>50.400001525878906</ele>
        <time>2026-06-29T00:09:03Z</time>
        <extensions>
          <gpxtpx:TrackPointExtension>
            <gpxtpx:hr>172</gpxtpx:hr>
          </gpxtpx:TrackPointExtension>
        </extensions>
      </trkpt>
      <trkpt lat="31.85093094689504" lon="117.05739452949292">
        <ele>50.79999923706055</ele>
        <time>2026-06-29T00:09:07Z</time>
        <extensions>
          <gpxtpx:TrackPointExtension>
            <gpxtpx:hr>171</gpxtpx:hr>
          </gpxtpx:TrackPointExtension>
        </extensions>
      </trkpt>
      <trkpt lat="31.85103294975963" lon="117.05740549391355">
        <ele>51.0</ele>
        <time>2026-06-29T00:09:11Z</time>
        <extensions>
          <gpxtpx:TrackPointExtension>
            <gpxtpx:hr>173</gpxtpx:hr>
          </gpxtpx:TrackPointExtension>
        </extensions>
      </trkpt>
      <trkpt lat="31.851130950288105" lon="117.05741745635446">
        <ele>51.20000076293945</ele>
        <time>2026-06-29T00:09:15Z</time>
        <extensions>
          <gpxtpx:TrackPointExtension>
            <gpxtpx:hr>176</gpxtpx:hr>
          </gpxtpx:TrackPointExtension>
        </extensions>
      </trkpt>
      <trkpt lat="31.851218978508506" lon="117.05741046461229">
        <ele>51.79999923706055</ele>
        <time>2026-06-29T00:09:19Z</time>
        <extensions>
          <gpxtpx:TrackPointExtension>
            <gpxtpx:hr>175</gpxtpx:hr>
          </gpxtpx:TrackPointExtension>
        </extensions>
      </trkpt>
      <trkpt lat="31.851320998561448" lon="117.05741045502064">
        <ele>52.20000076293945</ele>
        <time>2026-06-29T00:09:23Z</time>
        <extensions>
          <gpxtpx:TrackPointExtension>
            <gpxtpx:hr>174</gpxtpx:hr>
          </gpxtpx:TrackPointExtension>
        </extensions>
      </trkpt>
      <trkpt lat="31.85141402153218" lon="117.0574074533616">
        <ele>52.79999923706055</ele>
        <time>2026-06-29T00:09:27Z</time>
        <extensions>
          <gpxtpx:TrackPointExtension>
            <gpxtpx:hr>174</gpxtpx:hr>
          </gpxtpx:TrackPointExtension>
        </extensions>
      </trkpt>
      <trkpt lat="31.851506053677788" lon="117.05739846597184">
        <ele>53.20000076293945</ele>
        <time>2026-06-29T00:09:31Z</time>
        <extensions>
          <gpxtpx:TrackPointExtension>
            <gpxtpx:hr>176</gpxtpx:hr>
          </gpxtpx:TrackPointExtension>
        </extensions>
      </trkpt>
      <trkpt lat="31.851547926269383" lon="117.05748525665932">
        <ele>53.599998474121094</ele>
        <time>2026-06-29T00:09:35Z</time>
        <extensions>
          <gpxtpx:TrackPointExtension>
            <gpxtpx:hr>173</gpxtpx:hr>
          </gpxtpx:TrackPointExtension>
        </extensions>
      </trkpt>
      <trkpt lat="31.85155574433128" lon="117.05760297796017">
        <ele>53.79999923706055</ele>
        <time>2026-06-29T00:09:39Z</time>
        <extensions>
          <gpxtpx:TrackPointExtension>
            <gpxtpx:hr>174</gpxtpx:hr>
          </gpxtpx:TrackPointExtension>
        </extensions>
      </trkpt>
      <trkpt lat="31.851562584448285" lon="117.05770673289679">
        <ele>53.79999923706055</ele>
        <time>2026-06-29T00:09:43Z</time>
        <extensions>
          <gpxtpx:TrackPointExtension>
            <gpxtpx:hr>173</gpxtpx:hr>
          </gpxtpx:TrackPointExtension>
        </extensions>
      </trkpt>
      <trkpt lat="31.85156840783539" lon="117.05782146269381">
        <ele>53.79999923706055</ele>
        <time>2026-06-29T00:09:47Z</time>
        <extensions>
          <gpxtpx:TrackPointExtension>
            <gpxtpx:hr>173</gpxtpx:hr>
          </gpxtpx:TrackPointExtension>
        </extensions>
      </trkpt>
      <trkpt lat="31.851568227514306" lon="117.05793818903118">
        <ele>53.79999923706055</ele>
        <time>2026-06-29T00:09:51Z</time>
        <extensions>
          <gpxtpx:TrackPointExtension>
            <gpxtpx:hr>171</gpxtpx:hr>
          </gpxtpx:TrackPointExtension>
        </extensions>
      </trkpt>
      <trkpt lat="31.851584053978986" lon="117.05805291919638">
        <ele>53.599998474121094</ele>
        <time>2026-06-29T00:09:55Z</time>
        <extensions>
          <gpxtpx:TrackPointExtension>
            <gpxtpx:hr>171</gpxtpx:hr>
          </gpxtpx:TrackPointExtension>
        </extensions>
      </trkpt>
      <trkpt lat="31.851591868717282" lon="117.05817463449095">
        <ele>53.400001525878906</ele>
        <time>2026-06-29T00:09:59Z</time>
        <extensions>
          <gpxtpx:TrackPointExtension>
            <gpxtpx:hr>171</gpxtpx:hr>
          </gpxtpx:TrackPointExtension>
        </extensions>
      </trkpt>
      <trkpt lat="31.851597679111457" lon="117.05829934375019">
        <ele>53.20000076293945</ele>
        <time>2026-06-29T00:10:03Z</time>
        <extensions>
          <gpxtpx:TrackPointExtension>
            <gpxtpx:hr>172</gpxtpx:hr>
          </gpxtpx:TrackPointExtension>
        </extensions>
      </trkpt>
      <trkpt lat="31.851600504754213" lon="117.0584140771848">
        <ele>53.20000076293945</ele>
        <time>2026-06-29T00:10:07Z</time>
        <extensions>
          <gpxtpx:TrackPointExtension>
            <gpxtpx:hr>170</gpxtpx:hr>
          </gpxtpx:TrackPointExtension>
        </extensions>
      </trkpt>
      <trkpt lat="31.85158931911097" lon="117.05853479874663">
        <ele>53.0</ele>
        <time>2026-06-29T00:10:11Z</time>
        <extensions>
          <gpxtpx:TrackPointExtension>
            <gpxtpx:hr>171</gpxtpx:hr>
          </gpxtpx:TrackPointExtension>
        </extensions>
      </trkpt>
      <trkpt lat="31.851588119453705" lon="117.05866649478445">
        <ele>52.79999923706055</ele>
        <time>2026-06-29T00:10:15Z</time>
        <extensions>
          <gpxtpx:TrackPointExtension>
            <gpxtpx:hr>170</gpxtpx:hr>
          </gpxtpx:TrackPointExtension>
        </extensions>
      </trkpt>
      <trkpt lat="31.85158092986557" lon="117.0587912083036">
        <ele>52.599998474121094</ele>
        <time>2026-06-29T00:10:19Z</time>
        <extensions>
          <gpxtpx:TrackPointExtension>
            <gpxtpx:hr>172</gpxtpx:hr>
          </gpxtpx:TrackPointExtension>
        </extensions>
      </trkpt>
      <trkpt lat="31.851559748663316" lon="117.05890893992787">
        <ele>52.400001525878906</ele>
        <time>2026-06-29T00:10:23Z</time>
        <extensions>
          <gpxtpx:TrackPointExtension>
            <gpxtpx:hr>172</gpxtpx:hr>
          </gpxtpx:TrackPointExtension>
        </extensions>
      </trkpt>
      <trkpt lat="31.85154854463461" lon="117.05904363250691">
        <ele>52.20000076293945</ele>
        <time>2026-06-29T00:10:27Z</time>
        <extensions>
          <gpxtpx:TrackPointExtension>
            <gpxtpx:hr>169</gpxtpx:hr>
          </gpxtpx:TrackPointExtension>
        </extensions>
      </trkpt>
      <trkpt lat="31.851545329565347" lon="117.05918730476381">
        <ele>52.0</ele>
        <time>2026-06-29T00:10:31Z</time>
        <extensions>
          <gpxtpx:TrackPointExtension>
            <gpxtpx:hr>169</gpxtpx:hr>
          </gpxtpx:TrackPointExtension>
        </extensions>
      </trkpt>
      <trkpt lat="31.851546142807543" lon="117.0593130184902">
        <ele>51.79999923706055</ele>
        <time>2026-06-29T00:10:35Z</time>
        <extensions>
          <gpxtpx:TrackPointExtension>
            <gpxtpx:hr>165</gpxtpx:hr>
          </gpxtpx:TrackPointExtension>
        </extensions>
      </trkpt>
      <trkpt lat="31.851549964687187" lon="117.05943374403165">
        <ele>51.599998474121094</ele>
        <time>2026-06-29T00:10:39Z</time>
        <extensions>
          <gpxtpx:TrackPointExtension>
            <gpxtpx:hr>162</gpxtpx:hr>
          </gpxtpx:TrackPointExtension>
        </extensions>
      </trkpt>
      <trkpt lat="31.851557785028252" lon="117.05955646541115">
        <ele>51.400001525878906</ele>
        <time>2026-06-29T00:10:43Z</time>
        <extensions>
          <gpxtpx:TrackPointExtension>
            <gpxtpx:hr>162</gpxtpx:hr>
          </gpxtpx:TrackPointExtension>
        </extensions>
      </trkpt>
      <trkpt lat="31.851565610403835" lon="117.05967619429212">
        <ele>51.400001525878906</ele>
        <time>2026-06-29T00:10:47Z</time>
        <extensions>
          <gpxtpx:TrackPointExtension>
            <gpxtpx:hr>163</gpxtpx:hr>
          </gpxtpx:TrackPointExtension>
        </extensions>
      </trkpt>
      <trkpt lat="31.851583433972138" lon="117.05979891621587">
        <ele>51.20000076293945</ele>
        <time>2026-06-29T00:10:51Z</time>
        <extensions>
          <gpxtpx:TrackPointExtension>
            <gpxtpx:hr>167</gpxtpx:hr>
          </gpxtpx:TrackPointExtension>
        </extensions>
      </trkpt>
      <trkpt lat="31.851600259437664" lon="117.05992064122424">
        <ele>51.0</ele>
        <time>2026-06-29T00:10:55Z</time>
        <extensions>
          <gpxtpx:TrackPointExtension>
            <gpxtpx:hr>169</gpxtpx:hr>
          </gpxtpx:TrackPointExtension>
        </extensions>
      </trkpt>
      <trkpt lat="31.851621102274887" lon="117.0600313911502">
        <ele>50.79999923706055</ele>
        <time>2026-06-29T00:10:59Z</time>
        <extensions>
          <gpxtpx:TrackPointExtension>
            <gpxtpx:hr>169</gpxtpx:hr>
          </gpxtpx:TrackPointExtension>
        </extensions>
      </trkpt>
      <trkpt lat="31.851626910877947" lon="117.06016409412385">
        <ele>50.79999923706055</ele>
        <time>2026-06-29T00:11:03Z</time>
        <extensions>
          <gpxtpx:TrackPointExtension>
            <gpxtpx:hr>169</gpxtpx:hr>
          </gpxtpx:TrackPointExtension>
        </extensions>
      </trkpt>
      <trkpt lat="31.85163074431355" lon="117.06027983589969">
        <ele>50.79999923706055</ele>
        <time>2026-06-29T00:11:07Z</time>
        <extensions>
          <gpxtpx:TrackPointExtension>
            <gpxtpx:hr>166</gpxtpx:hr>
          </gpxtpx:TrackPointExtension>
        </extensions>
      </trkpt>
      <trkpt lat="31.85163256787909" lon="117.06040256303781">
        <ele>50.79999923706055</ele>
        <time>2026-06-29T00:11:11Z</time>
        <extensions>
          <gpxtpx:TrackPointExtension>
            <gpxtpx:hr>168</gpxtpx:hr>
          </gpxtpx:TrackPointExtension>
        </extensions>
      </trkpt>
      <trkpt lat="31.851644391194057" lon="117.06052728557553">
        <ele>50.400001525878906</ele>
        <time>2026-06-29T00:11:15Z</time>
        <extensions>
          <gpxtpx:TrackPointExtension>
            <gpxtpx:hr>168</gpxtpx:hr>
          </gpxtpx:TrackPointExtension>
        </extensions>
      </trkpt>
      <trkpt lat="31.851638201659515" lon="117.060658995181">
        <ele>50.400001525878906</ele>
        <time>2026-06-29T00:11:19Z</time>
        <extensions>
          <gpxtpx:TrackPointExtension>
            <gpxtpx:hr>171</gpxtpx:hr>
          </gpxtpx:TrackPointExtension>
        </extensions>
      </trkpt>
      <trkpt lat="31.85163902559157" lon="117.06078272255597">
        <ele>50.20000076293945</ele>
        <time>2026-06-29T00:11:23Z</time>
        <extensions>
          <gpxtpx:TrackPointExtension>
            <gpxtpx:hr>171</gpxtpx:hr>
          </gpxtpx:TrackPointExtension>
        </extensions>
      </trkpt>
      <trkpt lat="31.851649842250673" lon="117.06091343444159">
        <ele>50.0</ele>
        <time>2026-06-29T00:11:27Z</time>
        <extensions>
          <gpxtpx:TrackPointExtension>
            <gpxtpx:hr>170</gpxtpx:hr>
          </gpxtpx:TrackPointExtension>
        </extensions>
      </trkpt>
      <trkpt lat="31.85166767368826" lon="117.061035166165">
        <ele>49.599998474121094</ele>
        <time>2026-06-29T00:11:31Z</time>
        <extensions>
          <gpxtpx:TrackPointExtension>
            <gpxtpx:hr>171</gpxtpx:hr>
          </gpxtpx:TrackPointExtension>
        </extensions>
      </trkpt>
      <trkpt lat="31.85166751063497" lon="117.06115091338596">
        <ele>49.599998474121094</ele>
        <time>2026-06-29T00:11:35Z</time>
        <extensions>
          <gpxtpx:TrackPointExtension>
            <gpxtpx:hr>170</gpxtpx:hr>
          </gpxtpx:TrackPointExtension>
        </extensions>
      </trkpt>
      <trkpt lat="31.85166531840781" lon="117.06128761590382">
        <ele>49.599998474121094</ele>
        <time>2026-06-29T00:11:39Z</time>
        <extensions>
          <gpxtpx:TrackPointExtension>
            <gpxtpx:hr>171</gpxtpx:hr>
          </gpxtpx:TrackPointExtension>
        </extensions>
      </trkpt>
      <trkpt lat="31.85165514628325" lon="117.06140935256052">
        <ele>49.400001525878906</ele>
        <time>2026-06-29T00:11:43Z</time>
        <extensions>
          <gpxtpx:TrackPointExtension>
            <gpxtpx:hr>171</gpxtpx:hr>
          </gpxtpx:TrackPointExtension>
        </extensions>
      </trkpt>
      <trkpt lat="31.851655975571457" lon="117.06153208677337">
        <ele>49.400001525878906</ele>
        <time>2026-06-29T00:11:47Z</time>
        <extensions>
          <gpxtpx:TrackPointExtension>
            <gpxtpx:hr>170</gpxtpx:hr>
          </gpxtpx:TrackPointExtension>
        </extensions>
      </trkpt>
      <trkpt lat="31.85166281221312" lon="117.06165082978661">
        <ele>49.20000076293945</ele>
        <time>2026-06-29T00:11:51Z</time>
        <extensions>
          <gpxtpx:TrackPointExtension>
            <gpxtpx:hr>169</gpxtpx:hr>
          </gpxtpx:TrackPointExtension>
        </extensions>
      </trkpt>
      <trkpt lat="31.851656657916337" lon="117.06176159189894">
        <ele>49.20000076293945</ele>
        <time>2026-06-29T00:11:55Z</time>
        <extensions>
          <gpxtpx:TrackPointExtension>
            <gpxtpx:hr>167</gpxtpx:hr>
          </gpxtpx:TrackPointExtension>
        </extensions>
      </trkpt>
      <trkpt lat="31.851665490633714" lon="117.06188432754593">
        <ele>49.0</ele>
        <time>2026-06-29T00:11:59Z</time>
        <extensions>
          <gpxtpx:TrackPointExtension>
            <gpxtpx:hr>169</gpxtpx:hr>
          </gpxtpx:TrackPointExtension>
        </extensions>
      </trkpt>
      <trkpt lat="31.85166831735175" lon="117.06201105598944">
        <ele>49.20000076293945</ele>
        <time>2026-06-29T00:12:03Z</time>
        <extensions>
          <gpxtpx:TrackPointExtension>
            <gpxtpx:hr>170</gpxtpx:hr>
          </gpxtpx:TrackPointExtension>
        </extensions>
      </trkpt>
      <trkpt lat="31.85167616616295" lon="117.06212281667815">
        <ele>49.0</ele>
        <time>2026-06-29T00:12:07Z</time>
        <extensions>
          <gpxtpx:TrackPointExtension>
            <gpxtpx:hr>171</gpxtpx:hr>
          </gpxtpx:TrackPointExtension>
        </extensions>
      </trkpt>
      <trkpt lat="31.851667993372228" lon="117.06224854981129">
        <ele>48.599998474121094</ele>
        <time>2026-06-29T00:12:11Z</time>
        <extensions>
          <gpxtpx:TrackPointExtension>
            <gpxtpx:hr>171</gpxtpx:hr>
          </gpxtpx:TrackPointExtension>
        </extensions>
      </trkpt>
      <trkpt lat="31.851664849269927" lon="117.06235432557477">
        <ele>48.79999923706055</ele>
        <time>2026-06-29T00:12:15Z</time>
        <extensions>
          <gpxtpx:TrackPointExtension>
            <gpxtpx:hr>169</gpxtpx:hr>
          </gpxtpx:TrackPointExtension>
        </extensions>
      </trkpt>
      <trkpt lat="31.851663679110626" lon="117.06248005952745">
        <ele>48.79999923706055</ele>
        <time>2026-06-29T00:12:19Z</time>
        <extensions>
          <gpxtpx:TrackPointExtension>
            <gpxtpx:hr>170</gpxtpx:hr>
          </gpxtpx:TrackPointExtension>
        </extensions>
      </trkpt>
      <trkpt lat="31.851671519449756" lon="117.06259980605343">
        <ele>48.79999923706055</ele>
        <time>2026-06-29T00:12:23Z</time>
        <extensions>
          <gpxtpx:TrackPointExtension>
            <gpxtpx:hr>170</gpxtpx:hr>
          </gpxtpx:TrackPointExtension>
        </extensions>
      </trkpt>
      <trkpt lat="31.851670359972264" lon="117.06271855625354">
        <ele>49.0</ele>
        <time>2026-06-29T00:12:27Z</time>
        <extensions>
          <gpxtpx:TrackPointExtension>
            <gpxtpx:hr>171</gpxtpx:hr>
          </gpxtpx:TrackPointExtension>
        </extensions>
      </trkpt>
      <trkpt lat="31.851668190261687" lon="117.06284529054035">
        <ele>48.79999923706055</ele>
        <time>2026-06-29T00:12:31Z</time>
        <extensions>
          <gpxtpx:TrackPointExtension>
            <gpxtpx:hr>171</gpxtpx:hr>
          </gpxtpx:TrackPointExtension>
        </extensions>
      </trkpt>
      <trkpt lat="31.851667018792" lon="117.06297402138354">
        <ele>48.599998474121094</ele>
        <time>2026-06-29T00:12:35Z</time>
        <extensions>
          <gpxtpx:TrackPointExtension>
            <gpxtpx:hr>171</gpxtpx:hr>
          </gpxtpx:TrackPointExtension>
        </extensions>
      </trkpt>
      <trkpt lat="31.85165986269353" lon="117.06309077856928">
        <ele>48.79999923706055</ele>
        <time>2026-06-29T00:12:39Z</time>
        <extensions>
          <gpxtpx:TrackPointExtension>
            <gpxtpx:hr>171</gpxtpx:hr>
          </gpxtpx:TrackPointExtension>
        </extensions>
      </trkpt>
      <trkpt lat="31.851640704823403" lon="117.06320753758091">
        <ele>48.79999923706055</ele>
        <time>2026-06-29T00:12:43Z</time>
        <extensions>
          <gpxtpx:TrackPointExtension>
            <gpxtpx:hr>171</gpxtpx:hr>
          </gpxtpx:TrackPointExtension>
        </extensions>
      </trkpt>
      <trkpt lat="31.85162054734694" lon="117.06332429738298">
        <ele>48.79999923706055</ele>
        <time>2026-06-29T00:12:47Z</time>
        <extensions>
          <gpxtpx:TrackPointExtension>
            <gpxtpx:hr>172</gpxtpx:hr>
          </gpxtpx:TrackPointExtension>
        </extensions>
      </trkpt>
      <trkpt lat="31.851602380418328" lon="117.06344904121393">
        <ele>48.79999923706055</ele>
        <time>2026-06-29T00:12:51Z</time>
        <extensions>
          <gpxtpx:TrackPointExtension>
            <gpxtpx:hr>171</gpxtpx:hr>
          </gpxtpx:TrackPointExtension>
        </extensions>
      </trkpt>
      <trkpt lat="31.85160421550198" lon="117.06357577985021">
        <ele>49.0</ele>
        <time>2026-06-29T00:12:55Z</time>
        <extensions>
          <gpxtpx:TrackPointExtension>
            <gpxtpx:hr>171</gpxtpx:hr>
          </gpxtpx:TrackPointExtension>
        </extensions>
      </trkpt>
      <trkpt lat="31.851606062925065" lon="117.06369353773162">
        <ele>49.0</ele>
        <time>2026-06-29T00:12:59Z</time>
        <extensions>
          <gpxtpx:TrackPointExtension>
            <gpxtpx:hr>171</gpxtpx:hr>
          </gpxtpx:TrackPointExtension>
        </extensions>
      </trkpt>
      <trkpt lat="31.85159692296407" lon="117.06380031981584">
        <ele>49.20000076293945</ele>
        <time>2026-06-29T00:13:03Z</time>
        <extensions>
          <gpxtpx:TrackPointExtension>
            <gpxtpx:hr>170</gpxtpx:hr>
          </gpxtpx:TrackPointExtension>
        </extensions>
      </trkpt>
      <trkpt lat="31.851596783984782" lon="117.06390809960018">
        <ele>49.20000076293945</ele>
        <time>2026-06-29T00:13:07Z</time>
        <extensions>
          <gpxtpx:TrackPointExtension>
            <gpxtpx:hr>171</gpxtpx:hr>
          </gpxtpx:TrackPointExtension>
        </extensions>
      </trkpt>
      <trkpt lat="31.851608636354925" lon="117.06402486057485">
        <ele>49.20000076293945</ele>
        <time>2026-06-29T00:13:11Z</time>
        <extensions>
          <gpxtpx:TrackPointExtension>
            <gpxtpx:hr>171</gpxtpx:hr>
          </gpxtpx:TrackPointExtension>
        </extensions>
      </trkpt>
      <trkpt lat="31.85162750089192" lon="117.06413363778557">
        <ele>49.400001525878906</ele>
        <time>2026-06-29T00:13:15Z</time>
        <extensions>
          <gpxtpx:TrackPointExtension>
            <gpxtpx:hr>170</gpxtpx:hr>
          </gpxtpx:TrackPointExtension>
        </extensions>
      </trkpt>
      <trkpt lat="31.85163035644594" lon="117.0642474070157">
        <ele>49.400001525878906</ele>
        <time>2026-06-29T00:13:19Z</time>
        <extensions>
          <gpxtpx:TrackPointExtension>
            <gpxtpx:hr>171</gpxtpx:hr>
          </gpxtpx:TrackPointExtension>
        </extensions>
      </trkpt>
      <trkpt lat="31.8516262137158" lon="117.06435918159626">
        <ele>49.400001525878906</ele>
        <time>2026-06-29T00:13:23Z</time>
        <extensions>
          <gpxtpx:TrackPointExtension>
            <gpxtpx:hr>171</gpxtpx:hr>
          </gpxtpx:TrackPointExtension>
        </extensions>
      </trkpt>
      <trkpt lat="31.8516090878776" lon="117.0644559881609">
        <ele>49.599998474121094</ele>
        <time>2026-06-29T00:13:27Z</time>
        <extensions>
          <gpxtpx:TrackPointExtension>
            <gpxtpx:hr>171</gpxtpx:hr>
          </gpxtpx:TrackPointExtension>
        </extensions>
      </trkpt>
      <trkpt lat="31.85153197578161" lon="117.0645328409352">
        <ele>49.400001525878906</ele>
        <time>2026-06-29T00:13:31Z</time>
        <extensions>
          <gpxtpx:TrackPointExtension>
            <gpxtpx:hr>168</gpxtpx:hr>
          </gpxtpx:TrackPointExtension>
        </extensions>
      </trkpt>
      <trkpt lat="31.851445901071507" lon="117.06457875689574">
        <ele>49.20000076293945</ele>
        <time>2026-06-29T00:13:35Z</time>
        <extensions>
          <gpxtpx:TrackPointExtension>
            <gpxtpx:hr>169</gpxtpx:hr>
          </gpxtpx:TrackPointExtension>
        </extensions>
      </trkpt>
      <trkpt lat="31.851338866222278" lon="117.06458974495875">
        <ele>49.0</ele>
        <time>2026-06-29T00:13:39Z</time>
        <extensions>
          <gpxtpx:TrackPointExtension>
            <gpxtpx:hr>170</gpxtpx:hr>
          </gpxtpx:TrackPointExtension>
        </extensions>
      </trkpt>
      <trkpt lat="31.851239849267948" lon="117.0645877582886">
        <ele>48.79999923706055</ele>
        <time>2026-06-29T00:13:43Z</time>
        <extensions>
          <gpxtpx:TrackPointExtension>
            <gpxtpx:hr>170</gpxtpx:hr>
          </gpxtpx:TrackPointExtension>
        </extensions>
      </trkpt>
      <trkpt lat="31.85111980686211" lon="117.06460273957835">
        <ele>48.599998474121094</ele>
        <time>2026-06-29T00:13:47Z</time>
        <extensions>
          <gpxtpx:TrackPointExtension>
            <gpxtpx:hr>170</gpxtpx:hr>
          </gpxtpx:TrackPointExtension>
        </extensions>
      </trkpt>
      <trkpt lat="31.85100078348002" lon="117.06460275078962">
        <ele>48.400001525878906</ele>
        <time>2026-06-29T00:13:51Z</time>
        <extensions>
          <gpxtpx:TrackPointExtension>
            <gpxtpx:hr>169</gpxtpx:hr>
          </gpxtpx:TrackPointExtension>
        </extensions>
      </trkpt>
      <trkpt lat="31.850886767359494" lon="117.06459777153373">
        <ele>48.400001525878906</ele>
        <time>2026-06-29T00:13:55Z</time>
        <extensions>
          <gpxtpx:TrackPointExtension>
            <gpxtpx:hr>169</gpxtpx:hr>
          </gpxtpx:TrackPointExtension>
        </extensions>
      </trkpt>
      <trkpt lat="31.8507757330194" lon="117.06460776198462">
        <ele>48.20000076293945</ele>
        <time>2026-06-29T00:13:59Z</time>
        <extensions>
          <gpxtpx:TrackPointExtension>
            <gpxtpx:hr>170</gpxtpx:hr>
          </gpxtpx:TrackPointExtension>
        </extensions>
      </trkpt>
      <trkpt lat="31.85068172209128" lon="117.0646017828438">
        <ele>47.79999923706055</ele>
        <time>2026-06-29T00:14:03Z</time>
        <extensions>
          <gpxtpx:TrackPointExtension>
            <gpxtpx:hr>170</gpxtpx:hr>
          </gpxtpx:TrackPointExtension>
        </extensions>
      </trkpt>
      <trkpt lat="31.850580687219434" lon="117.06461376835432">
        <ele>47.599998474121094</ele>
        <time>2026-06-29T00:14:07Z</time>
        <extensions>
          <gpxtpx:TrackPointExtension>
            <gpxtpx:hr>171</gpxtpx:hr>
          </gpxtpx:TrackPointExtension>
        </extensions>
      </trkpt>
      <trkpt lat="31.8504816677946" lon="117.06461377768117">
        <ele>47.599998474121094</ele>
        <time>2026-06-29T00:14:11Z</time>
        <extensions>
          <gpxtpx:TrackPointExtension>
            <gpxtpx:hr>170</gpxtpx:hr>
          </gpxtpx:TrackPointExtension>
        </extensions>
      </trkpt>
      <trkpt lat="31.85039066499327" lon="117.06460181025902">
        <ele>47.400001525878906</ele>
        <time>2026-06-29T00:14:15Z</time>
        <extensions>
          <gpxtpx:TrackPointExtension>
            <gpxtpx:hr>166</gpxtpx:hr>
          </gpxtpx:TrackPointExtension>
        </extensions>
      </trkpt>
      <trkpt lat="31.850298668281454" lon="117.06458485294559">
        <ele>47.20000076293945</ele>
        <time>2026-06-29T00:14:19Z</time>
        <extensions>
          <gpxtpx:TrackPointExtension>
            <gpxtpx:hr>166</gpxtpx:hr>
          </gpxtpx:TrackPointExtension>
        </extensions>
      </trkpt>
      <trkpt lat="31.850199656402726" lon="117.06457887428259">
        <ele>47.0</ele>
        <time>2026-06-29T00:14:23Z</time>
        <extensions>
          <gpxtpx:TrackPointExtension>
            <gpxtpx:hr>164</gpxtpx:hr>
          </gpxtpx:TrackPointExtension>
        </extensions>
      </trkpt>
      <trkpt lat="31.85008964865361" lon="117.06456790666921">
        <ele>46.79999923706055</ele>
        <time>2026-06-29T00:14:27Z</time>
        <extensions>
          <gpxtpx:TrackPointExtension>
            <gpxtpx:hr>166</gpxtpx:hr>
          </gpxtpx:TrackPointExtension>
        </extensions>
      </trkpt>
      <trkpt lat="31.85000360292853" lon="117.06459086872866">
        <ele>46.79999923706055</ele>
        <time>2026-06-29T00:14:31Z</time>
        <extensions>
          <gpxtpx:TrackPointExtension>
            <gpxtpx:hr>167</gpxtpx:hr>
          </gpxtpx:TrackPointExtension>
        </extensions>
      </trkpt>
      <trkpt lat="31.849900561424192" lon="117.06460784441819">
        <ele>46.79999923706055</ele>
        <time>2026-06-29T00:14:35Z</time>
        <extensions>
          <gpxtpx:TrackPointExtension>
            <gpxtpx:hr>167</gpxtpx:hr>
          </gpxtpx:TrackPointExtension>
        </extensions>
      </trkpt>
      <trkpt lat="31.849795534589905" lon="117.06461284430877">
        <ele>46.400001525878906</ele>
        <time>2026-06-29T00:14:39Z</time>
        <extensions>
          <gpxtpx:TrackPointExtension>
            <gpxtpx:hr>167</gpxtpx:hr>
          </gpxtpx:TrackPointExtension>
        </extensions>
      </trkpt>
      <trkpt lat="31.84970051473526" lon="117.06461385125841">
        <ele>46.20000076293945</ele>
        <time>2026-06-29T00:14:43Z</time>
        <extensions>
          <gpxtpx:TrackPointExtension>
            <gpxtpx:hr>167</gpxtpx:hr>
          </gpxtpx:TrackPointExtension>
        </extensions>
      </trkpt>
      <trkpt lat="31.849611492298568" lon="117.064617851643">
        <ele>46.20000076293945</ele>
        <time>2026-06-29T00:14:47Z</time>
        <extensions>
          <gpxtpx:TrackPointExtension>
            <gpxtpx:hr>167</gpxtpx:hr>
          </gpxtpx:TrackPointExtension>
        </extensions>
      </trkpt>
      <trkpt lat="31.84951448836287" lon="117.0646058847831">
        <ele>46.20000076293945</ele>
        <time>2026-06-29T00:14:51Z</time>
        <extensions>
          <gpxtpx:TrackPointExtension>
            <gpxtpx:hr>164</gpxtpx:hr>
          </gpxtpx:TrackPointExtension>
        </extensions>
      </trkpt>
      <trkpt lat="31.84942647992601" lon="117.06459890707785">
        <ele>46.400001525878906</ele>
        <time>2026-06-29T00:14:55Z</time>
        <extensions>
          <gpxtpx:TrackPointExtension>
            <gpxtpx:hr>166</gpxtpx:hr>
          </gpxtpx:TrackPointExtension>
        </extensions>
      </trkpt>
      <trkpt lat="31.849333465498628" lon="117.06459592184173">
        <ele>46.400001525878906</ele>
        <time>2026-06-29T00:14:59Z</time>
        <extensions>
          <gpxtpx:TrackPointExtension>
            <gpxtpx:hr>164</gpxtpx:hr>
          </gpxtpx:TrackPointExtension>
        </extensions>
      </trkpt>
      <trkpt lat="31.84923444739363" lon="117.06459493316909">
        <ele>46.400001525878906</ele>
        <time>2026-06-29T00:15:03Z</time>
        <extensions>
          <gpxtpx:TrackPointExtension>
            <gpxtpx:hr>163</gpxtpx:hr>
          </gpxtpx:TrackPointExtension>
        </extensions>
      </trkpt>
      <trkpt lat="31.84914644775906" lon="117.0645809694786">
        <ele>46.599998474121094</ele>
        <time>2026-06-29T00:15:07Z</time>
        <extensions>
          <gpxtpx:TrackPointExtension>
            <gpxtpx:hr>162</gpxtpx:hr>
          </gpxtpx:TrackPointExtension>
        </extensions>
      </trkpt>
      <trkpt lat="31.84904944512238" lon="117.06456800464346">
        <ele>47.0</ele>
        <time>2026-06-29T00:15:11Z</time>
        <extensions>
          <gpxtpx:TrackPointExtension>
            <gpxtpx:hr>163</gpxtpx:hr>
          </gpxtpx:TrackPointExtension>
        </extensions>
      </trkpt>
      <trkpt lat="31.84894242923839" lon="117.06456402273332">
        <ele>47.0</ele>
        <time>2026-06-29T00:15:15Z</time>
        <extensions>
          <gpxtpx:TrackPointExtension>
            <gpxtpx:hr>166</gpxtpx:hr>
          </gpxtpx:TrackPointExtension>
        </extensions>
      </trkpt>
      <trkpt lat="31.84883741752058" lon="117.06455704664423">
        <ele>47.20000076293945</ele>
        <time>2026-06-29T00:15:19Z</time>
        <extensions>
          <gpxtpx:TrackPointExtension>
            <gpxtpx:hr>166</gpxtpx:hr>
          </gpxtpx:TrackPointExtension>
        </extensions>
      </trkpt>
      <trkpt lat="31.84873642293159" lon="117.0645370962283">
        <ele>47.400001525878906</ele>
        <time>2026-06-29T00:15:23Z</time>
        <extensions>
          <gpxtpx:TrackPointExtension>
            <gpxtpx:hr>169</gpxtpx:hr>
          </gpxtpx:TrackPointExtension>
        </extensions>
      </trkpt>
      <trkpt lat="31.848634421880448" lon="117.06452213590255">
        <ele>47.400001525878906</ele>
        <time>2026-06-29T00:15:27Z</time>
        <extensions>
          <gpxtpx:TrackPointExtension>
            <gpxtpx:hr>171</gpxtpx:hr>
          </gpxtpx:TrackPointExtension>
        </extensions>
      </trkpt>
      <trkpt lat="31.84852142499097" lon="117.06450218665266">
        <ele>47.79999923706055</ele>
        <time>2026-06-29T00:15:31Z</time>
        <extensions>
          <gpxtpx:TrackPointExtension>
            <gpxtpx:hr>171</gpxtpx:hr>
          </gpxtpx:TrackPointExtension>
        </extensions>
      </trkpt>
      <trkpt lat="31.848413430360704" lon="117.06448123895893">
        <ele>48.0</ele>
        <time>2026-06-29T00:15:35Z</time>
        <extensions>
          <gpxtpx:TrackPointExtension>
            <gpxtpx:hr>171</gpxtpx:hr>
          </gpxtpx:TrackPointExtension>
        </extensions>
      </trkpt>
      <trkpt lat="31.84830143623624" lon="117.0644592936724">
        <ele>48.20000076293945</ele>
        <time>2026-06-29T00:15:39Z</time>
        <extensions>
          <gpxtpx:TrackPointExtension>
            <gpxtpx:hr>171</gpxtpx:hr>
          </gpxtpx:TrackPointExtension>
        </extensions>
      </trkpt>
      <trkpt lat="31.84821044749551" lon="117.06443634844146">
        <ele>48.400001525878906</ele>
        <time>2026-06-29T00:15:43Z</time>
        <extensions>
          <gpxtpx:TrackPointExtension>
            <gpxtpx:hr>173</gpxtpx:hr>
          </gpxtpx:TrackPointExtension>
        </extensions>
      </trkpt>
      <trkpt lat="31.848109464409088" lon="117.06440741624235">
        <ele>48.400001525878906</ele>
        <time>2026-06-29T00:15:47Z</time>
        <extensions>
          <gpxtpx:TrackPointExtension>
            <gpxtpx:hr>175</gpxtpx:hr>
          </gpxtpx:TrackPointExtension>
        </extensions>
      </trkpt>
      <trkpt lat="31.848007459686453" lon="117.06439544998169">
        <ele>48.599998474121094</ele>
        <time>2026-06-29T00:15:51Z</time>
        <extensions>
          <gpxtpx:TrackPointExtension>
            <gpxtpx:hr>172</gpxtpx:hr>
          </gpxtpx:TrackPointExtension>
        </extensions>
      </trkpt>
      <trkpt lat="31.84789945633457" lon="117.06438148831732">
        <ele>48.79999923706055</ele>
        <time>2026-06-29T00:15:55Z</time>
        <extensions>
          <gpxtpx:TrackPointExtension>
            <gpxtpx:hr>171</gpxtpx:hr>
          </gpxtpx:TrackPointExtension>
        </extensions>
      </trkpt>
      <trkpt lat="31.847787464866272" lon="117.06435754716895">
        <ele>49.0</ele>
        <time>2026-06-29T00:15:59Z</time>
        <extensions>
          <gpxtpx:TrackPointExtension>
            <gpxtpx:hr>173</gpxtpx:hr>
          </gpxtpx:TrackPointExtension>
        </extensions>
      </trkpt>
      <trkpt lat="31.84766744782513" lon="117.06435256853884">
        <ele>49.400001525878906</ele>
        <time>2026-06-29T00:16:03Z</time>
        <extensions>
          <gpxtpx:TrackPointExtension>
            <gpxtpx:hr>174</gpxtpx:hr>
          </gpxtpx:TrackPointExtension>
        </extensions>
      </trkpt>
      <trkpt lat="31.84756545075049" lon="117.0643346143968">
        <ele>49.599998474121094</ele>
        <time>2026-06-29T00:16:07Z</time>
        <extensions>
          <gpxtpx:TrackPointExtension>
            <gpxtpx:hr>175</gpxtpx:hr>
          </gpxtpx:TrackPointExtension>
        </extensions>
      </trkpt>
      <trkpt lat="31.847465455351454" lon="117.06431566209812">
        <ele>49.599998474121094</ele>
        <time>2026-06-29T00:16:11Z</time>
        <extensions>
          <gpxtpx:TrackPointExtension>
            <gpxtpx:hr>174</gpxtpx:hr>
          </gpxtpx:TrackPointExtension>
        </extensions>
      </trkpt>
      <trkpt lat="31.8473634481773" lon="117.06430569186156">
        <ele>49.599998474121094</ele>
        <time>2026-06-29T00:16:15Z</time>
        <extensions>
          <gpxtpx:TrackPointExtension>
            <gpxtpx:hr>175</gpxtpx:hr>
          </gpxtpx:TrackPointExtension>
        </extensions>
      </trkpt>
      <trkpt lat="31.8472935284576" lon="117.06423184776699">
        <ele>49.79999923706055</ele>
        <time>2026-06-29T00:16:19Z</time>
        <extensions>
          <gpxtpx:TrackPointExtension>
            <gpxtpx:hr>173</gpxtpx:hr>
          </gpxtpx:TrackPointExtension>
        </extensions>
      </trkpt>
      <trkpt lat="31.847281664862315" lon="117.06412306933984">
        <ele>49.79999923706055</ele>
        <time>2026-06-29T00:16:23Z</time>
        <extensions>
          <gpxtpx:TrackPointExtension>
            <gpxtpx:hr>173</gpxtpx:hr>
          </gpxtpx:TrackPointExtension>
        </extensions>
      </trkpt>
      <trkpt lat="31.847278825297128" lon="117.06399732520264">
        <ele>49.79999923706055</ele>
        <time>2026-06-29T00:16:27Z</time>
        <extensions>
          <gpxtpx:TrackPointExtension>
            <gpxtpx:hr>173</gpxtpx:hr>
          </gpxtpx:TrackPointExtension>
        </extensions>
      </trkpt>
      <trkpt lat="31.84728596522142" lon="117.06388954425756">
        <ele>49.599998474121094</ele>
        <time>2026-06-29T00:16:31Z</time>
        <extensions>
          <gpxtpx:TrackPointExtension>
            <gpxtpx:hr>174</gpxtpx:hr>
          </gpxtpx:TrackPointExtension>
        </extensions>
      </trkpt>
      <trkpt lat="31.84729311984321" lon="117.0637707863803">
        <ele>49.79999923706055</ele>
        <time>2026-06-29T00:16:35Z</time>
        <extensions>
          <gpxtpx:TrackPointExtension>
            <gpxtpx:hr>171</gpxtpx:hr>
          </gpxtpx:TrackPointExtension>
        </extensions>
      </trkpt>
      <trkpt lat="31.84729527669643" lon="117.06365003379503">
        <ele>49.79999923706055</ele>
        <time>2026-06-29T00:16:39Z</time>
        <extensions>
          <gpxtpx:TrackPointExtension>
            <gpxtpx:hr>172</gpxtpx:hr>
          </gpxtpx:TrackPointExtension>
        </extensions>
      </trkpt>
      <trkpt lat="31.847299428067352" lon="117.0635342714907">
        <ele>49.79999923706055</ele>
        <time>2026-06-29T00:16:43Z</time>
        <extensions>
          <gpxtpx:TrackPointExtension>
            <gpxtpx:hr>170</gpxtpx:hr>
          </gpxtpx:TrackPointExtension>
        </extensions>
      </trkpt>
      <trkpt lat="31.847302568075236" lon="117.06342749141724">
        <ele>49.79999923706055</ele>
        <time>2026-06-29T00:16:47Z</time>
        <extensions>
          <gpxtpx:TrackPointExtension>
            <gpxtpx:hr>171</gpxtpx:hr>
          </gpxtpx:TrackPointExtension>
        </extensions>
      </trkpt>
      <trkpt lat="31.847307707656462" lon="117.06332170967224">
        <ele>49.400001525878906</ele>
        <time>2026-06-29T00:16:51Z</time>
        <extensions>
          <gpxtpx:TrackPointExtension>
            <gpxtpx:hr>171</gpxtpx:hr>
          </gpxtpx:TrackPointExtension>
        </extensions>
      </trkpt>
      <trkpt lat="31.8473138452881" lon="117.06321792426185">
        <ele>49.400001525878906</ele>
        <time>2026-06-29T00:16:55Z</time>
        <extensions>
          <gpxtpx:TrackPointExtension>
            <gpxtpx:hr>172</gpxtpx:hr>
          </gpxtpx:TrackPointExtension>
        </extensions>
      </trkpt>
      <trkpt lat="31.847304977830973" lon="117.06311613666065">
        <ele>49.599998474121094</ele>
        <time>2026-06-29T00:16:59Z</time>
        <extensions>
          <gpxtpx:TrackPointExtension>
            <gpxtpx:hr>170</gpxtpx:hr>
          </gpxtpx:TrackPointExtension>
        </extensions>
      </trkpt>
      <trkpt lat="31.847315111871385" lon="117.06301634363562">
        <ele>49.400001525878906</ele>
        <time>2026-06-29T00:17:03Z</time>
        <extensions>
          <gpxtpx:TrackPointExtension>
            <gpxtpx:hr>171</gpxtpx:hr>
          </gpxtpx:TrackPointExtension>
        </extensions>
      </trkpt>
      <trkpt lat="31.84731125556799" lon="117.06290757121997">
        <ele>49.599998474121094</ele>
        <time>2026-06-29T00:17:07Z</time>
        <extensions>
          <gpxtpx:TrackPointExtension>
            <gpxtpx:hr>172</gpxtpx:hr>
          </gpxtpx:TrackPointExtension>
        </extensions>
      </trkpt>
      <trkpt lat="31.847322404026045" lon="117.06279780008785">
        <ele>49.599998474121094</ele>
        <time>2026-06-29T00:17:11Z</time>
        <extensions>
          <gpxtpx:TrackPointExtension>
            <gpxtpx:hr>171</gpxtpx:hr>
          </gpxtpx:TrackPointExtension>
        </extensions>
      </trkpt>
      <trkpt lat="31.84732054780162" lon="117.06269002659693">
        <ele>49.599998474121094</ele>
        <time>2026-06-29T00:17:15Z</time>
        <extensions>
          <gpxtpx:TrackPointExtension>
            <gpxtpx:hr>169</gpxtpx:hr>
          </gpxtpx:TrackPointExtension>
        </extensions>
      </trkpt>
      <trkpt lat="31.847323687684213" lon="117.06258624481192">
        <ele>49.400001525878906</ele>
        <time>2026-06-29T00:17:19Z</time>
        <extensions>
          <gpxtpx:TrackPointExtension>
            <gpxtpx:hr>166</gpxtpx:hr>
          </gpxtpx:TrackPointExtension>
        </extensions>
      </trkpt>
      <trkpt lat="31.84731584878212" lon="117.06246550046816">
        <ele>49.400001525878906</ele>
        <time>2026-06-29T00:17:23Z</time>
        <extensions>
          <gpxtpx:TrackPointExtension>
            <gpxtpx:hr>169</gpxtpx:hr>
          </gpxtpx:TrackPointExtension>
        </extensions>
      </trkpt>
      <trkpt lat="31.8473169973893" lon="117.06235573274733">
        <ele>49.20000076293945</ele>
        <time>2026-06-29T00:17:27Z</time>
        <extensions>
          <gpxtpx:TrackPointExtension>
            <gpxtpx:hr>166</gpxtpx:hr>
          </gpxtpx:TrackPointExtension>
        </extensions>
      </trkpt>
      <trkpt lat="31.847313142830632" lon="117.0622479618679">
        <ele>49.0</ele>
        <time>2026-06-29T00:17:31Z</time>
        <extensions>
          <gpxtpx:TrackPointExtension>
            <gpxtpx:hr>168</gpxtpx:hr>
          </gpxtpx:TrackPointExtension>
        </extensions>
      </trkpt>
      <trkpt lat="31.847308318526153" lon="117.06211823846076">
        <ele>49.0</ele>
        <time>2026-06-29T00:17:35Z</time>
        <extensions>
          <gpxtpx:TrackPointExtension>
            <gpxtpx:hr>166</gpxtpx:hr>
          </gpxtpx:TrackPointExtension>
        </extensions>
      </trkpt>
      <trkpt lat="31.847308456283418" lon="117.06201745357583">
        <ele>48.79999923706055</ele>
        <time>2026-06-29T00:17:39Z</time>
        <extensions>
          <gpxtpx:TrackPointExtension>
            <gpxtpx:hr>167</gpxtpx:hr>
          </gpxtpx:TrackPointExtension>
        </extensions>
      </trkpt>
      <trkpt lat="31.8473135995614" lon="117.06191367514803">
        <ele>48.400001525878906</ele>
        <time>2026-06-29T00:17:43Z</time>
        <extensions>
          <gpxtpx:TrackPointExtension>
            <gpxtpx:hr>166</gpxtpx:hr>
          </gpxtpx:TrackPointExtension>
        </extensions>
      </trkpt>
      <trkpt lat="31.84731674566326" lon="117.06180790174021">
        <ele>48.20000076293945</ele>
        <time>2026-06-29T00:17:47Z</time>
        <extensions>
          <gpxtpx:TrackPointExtension>
            <gpxtpx:hr>165</gpxtpx:hr>
          </gpxtpx:TrackPointExtension>
        </extensions>
      </trkpt>
      <trkpt lat="31.84732289558841" lon="117.06170013291339">
        <ele>48.0</ele>
        <time>2026-06-29T00:17:51Z</time>
        <extensions>
          <gpxtpx:TrackPointExtension>
            <gpxtpx:hr>162</gpxtpx:hr>
          </gpxtpx:TrackPointExtension>
        </extensions>
      </trkpt>
      <trkpt lat="31.847331028408576" lon="117.06160533648988">
        <ele>47.79999923706055</ele>
        <time>2026-06-29T00:17:55Z</time>
        <extensions>
          <gpxtpx:TrackPointExtension>
            <gpxtpx:hr>162</gpxtpx:hr>
          </gpxtpx:TrackPointExtension>
        </extensions>
      </trkpt>
      <trkpt lat="31.84732109986257" lon="117.06155245162306">
        <ele>47.599998474121094</ele>
        <time>2026-06-29T00:17:59Z</time>
        <extensions>
          <gpxtpx:TrackPointExtension>
            <gpxtpx:hr>162</gpxtpx:hr>
          </gpxtpx:TrackPointExtension>
        </extensions>
      </trkpt>
      <trkpt lat="31.847330175132115" lon="117.06149956510923">
        <ele>47.400001525878906</ele>
        <time>2026-06-29T00:18:03Z</time>
        <extensions>
          <gpxtpx:TrackPointExtension>
            <gpxtpx:hr>157</gpxtpx:hr>
          </gpxtpx:TrackPointExtension>
        </extensions>
      </trkpt>
      <trkpt lat="31.84733326187113" lon="117.0614376987547">
        <ele>47.400001525878906</ele>
        <time>2026-06-29T00:18:07Z</time>
        <extensions>
          <gpxtpx:TrackPointExtension>
            <gpxtpx:hr>155</gpxtpx:hr>
          </gpxtpx:TrackPointExtension>
        </extensions>
      </trkpt>
      <trkpt lat="31.84734336686167" lon="117.06136385791598">
        <ele>47.20000076293945</ele>
        <time>2026-06-29T00:18:11Z</time>
        <extensions>
          <gpxtpx:TrackPointExtension>
            <gpxtpx:hr>153</gpxtpx:hr>
          </gpxtpx:TrackPointExtension>
        </extensions>
      </trkpt>
      <trkpt lat="31.847345449575833" lon="117.06130498557435">
        <ele>47.0</ele>
        <time>2026-06-29T00:18:15Z</time>
        <extensions>
          <gpxtpx:TrackPointExtension>
            <gpxtpx:hr>149</gpxtpx:hr>
          </gpxtpx:TrackPointExtension>
        </extensions>
      </trkpt>
      <trkpt lat="31.84734246854884" lon="117.06129101621887">
        <ele>46.400001525878906</ele>
        <time>2026-06-29T00:18:19Z</time>
        <extensions>
          <gpxtpx:TrackPointExtension>
            <gpxtpx:hr>148</gpxtpx:hr>
          </gpxtpx:TrackPointExtension>
        </extensions>
      </trkpt>
      <trkpt lat="31.847341527074125" lon="117.06124910745861">
        <ele>46.599998474121094</ele>
        <time>2026-06-29T00:18:23Z</time>
        <extensions>
          <gpxtpx:TrackPointExtension>
            <gpxtpx:hr>146</gpxtpx:hr>
          </gpxtpx:TrackPointExtension>
        </extensions>
      </trkpt>
      <trkpt lat="31.847347599644884" lon="117.06119821768988">
        <ele>46.79999923706055</ele>
        <time>2026-06-29T00:18:27Z</time>
        <extensions>
          <gpxtpx:TrackPointExtension>
            <gpxtpx:hr>146</gpxtpx:hr>
          </gpxtpx:TrackPointExtension>
        </extensions>
      </trkpt>
      <trkpt lat="31.8473496687418" lon="117.06114932407574">
        <ele>46.599998474121094</ele>
        <time>2026-06-29T00:18:31Z</time>
        <extensions>
          <gpxtpx:TrackPointExtension>
            <gpxtpx:hr>145</gpxtpx:hr>
          </gpxtpx:TrackPointExtension>
        </extensions>
      </trkpt>
      <trkpt lat="31.847356733292578" lon="117.06110442139732">
        <ele>46.400001525878906</ele>
        <time>2026-06-29T00:18:35Z</time>
        <extensions>
          <gpxtpx:TrackPointExtension>
            <gpxtpx:hr>144</gpxtpx:hr>
          </gpxtpx:TrackPointExtension>
        </extensions>
      </trkpt>
      <trkpt lat="31.847355813261366" lon="117.06104754574586">
        <ele>46.20000076293945</ele>
        <time>2026-06-29T00:18:39Z</time>
        <extensions>
          <gpxtpx:TrackPointExtension>
            <gpxtpx:hr>140</gpxtpx:hr>
          </gpxtpx:TrackPointExtension>
        </extensions>
      </trkpt>
      <trkpt lat="31.84734989239581" lon="117.060990670728">
        <ele>46.0</ele>
        <time>2026-06-29T00:18:43Z</time>
        <extensions>
          <gpxtpx:TrackPointExtension>
            <gpxtpx:hr>138</gpxtpx:hr>
          </gpxtpx:TrackPointExtension>
        </extensions>
      </trkpt>
      <trkpt lat="31.8473560050866" lon="117.06091184287102">
        <ele>46.0</ele>
        <time>2026-06-29T00:18:47Z</time>
        <extensions>
          <gpxtpx:TrackPointExtension>
            <gpxtpx:hr>136</gpxtpx:hr>
          </gpxtpx:TrackPointExtension>
        </extensions>
      </trkpt>
      <trkpt lat="31.84736014457923" lon="117.06081405717438">
        <ele>45.79999923706055</ele>
        <time>2026-06-29T00:18:51Z</time>
        <extensions>
          <gpxtpx:TrackPointExtension>
            <gpxtpx:hr>137</gpxtpx:hr>
          </gpxtpx:TrackPointExtension>
        </extensions>
      </trkpt>
      <trkpt lat="31.84736528040955" lon="117.06071926527117">
        <ele>45.599998474121094</ele>
        <time>2026-06-29T00:18:55Z</time>
        <extensions>
          <gpxtpx:TrackPointExtension>
            <gpxtpx:hr>139</gpxtpx:hr>
          </gpxtpx:TrackPointExtension>
        </extensions>
      </trkpt>
      <trkpt lat="31.847357412668668" lon="117.06062547284068">
        <ele>45.599998474121094</ele>
        <time>2026-06-29T00:18:59Z</time>
        <extensions>
          <gpxtpx:TrackPointExtension>
            <gpxtpx:hr>139</gpxtpx:hr>
          </gpxtpx:TrackPointExtension>
        </extensions>
      </trkpt>
      <trkpt lat="31.847362564989233" lon="117.06051970611936">
        <ele>45.20000076293945</ele>
        <time>2026-06-29T00:19:03Z</time>
        <extensions>
          <gpxtpx:TrackPointExtension>
            <gpxtpx:hr>140</gpxtpx:hr>
          </gpxtpx:TrackPointExtension>
        </extensions>
      </trkpt>
      <trkpt lat="31.8473636883256" lon="117.06043389608371">
        <ele>45.0</ele>
        <time>2026-06-29T00:19:07Z</time>
        <extensions>
          <gpxtpx:TrackPointExtension>
            <gpxtpx:hr>143</gpxtpx:hr>
          </gpxtpx:TrackPointExtension>
        </extensions>
      </trkpt>
      <trkpt lat="31.847354749698898" lon="117.06038999431274">
        <ele>44.79999923706055</ele>
        <time>2026-06-29T00:19:11Z</time>
        <extensions>
          <gpxtpx:TrackPointExtension>
            <gpxtpx:hr>142</gpxtpx:hr>
          </gpxtpx:TrackPointExtension>
        </extensions>
      </trkpt>
      <trkpt lat="31.847338776742898" lon="117.06036904233024">
        <ele>44.599998474121094</ele>
        <time>2026-06-29T00:19:15Z</time>
        <extensions>
          <gpxtpx:TrackPointExtension>
            <gpxtpx:hr>137</gpxtpx:hr>
          </gpxtpx:TrackPointExtension>
        </extensions>
      </trkpt>
      <trkpt lat="31.84734582840651" lon="117.0603341192404">
        <ele>44.599998474121094</ele>
        <time>2026-06-29T00:19:19Z</time>
        <extensions>
          <gpxtpx:TrackPointExtension>
            <gpxtpx:hr>130</gpxtpx:hr>
          </gpxtpx:TrackPointExtension>
        </extensions>
      </trkpt>
      <trkpt lat="31.847352934850687" lon="117.06026128056503">
        <ele>44.400001525878906</ele>
        <time>2026-06-29T00:19:23Z</time>
        <extensions>
          <gpxtpx:TrackPointExtension>
            <gpxtpx:hr>128</gpxtpx:hr>
          </gpxtpx:TrackPointExtension>
        </extensions>
      </trkpt>
      <trkpt lat="31.847363008900448" lon="117.06021139072507">
        <ele>44.400001525878906</ele>
        <time>2026-06-29T00:19:27Z</time>
        <extensions>
          <gpxtpx:TrackPointExtension>
            <gpxtpx:hr>133</gpxtpx:hr>
          </gpxtpx:TrackPointExtension>
        </extensions>
      </trkpt>
      <trkpt lat="31.84736408997763" lon="117.06015551521219">
        <ele>44.20000076293945</ele>
        <time>2026-06-29T00:19:31Z</time>
        <extensions>
          <gpxtpx:TrackPointExtension>
            <gpxtpx:hr>135</gpxtpx:hr>
          </gpxtpx:TrackPointExtension>
        </extensions>
      </trkpt>
      <trkpt lat="31.84736317803837" lon="117.0600946511888">
        <ele>44.20000076293945</ele>
        <time>2026-06-29T00:19:35Z</time>
        <extensions>
          <gpxtpx:TrackPointExtension>
            <gpxtpx:hr>132</gpxtpx:hr>
          </gpxtpx:TrackPointExtension>
        </extensions>
      </trkpt>
      <trkpt lat="31.847367258525793" lon="117.06003977348853">
        <ele>44.0</ele>
        <time>2026-06-29T00:19:39Z</time>
        <extensions>
          <gpxtpx:TrackPointExtension>
            <gpxtpx:hr>128</gpxtpx:hr>
          </gpxtpx:TrackPointExtension>
        </extensions>
      </trkpt>
      <trkpt lat="31.847370331683344" lon="117.05998988486083">
        <ele>43.79999923706055</ele>
        <time>2026-06-29T00:19:43Z</time>
        <extensions>
          <gpxtpx:TrackPointExtension>
            <gpxtpx:hr>127</gpxtpx:hr>
          </gpxtpx:TrackPointExtension>
        </extensions>
      </trkpt>
      <trkpt lat="31.84737240766138" lon="117.05993800092551">
        <ele>43.79999923706055</ele>
        <time>2026-06-29T00:19:47Z</time>
        <extensions>
          <gpxtpx:TrackPointExtension>
            <gpxtpx:hr>126</gpxtpx:hr>
          </gpxtpx:TrackPointExtension>
        </extensions>
      </trkpt>
      <trkpt lat="31.84737648122892" lon="117.05988811245777">
        <ele>43.599998474121094</ele>
        <time>2026-06-29T00:19:51Z</time>
        <extensions>
          <gpxtpx:TrackPointExtension>
            <gpxtpx:hr>125</gpxtpx:hr>
          </gpxtpx:TrackPointExtension>
        </extensions>
      </trkpt>
      <trkpt lat="31.84737855743095" lon="117.05983622878661">
        <ele>43.400001525878906</ele>
        <time>2026-06-29T00:19:55Z</time>
        <extensions>
          <gpxtpx:TrackPointExtension>
            <gpxtpx:hr>123</gpxtpx:hr>
          </gpxtpx:TrackPointExtension>
        </extensions>
      </trkpt>
      <trkpt lat="31.847377636086055" lon="117.05978235002156">
        <ele>43.20000076293945</ele>
        <time>2026-06-29T00:19:59Z</time>
        <extensions>
          <gpxtpx:TrackPointExtension>
            <gpxtpx:hr>121</gpxtpx:hr>
          </gpxtpx:TrackPointExtension>
        </extensions>
      </trkpt>
      <trkpt lat="31.84737371867157" lon="117.05972547842619">
        <ele>43.20000076293945</ele>
        <time>2026-06-29T00:20:03Z</time>
        <extensions>
          <gpxtpx:TrackPointExtension>
            <gpxtpx:hr>120</gpxtpx:hr>
          </gpxtpx:TrackPointExtension>
        </extensions>
      </trkpt>
      <trkpt lat="31.847378803144913" lon="117.05966860614564">
        <ele>43.20000076293945</ele>
        <time>2026-06-29T00:20:07Z</time>
        <extensions>
          <gpxtpx:TrackPointExtension>
            <gpxtpx:hr>120</gpxtpx:hr>
          </gpxtpx:TrackPointExtension>
        </extensions>
      </trkpt>
      <trkpt lat="31.847383890692377" lon="117.05960973853313">
        <ele>43.0</ele>
        <time>2026-06-29T00:20:11Z</time>
        <extensions>
          <gpxtpx:TrackPointExtension>
            <gpxtpx:hr>120</gpxtpx:hr>
          </gpxtpx:TrackPointExtension>
        </extensions>
      </trkpt>
      <trkpt lat="31.847383974471743" lon="117.05955286705162">
        <ele>43.0</ele>
        <time>2026-06-29T00:20:15Z</time>
        <extensions>
          <gpxtpx:TrackPointExtension>
            <gpxtpx:hr>122</gpxtpx:hr>
          </gpxtpx:TrackPointExtension>
        </extensions>
      </trkpt>
      <trkpt lat="31.84738505268918" lon="117.05949998660198">
        <ele>43.0</ele>
        <time>2026-06-29T00:20:19Z</time>
        <extensions>
          <gpxtpx:TrackPointExtension>
            <gpxtpx:hr>122</gpxtpx:hr>
          </gpxtpx:TrackPointExtension>
        </extensions>
      </trkpt>
      <trkpt lat="31.847379114910467" lon="117.05945708433894">
        <ele>43.0</ele>
        <time>2026-06-29T00:20:23Z</time>
        <extensions>
          <gpxtpx:TrackPointExtension>
            <gpxtpx:hr>124</gpxtpx:hr>
          </gpxtpx:TrackPointExtension>
        </extensions>
      </trkpt>
      <trkpt lat="31.847375183506475" lon="117.059410191032">
        <ele>42.79999923706055</ele>
        <time>2026-06-29T00:20:27Z</time>
        <extensions>
          <gpxtpx:TrackPointExtension>
            <gpxtpx:hr>125</gpxtpx:hr>
          </gpxtpx:TrackPointExtension>
        </extensions>
      </trkpt>
      <trkpt lat="31.847376267960332" lon="117.05935332002237">
        <ele>42.79999923706055</ele>
        <time>2026-06-29T00:20:31Z</time>
        <extensions>
          <gpxtpx:TrackPointExtension>
            <gpxtpx:hr>125</gpxtpx:hr>
          </gpxtpx:TrackPointExtension>
        </extensions>
      </trkpt>
      <trkpt lat="31.847376307920346" lon="117.05932638122387">
        <ele>42.400001525878906</ele>
        <time>2026-06-29T00:20:35Z</time>
        <extensions>
          <gpxtpx:TrackPointExtension>
            <gpxtpx:hr>124</gpxtpx:hr>
          </gpxtpx:TrackPointExtension>
        </extensions>
      </trkpt>
      <trkpt lat="31.847380298335537" lon="117.05933336497706">
        <ele>42.599998474121094</ele>
        <time>2026-06-29T00:20:39Z</time>
        <extensions>
          <gpxtpx:TrackPointExtension>
            <gpxtpx:hr>123</gpxtpx:hr>
          </gpxtpx:TrackPointExtension>
        </extensions>
      </trkpt>
      <trkpt lat="31.84738219964067" lon="117.05940021300823">
        <ele>42.79999923706055</ele>
        <time>2026-06-29T00:20:43Z</time>
        <extensions>
          <gpxtpx:TrackPointExtension>
            <gpxtpx:hr>120</gpxtpx:hr>
          </gpxtpx:TrackPointExtension>
        </extensions>
      </trkpt>
      <trkpt lat="31.847388075376227" lon="117.05948502020672">
        <ele>42.79999923706055</ele>
        <time>2026-06-29T00:20:47Z</time>
        <extensions>
          <gpxtpx:TrackPointExtension>
            <gpxtpx:hr>123</gpxtpx:hr>
          </gpxtpx:TrackPointExtension>
        </extensions>
      </trkpt>
      <trkpt lat="31.847392952691774" lon="117.05956883011326">
        <ele>42.79999923706055</ele>
        <time>2026-06-29T00:20:51Z</time>
        <extensions>
          <gpxtpx:TrackPointExtension>
            <gpxtpx:hr>127</gpxtpx:hr>
          </gpxtpx:TrackPointExtension>
        </extensions>
      </trkpt>
      <trkpt lat="31.84739384566376" lon="117.05964166551234">
        <ele>43.0</ele>
        <time>2026-06-29T00:20:55Z</time>
        <extensions>
          <gpxtpx:TrackPointExtension>
            <gpxtpx:hr>130</gpxtpx:hr>
          </gpxtpx:TrackPointExtension>
        </extensions>
      </trkpt>
      <trkpt lat="31.847393709390534" lon="117.05973445631881">
        <ele>43.0</ele>
        <time>2026-06-29T00:20:59Z</time>
        <extensions>
          <gpxtpx:TrackPointExtension>
            <gpxtpx:hr>132</gpxtpx:hr>
          </gpxtpx:TrackPointExtension>
        </extensions>
      </trkpt>
      <trkpt lat="31.847388579807014" lon="117.05982225923873">
        <ele>43.20000076293945</ele>
        <time>2026-06-29T00:21:03Z</time>
        <extensions>
          <gpxtpx:TrackPointExtension>
            <gpxtpx:hr>134</gpxtpx:hr>
          </gpxtpx:TrackPointExtension>
        </extensions>
      </trkpt>
      <trkpt lat="31.84738448569898" lon="117.05988611618403">
        <ele>43.20000076293945</ele>
        <time>2026-06-29T00:21:07Z</time>
        <extensions>
          <gpxtpx:TrackPointExtension>
            <gpxtpx:hr>134</gpxtpx:hr>
          </gpxtpx:TrackPointExtension>
        </extensions>
      </trkpt>
      <trkpt lat="31.847369405623073" lon="117.05993899897088">
        <ele>43.20000076293945</ele>
        <time>2026-06-29T00:21:11Z</time>
        <extensions>
          <gpxtpx:TrackPointExtension>
            <gpxtpx:hr>135</gpxtpx:hr>
          </gpxtpx:TrackPointExtension>
        </extensions>
      </trkpt>
      <trkpt lat="31.847369341657597" lon="117.05998290059648">
        <ele>43.400001525878906</ele>
        <time>2026-06-29T00:21:15Z</time>
        <extensions>
          <gpxtpx:TrackPointExtension>
            <gpxtpx:hr>136</gpxtpx:hr>
          </gpxtpx:TrackPointExtension>
        </extensions>
      </trkpt>
      <trkpt lat="31.84737626172702" lon="117.06003877487359">
        <ele>43.400001525878906</ele>
        <time>2026-06-29T00:21:19Z</time>
        <extensions>
          <gpxtpx:TrackPointExtension>
            <gpxtpx:hr>136</gpxtpx:hr>
          </gpxtpx:TrackPointExtension>
        </extensions>
      </trkpt>
      <trkpt lat="31.84739118203726" lon="117.06009564632518">
        <ele>43.599998474121094</ele>
        <time>2026-06-29T00:21:23Z</time>
        <extensions>
          <gpxtpx:TrackPointExtension>
            <gpxtpx:hr>134</gpxtpx:hr>
          </gpxtpx:TrackPointExtension>
        </extensions>
      </trkpt>
      <trkpt lat="31.847395100344983" lon="117.06015251897374">
        <ele>43.599998474121094</ele>
        <time>2026-06-29T00:21:27Z</time>
        <extensions>
          <gpxtpx:TrackPointExtension>
            <gpxtpx:hr>132</gpxtpx:hr>
          </gpxtpx:TrackPointExtension>
        </extensions>
      </trkpt>
      <trkpt lat="31.847404024092768" lon="117.06020639798419">
        <ele>43.79999923706055</ele>
        <time>2026-06-29T00:21:31Z</time>
        <extensions>
          <gpxtpx:TrackPointExtension>
            <gpxtpx:hr>130</gpxtpx:hr>
          </gpxtpx:TrackPointExtension>
        </extensions>
      </trkpt>
      <trkpt lat="31.847401929974676" lon="117.06027125374915">
        <ele>43.79999923706055</ele>
        <time>2026-06-29T00:21:35Z</time>
        <extensions>
          <gpxtpx:TrackPointExtension>
            <gpxtpx:hr>130</gpxtpx:hr>
          </gpxtpx:TrackPointExtension>
        </extensions>
      </trkpt>
      <trkpt lat="31.847400827603614" lon="117.06034209632965">
        <ele>44.0</ele>
        <time>2026-06-29T00:21:39Z</time>
        <extensions>
          <gpxtpx:TrackPointExtension>
            <gpxtpx:hr>128</gpxtpx:hr>
          </gpxtpx:TrackPointExtension>
        </extensions>
      </trkpt>
      <trkpt lat="31.847390729433886" lon="117.06040894886193">
        <ele>44.0</ele>
        <time>2026-06-29T00:21:43Z</time>
        <extensions>
          <gpxtpx:TrackPointExtension>
            <gpxtpx:hr>129</gpxtpx:hr>
          </gpxtpx:TrackPointExtension>
        </extensions>
      </trkpt>
      <trkpt lat="31.84738564531615" lon="117.0604668210404">
        <ele>44.20000076293945</ele>
        <time>2026-06-29T00:21:47Z</time>
        <extensions>
          <gpxtpx:TrackPointExtension>
            <gpxtpx:hr>127</gpxtpx:hr>
          </gpxtpx:TrackPointExtension>
        </extensions>
      </trkpt>
      <trkpt lat="31.847387581294395" lon="117.0605117214311">
        <ele>44.20000076293945</ele>
        <time>2026-06-29T00:21:51Z</time>
        <extensions>
          <gpxtpx:TrackPointExtension>
            <gpxtpx:hr>127</gpxtpx:hr>
          </gpxtpx:TrackPointExtension>
        </extensions>
      </trkpt>
      <trkpt lat="31.847385485163834" lon="117.06057857377995">
        <ele>44.400001525878906</ele>
        <time>2026-06-29T00:21:55Z</time>
        <extensions>
          <gpxtpx:TrackPointExtension>
            <gpxtpx:hr>126</gpxtpx:hr>
          </gpxtpx:TrackPointExtension>
        </extensions>
      </trkpt>
      <trkpt lat="31.847385383914276" lon="117.06064941735946">
        <ele>44.599998474121094</ele>
        <time>2026-06-29T00:21:59Z</time>
        <extensions>
          <gpxtpx:TrackPointExtension>
            <gpxtpx:hr>127</gpxtpx:hr>
          </gpxtpx:TrackPointExtension>
        </extensions>
      </trkpt>
      <trkpt lat="31.847383299551005" lon="117.06070828775637">
        <ele>44.79999923706055</ele>
        <time>2026-06-29T00:22:03Z</time>
        <extensions>
          <gpxtpx:TrackPointExtension>
            <gpxtpx:hr>128</gpxtpx:hr>
          </gpxtpx:TrackPointExtension>
        </extensions>
      </trkpt>
      <trkpt lat="31.847379207849325" lon="117.06077214753931">
        <ele>44.79999923706055</ele>
        <time>2026-06-29T00:22:07Z</time>
        <extensions>
          <gpxtpx:TrackPointExtension>
            <gpxtpx:hr>127</gpxtpx:hr>
          </gpxtpx:TrackPointExtension>
        </extensions>
      </trkpt>
      <trkpt lat="31.847378132490434" lon="117.06082503135974">
        <ele>45.0</ele>
        <time>2026-06-29T00:22:11Z</time>
        <extensions>
          <gpxtpx:TrackPointExtension>
            <gpxtpx:hr>126</gpxtpx:hr>
          </gpxtpx:TrackPointExtension>
        </extensions>
      </trkpt>
      <trkpt lat="31.847375042715793" lon="117.06088789361307">
        <ele>45.20000076293945</ele>
        <time>2026-06-29T00:22:15Z</time>
        <extensions>
          <gpxtpx:TrackPointExtension>
            <gpxtpx:hr>127</gpxtpx:hr>
          </gpxtpx:TrackPointExtension>
        </extensions>
      </trkpt>
      <trkpt lat="31.847382959485092" lon="117.06094776158893">
        <ele>45.599998474121094</ele>
        <time>2026-06-29T00:22:19Z</time>
        <extensions>
          <gpxtpx:TrackPointExtension>
            <gpxtpx:hr>128</gpxtpx:hr>
          </gpxtpx:TrackPointExtension>
        </extensions>
      </trkpt>
      <trkpt lat="31.847383867999824" lon="117.06101261948805">
        <ele>45.400001525878906</ele>
        <time>2026-06-29T00:22:23Z</time>
        <extensions>
          <gpxtpx:TrackPointExtension>
            <gpxtpx:hr>127</gpxtpx:hr>
          </gpxtpx:TrackPointExtension>
        </extensions>
      </trkpt>
      <trkpt lat="31.84737276873498" lon="117.06108147000961">
        <ele>45.599998474121094</ele>
        <time>2026-06-29T00:22:27Z</time>
        <extensions>
          <gpxtpx:TrackPointExtension>
            <gpxtpx:hr>127</gpxtpx:hr>
          </gpxtpx:TrackPointExtension>
        </extensions>
      </trkpt>
      <trkpt lat="31.847366688890716" lon="117.06113734859393">
        <ele>45.79999923706055</ele>
        <time>2026-06-29T00:22:31Z</time>
        <extensions>
          <gpxtpx:TrackPointExtension>
            <gpxtpx:hr>128</gpxtpx:hr>
          </gpxtpx:TrackPointExtension>
        </extensions>
      </trkpt>
      <trkpt lat="31.847361600967062" lon="117.0611992141985">
        <ele>45.79999923706055</ele>
        <time>2026-06-29T00:22:35Z</time>
        <extensions>
          <gpxtpx:TrackPointExtension>
            <gpxtpx:hr>130</gpxtpx:hr>
          </gpxtpx:TrackPointExtension>
        </extensions>
      </trkpt>
      <trkpt lat="31.84735349304913" lon="117.06127504989524">
        <ele>46.0</ele>
        <time>2026-06-29T00:22:39Z</time>
        <extensions>
          <gpxtpx:TrackPointExtension>
            <gpxtpx:hr>130</gpxtpx:hr>
          </gpxtpx:TrackPointExtension>
        </extensions>
      </trkpt>
      <trkpt lat="31.847341355321337" lon="117.06137184078257">
        <ele>46.20000076293945</ele>
        <time>2026-06-29T00:22:43Z</time>
        <extensions>
          <gpxtpx:TrackPointExtension>
            <gpxtpx:hr>131</gpxtpx:hr>
          </gpxtpx:TrackPointExtension>
        </extensions>
      </trkpt>
      <trkpt lat="31.84736023236327" lon="117.06146264218691">
        <ele>46.400001525878906</ele>
        <time>2026-06-29T00:22:47Z</time>
        <extensions>
          <gpxtpx:TrackPointExtension>
            <gpxtpx:hr>133</gpxtpx:hr>
          </gpxtpx:TrackPointExtension>
        </extensions>
      </trkpt>
      <trkpt lat="31.847349084523415" lon="117.06156741665468">
        <ele>46.599998474121094</ele>
        <time>2026-06-29T00:22:51Z</time>
        <extensions>
          <gpxtpx:TrackPointExtension>
            <gpxtpx:hr>133</gpxtpx:hr>
          </gpxtpx:TrackPointExtension>
        </extensions>
      </trkpt>
      <trkpt lat="31.847326925349517" lon="117.0616791776653">
        <ele>46.79999923706055</ele>
        <time>2026-06-29T00:22:55Z</time>
        <extensions>
          <gpxtpx:TrackPointExtension>
            <gpxtpx:hr>137</gpxtpx:hr>
          </gpxtpx:TrackPointExtension>
        </extensions>
      </trkpt>
      <trkpt lat="31.847327775312998" lon="117.06178794357483">
        <ele>47.20000076293945</ele>
        <time>2026-06-29T00:22:59Z</time>
        <extensions>
          <gpxtpx:TrackPointExtension>
            <gpxtpx:hr>139</gpxtpx:hr>
          </gpxtpx:TrackPointExtension>
        </extensions>
      </trkpt>
      <trkpt lat="31.847332630676508" lon="117.06189371612263">
        <ele>47.400001525878906</ele>
        <time>2026-06-29T00:23:03Z</time>
        <extensions>
          <gpxtpx:TrackPointExtension>
            <gpxtpx:hr>140</gpxtpx:hr>
          </gpxtpx:TrackPointExtension>
        </extensions>
      </trkpt>
      <trkpt lat="31.847336495895345" lon="117.06199250426583">
        <ele>47.79999923706055</ele>
        <time>2026-06-29T00:23:07Z</time>
        <extensions>
          <gpxtpx:TrackPointExtension>
            <gpxtpx:hr>142</gpxtpx:hr>
          </gpxtpx:TrackPointExtension>
        </extensions>
      </trkpt>
      <trkpt lat="31.847334352189897" lon="117.06209728069759">
        <ele>47.79999923706055</ele>
        <time>2026-06-29T00:23:11Z</time>
        <extensions>
          <gpxtpx:TrackPointExtension>
            <gpxtpx:hr>141</gpxtpx:hr>
          </gpxtpx:TrackPointExtension>
        </extensions>
      </trkpt>
      <trkpt lat="31.847331218270455" lon="117.06219507264306">
        <ele>48.20000076293945</ele>
        <time>2026-06-29T00:23:15Z</time>
        <extensions>
          <gpxtpx:TrackPointExtension>
            <gpxtpx:hr>144</gpxtpx:hr>
          </gpxtpx:TrackPointExtension>
        </extensions>
      </trkpt>
      <trkpt lat="31.847323077019333" lon="117.06229785495312">
        <ele>48.400001525878906</ele>
        <time>2026-06-29T00:23:19Z</time>
        <extensions>
          <gpxtpx:TrackPointExtension>
            <gpxtpx:hr>148</gpxtpx:hr>
          </gpxtpx:TrackPointExtension>
        </extensions>
      </trkpt>
      <trkpt lat="31.8473239258288" lon="117.06240961793759">
        <ele>48.400001525878906</ele>
        <time>2026-06-29T00:23:23Z</time>
        <extensions>
          <gpxtpx:TrackPointExtension>
            <gpxtpx:hr>149</gpxtpx:hr>
          </gpxtpx:TrackPointExtension>
        </extensions>
      </trkpt>
      <trkpt lat="31.847319772859695" lon="117.0625223799209">
        <ele>48.599998474121094</ele>
        <time>2026-06-29T00:23:27Z</time>
        <extensions>
          <gpxtpx:TrackPointExtension>
            <gpxtpx:hr>153</gpxtpx:hr>
          </gpxtpx:TrackPointExtension>
        </extensions>
      </trkpt>
      <trkpt lat="31.847316636711092" lon="117.0626231676735">
        <ele>48.79999923706055</ele>
        <time>2026-06-29T00:23:31Z</time>
        <extensions>
          <gpxtpx:TrackPointExtension>
            <gpxtpx:hr>153</gpxtpx:hr>
          </gpxtpx:TrackPointExtension>
        </extensions>
      </trkpt>
      <trkpt lat="31.84731951285499" lon="117.0627159721524">
        <ele>49.0</ele>
        <time>2026-06-29T00:23:35Z</time>
        <extensions>
          <gpxtpx:TrackPointExtension>
            <gpxtpx:hr>155</gpxtpx:hr>
          </gpxtpx:TrackPointExtension>
        </extensions>
      </trkpt>
      <trkpt lat="31.84732237738395" lon="117.06281775824152">
        <ele>49.0</ele>
        <time>2026-06-29T00:23:39Z</time>
        <extensions>
          <gpxtpx:TrackPointExtension>
            <gpxtpx:hr>154</gpxtpx:hr>
          </gpxtpx:TrackPointExtension>
        </extensions>
      </trkpt>
      <trkpt lat="31.84732424083874" lon="117.06292054286604">
        <ele>49.20000076293945</ele>
        <time>2026-06-29T00:23:43Z</time>
        <extensions>
          <gpxtpx:TrackPointExtension>
            <gpxtpx:hr>156</gpxtpx:hr>
          </gpxtpx:TrackPointExtension>
        </extensions>
      </trkpt>
      <trkpt lat="31.8473261100418" lon="117.06301933635496">
        <ele>49.20000076293945</ele>
        <time>2026-06-29T00:23:47Z</time>
        <extensions>
          <gpxtpx:TrackPointExtension>
            <gpxtpx:hr>155</gpxtpx:hr>
          </gpxtpx:TrackPointExtension>
        </extensions>
      </trkpt>
      <trkpt lat="31.8473149731825" lon="117.06312112533652">
        <ele>49.20000076293945</ele>
        <time>2026-06-29T00:23:51Z</time>
        <extensions>
          <gpxtpx:TrackPointExtension>
            <gpxtpx:hr>156</gpxtpx:hr>
          </gpxtpx:TrackPointExtension>
        </extensions>
      </trkpt>
      <trkpt lat="31.847308853517482" lon="117.063210939234">
        <ele>49.20000076293945</ele>
        <time>2026-06-29T00:23:55Z</time>
        <extensions>
          <gpxtpx:TrackPointExtension>
            <gpxtpx:hr>155</gpxtpx:hr>
          </gpxtpx:TrackPointExtension>
        </extensions>
      </trkpt>
      <trkpt lat="31.847302732890945" lon="117.06330175147622">
        <ele>49.20000076293945</ele>
        <time>2026-06-29T00:23:59Z</time>
        <extensions>
          <gpxtpx:TrackPointExtension>
            <gpxtpx:hr>157</gpxtpx:hr>
          </gpxtpx:TrackPointExtension>
        </extensions>
      </trkpt>
      <trkpt lat="31.847297603669272" lon="117.06339954960914">
        <ele>49.0</ele>
        <time>2026-06-29T00:24:03Z</time>
        <extensions>
          <gpxtpx:TrackPointExtension>
            <gpxtpx:hr>157</gpxtpx:hr>
          </gpxtpx:TrackPointExtension>
        </extensions>
      </trkpt>
      <trkpt lat="31.847300460793374" lon="117.06350932279503">
        <ele>49.0</ele>
        <time>2026-06-29T00:24:07Z</time>
        <extensions>
          <gpxtpx:TrackPointExtension>
            <gpxtpx:hr>158</gpxtpx:hr>
          </gpxtpx:TrackPointExtension>
        </extensions>
      </trkpt>
      <trkpt lat="31.847325336989275" lon="117.06360811708919">
        <ele>49.0</ele>
        <time>2026-06-29T00:24:11Z</time>
        <extensions>
          <gpxtpx:TrackPointExtension>
            <gpxtpx:hr>159</gpxtpx:hr>
          </gpxtpx:TrackPointExtension>
        </extensions>
      </trkpt>
      <trkpt lat="31.8473222055763" lon="117.06370891042687">
        <ele>49.20000076293945</ele>
        <time>2026-06-29T00:24:15Z</time>
        <extensions>
          <gpxtpx:TrackPointExtension>
            <gpxtpx:hr>159</gpxtpx:hr>
          </gpxtpx:TrackPointExtension>
        </extensions>
      </trkpt>
      <trkpt lat="31.84730908554948" lon="117.06379972564146">
        <ele>49.400001525878906</ele>
        <time>2026-06-29T00:24:19Z</time>
        <extensions>
          <gpxtpx:TrackPointExtension>
            <gpxtpx:hr>157</gpxtpx:hr>
          </gpxtpx:TrackPointExtension>
        </extensions>
      </trkpt>
      <trkpt lat="31.847300955287654" lon="117.06389952247591">
        <ele>49.20000076293945</ele>
        <time>2026-06-29T00:24:23Z</time>
        <extensions>
          <gpxtpx:TrackPointExtension>
            <gpxtpx:hr>157</gpxtpx:hr>
          </gpxtpx:TrackPointExtension>
        </extensions>
      </trkpt>
      <trkpt lat="31.84730381223446" lon="117.06401129441016">
        <ele>49.20000076293945</ele>
        <time>2026-06-29T00:24:27Z</time>
        <extensions>
          <gpxtpx:TrackPointExtension>
            <gpxtpx:hr>156</gpxtpx:hr>
          </gpxtpx:TrackPointExtension>
        </extensions>
      </trkpt>
      <trkpt lat="31.84730068003609" lon="117.06411408577912">
        <ele>49.0</ele>
        <time>2026-06-29T00:24:31Z</time>
        <extensions>
          <gpxtpx:TrackPointExtension>
            <gpxtpx:hr>155</gpxtpx:hr>
          </gpxtpx:TrackPointExtension>
        </extensions>
      </trkpt>
      <trkpt lat="31.847333570556057" lon="117.06420489854787">
        <ele>49.20000076293945</ele>
        <time>2026-06-29T00:24:35Z</time>
        <extensions>
          <gpxtpx:TrackPointExtension>
            <gpxtpx:hr>154</gpxtpx:hr>
          </gpxtpx:TrackPointExtension>
        </extensions>
      </trkpt>
      <trkpt lat="31.847401510101943" lon="117.06426277501066">
        <ele>49.20000076293945</ele>
        <time>2026-06-29T00:24:39Z</time>
        <extensions>
          <gpxtpx:TrackPointExtension>
            <gpxtpx:hr>154</gpxtpx:hr>
          </gpxtpx:TrackPointExtension>
        </extensions>
      </trkpt>
      <trkpt lat="31.84748450595082" lon="117.06427873491069">
        <ele>49.0</ele>
        <time>2026-06-29T00:24:43Z</time>
        <extensions>
          <gpxtpx:TrackPointExtension>
            <gpxtpx:hr>153</gpxtpx:hr>
          </gpxtpx:TrackPointExtension>
        </extensions>
      </trkpt>
      <trkpt lat="31.847576502298534" lon="117.06429569195961">
        <ele>48.79999923706055</ele>
        <time>2026-06-29T00:24:47Z</time>
        <extensions>
          <gpxtpx:TrackPointExtension>
            <gpxtpx:hr>153</gpxtpx:hr>
          </gpxtpx:TrackPointExtension>
        </extensions>
      </trkpt>
      <trkpt lat="31.847659504513636" lon="117.06430666196479">
        <ele>48.79999923706055</ele>
        <time>2026-06-29T00:24:51Z</time>
        <extensions>
          <gpxtpx:TrackPointExtension>
            <gpxtpx:hr>153</gpxtpx:hr>
          </gpxtpx:TrackPointExtension>
        </extensions>
      </trkpt>
      <trkpt lat="31.847757505858674" lon="117.06432062451775">
        <ele>48.599998474121094</ele>
        <time>2026-06-29T00:24:55Z</time>
        <extensions>
          <gpxtpx:TrackPointExtension>
            <gpxtpx:hr>153</gpxtpx:hr>
          </gpxtpx:TrackPointExtension>
        </extensions>
      </trkpt>
      <trkpt lat="31.847853511892136" lon="117.06433059532687">
        <ele>48.400001525878906</ele>
        <time>2026-06-29T00:24:59Z</time>
        <extensions>
          <gpxtpx:TrackPointExtension>
            <gpxtpx:hr>153</gpxtpx:hr>
          </gpxtpx:TrackPointExtension>
        </extensions>
      </trkpt>
      <trkpt lat="31.847946516084622" lon="117.06434156440957">
        <ele>48.20000076293945</ele>
        <time>2026-06-29T00:25:03Z</time>
        <extensions>
          <gpxtpx:TrackPointExtension>
            <gpxtpx:hr>154</gpxtpx:hr>
          </gpxtpx:TrackPointExtension>
        </extensions>
      </trkpt>
      <trkpt lat="31.84804351474099" lon="117.06435752305502">
        <ele>48.0</ele>
        <time>2026-06-29T00:25:07Z</time>
        <extensions>
          <gpxtpx:TrackPointExtension>
            <gpxtpx:hr>153</gpxtpx:hr>
          </gpxtpx:TrackPointExtension>
        </extensions>
      </trkpt>
      <trkpt lat="31.848133513313236" lon="117.06437248438525">
        <ele>48.0</ele>
        <time>2026-06-29T00:25:11Z</time>
        <extensions>
          <gpxtpx:TrackPointExtension>
            <gpxtpx:hr>152</gpxtpx:hr>
          </gpxtpx:TrackPointExtension>
        </extensions>
      </trkpt>
      <trkpt lat="31.84822251928757" lon="117.06438145789197">
        <ele>48.0</ele>
        <time>2026-06-29T00:25:15Z</time>
        <extensions>
          <gpxtpx:TrackPointExtension>
            <gpxtpx:hr>151</gpxtpx:hr>
          </gpxtpx:TrackPointExtension>
        </extensions>
      </trkpt>
      <trkpt lat="31.84831050612593" lon="117.06440540133008">
        <ele>47.79999923706055</ele>
        <time>2026-06-29T00:25:19Z</time>
        <extensions>
          <gpxtpx:TrackPointExtension>
            <gpxtpx:hr>153</gpxtpx:hr>
          </gpxtpx:TrackPointExtension>
        </extensions>
      </trkpt>
      <trkpt lat="31.848396506486548" lon="117.06441836709371">
        <ele>47.599998474121094</ele>
        <time>2026-06-29T00:25:23Z</time>
        <extensions>
          <gpxtpx:TrackPointExtension>
            <gpxtpx:hr>153</gpxtpx:hr>
          </gpxtpx:TrackPointExtension>
        </extensions>
      </trkpt>
      <trkpt lat="31.84848549861235" lon="117.06443831851867">
        <ele>47.599998474121094</ele>
        <time>2026-06-29T00:25:27Z</time>
        <extensions>
          <gpxtpx:TrackPointExtension>
            <gpxtpx:hr>153</gpxtpx:hr>
          </gpxtpx:TrackPointExtension>
        </extensions>
      </trkpt>
      <trkpt lat="31.84857449454179" lon="117.06445527598834">
        <ele>47.400001525878906</ele>
        <time>2026-06-29T00:25:31Z</time>
        <extensions>
          <gpxtpx:TrackPointExtension>
            <gpxtpx:hr>153</gpxtpx:hr>
          </gpxtpx:TrackPointExtension>
        </extensions>
      </trkpt>
      <trkpt lat="31.848656486601513" lon="117.06447423011755">
        <ele>47.20000076293945</ele>
        <time>2026-06-29T00:25:35Z</time>
        <extensions>
          <gpxtpx:TrackPointExtension>
            <gpxtpx:hr>151</gpxtpx:hr>
          </gpxtpx:TrackPointExtension>
        </extensions>
      </trkpt>
      <trkpt lat="31.84873248380497" lon="117.06448819486226">
        <ele>46.79999923706055</ele>
        <time>2026-06-29T00:25:39Z</time>
        <extensions>
          <gpxtpx:TrackPointExtension>
            <gpxtpx:hr>151</gpxtpx:hr>
          </gpxtpx:TrackPointExtension>
        </extensions>
      </trkpt>
      <trkpt lat="31.848814477157323" lon="117.06450615102898">
        <ele>46.79999923706055</ele>
        <time>2026-06-29T00:25:43Z</time>
        <extensions>
          <gpxtpx:TrackPointExtension>
            <gpxtpx:hr>151</gpxtpx:hr>
          </gpxtpx:TrackPointExtension>
        </extensions>
      </trkpt>
      <trkpt lat="31.848884480762916" lon="117.0645141283918">
        <ele>47.0</ele>
        <time>2026-06-29T00:25:47Z</time>
        <extensions>
          <gpxtpx:TrackPointExtension>
            <gpxtpx:hr>151</gpxtpx:hr>
          </gpxtpx:TrackPointExtension>
        </extensions>
      </trkpt>
      <trkpt lat="31.84892448480257" lon="117.06451711860842">
        <ele>46.400001525878906</ele>
        <time>2026-06-29T00:25:51Z</time>
        <extensions>
          <gpxtpx:TrackPointExtension>
            <gpxtpx:hr>150</gpxtpx:hr>
          </gpxtpx:TrackPointExtension>
        </extensions>
      </trkpt>
      <trkpt lat="31.848975470871416" lon="117.06453607571791">
        <ele>46.400001525878906</ele>
        <time>2026-06-29T00:25:55Z</time>
        <extensions>
          <gpxtpx:TrackPointExtension>
            <gpxtpx:hr>149</gpxtpx:hr>
          </gpxtpx:TrackPointExtension>
        </extensions>
      </trkpt>
      <trkpt lat="31.84902446410572" lon="117.06454904505361">
        <ele>46.400001525878906</ele>
        <time>2026-06-29T00:25:59Z</time>
        <extensions>
          <gpxtpx:TrackPointExtension>
            <gpxtpx:hr>147</gpxtpx:hr>
          </gpxtpx:TrackPointExtension>
        </extensions>
      </trkpt>
      <trkpt lat="31.849074478904118" lon="117.0645450483574">
        <ele>46.400001525878906</ele>
        <time>2026-06-29T00:26:03Z</time>
        <extensions>
          <gpxtpx:TrackPointExtension>
            <gpxtpx:hr>144</gpxtpx:hr>
          </gpxtpx:TrackPointExtension>
        </extensions>
      </trkpt>
      <trkpt lat="31.84909853642053" lon="117.06450313029251">
        <ele>46.20000076293945</ele>
        <time>2026-06-29T00:26:07Z</time>
        <extensions>
          <gpxtpx:TrackPointExtension>
            <gpxtpx:hr>139</gpxtpx:hr>
          </gpxtpx:TrackPointExtension>
        </extensions>
      </trkpt>
      <trkpt lat="31.849100609887117" lon="117.06444524652332">
        <ele>46.400001525878906</ele>
        <time>2026-06-29T00:26:11Z</time>
        <extensions>
          <gpxtpx:TrackPointExtension>
            <gpxtpx:hr>139</gpxtpx:hr>
          </gpxtpx:TrackPointExtension>
        </extensions>
      </trkpt>
      <trkpt lat="31.849097674941035" lon="117.0643933513282">
        <ele>46.400001525878906</ele>
        <time>2026-06-29T00:26:15Z</time>
        <extensions>
          <gpxtpx:TrackPointExtension>
            <gpxtpx:hr>137</gpxtpx:hr>
          </gpxtpx:TrackPointExtension>
        </extensions>
      </trkpt>
      <trkpt lat="31.84908673981443" lon="117.06434045903914">
        <ele>46.400001525878906</ele>
        <time>2026-06-29T00:26:19Z</time>
        <extensions>
          <gpxtpx:TrackPointExtension>
            <gpxtpx:hr>136</gpxtpx:hr>
          </gpxtpx:TrackPointExtension>
        </extensions>
      </trkpt>
      <trkpt lat="31.849090841994357" lon="117.06426061995307">
        <ele>46.400001525878906</ele>
        <time>2026-06-29T00:26:23Z</time>
        <extensions>
          <gpxtpx:TrackPointExtension>
            <gpxtpx:hr>139</gpxtpx:hr>
          </gpxtpx:TrackPointExtension>
        </extensions>
      </trkpt>
      <trkpt lat="31.849092926247668" lon="117.06419475307597">
        <ele>46.400001525878906</ele>
        <time>2026-06-29T00:26:27Z</time>
        <extensions>
          <gpxtpx:TrackPointExtension>
            <gpxtpx:hr>141</gpxtpx:hr>
          </gpxtpx:TrackPointExtension>
        </extensions>
      </trkpt>
      <trkpt lat="31.849091004808642" lon="117.06413287869908">
        <ele>46.400001525878906</ele>
        <time>2026-06-29T00:26:31Z</time>
        <extensions>
          <gpxtpx:TrackPointExtension>
            <gpxtpx:hr>140</gpxtpx:hr>
          </gpxtpx:TrackPointExtension>
        </extensions>
      </trkpt>
      <trkpt lat="31.849118107092956" lon="117.06405703018262">
        <ele>46.400001525878906</ele>
        <time>2026-06-29T00:26:35Z</time>
        <extensions>
          <gpxtpx:TrackPointExtension>
            <gpxtpx:hr>139</gpxtpx:hr>
          </gpxtpx:TrackPointExtension>
        </extensions>
      </trkpt>
      <trkpt lat="31.849176126099866" lon="117.06405103689204">
        <ele>46.599998474121094</ele>
        <time>2026-06-29T00:26:39Z</time>
        <extensions>
          <gpxtpx:TrackPointExtension>
            <gpxtpx:hr>138</gpxtpx:hr>
          </gpxtpx:TrackPointExtension>
        </extensions>
      </trkpt>
    </trkseg>
  </trk>
</gpx>